material_id,formula_pretty,summary,thermo,elasticity,dielectric,piezoelectric,magnetism,oxidation_states,chemenv,provenance,bonds,absorption,surface_properties,grain_boundaries,robocrys
mp-1001112,Na2H3CO6,ok,ok,empty,empty,empty,ok,ok,ok,ok,ok,empty,empty,empty,ok
mp-1002069,NaLiICl,ok,ok,ok,empty,empty,ok,ok,ok,ok,ok,empty,empty,empty,ok
mp-1002081,KNaICl,ok,ok,ok,empty,empty,ok,ok,ok,ok,ok,empty,empty,empty,ok
mp-1007637,KNaH2,ok,ok,ok,empty,empty,ok,ok,ok,ok,ok,empty,empty,empty,ok
mp-1009220,NaH,ok,ok,ok,empty,empty,ok,ok,ok,ok,ok,empty,empty,empty,ok
mp-1011834,Na2CoP2O7,ok,ok,empty,empty,empty,ok,ok,ok,ok,ok,empty,empty,empty,ok
mp-1011858,Na2CoP2O7,ok,ok,empty,empty,empty,ok,ok,ok,ok,ok,empty,empty,empty,ok
mp-1011860,Na2CoP2O7,ok,ok,empty,empty,empty,ok,ok,ok,ok,ok,empty,empty,empty,ok
mp-1012678,NaMo3P3O13,ok,ok,empty,empty,empty,ok,ok,ok,ok,ok,empty,empty,empty,ok
mp-1012791,NaV3P3O13,ok,ok,empty,empty,empty,ok,ok,ok,ok,ok,empty,empty,empty,ok
mp-1013565,Na2CoP2O7,ok,ok,empty,empty,empty,ok,ok,ok,ok,ok,empty,empty,empty,ok
mp-1013577,Na2CoP2O7,ok,ok,empty,empty,empty,ok,ok,ok,ok,ok,empty,empty,empty,ok
mp-1013599,Na2CoP2O7,ok,ok,empty,empty,empty,ok,ok,ok,ok,ok,empty,empty,empty,ok
mp-1013843,NaMo2P2O9,ok,ok,empty,empty,empty,ok,ok,ok,ok,ok,empty,empty,empty,ok
mp-1013911,Na2CoP2O7,ok,ok,empty,ok,ok,ok,ok,ok,ok,ok,empty,empty,empty,ok
mp-1016119,NaMnO2,ok,ok,empty,empty,empty,ok,ok,ok,ok,ok,empty,empty,empty,ok
mp-1016152,NaMnO2,ok,ok,empty,empty,empty,ok,ok,ok,ok,ok,empty,empty,empty,ok
mp-10163,NaAlTe2,ok,ok,ok,ok,empty,ok,ok,ok,ok,ok,empty,empty,empty,ok
mp-10166,NaAlSe2,ok,ok,ok,ok,empty,ok,ok,ok,ok,ok,empty,empty,empty,ok
mp-10167,Na3SbS4,ok,ok,ok,empty,empty,ok,ok,ok,ok,ok,empty,empty,empty,ok
mp-1019523,Ba3NaY3(Si3O10)2,ok,ok,empty,empty,empty,ok,ok,ok,ok,ok,empty,empty,empty,ok
mp-1019551,BaNa2Mg(PO4)2,ok,ok,ok,empty,empty,ok,ok,ok,ok,ok,empty,empty,empty,ok
mp-1019554,BaNaB5O9,ok,ok,empty,empty,empty,ok,ok,ok,ok,ok,empty,empty,empty,ok
mp-1019555,BaNaLi3(BO2)6,ok,ok,empty,empty,empty,ok,ok,ok,ok,ok,empty,empty,empty,ok
mp-1019611,Cs2Na2Sr(B3O5)6,ok,ok,empty,empty,empty,ok,ok,ok,ok,ok,empty,empty,empty,ok
mp-1019781,K2Na3P3O10,ok,ok,empty,empty,empty,ok,ok,ok,ok,ok,empty,empty,empty,ok
mp-1019787,K2NaZn(BO2)5,ok,ok,empty,empty,empty,ok,ok,ok,ok,ok,empty,empty,empty,ok
mp-1019888,KNa2BN2,ok,ok,empty,ok,empty,ok,ok,ok,ok,ok,empty,empty,empty,ok
mp-1020141,Na2Al2Si3O10,ok,ok,empty,ok,ok,ok,ok,ok,ok,ok,empty,empty,empty,ok
mp-1020142,Na2B4O7,ok,ok,empty,empty,empty,ok,ok,ok,ok,ok,empty,empty,empty,ok
mp-1020144,Na2Be4B4O11,ok,ok,empty,empty,empty,ok,ok,ok,ok,ok,empty,empty,empty,ok
mp-1020145,Na2Ge(S2O7)3,ok,ok,empty,empty,empty,ok,ok,ok,ok,ok,empty,empty,empty,ok
mp-1020146,Na2LiB5(PO7)2,ok,ok,empty,empty,empty,ok,ok,ok,ok,ok,empty,empty,empty,ok
mp-1020147,Na2Mg2P3NO9,ok,ok,empty,empty,empty,ok,ok,ok,ok,ok,empty,empty,empty,ok
mp-1020159,Na2Si(S2O7)3,ok,ok,empty,empty,empty,ok,ok,ok,ok,ok,empty,empty,empty,ok
mp-1020160,Na3Zn(BO2)5,ok,ok,empty,empty,empty,ok,ok,ok,ok,ok,empty,empty,empty,ok
mp-1020161,Na3Al2(PO4)3,ok,ok,empty,empty,empty,ok,ok,ok,ok,ok,empty,empty,empty,ok
mp-1020162,Na4Mg3P4O15,ok,ok,empty,empty,empty,ok,ok,ok,ok,ok,empty,empty,empty,ok
mp-1020163,Na3Li2Al(SiO4)2,ok,ok,empty,empty,empty,ok,ok,ok,ok,ok,empty,empty,empty,ok
mp-1020164,Na3LiP2O7,ok,ok,empty,empty,empty,ok,ok,ok,ok,ok,empty,empty,empty,ok
mp-1020179,Na6Si2O7,ok,ok,empty,empty,empty,ok,ok,ok,ok,ok,empty,empty,empty,ok
mp-1020180,Na2SrMg(PO4)2,ok,ok,empty,empty,empty,ok,ok,ok,ok,ok,empty,empty,empty,ok
mp-1020181,Na2ZnB6O11,ok,ok,empty,ok,empty,ok,ok,ok,ok,ok,empty,empty,empty,ok
mp-1020596,NaGa(GeO3)2,ok,ok,empty,empty,empty,ok,ok,ok,ok,ok,empty,empty,empty,ok
mp-1020599,Na5B(SO4)4,ok,ok,empty,empty,empty,ok,ok,ok,ok,ok,empty,empty,empty,ok
mp-1020624,NaBe(BO2)3,ok,ok,empty,empty,empty,ok,ok,ok,ok,ok,empty,empty,empty,ok
mp-1020630,Rb2Na(NO3)3,ok,ok,empty,ok,ok,ok,ok,ok,ok,ok,empty,empty,empty,ok
mp-1020646,NaLi2B(PO4)2,ok,ok,empty,empty,empty,ok,ok,ok,ok,ok,empty,empty,empty,ok
mp-1020648,NaLaSiO4,ok,ok,empty,empty,empty,ok,ok,ok,ok,ok,empty,empty,empty,ok
mp-1020655,NaB(S2O7)2,ok,ok,empty,empty,empty,ok,ok,ok,ok,ok,empty,empty,empty,ok
mp-1020657,NaSr(PO3)3,ok,ok,empty,empty,empty,ok,ok,ok,ok,ok,empty,empty,empty,ok
mp-1020658,NaB(SO4)2,ok,ok,empty,ok,empty,ok,ok,ok,ok,ok,empty,empty,empty,ok
mp-1020661,NaAl(SiO3)2,ok,ok,empty,empty,empty,ok,ok,ok,ok,ok,empty,empty,empty,ok
mp-1020683,NaCa(PO3)3,ok,ok,empty,empty,empty,ok,ok,ok,ok,ok,empty,empty,empty,ok
mp-1020724,Na7Al4P9O32,ok,ok,empty,empty,empty,ok,ok,ok,ok,ok,empty,empty,empty,ok
mp-1021431,CsNaICl,ok,ok,ok,empty,empty,ok,ok,ok,ok,ok,empty,empty,empty,ok
mp-1021465,Na2ZnSe2,ok,ok,empty,empty,empty,ok,ok,ok,ok,ok,empty,empty,empty,ok
mp-1021514,NaGe2(PO4)3,ok,ok,empty,empty,empty,ok,ok,ok,ok,ok,empty,empty,empty,ok
mp-10226,NaYS2,ok,ok,empty,ok,empty,ok,ok,ok,ok,ok,ok,empty,empty,ok
mp-1024047,Na6ZnSe4,ok,ok,empty,ok,ok,ok,ok,ok,ok,ok,empty,empty,empty,ok
mp-1024048,Na4Zn3Se5,ok,ok,empty,empty,empty,ok,ok,ok,ok,ok,empty,empty,empty,ok
mp-1024049,Na2Zn2Se3,ok,ok,empty,empty,empty,ok,ok,ok,ok,ok,empty,empty,empty,ok
mp-1024050,Na2Zn3Se4,ok,ok,empty,empty,empty,ok,ok,ok,ok,ok,empty,empty,empty,ok
mp-1024051,Na2Zn2Se3,ok,ok,empty,empty,empty,ok,ok,ok,ok,ok,empty,empty,empty,ok
mp-1024052,Na2ZnSe2,ok,ok,empty,ok,empty,ok,ok,ok,ok,ok,empty,empty,empty,ok
mp-1024067,Na2ZnS2,ok,ok,ok,ok,empty,ok,ok,ok,ok,ok,empty,empty,empty,ok
mp-1024069,Na2Zn3S4,ok,ok,empty,empty,empty,ok,ok,ok,ok,ok,empty,empty,empty,ok
mp-1024070,Na4Zn3S5,ok,ok,empty,empty,empty,ok,ok,ok,ok,ok,empty,empty,empty,ok
mp-1024072,Na2Zn3S4,ok,ok,empty,empty,empty,ok,ok,ok,ok,ok,empty,empty,empty,ok
mp-1024076,Na2ZnS2,ok,ok,empty,empty,empty,ok,ok,ok,ok,ok,empty,empty,empty,ok
mp-10246,Na2PtS2,ok,ok,empty,ok,ok,ok,ok,ok,ok,ok,empty,empty,empty,ok
mp-1029542,Na6MoN4,ok,ok,ok,ok,empty,ok,ok,ok,ok,ok,empty,empty,empty,ok
mp-1029565,Na3W2N5,ok,ok,empty,ok,ok,ok,ok,ok,ok,ok,empty,empty,empty,ok
mp-1029656,Na6WN4,ok,ok,ok,ok,empty,ok,ok,ok,ok,ok,empty,empty,empty,ok
mp-1029845,Na3Mo2N5,ok,ok,empty,ok,ok,ok,ok,ok,ok,ok,empty,empty,empty,ok
mp-1029851,Na2GeN2,ok,ok,empty,ok,empty,ok,ok,ok,ok,ok,empty,empty,empty,ok
mp-1029862,Na15Mo7N19,ok,ok,empty,ok,empty,ok,ok,ok,ok,ok,empty,empty,empty,ok
mp-1030655,NaMg6GaO8,ok,ok,empty,empty,empty,ok,ok,ok,ok,ok,empty,empty,empty,ok
mp-1030657,NaNbN2,ok,ok,empty,ok,empty,ok,ok,ok,ok,ok,empty,empty,empty,ok
mp-1030658,NaMg6GaO8,ok,ok,empty,empty,empty,ok,ok,ok,ok,ok,empty,empty,empty,ok
mp-1030676,NaMg6BiO8,ok,ok,empty,empty,empty,ok,ok,ok,ok,ok,empty,empty,empty,ok
mp-1030690,NaMg6BO7,ok,ok,empty,empty,empty,ok,ok,ok,ok,ok,empty,empty,empty,ok
mp-1030699,NaMg6BO7,ok,ok,empty,empty,empty,ok,ok,ok,ok,ok,empty,empty,empty,ok
mp-1030704,Na15W7N19,ok,ok,empty,ok,empty,ok,ok,ok,ok,ok,empty,empty,empty,ok
mp-1030710,NaMg6WO8,ok,ok,empty,empty,empty,ok,ok,ok,ok,ok,empty,empty,empty,ok
mp-1030726,NaMg6WO8,ok,ok,empty,empty,empty,ok,ok,ok,ok,ok,empty,empty,empty,ok
mp-1030730,NaMg6BO8,ok,ok,empty,empty,empty,ok,ok,ok,ok,ok,empty,empty,empty,ok
mp-1030755,NaMg6BO8,ok,ok,empty,empty,empty,ok,ok,ok,ok,ok,empty,empty,empty,ok
mp-1030787,CsNaMg6O7,ok,ok,empty,empty,empty,ok,ok,ok,ok,ok,empty,empty,empty,ok
mp-1030819,NaMg6CrO8,ok,ok,empty,empty,empty,ok,ok,ok,ok,ok,empty,empty,empty,ok
mp-1030910,NaLiMg6O7,ok,ok,empty,empty,empty,ok,ok,ok,ok,ok,empty,empty,empty,ok
mp-1031108,NaLaMg6O8,ok,ok,empty,empty,empty,ok,ok,ok,ok,ok,empty,empty,empty,ok
mp-1031159,NaLaMg6O8,ok,ok,empty,empty,empty,ok,ok,ok,ok,ok,empty,empty,empty,ok
mp-1031510,NaMg6AlO8,ok,ok,empty,empty,empty,ok,ok,ok,ok,ok,empty,empty,empty,ok
mp-1031529,NaMg6AlO8,ok,ok,empty,empty,empty,ok,ok,ok,ok,ok,empty,empty,empty,ok
mp-1032374,NaMg6FeO8,ok,ok,empty,empty,empty,ok,ok,ok,ok,ok,empty,empty,empty,ok
mp-1032382,NaMg6FeO8,ok,ok,empty,empty,empty,ok,ok,ok,ok,ok,empty,empty,empty,ok
mp-1032844,NaYMg6O8,ok,ok,empty,empty,empty,ok,ok,ok,ok,ok,empty,empty,empty,ok
mp-1032845,NaYMg6O8,ok,ok,empty,empty,empty,ok,ok,ok,ok,ok,empty,empty,empty,ok
mp-1033973,KNaMg14O15,ok,ok,empty,empty,empty,ok,ok,ok,ok,ok,empty,empty,empty,ok
mp-10340,Na2GeTeO6,ok,ok,empty,ok,empty,ok,ok,ok,ok,ok,empty,empty,empty,ok
mp-1034015,KNaMg14O15,ok,ok,empty,empty,empty,ok,ok,ok,ok,ok,empty,empty,empty,ok
mp-1034314,NaMg14GaO16,ok,ok,empty,empty,empty,ok,ok,ok,ok,ok,empty,empty,empty,ok
mp-1034329,NaMg14SbO16,ok,ok,empty,empty,empty,ok,ok,ok,ok,ok,empty,empty,empty,ok
mp-1034338,NaMg14SbO16,ok,ok,empty,empty,empty,ok,ok,ok,ok,ok,empty,empty,empty,ok
mp-1034355,NaMg14BiO16,ok,ok,empty,empty,empty,ok,ok,ok,ok,ok,empty,empty,empty,ok
mp-1034357,NaMg14BiO16,ok,ok,empty,empty,empty,ok,ok,ok,ok,ok,empty,empty,empty,ok
mp-1034563,RbNaMg14O15,ok,ok,empty,empty,empty,ok,ok,ok,ok,ok,empty,empty,empty,ok
mp-1034594,NaMg14CrO16,ok,ok,empty,empty,empty,ok,ok,ok,ok,ok,empty,empty,empty,ok
mp-1034599,NaMg14WO16,ok,ok,empty,empty,empty,ok,ok,ok,ok,ok,empty,empty,empty,ok
mp-1034600,NaMg14BO16,ok,ok,empty,empty,empty,ok,ok,ok,ok,ok,empty,empty,empty,ok
mp-1034602,NaMg14CrO16,ok,ok,empty,empty,empty,ok,ok,ok,ok,ok,empty,empty,empty,ok
mp-1034607,NaMg14WO16,ok,ok,empty,empty,empty,ok,ok,ok,ok,ok,empty,empty,empty,ok
mp-1034608,NaMg14GaO16,ok,ok,empty,empty,empty,ok,ok,ok,ok,ok,empty,empty,empty,ok
mp-1034618,NaMg14BO15,ok,ok,empty,empty,empty,ok,ok,ok,ok,ok,empty,empty,empty,ok
mp-1034626,NaMg14BO16,ok,ok,empty,empty,empty,ok,ok,ok,ok,ok,empty,empty,empty,ok
mp-1034637,CsNaMg14O15,ok,ok,empty,empty,empty,ok,ok,ok,ok,ok,empty,empty,empty,ok
mp-1034638,NaMg14BO15,ok,ok,empty,empty,empty,ok,ok,ok,ok,ok,empty,empty,empty,ok
mp-1034663,RbNaMg14O15,ok,ok,empty,empty,empty,ok,ok,ok,ok,ok,empty,empty,empty,ok
mp-1034744,NaMg14BO15,ok,ok,empty,empty,empty,ok,ok,ok,ok,ok,empty,empty,empty,ok
mp-1034797,RbNaMg14O15,ok,ok,empty,empty,empty,ok,ok,ok,ok,ok,empty,empty,empty,ok
mp-1034839,RbNaMg14O15,ok,ok,empty,empty,empty,ok,ok,ok,ok,ok,empty,empty,empty,ok
mp-1034881,CsNaMg14O15,ok,ok,empty,empty,empty,ok,ok,ok,ok,ok,empty,empty,empty,ok
mp-10349,Na2SnTeO6,ok,ok,empty,empty,empty,ok,ok,ok,ok,ok,empty,empty,empty,ok
mp-1034901,CsNaMg14O15,ok,ok,empty,empty,empty,ok,ok,ok,ok,ok,empty,empty,empty,ok
mp-1035030,NaLaMg14O16,ok,ok,empty,empty,empty,ok,ok,ok,ok,ok,empty,empty,empty,ok
mp-1035183,NaLaMg14O16,ok,ok,empty,empty,empty,ok,ok,ok,ok,ok,empty,empty,empty,ok
mp-1035394,NaLiMg14O15,ok,ok,empty,empty,empty,ok,ok,ok,ok,ok,empty,empty,empty,ok
mp-1035403,NaLiMg14O15,ok,ok,empty,empty,empty,ok,ok,ok,ok,ok,empty,empty,empty,ok
mp-1035418,NaLiMg14O15,ok,ok,empty,empty,empty,ok,ok,ok,ok,ok,empty,empty,empty,ok
mp-1035457,NaMg14FeO16,ok,ok,empty,empty,empty,ok,ok,ok,ok,ok,empty,empty,empty,ok
mp-1035481,NaMg14FeO16,ok,ok,empty,empty,empty,ok,ok,ok,ok,ok,empty,empty,empty,ok
mp-1035917,NaYMg14O16,ok,ok,empty,empty,empty,ok,ok,ok,ok,ok,empty,empty,empty,ok
mp-1035940,NaYMg14O16,ok,ok,empty,empty,empty,ok,ok,ok,ok,ok,empty,empty,empty,ok
mp-1039794,NaMg30BO32,ok,ok,empty,empty,empty,ok,ok,ok,ok,ok,empty,empty,empty,ok
mp-1039824,NaMg30BO31,ok,ok,empty,empty,empty,ok,ok,ok,ok,ok,empty,empty,empty,ok
mp-1039846,RbNaMg30O31,ok,ok,empty,empty,empty,ok,ok,ok,ok,ok,empty,empty,empty,ok
mp-1039849,NaMg30BO31,ok,ok,empty,empty,empty,ok,ok,ok,ok,ok,empty,empty,empty,ok
mp-1040385,KNaMg30O31,ok,ok,empty,empty,empty,ok,ok,ok,ok,ok,empty,empty,empty,ok
mp-10419,Na4ReN3,ok,ok,empty,ok,ok,ok,ok,ok,ok,ok,empty,empty,empty,ok
mp-10422,NaAuC2,ok,ok,ok,empty,empty,ok,ok,ok,ok,ok,empty,empty,empty,ok
mp-10461,NaSr3SbO6,ok,ok,empty,ok,empty,ok,ok,ok,ok,ok,empty,empty,empty,ok
mp-10474,NaPF6,ok,ok,ok,ok,empty,ok,ok,ok,ok,ok,empty,empty,empty,ok
mp-10476,NaEr(SO4)2,ok,ok,empty,empty,empty,ok,ok,ok,ok,ok,empty,empty,empty,ok
mp-10525,NaLi2N,ok,ok,ok,empty,empty,ok,ok,ok,ok,ok,empty,empty,empty,ok
mp-10537,Na2CoPO4F,ok,ok,empty,empty,empty,ok,ok,ok,ok,ok,empty,empty,empty,ok
mp-10572,NaPN2,ok,ok,empty,ok,ok,ok,ok,ok,ok,ok,ok,empty,empty,ok
mp-1064952,NaN3,ok,ok,empty,empty,empty,ok,ok,ok,ok,ok,empty,empty,empty,ok
mp-1066400,NaN3,ok,ok,empty,empty,empty,ok,ok,ok,ok,ok,empty,empty,empty,ok
mp-1075953,K5Na3Ta5Nb3O24,ok,ok,empty,empty,empty,ok,ok,ok,ok,ok,empty,empty,empty,ok
mp-1076095,K5Na3Ta4Nb4O24,ok,ok,empty,empty,empty,ok,ok,ok,ok,ok,empty,empty,empty,ok
mp-1076335,K5Na3Nb8O24,ok,ok,empty,empty,empty,ok,ok,ok,ok,ok,empty,empty,empty,ok
mp-1076363,K5Na3TaNb7O24,ok,ok,empty,empty,empty,ok,ok,ok,ok,ok,empty,empty,empty,ok
mp-1076413,K5Na3Ta7NbO24,ok,ok,empty,empty,empty,ok,ok,ok,ok,ok,empty,empty,empty,ok
mp-1076510,K5Na3Ta8O24,ok,ok,empty,empty,empty,ok,ok,ok,ok,ok,empty,empty,empty,ok
mp-1076512,K5Na3Ta3Nb5O24,ok,ok,empty,empty,empty,ok,ok,ok,ok,ok,empty,empty,empty,ok
mp-1077081,Na2TiO3,ok,ok,empty,empty,empty,ok,ok,ok,ok,ok,empty,empty,empty,ok
mp-1078217,NaFeF3,ok,ok,empty,empty,empty,ok,ok,ok,ok,ok,empty,empty,empty,ok
mp-1078237,NaNiF3,ok,ok,empty,empty,empty,ok,ok,ok,ok,ok,empty,empty,empty,ok
mp-1078295,NaNbO3,ok,ok,empty,ok,empty,ok,ok,ok,ok,ok,empty,empty,empty,ok
mp-1078336,NaCoF3,ok,ok,empty,empty,empty,ok,ok,ok,ok,ok,empty,empty,empty,ok
mp-1078419,Na3PSe4,ok,ok,empty,ok,ok,ok,ok,ok,ok,ok,ok,empty,empty,ok
mp-1078535,Na2TcF6,ok,ok,empty,empty,empty,ok,ok,ok,ok,ok,empty,empty,empty,ok
mp-1078554,KNa3H4,ok,ok,empty,empty,empty,ok,ok,ok,ok,ok,empty,empty,empty,ok
mp-1078643,RbNa3H4,ok,ok,empty,empty,empty,ok,ok,ok,ok,ok,empty,empty,empty,ok
mp-1078750,NaCaH3,ok,ok,empty,empty,empty,ok,ok,ok,ok,ok,empty,empty,empty,ok
mp-1078933,NaCaH3,ok,ok,empty,empty,empty,ok,ok,ok,ok,ok,empty,empty,empty,ok
mp-1079088,NaAsF6,ok,ok,empty,ok,empty,ok,ok,ok,ok,ok,empty,empty,empty,ok
mp-1079096,Cs2NaLaBr6,ok,ok,empty,empty,empty,ok,ok,ok,ok,ok,empty,empty,empty,ok
mp-1079248,K3NaH4,ok,ok,empty,empty,empty,ok,ok,ok,ok,ok,empty,empty,empty,ok
mp-1079339,K2NaMnF6,ok,ok,empty,empty,empty,ok,ok,ok,ok,ok,empty,empty,empty,ok
mp-1079436,NaV(NF3)2,ok,ok,empty,empty,empty,ok,ok,ok,ok,ok,empty,empty,empty,ok
mp-1079583,Rb2NaAlF6,ok,ok,empty,ok,empty,ok,ok,ok,ok,ok,empty,empty,empty,ok
mp-1080017,Cs2NaLaCl6,ok,ok,empty,empty,empty,ok,ok,ok,ok,ok,empty,empty,empty,ok
mp-1080041,Cs2NaBiCl6,ok,ok,empty,empty,empty,ok,ok,ok,ok,ok,empty,empty,empty,ok
mp-10804,NaYPO4F,ok,ok,empty,empty,empty,ok,ok,ok,ok,ok,empty,empty,empty,ok
mp-1080753,NaPb2IO6,ok,ok,empty,empty,empty,ok,ok,ok,ok,ok,empty,empty,empty,ok
mp-10811,NaSr4(BN2)3,ok,ok,empty,ok,empty,ok,ok,ok,ok,ok,empty,empty,empty,ok
mp-10837,Na2MgInF7,ok,ok,empty,empty,empty,ok,ok,ok,ok,ok,empty,empty,empty,ok
mp-1087215,NaAsF6,ok,ok,empty,empty,empty,ok,ok,ok,ok,ok,empty,empty,empty,ok
mp-1091394,Ba2NaIO6,ok,ok,empty,ok,empty,ok,ok,ok,ok,ok,empty,empty,empty,ok
mp-10935,NaErPO4F,ok,ok,empty,empty,empty,ok,ok,ok,ok,ok,empty,empty,empty,ok
mp-1094092,NaPH6,ok,ok,empty,empty,empty,ok,ok,ok,ok,ok,empty,empty,empty,ok
mp-1094098,NaGaTe2,ok,ok,empty,ok,ok,ok,ok,ok,ok,ok,empty,empty,empty,ok
mp-1094103,NaMgAl3Si8(HO6)4,ok,ok,empty,empty,empty,ok,ok,ok,ok,ok,empty,empty,empty,ok
mp-1094105,Na4ZnSe3,ok,ok,empty,empty,empty,ok,ok,ok,ok,ok,empty,empty,empty,ok
mp-1094106,Na2Zn2S3,ok,ok,empty,empty,empty,ok,ok,ok,ok,ok,empty,empty,empty,ok
mp-1094107,Na2Zn2S3,ok,ok,empty,empty,empty,ok,ok,ok,ok,ok,empty,empty,empty,ok
mp-1094108,Na2Zn2S3,ok,ok,empty,empty,empty,ok,ok,ok,ok,ok,empty,empty,empty,ok
mp-1094109,Na6MnNi3(SbO6)2,ok,ok,empty,empty,empty,ok,ok,ok,ok,ok,empty,empty,empty,ok
mp-1094113,NaV2P2O9,ok,ok,empty,empty,empty,ok,ok,ok,ok,ok,empty,empty,empty,ok
mp-1094119,Na4Ge5O12,ok,ok,empty,empty,empty,ok,ok,ok,ok,ok,empty,empty,empty,ok
mp-1094149,NaTi2BiO6,ok,ok,empty,empty,empty,ok,ok,ok,ok,ok,empty,empty,empty,ok
mp-10942,KNaLaNbO5,ok,ok,empty,empty,empty,ok,ok,ok,ok,ok,empty,empty,empty,ok
mp-1095176,Rb3NaH4,ok,ok,empty,empty,empty,ok,ok,ok,ok,ok,empty,empty,empty,ok
mp-1095270,Na5NpO6,ok,ok,empty,empty,empty,ok,ok,ok,ok,ok,empty,empty,empty,ok
mp-1096496,NaZn2Au,ok,ok,empty,empty,empty,ok,ok,ok,ok,ok,empty,empty,empty,ok
mp-1096979,NaVZnO4,ok,ok,empty,empty,empty,ok,ok,ok,ok,ok,empty,empty,empty,ok
mp-1097229,NaIn2Bi,ok,ok,empty,empty,empty,ok,ok,ok,ok,ok,empty,empty,empty,ok
mp-1097361,NaHg2Au,ok,ok,empty,empty,empty,ok,ok,ok,ok,ok,empty,empty,empty,ok
mp-1097519,NaSr2Li,ok,ok,empty,empty,empty,ok,ok,ok,ok,ok,empty,empty,empty,ok
mp-1097712,Na2W2O5,ok,ok,empty,empty,empty,ok,ok,ok,ok,ok,empty,empty,empty,ok
mp-1097724,Na2W2O5,ok,ok,empty,empty,empty,ok,ok,ok,ok,ok,empty,empty,empty,ok
mp-1098484,NaMg30BO31,ok,ok,empty,empty,empty,ok,ok,ok,ok,ok,empty,empty,empty,ok
mp-1099712,K5Na3Ta2Nb6O24,ok,ok,empty,empty,empty,ok,ok,ok,ok,ok,empty,empty,empty,ok
mp-1099860,K5Na3Ta6Nb2O24,ok,ok,empty,empty,empty,ok,ok,ok,ok,ok,empty,empty,empty,ok
mp-1100443,KNaSe,ok,ok,empty,empty,empty,ok,ok,ok,ok,ok,empty,empty,empty,ok
mp-1101151,NaHoO2,ok,ok,empty,empty,empty,ok,ok,ok,ok,ok,empty,empty,empty,ok
mp-1101475,NaSiPCO7,ok,ok,empty,empty,empty,ok,ok,ok,ok,ok,empty,empty,empty,ok
mp-1101478,NaLi5Fe2P2(CO7)2,ok,ok,empty,empty,empty,ok,ok,ok,ok,ok,empty,empty,empty,ok
mp-1101479,NaLi9Fe10(SiO3)20,ok,ok,empty,empty,empty,ok,ok,ok,ok,ok,empty,empty,empty,ok
mp-1101482,NaLi2FePCO7,ok,ok,empty,empty,empty,ok,ok,ok,ok,ok,empty,empty,empty,ok
mp-1101653,NaDyO2,ok,ok,empty,empty,empty,ok,ok,ok,ok,ok,empty,empty,empty,ok
mp-1101655,NaFeBO3,ok,ok,empty,empty,empty,ok,ok,ok,ok,ok,empty,empty,empty,ok
mp-1101657,NaVO3,ok,ok,empty,empty,empty,ok,ok,ok,ok,ok,empty,empty,empty,ok
mp-1101661,NaCoO2,ok,ok,empty,empty,empty,ok,ok,ok,ok,ok,empty,empty,empty,ok
mp-1101663,NaLi15V16O48,ok,ok,empty,empty,empty,ok,ok,ok,ok,ok,empty,empty,empty,ok
mp-1101664,NaMnPCO7,ok,ok,empty,empty,empty,ok,ok,ok,ok,ok,empty,empty,empty,ok
mp-1101665,NaLi5Fe2P2(CO7)2,ok,ok,empty,empty,empty,ok,ok,ok,ok,ok,empty,empty,empty,ok
mp-1101666,NaFe5O8,ok,ok,empty,empty,empty,ok,ok,ok,ok,ok,empty,empty,empty,ok
mp-1101667,NaMnPCO7,ok,ok,empty,empty,empty,ok,ok,ok,ok,ok,empty,empty,empty,ok
mp-1101682,Na5SbO5,ok,ok,empty,empty,empty,ok,ok,ok,ok,ok,empty,empty,empty,ok
mp-1101692,NaCoBO3,ok,ok,empty,empty,empty,ok,ok,ok,ok,ok,empty,empty,empty,ok
mp-1101699,NaFe11O17,ok,ok,empty,empty,empty,ok,ok,ok,ok,ok,empty,empty,empty,ok
mp-1101703,NaLi2FePCO7,ok,ok,empty,empty,empty,ok,ok,ok,ok,ok,empty,empty,empty,ok
mp-1101716,NaLi2FePCO7,ok,ok,empty,empty,empty,ok,ok,ok,ok,ok,empty,empty,empty,ok
mp-1101719,NaCr3O8,ok,ok,empty,empty,empty,ok,ok,ok,ok,ok,empty,empty,empty,ok
mp-1101725,Na6Li3Fe6(PO4)8,ok,ok,empty,empty,empty,ok,ok,ok,ok,ok,empty,empty,empty,ok
mp-1101862,NaBH4,ok,ok,empty,empty,empty,ok,ok,ok,ok,ok,empty,empty,empty,ok
mp-1101885,Na2PS3,ok,ok,empty,ok,empty,ok,ok,ok,ok,ok,empty,empty,empty,ok
mp-1101899,Na2CO3,ok,ok,empty,empty,empty,ok,ok,ok,ok,ok,empty,empty,empty,ok
mp-1102077,NaAlF4,ok,ok,empty,ok,empty,ok,ok,ok,ok,ok,empty,empty,empty,ok
mp-1102092,NaFe(SO4)2,ok,ok,empty,ok,empty,ok,ok,ok,ok,ok,empty,empty,empty,ok
mp-1102325,Ba2Na2U(S2O)2,ok,ok,empty,empty,empty,ok,ok,ok,ok,ok,empty,empty,empty,ok
mp-1102924,NaAlH4,ok,ok,empty,empty,empty,ok,ok,ok,ok,ok,empty,empty,empty,ok
mp-1103169,NaAgO,ok,ok,empty,empty,empty,ok,ok,ok,ok,ok,empty,empty,empty,ok
mp-1103351,Na4Mg(SiSe3)2,ok,ok,empty,ok,ok,ok,ok,ok,ok,ok,empty,empty,empty,ok
mp-1103416,NaBH4,ok,ok,empty,empty,empty,ok,ok,ok,ok,ok,empty,empty,empty,ok
mp-1103472,Na2UF8,ok,ok,empty,empty,empty,ok,ok,ok,ok,ok,empty,empty,empty,ok
mp-1103515,Na2U(TeO5)2,ok,ok,empty,empty,empty,ok,ok,ok,empty,ok,empty,empty,empty,ok
mp-1103730,Na4Mg(GeSe3)2,ok,ok,empty,ok,ok,ok,ok,ok,ok,ok,empty,empty,empty,ok
mp-1104533,NaPrTiO4,ok,ok,empty,empty,empty,ok,ok,ok,ok,ok,empty,empty,empty,ok
mp-1104707,Na(GeP)3,ok,ok,empty,ok,ok,ok,ok,ok,ok,ok,empty,empty,empty,ok
mp-1104817,Rb3Na(WO4)2,ok,ok,empty,empty,empty,ok,ok,ok,ok,ok,empty,empty,empty,ok
mp-1104938,Rb3Na(MoO4)2,ok,ok,empty,empty,empty,ok,ok,ok,ok,ok,empty,empty,empty,ok
mp-1105143,NaIn(GeO3)2,ok,ok,empty,ok,empty,ok,ok,ok,ok,ok,empty,empty,empty,ok
mp-1105401,NaYMnWO6,ok,ok,empty,empty,empty,ok,ok,ok,ok,ok,empty,empty,empty,ok
mp-1105542,NaFeH8(NF3)2,ok,ok,empty,empty,empty,ok,ok,ok,ok,ok,empty,empty,empty,ok
mp-1105620,Na4Sr(SiO3)3,ok,ok,empty,empty,empty,ok,ok,ok,ok,ok,empty,empty,empty,ok
mp-1105721,NaCr2In(H2O5)2,ok,ok,empty,empty,empty,ok,ok,ok,ok,ok,empty,empty,empty,ok
mp-1105765,NaNbO3,ok,ok,ok,empty,empty,ok,ok,ok,ok,ok,empty,empty,empty,ok
mp-1105769,KNaNbOF5,ok,ok,empty,empty,empty,ok,ok,ok,ok,ok,empty,empty,empty,ok
mp-1105823,NaLaFeWO6,ok,ok,empty,empty,empty,ok,ok,ok,ok,ok,empty,empty,empty,ok
mp-1105952,NaFeSO4F,ok,ok,empty,empty,empty,ok,ok,ok,ok,ok,empty,empty,empty,ok
mp-1106050,NaSr2IO6,ok,ok,empty,empty,empty,ok,ok,ok,ok,ok,empty,empty,empty,ok
mp-1106352,Na3MoCl6,ok,ok,empty,ok,empty,ok,ok,ok,ok,ok,empty,empty,empty,ok
mp-1110563,Cs2NaDyCl6,ok,ok,empty,empty,empty,ok,ok,ok,ok,ok,empty,empty,empty,ok
mp-1110566,Cs2NaAsBr6,ok,ok,empty,empty,empty,ok,ok,ok,ok,ok,empty,empty,empty,ok
mp-1110567,Na3MoF6,ok,ok,empty,empty,empty,ok,ok,ok,ok,ok,empty,empty,empty,ok
mp-1110568,Na3IrF6,ok,ok,empty,empty,empty,ok,ok,ok,ok,ok,empty,empty,empty,ok
mp-1110569,Na3InF6,ok,ok,empty,empty,empty,ok,ok,ok,ok,ok,empty,empty,empty,ok
mp-1110570,Na3GaF6,ok,ok,empty,empty,empty,ok,ok,ok,ok,ok,empty,empty,empty,ok
mp-1110571,Na3CrF6,ok,ok,empty,empty,empty,ok,ok,ok,ok,ok,empty,empty,empty,ok
mp-1110572,Na3BiF6,ok,ok,empty,empty,empty,ok,ok,ok,ok,ok,empty,empty,empty,ok
mp-1110574,Na3AsF6,ok,ok,empty,empty,empty,ok,ok,ok,ok,ok,empty,empty,empty,ok
mp-1110618,Na2TlGaF6,ok,ok,empty,empty,empty,ok,ok,ok,ok,ok,empty,empty,empty,ok
mp-1110619,Na2TlCrF6,ok,ok,empty,empty,empty,ok,ok,ok,ok,ok,empty,empty,empty,ok
mp-1110620,Na2TlCoF6,ok,ok,empty,empty,empty,ok,ok,ok,ok,ok,empty,empty,empty,ok
mp-1110621,Na2AlTlF6,ok,ok,empty,empty,empty,ok,ok,ok,ok,ok,empty,empty,empty,ok
mp-1110623,RbNa2GaF6,ok,ok,empty,empty,empty,ok,ok,ok,ok,ok,empty,empty,empty,ok
mp-1110624,RbNa2FeF6,ok,ok,empty,empty,empty,ok,ok,ok,ok,ok,empty,empty,empty,ok
mp-1110625,RbNa2CrF6,ok,ok,empty,empty,empty,ok,ok,ok,ok,ok,empty,empty,empty,ok
mp-1110626,RbNa2CoF6,ok,ok,empty,empty,empty,ok,ok,ok,ok,ok,empty,empty,empty,ok
mp-1110627,RbNa2AlF6,ok,ok,empty,empty,empty,ok,ok,ok,ok,ok,empty,empty,empty,ok
mp-1110628,Na2LiYF6,ok,ok,empty,empty,empty,ok,ok,ok,ok,ok,empty,empty,empty,ok
mp-1110629,Na2LiTlF6,ok,ok,empty,empty,empty,ok,ok,ok,ok,ok,empty,empty,empty,ok
mp-1110631,Rb2NaGaBr6,ok,ok,empty,empty,empty,ok,ok,ok,ok,ok,empty,empty,empty,ok
mp-1110642,Cs2NaGaBr6,ok,ok,empty,empty,empty,ok,ok,ok,ok,ok,empty,empty,empty,ok
mp-1110646,Rb2NaNdF6,ok,ok,empty,empty,empty,ok,ok,ok,ok,ok,empty,empty,empty,ok
mp-1110657,Na2LiSbF6,ok,ok,empty,empty,empty,ok,ok,ok,ok,ok,empty,empty,empty,ok
mp-1110663,Rb2NaPrF6,ok,ok,empty,empty,empty,ok,ok,ok,ok,ok,empty,empty,empty,ok
mp-1110678,Rb2NaMoCl6,ok,ok,empty,empty,empty,ok,ok,ok,ok,ok,empty,empty,empty,ok
mp-1110696,Rb2NaYCl6,ok,ok,empty,empty,empty,ok,ok,ok,ok,ok,empty,empty,empty,ok
mp-1110697,Rb2NaYBr6,ok,ok,empty,empty,empty,ok,ok,ok,ok,ok,empty,empty,empty,ok
mp-1110700,Rb2NaSbBr6,ok,ok,empty,empty,empty,ok,ok,ok,ok,ok,empty,empty,empty,ok
mp-1110701,Rb2NaPrCl6,ok,ok,empty,empty,empty,ok,ok,ok,ok,ok,empty,empty,empty,ok
mp-1110702,Rb2NaNdCl6,ok,ok,empty,empty,empty,ok,ok,ok,ok,ok,empty,empty,empty,ok
mp-1110703,Rb2NaMoBr6,ok,ok,empty,empty,empty,ok,ok,ok,ok,ok,empty,empty,empty,ok
mp-1110704,Rb2NaCeCl6,ok,ok,empty,empty,empty,ok,ok,ok,ok,ok,empty,empty,empty,ok
mp-1110739,Rb2NaPrBr6,ok,ok,empty,empty,empty,ok,ok,ok,ok,ok,empty,empty,empty,ok
mp-1110740,Rb2NaNdBr6,ok,ok,empty,empty,empty,ok,ok,ok,ok,ok,empty,empty,empty,ok
mp-1110741,Rb2NaMoI6,ok,ok,empty,empty,empty,ok,ok,ok,ok,ok,empty,empty,empty,ok
mp-1110742,Rb2NaCeBr6,ok,ok,empty,empty,empty,ok,ok,ok,ok,ok,empty,empty,empty,ok
mp-1110743,Rb2NaBiBr6,ok,ok,empty,empty,empty,ok,ok,ok,ok,ok,empty,empty,empty,ok
mp-1110767,Rb2NaYI6,ok,ok,empty,empty,empty,ok,ok,ok,ok,ok,empty,empty,empty,ok
mp-1110768,Rb2NaSbI6,ok,ok,empty,empty,empty,ok,ok,ok,ok,ok,empty,empty,empty,ok
mp-1110769,Rb2NaPrI6,ok,ok,empty,empty,empty,ok,ok,ok,ok,ok,empty,empty,empty,ok
mp-1110770,Rb2NaNdI6,ok,ok,empty,empty,empty,ok,ok,ok,ok,ok,empty,empty,empty,ok
mp-1110772,Rb2NaBiI6,ok,ok,empty,empty,empty,ok,ok,ok,ok,ok,empty,empty,empty,ok
mp-1110792,Na3InCl6,ok,ok,empty,empty,empty,ok,ok,ok,ok,ok,empty,empty,empty,ok
mp-1110797,Na3ScBr6,ok,ok,empty,empty,empty,ok,ok,ok,ok,ok,empty,empty,empty,ok
mp-1110798,Na3GaBr6,ok,ok,empty,empty,empty,ok,ok,ok,ok,ok,empty,empty,empty,ok
mp-1110799,Na3AsBr6,ok,ok,empty,empty,empty,ok,ok,ok,ok,ok,empty,empty,empty,ok
mp-1110812,Na3ScI6,ok,ok,empty,empty,empty,ok,ok,ok,ok,ok,empty,empty,empty,ok
mp-1110813,Na3SbI6,ok,ok,empty,empty,empty,ok,ok,ok,ok,ok,empty,empty,empty,ok
mp-1110826,K2NaYI6,ok,ok,empty,empty,empty,ok,ok,ok,ok,ok,empty,empty,empty,ok
mp-1110829,K2NaSbF6,ok,ok,empty,empty,empty,ok,ok,ok,ok,ok,empty,empty,empty,ok
mp-1110830,K2NaPrF6,ok,ok,empty,empty,empty,ok,ok,ok,ok,ok,empty,empty,empty,ok
mp-1110831,K2NaNdF6,ok,ok,empty,empty,empty,ok,ok,ok,ok,ok,empty,empty,empty,ok
mp-1110833,K2NaBiF6,ok,ok,empty,empty,empty,ok,ok,ok,ok,ok,empty,empty,empty,ok
mp-1110860,K2NaYCl6,ok,ok,empty,empty,empty,ok,ok,ok,ok,ok,empty,empty,empty,ok
mp-1110861,K2NaMoCl6,ok,ok,empty,empty,empty,ok,ok,ok,ok,ok,empty,empty,empty,ok
mp-1110862,K2NaInCl6,ok,ok,empty,empty,empty,ok,ok,ok,ok,ok,empty,empty,empty,ok
mp-1110888,K2NaYBr6,ok,ok,empty,empty,empty,ok,ok,ok,ok,ok,empty,empty,empty,ok
mp-1110890,K2NaSbCl6,ok,ok,empty,empty,empty,ok,ok,ok,ok,ok,empty,empty,empty,ok
mp-1110891,K2NaSbBr6,ok,ok,empty,empty,empty,ok,ok,ok,ok,ok,empty,empty,empty,ok
mp-1110892,K2NaPrCl6,ok,ok,empty,empty,empty,ok,ok,ok,ok,ok,empty,empty,empty,ok
mp-1110893,K2NaNdCl6,ok,ok,empty,empty,empty,ok,ok,ok,ok,ok,empty,empty,empty,ok
mp-1110894,K2NaMoBr6,ok,ok,empty,empty,empty,ok,ok,ok,ok,ok,empty,empty,empty,ok
mp-1110896,K2NaBiCl6,ok,ok,empty,empty,empty,ok,ok,ok,ok,ok,empty,empty,empty,ok
mp-1110897,K2NaBiBr6,ok,ok,empty,empty,empty,ok,ok,ok,ok,ok,empty,empty,empty,ok
mp-1110904,Na2LiInF6,ok,ok,empty,empty,empty,ok,ok,ok,ok,ok,empty,empty,empty,ok
mp-1110905,Na2LiBiF6,ok,ok,empty,empty,empty,ok,ok,ok,ok,ok,empty,empty,empty,ok
mp-1110932,K2NaPrBr6,ok,ok,empty,empty,empty,ok,ok,ok,ok,ok,empty,empty,empty,ok
mp-1110933,K2NaNdBr6,ok,ok,empty,empty,empty,ok,ok,ok,ok,ok,empty,empty,empty,ok
mp-1110934,K2NaMoI6,ok,ok,empty,empty,empty,ok,ok,ok,ok,ok,empty,empty,empty,ok
mp-1110961,K2NaSbI6,ok,ok,empty,empty,empty,ok,ok,ok,ok,ok,empty,empty,empty,ok
mp-1110962,K2NaPrI6,ok,ok,empty,empty,empty,ok,ok,ok,ok,ok,empty,empty,empty,ok
mp-1110963,K2NaNdI6,ok,ok,empty,empty,empty,ok,ok,ok,ok,ok,empty,empty,empty,ok
mp-1110965,K2NaBiI6,ok,ok,empty,empty,empty,ok,ok,ok,ok,ok,empty,empty,empty,ok
mp-1110968,Cs2NaMoF6,ok,ok,empty,empty,empty,ok,ok,ok,ok,ok,empty,empty,empty,ok
mp-1110979,Cs2NaSbF6,ok,ok,empty,empty,empty,ok,ok,ok,ok,ok,empty,empty,empty,ok
mp-1110980,Cs2NaPrF6,ok,ok,empty,empty,empty,ok,ok,ok,ok,ok,empty,empty,empty,ok
mp-1110981,Cs2NaNdF6,ok,ok,empty,empty,empty,ok,ok,ok,ok,ok,empty,empty,empty,ok
mp-1110994,Na2LuCuCl6,ok,ok,empty,empty,empty,ok,ok,ok,ok,ok,empty,empty,empty,ok
mp-1110995,Na2LaCuCl6,ok,ok,empty,empty,empty,ok,ok,ok,ok,ok,empty,empty,empty,ok
mp-1110998,Na2LiAsF6,ok,ok,empty,empty,empty,ok,ok,ok,ok,ok,empty,empty,empty,ok
mp-1111000,Na3TlF6,ok,ok,empty,empty,empty,ok,ok,ok,ok,ok,empty,empty,empty,ok
mp-1111005,KNa2ScF6,ok,ok,empty,empty,empty,ok,ok,ok,ok,ok,empty,empty,empty,ok
mp-1111007,KNa2RhF6,ok,ok,empty,empty,empty,ok,ok,ok,ok,ok,empty,empty,empty,ok
mp-1111010,KNa2MoF6,ok,ok,empty,empty,empty,ok,ok,ok,ok,ok,empty,empty,empty,ok
mp-1111012,KNa2IrF6,ok,ok,empty,empty,empty,ok,ok,ok,ok,ok,empty,empty,empty,ok
mp-1111013,KNa2GaF6,ok,ok,empty,empty,empty,ok,ok,ok,ok,ok,empty,empty,empty,ok
mp-1111014,KNa2FeF6,ok,ok,empty,empty,empty,ok,ok,ok,ok,ok,empty,empty,empty,ok
mp-1111015,KNa2CrF6,ok,ok,empty,empty,empty,ok,ok,ok,ok,ok,empty,empty,empty,ok
mp-1111017,KNa2CoF6,ok,ok,empty,empty,empty,ok,ok,ok,ok,ok,empty,empty,empty,ok
mp-1111018,KNa2AsF6,ok,ok,empty,empty,empty,ok,ok,ok,ok,ok,empty,empty,empty,ok
mp-1111019,KNa2AlF6,ok,ok,empty,empty,empty,ok,ok,ok,ok,ok,empty,empty,empty,ok
mp-1111022,Na2InGaF6,ok,ok,empty,empty,empty,ok,ok,ok,ok,ok,empty,empty,empty,ok
mp-1111042,Na2TmCuCl6,ok,ok,empty,empty,empty,ok,ok,ok,ok,ok,empty,empty,empty,ok
mp-1111056,Na2LiAlF6,ok,ok,empty,empty,empty,ok,ok,ok,ok,ok,empty,empty,empty,ok
mp-1111075,Na2InAsF6,ok,ok,empty,empty,empty,ok,ok,ok,ok,ok,empty,empty,empty,ok
mp-1111084,Na2ScAuF6,ok,ok,empty,empty,empty,ok,ok,ok,ok,ok,empty,empty,empty,ok
mp-1111086,Na2CrAuF6,ok,ok,empty,empty,empty,ok,ok,ok,ok,ok,empty,empty,empty,ok
mp-1111090,Na2AlInF6,ok,ok,empty,empty,empty,ok,ok,ok,ok,ok,empty,empty,empty,ok
mp-1111092,Na2YAgF6,ok,ok,empty,empty,empty,ok,ok,ok,ok,ok,empty,empty,empty,ok
mp-1111093,Na2AgAsF6,ok,ok,empty,empty,empty,ok,ok,ok,ok,ok,empty,empty,empty,ok
mp-1111094,Na2CrAgF6,ok,ok,empty,empty,empty,ok,ok,ok,ok,ok,empty,empty,empty,ok
mp-1111095,NaLi2RhF6,ok,ok,empty,empty,empty,ok,ok,ok,ok,ok,empty,empty,empty,ok
mp-1111098,NaLi2MoF6,ok,ok,empty,empty,empty,ok,ok,ok,ok,ok,empty,empty,empty,ok
mp-1111105,K2NaCoF6,ok,ok,empty,empty,empty,ok,ok,ok,ok,ok,empty,empty,empty,ok
mp-1111106,K2NaGaF6,ok,ok,empty,empty,empty,ok,ok,ok,ok,ok,empty,empty,empty,ok
mp-1111108,K2NaAsF6,ok,ok,empty,empty,empty,ok,ok,ok,ok,ok,empty,empty,empty,ok
mp-1111121,Na2GaAgCl6,ok,ok,empty,empty,empty,ok,ok,ok,ok,ok,empty,empty,empty,ok
mp-1111127,K2NaGaCl6,ok,ok,empty,empty,empty,ok,ok,ok,ok,ok,empty,empty,empty,ok
mp-1111132,Na2DyCuCl6,ok,ok,empty,empty,empty,ok,ok,ok,ok,ok,empty,empty,empty,ok
mp-1111139,K2NaLaCl6,ok,ok,empty,empty,empty,ok,ok,ok,ok,ok,empty,empty,empty,ok
mp-1111162,Na2NiHgF6,ok,ok,empty,empty,empty,ok,ok,ok,ok,ok,empty,empty,empty,ok
mp-1111192,Na2AgAsBr6,ok,ok,empty,empty,empty,ok,ok,ok,ok,ok,empty,empty,empty,ok
mp-1111223,K2NaSmCl6,ok,ok,empty,empty,empty,ok,ok,ok,ok,ok,empty,empty,empty,ok
mp-1111234,K2NaGdCl6,ok,ok,empty,empty,empty,ok,ok,ok,ok,ok,empty,empty,empty,ok
mp-1111240,K2NaAsBr6,ok,ok,empty,empty,empty,ok,ok,ok,ok,ok,empty,empty,empty,ok
mp-1111316,Na2ScAgF6,ok,ok,empty,empty,empty,ok,ok,ok,ok,ok,empty,empty,empty,ok
mp-1111317,Na2AgSbF6,ok,ok,empty,empty,empty,ok,ok,ok,ok,ok,empty,empty,empty,ok
mp-1111320,Na2AgRhF6,ok,ok,empty,empty,empty,ok,ok,ok,ok,ok,empty,empty,empty,ok
mp-1111323,Na2AgMoF6,ok,ok,empty,empty,empty,ok,ok,ok,ok,ok,empty,empty,empty,ok
mp-1111325,Na2AgIrF6,ok,ok,empty,empty,empty,ok,ok,ok,ok,ok,empty,empty,empty,ok
mp-1111326,Na2InAgF6,ok,ok,empty,empty,empty,ok,ok,ok,ok,ok,empty,empty,empty,ok
mp-1111329,Na2GaAgF6,ok,ok,empty,empty,empty,ok,ok,ok,ok,ok,empty,empty,empty,ok
mp-1111331,Na2FeAgF6,ok,ok,empty,empty,empty,ok,ok,ok,ok,ok,empty,empty,empty,ok
mp-1111334,Na2CoAgF6,ok,ok,empty,empty,empty,ok,ok,ok,ok,ok,empty,empty,empty,ok
mp-1111337,Na2AlAgF6,ok,ok,empty,empty,empty,ok,ok,ok,ok,ok,empty,empty,empty,ok
mp-1111346,NaLi2IrF6,ok,ok,empty,empty,empty,ok,ok,ok,ok,ok,empty,empty,empty,ok
mp-1111348,NaLi2FeF6,ok,ok,empty,empty,empty,ok,ok,ok,ok,ok,empty,empty,empty,ok
mp-1111349,NaLi2CrF6,ok,ok,empty,empty,empty,ok,ok,ok,ok,ok,empty,empty,empty,ok
mp-1111350,NaLi2AsF6,ok,ok,empty,empty,empty,ok,ok,ok,ok,ok,empty,empty,empty,ok
mp-1111404,Na2TlAsF6,ok,ok,empty,empty,empty,ok,ok,ok,ok,ok,empty,empty,empty,ok
mp-1111406,RbNa2AsF6,ok,ok,empty,empty,empty,ok,ok,ok,ok,ok,empty,empty,empty,ok
mp-1111407,KNa2SbF6,ok,ok,empty,empty,empty,ok,ok,ok,ok,ok,empty,empty,empty,ok
mp-1111410,Na2TiHgF6,ok,ok,empty,empty,empty,ok,ok,ok,ok,ok,empty,empty,empty,ok
mp-1111433,Cs2NaScCl6,ok,ok,empty,ok,empty,ok,ok,ok,ok,ok,empty,empty,empty,ok
mp-1111434,Cs2NaMoCl6,ok,ok,empty,empty,empty,ok,ok,ok,ok,ok,empty,empty,empty,ok
mp-1111444,Na3ScCl6,ok,ok,empty,empty,empty,ok,ok,ok,ok,ok,empty,empty,empty,ok
mp-1111445,Na3GaCl6,ok,ok,empty,empty,empty,ok,ok,ok,ok,ok,empty,empty,empty,ok
mp-1111448,Na3AsCl6,ok,ok,empty,empty,empty,ok,ok,ok,ok,ok,empty,empty,empty,ok
mp-1111450,Na3AlCl6,ok,ok,empty,empty,empty,ok,ok,ok,ok,ok,empty,empty,empty,ok
mp-1111473,Na2LiYCl6,ok,ok,empty,empty,empty,ok,ok,ok,ok,ok,empty,empty,empty,ok
mp-1111474,Na2LiTlCl6,ok,ok,empty,empty,empty,ok,ok,ok,ok,ok,empty,empty,empty,ok
mp-1111475,Na2LiScCl6,ok,ok,empty,empty,empty,ok,ok,ok,ok,ok,empty,empty,empty,ok
mp-1111476,Na2LiSbCl6,ok,ok,empty,empty,empty,ok,ok,ok,ok,ok,empty,empty,empty,ok
mp-1111477,Na2LiInCl6,ok,ok,empty,empty,empty,ok,ok,ok,ok,ok,empty,empty,empty,ok
mp-1111485,Na2TbCuCl6,ok,ok,empty,empty,empty,ok,ok,ok,ok,ok,empty,empty,empty,ok
mp-1111487,Na3YCl6,ok,ok,empty,empty,empty,ok,ok,ok,ok,ok,empty,empty,empty,ok
mp-1111488,Na2SmCuCl6,ok,ok,empty,empty,empty,ok,ok,ok,ok,ok,empty,empty,empty,ok
mp-1111504,Na3TmCl6,ok,ok,empty,empty,empty,ok,ok,ok,ok,ok,empty,empty,empty,ok
mp-1111508,Na2ErCuCl6,ok,ok,empty,empty,empty,ok,ok,ok,ok,ok,empty,empty,empty,ok
mp-1111510,Na2CuBiCl6,ok,ok,empty,empty,empty,ok,ok,ok,ok,ok,empty,empty,empty,ok
mp-1111514,Na2YCuCl6,ok,ok,empty,empty,empty,ok,ok,ok,ok,ok,empty,empty,empty,ok
mp-1111523,Na2TmAgCl6,ok,ok,empty,empty,empty,ok,ok,ok,ok,ok,empty,empty,empty,ok
mp-1111525,Na2ScAgCl6,ok,ok,empty,empty,empty,ok,ok,ok,ok,ok,empty,empty,empty,ok
mp-1111531,Na2LuAgCl6,ok,ok,empty,empty,empty,ok,ok,ok,ok,ok,empty,empty,empty,ok
mp-1111532,Na2ScCuCl6,ok,ok,empty,empty,empty,ok,ok,ok,ok,ok,empty,empty,empty,ok
mp-1111534,Na2InAgCl6,ok,ok,empty,empty,empty,ok,ok,ok,ok,ok,empty,empty,empty,ok
mp-1111538,Na2AgSbCl6,ok,ok,empty,empty,empty,ok,ok,ok,ok,ok,empty,empty,empty,ok
mp-1111543,Na2AgAsCl6,ok,ok,empty,empty,empty,ok,ok,ok,ok,ok,empty,empty,empty,ok
mp-1111545,Na2AlAgCl6,ok,ok,empty,empty,empty,ok,ok,ok,ok,ok,empty,empty,empty,ok
mp-1111549,Na2TaAuF6,ok,ok,empty,empty,empty,ok,ok,ok,ok,ok,empty,empty,empty,ok
mp-1111550,NaLi2CoF6,ok,ok,empty,empty,empty,ok,ok,ok,ok,ok,empty,empty,empty,ok
mp-1111586,Na2AlAgBr6,ok,ok,empty,empty,empty,ok,ok,ok,ok,ok,empty,empty,empty,ok
mp-1111607,Na3SbCl6,ok,ok,empty,empty,empty,ok,ok,ok,ok,ok,empty,empty,empty,ok
mp-1111615,K2NaTmCl6,ok,ok,empty,empty,empty,ok,ok,ok,ok,ok,empty,empty,empty,ok
mp-1111616,K2NaTlCl6,ok,ok,empty,empty,empty,ok,ok,ok,ok,ok,empty,empty,empty,ok
mp-1111618,K2NaScI6,ok,ok,empty,empty,empty,ok,ok,ok,ok,ok,empty,empty,empty,ok
mp-1111621,K2NaScCl6,ok,ok,empty,empty,empty,ok,ok,ok,ok,ok,empty,empty,empty,ok
mp-1111622,K2NaTbCl6,ok,ok,empty,empty,empty,ok,ok,ok,ok,ok,empty,empty,empty,ok
mp-1111639,K2NaLuCl6,ok,ok,empty,empty,empty,ok,ok,ok,ok,ok,empty,empty,empty,ok
mp-1111640,K2NaInBr6,ok,ok,empty,empty,empty,ok,ok,ok,ok,ok,empty,empty,empty,ok
mp-1111641,K2NaGaBr6,ok,ok,empty,empty,empty,ok,ok,ok,ok,ok,empty,empty,empty,ok
mp-1111642,Na3SbF6,ok,ok,empty,empty,empty,ok,ok,ok,ok,ok,empty,empty,empty,ok
mp-1111647,K2NaErCl6,ok,ok,empty,empty,empty,ok,ok,ok,ok,ok,empty,empty,empty,ok
mp-1111648,K2NaDyCl6,ok,ok,empty,empty,empty,ok,ok,ok,ok,ok,empty,empty,empty,ok
mp-1111649,K2NaScBr6,ok,ok,empty,empty,empty,ok,ok,ok,ok,ok,empty,empty,empty,ok
mp-1111651,K2NaAsCl6,ok,ok,empty,empty,empty,ok,ok,ok,ok,ok,empty,empty,empty,ok
mp-1111652,K2NaAlCl6,ok,ok,empty,empty,empty,ok,ok,ok,ok,ok,empty,empty,empty,ok
mp-1111659,Na2LiBiCl6,ok,ok,empty,empty,empty,ok,ok,ok,ok,ok,empty,empty,empty,ok
mp-1111697,Na3YBr6,ok,ok,empty,empty,empty,ok,ok,ok,ok,ok,empty,empty,empty,ok
mp-1111700,Na3TlBr6,ok,ok,empty,empty,empty,ok,ok,ok,ok,ok,empty,empty,empty,ok
mp-1111701,Na3SbBr6,ok,ok,empty,empty,empty,ok,ok,ok,ok,ok,empty,empty,empty,ok
mp-1111704,Na3InBr6,ok,ok,empty,empty,empty,ok,ok,ok,ok,ok,empty,empty,empty,ok
mp-1111737,Na2LiYBr6,ok,ok,empty,empty,empty,ok,ok,ok,ok,ok,empty,empty,empty,ok
mp-1111739,Na2LiBiBr6,ok,ok,empty,empty,empty,ok,ok,ok,ok,ok,empty,empty,empty,ok
mp-1111744,Na2YCuBr6,ok,ok,empty,empty,empty,ok,ok,ok,ok,ok,empty,empty,empty,ok
mp-1111773,Na3YI6,ok,ok,empty,empty,empty,ok,ok,ok,ok,ok,empty,empty,empty,ok
mp-1111803,Na2LiBiI6,ok,ok,empty,empty,empty,ok,ok,ok,ok,ok,empty,empty,empty,ok
mp-1111820,Cs2NaPrCl6,ok,ok,empty,empty,empty,ok,ok,ok,ok,ok,empty,empty,empty,ok
mp-1111821,Cs2NaNdCl6,ok,ok,empty,empty,empty,ok,ok,ok,ok,ok,empty,empty,empty,ok
mp-1111822,Cs2NaMoBr6,ok,ok,empty,empty,empty,ok,ok,ok,ok,ok,empty,empty,empty,ok
mp-1111824,Cs2NaLuCl6,ok,ok,empty,empty,empty,ok,ok,ok,ok,ok,empty,empty,empty,ok
mp-1111884,K2NaIrF6,ok,ok,empty,empty,empty,ok,ok,ok,ok,ok,empty,empty,empty,ok
mp-1111889,Na3PrCl6,ok,ok,empty,empty,empty,ok,ok,ok,ok,ok,empty,empty,empty,ok
mp-1111891,Na3LuCl6,ok,ok,empty,empty,empty,ok,ok,ok,ok,ok,empty,empty,empty,ok
mp-1111894,Na3GdCl6,ok,ok,empty,empty,empty,ok,ok,ok,ok,ok,empty,empty,empty,ok
mp-1111895,Na3DyCl6,ok,ok,empty,empty,empty,ok,ok,ok,ok,ok,empty,empty,empty,ok
mp-1111896,Na3ErCl6,ok,ok,empty,empty,empty,ok,ok,ok,ok,ok,empty,empty,empty,ok
mp-1111915,K2NaTlBr6,ok,ok,empty,empty,empty,ok,ok,ok,ok,ok,empty,empty,empty,ok
mp-1111945,Na3AlF6,ok,ok,empty,empty,empty,ok,ok,ok,ok,ok,empty,empty,empty,ok
mp-1111979,Cs2NaRhF6,ok,ok,empty,ok,empty,ok,ok,ok,ok,ok,empty,empty,empty,ok
mp-1112014,Cs2NaIrF6,ok,ok,empty,empty,empty,ok,ok,ok,ok,ok,empty,empty,empty,ok
mp-1112137,Cs2NaYI6,ok,ok,empty,empty,empty,ok,ok,ok,ok,ok,empty,empty,empty,ok
mp-1112138,Cs2NaTlBr6,ok,ok,empty,empty,empty,ok,ok,ok,ok,ok,empty,empty,empty,ok
mp-1112140,Cs2NaSbI6,ok,ok,empty,empty,empty,ok,ok,ok,ok,ok,empty,empty,empty,ok
mp-1112141,Cs2NaScI6,ok,ok,empty,empty,empty,ok,ok,ok,ok,ok,empty,empty,empty,ok
mp-1112142,Cs2NaSbBr6,ok,ok,empty,empty,empty,ok,ok,ok,ok,ok,empty,empty,empty,ok
mp-1112144,Cs2NaPrI6,ok,ok,empty,empty,empty,ok,ok,ok,ok,ok,empty,empty,empty,ok
mp-1112145,Cs2NaNdBr6,ok,ok,empty,empty,empty,ok,ok,ok,ok,ok,empty,empty,empty,ok
mp-1112146,Cs2NaPrBr6,ok,ok,empty,empty,empty,ok,ok,ok,ok,ok,empty,empty,empty,ok
mp-1112148,Cs2NaMoI6,ok,ok,empty,empty,empty,ok,ok,ok,ok,ok,empty,empty,empty,ok
mp-1112527,Cs2NaTlCl6,ok,ok,empty,empty,empty,ok,ok,ok,ok,ok,empty,empty,empty,ok
mp-1112534,Cs2NaScBr6,ok,ok,empty,empty,empty,ok,ok,ok,ok,ok,empty,empty,empty,ok
mp-1112567,Cs2NaTmCl6,ok,ok,empty,empty,empty,ok,ok,ok,ok,ok,empty,empty,empty,ok
mp-1112569,Cs2NaAlF6,ok,ok,empty,empty,empty,ok,ok,ok,ok,ok,empty,empty,empty,ok
mp-1112570,Cs2NaGaF6,ok,ok,empty,empty,empty,ok,ok,ok,ok,ok,empty,empty,empty,ok
mp-1112596,Cs2NaAsF6,ok,ok,empty,ok,empty,ok,ok,ok,ok,ok,empty,empty,empty,ok
mp-1112656,Cs2NaCeI6,ok,ok,empty,empty,empty,ok,ok,ok,ok,ok,empty,empty,empty,ok
mp-1112657,Cs2NaGdCl6,ok,ok,empty,empty,empty,ok,ok,ok,ok,ok,empty,empty,empty,ok
mp-1112659,Cs2NaBiI6,ok,ok,empty,empty,empty,ok,ok,ok,ok,ok,empty,empty,empty,ok
mp-1112661,Cs2NaBiBr6,ok,ok,empty,empty,empty,ok,ok,ok,ok,ok,empty,empty,empty,ok
mp-1112988,Cs2NaGaCl6,ok,ok,empty,empty,empty,ok,ok,ok,ok,ok,empty,empty,empty,ok
mp-1112997,Cs2NaAlCl6,ok,ok,empty,empty,empty,ok,ok,ok,ok,ok,empty,empty,empty,ok
mp-1113284,Na2LiTmCl6,ok,ok,empty,empty,empty,ok,ok,ok,ok,ok,empty,empty,empty,ok
mp-1113313,Na3TbCl6,ok,ok,empty,empty,empty,ok,ok,ok,ok,ok,empty,empty,empty,ok
mp-1113316,Na2LiLuCl6,ok,ok,empty,empty,empty,ok,ok,ok,ok,ok,empty,empty,empty,ok
mp-1113318,Na2LiTbCl6,ok,ok,empty,empty,empty,ok,ok,ok,ok,ok,empty,empty,empty,ok
mp-1113374,Na2NdCuCl6,ok,ok,empty,empty,empty,ok,ok,ok,ok,ok,empty,empty,empty,ok
mp-1113375,Na2PrCuCl6,ok,ok,empty,empty,empty,ok,ok,ok,ok,ok,empty,empty,empty,ok
mp-1113433,Na3ScF6,ok,ok,empty,empty,empty,ok,ok,ok,ok,ok,empty,empty,empty,ok
mp-1113503,Na3NdCl6,ok,ok,empty,empty,empty,ok,ok,ok,ok,ok,empty,empty,empty,ok
mp-1113506,Na3SmCl6,ok,ok,empty,empty,empty,ok,ok,ok,ok,ok,empty,empty,empty,ok
mp-1113669,Rb2NaScF6,ok,ok,empty,ok,empty,ok,ok,ok,ok,ok,empty,empty,empty,ok
mp-1113675,Rb2NaIrF6,ok,ok,empty,ok,empty,ok,ok,ok,ok,ok,empty,empty,empty,ok
mp-1113739,Na2LiNdCl6,ok,ok,empty,empty,empty,ok,ok,ok,ok,ok,empty,empty,empty,ok
mp-1113740,Na2LiPrCl6,ok,ok,empty,empty,empty,ok,ok,ok,ok,ok,empty,empty,empty,ok
mp-1113741,Na2LiSmCl6,ok,ok,empty,empty,empty,ok,ok,ok,ok,ok,empty,empty,empty,ok
mp-1113839,Na2LiDyCl6,ok,ok,empty,empty,empty,ok,ok,ok,ok,ok,empty,empty,empty,ok
mp-1113840,Na2LiLaCl6,ok,ok,empty,empty,empty,ok,ok,ok,ok,ok,empty,empty,empty,ok
mp-1113900,Na2LiScF6,ok,ok,empty,empty,empty,ok,ok,ok,ok,ok,empty,empty,empty,ok
mp-1113919,Na2LiGdCl6,ok,ok,empty,empty,empty,ok,ok,ok,ok,ok,empty,empty,empty,ok
mp-1113921,Na2LiErCl6,ok,ok,empty,empty,empty,ok,ok,ok,ok,ok,empty,empty,empty,ok
mp-1113926,Rb2NaGaCl6,ok,ok,empty,empty,empty,ok,ok,ok,ok,ok,empty,empty,empty,ok
mp-1113929,Rb2NaAlCl6,ok,ok,empty,empty,empty,ok,ok,ok,ok,ok,empty,empty,empty,ok
mp-1113963,Rb2NaScCl6,ok,ok,empty,empty,empty,ok,ok,ok,ok,ok,empty,empty,empty,ok
mp-1113967,Rb2NaAsCl6,ok,ok,empty,empty,empty,ok,ok,ok,ok,ok,empty,empty,empty,ok
mp-1114011,Rb2NaTlBr6,ok,ok,empty,empty,empty,ok,ok,ok,ok,ok,empty,empty,empty,ok
mp-1114014,Rb2NaSmCl6,ok,ok,empty,empty,empty,ok,ok,ok,ok,ok,empty,empty,empty,ok
mp-1114015,Rb2NaTbCl6,ok,ok,empty,empty,empty,ok,ok,ok,ok,ok,empty,empty,empty,ok
mp-1114016,Rb2NaScBr6,ok,ok,empty,empty,empty,ok,ok,ok,ok,ok,empty,empty,empty,ok
mp-1114017,Rb2NaInBr6,ok,ok,empty,empty,empty,ok,ok,ok,ok,ok,empty,empty,empty,ok
mp-1114018,Rb2NaLaCl6,ok,ok,empty,empty,empty,ok,ok,ok,ok,ok,empty,empty,empty,ok
mp-1114019,Rb2NaGdCl6,ok,ok,empty,empty,empty,ok,ok,ok,ok,ok,empty,empty,empty,ok
mp-1114023,Rb2NaDyCl6,ok,ok,empty,empty,empty,ok,ok,ok,ok,ok,empty,empty,empty,ok
mp-1114024,Rb2NaErCl6,ok,ok,empty,empty,empty,ok,ok,ok,ok,ok,empty,empty,empty,ok
mp-1114025,Rb2NaAsBr6,ok,ok,empty,empty,empty,ok,ok,ok,ok,ok,empty,empty,empty,ok
mp-1114119,Rb2NaScI6,ok,ok,empty,empty,empty,ok,ok,ok,ok,ok,empty,empty,empty,ok
mp-1114234,Na2LiRhF6,ok,ok,empty,empty,empty,ok,ok,ok,ok,ok,empty,empty,empty,ok
mp-1114239,Na2LiIrF6,ok,ok,empty,empty,empty,ok,ok,ok,ok,ok,empty,empty,empty,ok
mp-1114241,Na2LiCrF6,ok,ok,empty,empty,empty,ok,ok,ok,ok,ok,empty,empty,empty,ok
mp-1114251,Na3YF6,ok,ok,empty,empty,empty,ok,ok,ok,ok,ok,empty,empty,empty,ok
mp-1114259,Na3RhF6,ok,ok,empty,empty,empty,ok,ok,ok,ok,ok,empty,empty,empty,ok
mp-11147,Na5CuSO2,ok,ok,ok,ok,empty,ok,ok,ok,ok,ok,ok,empty,empty,ok
mp-11151,NaPrTe2,ok,ok,empty,empty,empty,ok,ok,ok,ok,ok,empty,empty,empty,ok
mp-11165,Na2MgPO4F,ok,ok,empty,empty,empty,ok,ok,ok,ok,ok,empty,empty,empty,ok
mp-11180,NaC,ok,ok,ok,empty,empty,ok,ok,ok,ok,ok,empty,empty,empty,ok
mp-1119338,Na2O,ok,ok,empty,empty,empty,ok,ok,ok,ok,ok,empty,empty,empty,ok
mp-1120731,NaVF6,ok,ok,empty,empty,empty,ok,ok,ok,ok,ok,empty,empty,empty,ok
mp-1120756,NaVF3,ok,ok,empty,ok,empty,ok,ok,ok,ok,ok,empty,empty,empty,ok
mp-1120767,NaCl,ok,ok,empty,empty,empty,ok,ok,ok,ok,ok,empty,empty,empty,ok
mp-1120771,Na2Fe4O7,ok,ok,empty,empty,empty,ok,ok,ok,ok,ok,empty,empty,empty,ok
mp-1120790,Na2VF5,ok,ok,empty,empty,empty,ok,ok,ok,ok,ok,empty,empty,empty,ok
mp-1120795,NaV3F10,ok,ok,empty,empty,empty,ok,ok,ok,ok,ok,empty,empty,empty,ok
mp-1120804,NaV3F7,ok,ok,empty,empty,empty,ok,ok,ok,ok,ok,empty,empty,empty,ok
mp-1121875,NaFe9Si6B3H2O31,ok,ok,empty,empty,empty,ok,ok,ok,ok,ok,empty,empty,empty,ok
mp-1133317,Na3Zr2Si2PO12,ok,ok,empty,empty,empty,ok,ok,ok,ok,ok,empty,empty,empty,ok
mp-1133325,Na5Lu(SiO3)4,ok,ok,empty,empty,empty,ok,ok,ok,ok,ok,empty,empty,empty,ok
mp-1133351,Na3Zr2Si2PO12,ok,ok,empty,empty,empty,ok,ok,ok,ok,ok,empty,empty,empty,ok
mp-11601,NaErO2,ok,ok,empty,empty,empty,ok,ok,ok,ok,ok,empty,empty,empty,ok
mp-1172939,NaMg2H3(SO4)2,ok,ok,empty,empty,empty,ok,ok,ok,ok,ok,empty,empty,empty,ok
mp-1173071,K2NaNb(OF2)2,ok,ok,empty,empty,empty,ok,ok,ok,ok,ok,empty,empty,empty,ok
mp-1173082,Na3Sr4La3Ti10O30,ok,ok,empty,empty,empty,ok,ok,ok,ok,ok,empty,empty,empty,ok
mp-1173092,NaCaGaSi2O7,ok,ok,empty,empty,empty,ok,ok,ok,ok,ok,empty,empty,empty,ok
mp-1173467,RbNaMg5(Si2O5)6,ok,ok,empty,empty,empty,ok,ok,ok,ok,ok,empty,empty,empty,ok
mp-1173505,Rb4NaW2N5O,ok,ok,empty,empty,empty,ok,ok,ok,ok,ok,empty,empty,empty,ok
mp-1173541,NaMn2Mo2H3O10,ok,ok,empty,empty,empty,ok,ok,ok,ok,ok,empty,empty,empty,ok
mp-1173544,NaNi2H3(SO5)2,ok,ok,empty,empty,empty,ok,ok,ok,ok,ok,empty,empty,empty,ok
mp-1173549,NaNi2H3(SO5)2,ok,ok,empty,empty,empty,ok,ok,ok,ok,ok,empty,empty,empty,ok
mp-1173558,NaMn2FeAg(PO4)3,ok,ok,empty,empty,empty,ok,ok,ok,ok,ok,empty,empty,empty,ok
mp-1173559,NaNO2,ok,ok,empty,empty,empty,ok,ok,ok,ok,ok,empty,empty,empty,ok
mp-1173560,NaMg3Si4O11F,ok,ok,empty,empty,empty,ok,ok,ok,ok,ok,empty,empty,empty,ok
mp-1173567,NaLaMgWO6,ok,ok,empty,empty,empty,ok,ok,ok,ok,ok,empty,empty,empty,ok
mp-1173576,NaMgFe(SO4)3,ok,ok,empty,empty,empty,ok,ok,ok,ok,ok,empty,empty,empty,ok
mp-1173581,NaTiPO5,ok,ok,empty,empty,empty,ok,ok,ok,ok,ok,empty,empty,empty,ok
mp-1173582,NaZnFe(PO4)2,ok,ok,empty,empty,empty,ok,ok,ok,ok,ok,empty,empty,empty,ok
mp-1173585,NaNO3,ok,ok,empty,empty,empty,ok,ok,ok,ok,ok,empty,empty,empty,ok
mp-1173592,NaMnFe(PO4)2,ok,ok,empty,empty,empty,ok,ok,ok,ok,ok,empty,empty,empty,ok
mp-1173602,NaMg3Si4HO12,ok,ok,empty,empty,empty,ok,ok,ok,ok,ok,empty,empty,empty,ok
mp-1173608,NaLa5Mg4(WO6)4,ok,ok,empty,empty,empty,ok,ok,ok,ok,ok,empty,empty,empty,ok
mp-1173615,NaMgTi3O7F,ok,ok,empty,empty,empty,ok,ok,ok,ok,ok,empty,empty,empty,ok
mp-1173631,NaMg3Si4O11F,ok,ok,empty,empty,empty,ok,ok,ok,ok,ok,empty,empty,empty,ok
mp-1173649,NaNi2H3(SO5)2,ok,ok,empty,empty,empty,ok,ok,ok,ok,ok,empty,empty,empty,ok
mp-1173651,NaLaNiWO6,ok,ok,empty,empty,empty,ok,ok,ok,ok,ok,empty,empty,empty,ok
mp-1173671,Na3PO4,ok,ok,empty,ok,ok,ok,ok,ok,ok,ok,empty,empty,empty,ok
mp-1173681,Na3GdBr6,ok,ok,empty,empty,empty,ok,ok,ok,ok,ok,empty,empty,empty,ok
mp-1173688,Na2MoO4,ok,ok,empty,empty,empty,ok,ok,ok,empty,ok,empty,empty,empty,ok
mp-1173694,NaCaMgCr(SiO3)4,ok,ok,empty,empty,empty,ok,ok,ok,ok,ok,empty,empty,empty,ok
mp-1173701,Na3TmTi2Nb2O12,ok,ok,empty,empty,empty,ok,ok,ok,ok,ok,empty,empty,empty,ok
mp-1173705,NaCdIn2(PO4)3,ok,ok,empty,empty,empty,ok,ok,ok,ok,ok,empty,empty,empty,ok
mp-1173706,Na3TbTi2Nb2O12,ok,ok,empty,empty,empty,ok,ok,ok,ok,ok,empty,empty,empty,ok
mp-1173711,Na3ErTi2Nb2O12,ok,ok,empty,empty,empty,ok,ok,ok,ok,ok,empty,empty,empty,ok
mp-1173713,Na3PrTi2Nb2O12,ok,ok,empty,empty,empty,ok,ok,ok,ok,ok,empty,empty,empty,ok
mp-1173714,Na4Al3Si3NO14,ok,ok,empty,empty,empty,ok,ok,ok,ok,ok,empty,empty,empty,ok
mp-1173715,NaCo2H3(SO5)2,ok,ok,empty,empty,empty,ok,ok,ok,ok,ok,empty,empty,empty,ok
mp-1173717,Na4Al3Si3CNO13,ok,ok,empty,empty,empty,ok,ok,ok,ok,ok,empty,empty,empty,ok
mp-1173718,Na3NdTi2Nb2O12,ok,ok,empty,empty,empty,ok,ok,ok,ok,ok,empty,empty,empty,ok
mp-1173719,Na2Mn2Fe(PO4)3,ok,ok,empty,empty,empty,ok,ok,ok,ok,ok,empty,empty,empty,ok
mp-1173720,NaHo2F7,ok,ok,empty,empty,empty,ok,ok,ok,ok,ok,empty,empty,empty,ok
mp-1173723,Na3La5Cl18,ok,ok,empty,empty,empty,ok,ok,ok,ok,ok,empty,empty,empty,ok
mp-1173724,Na2Gd4NCl9O,ok,ok,empty,empty,empty,ok,ok,ok,ok,ok,empty,empty,empty,ok
mp-1173728,Na2MnCdFe(PO4)3,ok,ok,empty,empty,empty,ok,ok,ok,ok,ok,empty,empty,empty,ok
mp-1173732,Na3SmTi2Nb2O12,ok,ok,empty,empty,empty,ok,ok,ok,ok,ok,empty,empty,empty,ok
mp-1173733,Na2Al2Si3(HO3)4,ok,ok,empty,empty,empty,ok,ok,ok,ok,ok,empty,empty,empty,ok
mp-1173734,NaCa3Fe4(SiO3)8,ok,ok,empty,empty,empty,ok,ok,ok,ok,ok,empty,empty,empty,ok
mp-1173735,NaCo2H3(SeO5)2,ok,ok,empty,empty,empty,ok,ok,ok,ok,ok,empty,empty,empty,ok
mp-1173736,Na3CaAl3Si3SO16,ok,ok,empty,empty,empty,ok,ok,ok,ok,ok,empty,empty,empty,ok
mp-1173738,Na3Mg4ScSi8(O11F)2,ok,ok,empty,empty,empty,ok,ok,ok,ok,ok,empty,empty,empty,ok
mp-1173745,Na6Ga5Si7H15O32,ok,ok,empty,empty,empty,ok,ok,ok,ok,ok,empty,empty,empty,ok
mp-1173749,Na8Al6Si6O25,ok,ok,empty,empty,empty,ok,ok,ok,ok,ok,empty,empty,empty,ok
mp-1173750,NaCaAlFe(SiO3)4,ok,ok,empty,empty,empty,ok,ok,ok,ok,ok,empty,empty,empty,ok
mp-1173753,Na2Ga2Se3,ok,ok,empty,empty,empty,ok,ok,ok,ok,ok,empty,empty,empty,ok
mp-1173760,Na2Al2Si3(HO3)4,ok,ok,empty,empty,empty,ok,ok,ok,ok,ok,empty,empty,empty,ok
mp-1173761,Na2CeO3,ok,ok,empty,empty,empty,ok,ok,ok,ok,ok,empty,empty,empty,ok
mp-1173762,Na3V2P2O10F,ok,ok,empty,empty,empty,ok,ok,ok,ok,ok,empty,empty,empty,ok
mp-1173765,Na2TiFe(PO4)3,ok,ok,empty,empty,empty,ok,ok,ok,ok,ok,empty,empty,empty,ok
mp-1173770,NaCa2SiO4F,ok,ok,empty,empty,empty,ok,ok,ok,ok,ok,empty,empty,empty,ok
mp-1173772,Na4CaFe4(PO4)6,ok,ok,empty,empty,empty,ok,ok,ok,ok,ok,empty,empty,empty,ok
mp-1173782,Na3GdTi2Nb2O12,ok,ok,empty,empty,empty,ok,ok,ok,ok,ok,empty,empty,empty,ok
mp-1173783,NaCa2GeO4F,ok,ok,empty,empty,empty,ok,ok,ok,ok,ok,empty,empty,empty,ok
mp-1173784,Na9Mg9Al(Si2O7)5,ok,ok,empty,empty,empty,ok,ok,ok,ok,ok,empty,empty,empty,ok
mp-1173790,Na4MgAl2(Si3O8)3,ok,ok,empty,empty,empty,ok,ok,ok,ok,ok,empty,empty,empty,ok
mp-1173791,Na7Mg7Fe5(PO4)12,ok,ok,empty,empty,empty,ok,ok,ok,ok,ok,empty,empty,empty,ok
mp-1173798,Na2Al2Si3(HO3)4,ok,ok,empty,empty,empty,ok,ok,ok,ok,ok,empty,empty,empty,ok
mp-11738,Na3PS3O,ok,ok,ok,ok,ok,ok,ok,ok,ok,ok,empty,empty,empty,ok
mp-1173803,Na3CaFe4(SiO3)8,ok,ok,empty,empty,empty,ok,ok,ok,ok,ok,empty,empty,empty,ok
mp-1173807,NaCaTiFe3O8,ok,ok,empty,empty,empty,ok,ok,ok,ok,ok,empty,empty,empty,ok
mp-1173812,Na3Mg4ScSi8(O11F)2,ok,ok,empty,empty,empty,ok,ok,ok,ok,ok,empty,empty,empty,ok
mp-1173815,NaCaAlSi2O7,ok,ok,empty,empty,empty,ok,ok,ok,ok,ok,empty,empty,empty,ok
mp-1173819,Na3Cd4P6H10(ClO8)3,ok,ok,empty,empty,empty,ok,ok,ok,ok,ok,empty,empty,empty,ok
mp-1173820,Na2MnCdFe(PO4)3,ok,ok,empty,empty,empty,ok,ok,ok,ok,ok,empty,empty,empty,ok
mp-1173821,Na3CaTi3Fe5O16,ok,ok,empty,empty,empty,ok,ok,ok,ok,ok,empty,empty,empty,ok
mp-1173822,Na3Mg4CrSi8(O11F)2,ok,ok,empty,empty,empty,ok,ok,ok,ok,ok,empty,empty,empty,ok
mp-1173823,NaCaAlFe(SiO3)4,ok,ok,empty,empty,empty,ok,ok,ok,ok,ok,empty,empty,empty,ok
mp-1173824,Na5Mn3F14,ok,ok,empty,empty,empty,ok,ok,ok,ok,ok,empty,empty,empty,ok
mp-1173826,Na7As11O31,ok,ok,empty,empty,empty,ok,ok,ok,ok,ok,empty,empty,empty,ok
mp-1173827,NaCdFe(PO4)2,ok,ok,empty,empty,empty,ok,ok,ok,ok,ok,empty,empty,empty,ok
mp-1173828,Na2Al2Si3(HO3)4,ok,ok,empty,empty,empty,ok,ok,ok,ok,ok,empty,empty,empty,ok
mp-1173829,Na2Ga2Si3(HO3)4,ok,ok,empty,empty,empty,ok,ok,ok,ok,ok,empty,empty,empty,ok
mp-1173838,Na2Ca2P2O7F2,ok,ok,empty,empty,empty,ok,ok,ok,ok,ok,empty,empty,empty,ok
mp-1173840,NaCaH6S2NO9,ok,ok,empty,empty,empty,ok,ok,ok,ok,ok,empty,empty,empty,ok
mp-1173841,Na7Zn3Ga(SiO4)4,ok,ok,empty,empty,empty,ok,ok,ok,empty,ok,empty,empty,empty,ok
mp-1173842,NaCaMg3Fe6(PO4)9,ok,ok,empty,empty,empty,ok,ok,ok,ok,ok,empty,empty,empty,ok
mp-1173844,Na7La7Th2Ti18O54,ok,ok,empty,empty,empty,ok,ok,ok,ok,ok,empty,empty,empty,ok
mp-1173846,Na2Ga2Si3(HO3)4,ok,ok,empty,empty,empty,ok,ok,ok,ok,ok,empty,empty,empty,ok
mp-1173847,Na4Al3Si3NO14,ok,ok,empty,empty,empty,ok,ok,ok,ok,ok,empty,empty,empty,ok
mp-1173852,Na2Ca3Ta2Ti3O15,ok,ok,empty,empty,empty,ok,ok,ok,ok,ok,empty,empty,empty,ok
mp-1173855,Na2CeO3,ok,ok,empty,empty,empty,ok,ok,ok,ok,ok,empty,empty,empty,ok
mp-1173857,NaCa4TaTi4O15,ok,ok,empty,empty,empty,ok,ok,ok,ok,ok,empty,empty,empty,ok
mp-1173859,Na9Fe2P4HO18,ok,ok,empty,empty,empty,ok,ok,ok,ok,ok,empty,empty,empty,ok
mp-1173860,Na2Al2Si3(HO3)4,ok,ok,empty,empty,empty,ok,ok,ok,ok,ok,empty,empty,empty,ok
mp-1173861,Na3Mg4InSi8(O11F)2,ok,ok,empty,empty,empty,ok,ok,ok,ok,ok,empty,empty,empty,ok
mp-1173864,Na3La8Ti9Mn3O36,ok,ok,empty,empty,empty,ok,ok,ok,ok,ok,empty,empty,empty,ok
mp-1173865,Na21ZnS10Cl3O40,ok,ok,empty,empty,empty,ok,ok,ok,ok,ok,empty,empty,empty,ok
mp-1173868,Na12Mg5Al2Si29O72,ok,ok,empty,empty,empty,ok,ok,ok,ok,ok,empty,empty,empty,ok
mp-1173871,Na2SO4,ok,ok,empty,empty,empty,ok,ok,ok,ok,ok,empty,empty,empty,ok
mp-1173878,Na3Sr14La3Ti20O60,ok,ok,empty,empty,empty,ok,ok,ok,ok,ok,empty,empty,empty,ok
mp-1176325,Na6Fe3(PO4)4,ok,ok,empty,empty,empty,ok,ok,ok,ok,ok,empty,empty,empty,ok
mp-1176343,Na5LiFe2P2(CO7)2,ok,ok,empty,empty,empty,ok,ok,ok,ok,ok,empty,empty,empty,ok
mp-1176347,Na5Fe2P2(CO7)2,ok,ok,empty,empty,empty,ok,ok,ok,ok,ok,empty,empty,empty,ok
mp-1176348,Na5Fe2P2(CO7)2,ok,ok,empty,empty,empty,ok,ok,ok,ok,ok,empty,empty,empty,ok
mp-1176349,Na3CoO3,ok,ok,empty,empty,empty,ok,ok,ok,ok,ok,empty,empty,empty,ok
mp-1176351,Na3Li3Fe2P2(CO7)2,ok,ok,empty,empty,empty,ok,ok,ok,ok,ok,empty,empty,empty,ok
mp-1176353,Na3CoO3,ok,ok,empty,empty,empty,ok,ok,ok,ok,ok,empty,empty,empty,ok
mp-1176354,Na3Li3Fe2P2(CO7)2,ok,ok,empty,empty,empty,ok,ok,ok,ok,ok,empty,empty,empty,ok
mp-1176362,Na3Li3Fe2P2(CO7)2,ok,ok,empty,empty,empty,ok,ok,ok,ok,ok,empty,empty,empty,ok
mp-1176364,Na3Li3Fe2P2(CO7)2,ok,ok,empty,empty,empty,ok,ok,ok,ok,ok,empty,empty,empty,ok
mp-1176367,Na3Li3Mn2P2(CO7)2,ok,ok,empty,empty,empty,ok,ok,ok,ok,ok,empty,empty,empty,ok
mp-1176372,Na3Mn2P2(CO7)2,ok,ok,empty,empty,empty,ok,ok,ok,ok,ok,empty,empty,empty,ok
mp-1176373,Na2Sb4O11,ok,ok,empty,empty,empty,ok,ok,ok,ok,ok,empty,empty,empty,ok
mp-1176381,Na2LiFePCO7,ok,ok,empty,empty,empty,ok,ok,ok,ok,ok,empty,empty,empty,ok
mp-1176382,Na2LiCuP2O7,ok,ok,empty,empty,empty,ok,ok,ok,ok,ok,empty,empty,empty,ok
mp-1176390,Na2MnPCO7,ok,ok,empty,empty,empty,ok,ok,ok,ok,ok,empty,empty,empty,ok
mp-1176392,Na2LiFePCO7,ok,ok,empty,empty,empty,ok,ok,ok,ok,ok,empty,empty,empty,ok
mp-1176393,Na2LiCu(PO3)4,ok,ok,empty,empty,empty,ok,ok,ok,ok,ok,empty,empty,empty,ok
mp-1176395,Na2MnPCO7,ok,ok,empty,empty,empty,ok,ok,ok,ok,ok,empty,empty,empty,ok
mp-1176399,Na2FePCO7,ok,ok,empty,empty,empty,ok,ok,ok,ok,ok,empty,empty,empty,ok
mp-1176400,Na2LiFePCO7,ok,ok,empty,empty,empty,ok,ok,ok,ok,ok,empty,empty,empty,ok
mp-1176409,Na2MnPCO7,ok,ok,empty,empty,empty,ok,ok,ok,ok,ok,empty,empty,empty,ok
mp-1176411,Na2LiFePCO7,ok,ok,empty,empty,empty,ok,ok,ok,ok,ok,empty,empty,empty,ok
mp-1176418,Na2BiAsCO7,ok,ok,empty,ok,empty,ok,ok,ok,ok,ok,empty,empty,empty,ok
mp-1176442,Na2FePCO7,ok,ok,empty,empty,empty,ok,ok,ok,ok,ok,empty,empty,empty,ok
mp-1176445,Na2FePCO7,ok,ok,empty,empty,empty,ok,ok,ok,ok,ok,empty,empty,empty,ok
mp-1176546,Na2LiMnPCO7,ok,ok,empty,empty,empty,ok,ok,ok,ok,ok,empty,empty,empty,ok
mp-1176585,Na5LiFe2P2(CO7)2,ok,ok,empty,empty,empty,ok,ok,ok,ok,ok,empty,empty,empty,ok
mp-1176603,Na2FePCO7,ok,ok,empty,empty,empty,ok,ok,ok,ok,ok,empty,empty,empty,ok
mp-1176648,Na5Fe2P2(CO7)2,ok,ok,empty,empty,empty,ok,ok,ok,ok,ok,empty,empty,empty,ok
mp-1179886,NaHF2,ok,ok,empty,empty,empty,ok,ok,ok,ok,ok,empty,empty,empty,ok
mp-1179949,NaHO,ok,ok,empty,empty,empty,ok,ok,ok,ok,ok,empty,empty,empty,ok
mp-1179975,NaH2BrO5,ok,ok,empty,empty,empty,ok,ok,ok,ok,ok,empty,empty,empty,ok
mp-1180020,NaMn3CuH24(SO6)4,ok,ok,empty,empty,empty,ok,ok,ok,ok,ok,empty,empty,empty,ok
mp-1180089,NaZrCu3Se4,ok,ok,empty,empty,empty,ok,ok,ok,ok,ok,empty,empty,empty,ok
mp-1180115,Na8Si7O18,ok,ok,empty,empty,empty,ok,ok,ok,ok,ok,empty,empty,empty,ok
mp-1180119,NaTiCu3Se4,ok,ok,empty,ok,ok,ok,ok,ok,ok,ok,empty,empty,empty,ok
mp-1180130,NaZrP2O9,ok,ok,empty,empty,empty,ok,ok,ok,ok,ok,empty,empty,empty,ok
mp-1180133,NaCaH6Ir,ok,ok,empty,ok,ok,ok,ok,ok,ok,ok,ok,empty,empty,ok
mp-1180149,NaV2O5,ok,ok,empty,empty,empty,ok,ok,ok,ok,ok,empty,empty,empty,ok
mp-1180153,NaV3(SO7)2,ok,ok,empty,empty,empty,ok,ok,ok,ok,ok,empty,empty,empty,ok
mp-1180167,NaBH4,ok,ok,empty,empty,empty,ok,ok,ok,ok,ok,empty,empty,empty,ok
mp-1180168,NaBrO2,ok,ok,empty,empty,empty,ok,ok,ok,ok,ok,empty,empty,empty,ok
mp-1180278,NaClO3,ok,ok,empty,empty,empty,ok,ok,ok,ok,ok,empty,empty,empty,ok
mp-1180336,Na2CoH4(SeO5)2,ok,ok,empty,empty,empty,ok,ok,ok,ok,ok,empty,empty,empty,ok
mp-1180369,Na3Si2PO8,ok,ok,empty,empty,empty,ok,ok,ok,ok,ok,empty,empty,empty,ok
mp-1180408,Na3Gd(PO4)2,ok,ok,empty,empty,empty,ok,ok,ok,ok,ok,empty,empty,empty,ok
mp-1180434,Na2H18SO9,ok,ok,empty,empty,empty,ok,ok,ok,ok,ok,empty,empty,empty,ok
mp-1180560,NaY(C2O5)2,ok,ok,empty,empty,empty,ok,ok,ok,ok,ok,empty,empty,empty,ok
mp-1180577,Na3Np(HO3)2,ok,ok,empty,empty,empty,ok,ok,ok,ok,ok,empty,empty,empty,ok
mp-1180586,Na3PH12CO11,ok,ok,empty,empty,empty,ok,ok,ok,ok,ok,empty,empty,empty,ok
mp-1180615,Na4TeH10(SeO8)2,ok,ok,empty,empty,empty,ok,ok,ok,ok,ok,empty,empty,empty,ok
mp-1180690,Na2Mg2NiH6,ok,ok,empty,empty,empty,ok,ok,ok,ok,ok,empty,empty,empty,ok
mp-1180710,Na12B26O45,ok,ok,empty,empty,empty,ok,ok,ok,ok,ok,empty,empty,empty,ok
mp-1180715,Na3AsH16(SO2)4,ok,ok,empty,empty,empty,ok,ok,ok,ok,ok,empty,empty,empty,ok
mp-1180754,Na3Sr4Cr5F26,ok,ok,empty,empty,empty,ok,ok,ok,ok,ok,empty,empty,empty,ok
mp-1180761,NaCNO,ok,ok,empty,empty,empty,ok,ok,ok,ok,ok,empty,empty,empty,ok
mp-1180838,Na2VCoF7,ok,ok,empty,empty,empty,ok,ok,ok,ok,ok,empty,empty,empty,ok
mp-1180853,Na2NiH8(SO6)2,ok,ok,empty,empty,empty,ok,ok,ok,ok,ok,empty,empty,empty,ok
mp-1180855,NaSbO7,ok,ok,empty,empty,empty,ok,ok,ok,ok,ok,empty,empty,empty,ok
mp-1180870,K3NaCr2O8,ok,ok,empty,empty,empty,ok,ok,ok,ok,ok,empty,empty,empty,ok
mp-1180887,NaCdF3,ok,ok,empty,empty,empty,ok,ok,ok,empty,ok,empty,empty,empty,ok
mp-1181101,Na2H5RuN5O12,ok,ok,empty,empty,empty,ok,ok,ok,ok,ok,empty,empty,empty,ok
mp-1181575,K3Na8FeH12S6(NO18)2,ok,ok,empty,empty,empty,ok,ok,ok,ok,ok,empty,empty,empty,ok
mp-1181692,Na2WO6,ok,ok,empty,empty,empty,ok,ok,ok,ok,ok,empty,empty,empty,ok
mp-1182061,BaNaH6Ir,ok,ok,empty,ok,ok,ok,ok,ok,ok,ok,ok,empty,empty,ok
mp-1182298,BaNaSc(BO3)2,ok,ok,empty,empty,empty,ok,ok,ok,ok,ok,empty,empty,empty,ok
mp-1182342,BaNaY(BO3)2,ok,ok,empty,empty,empty,ok,ok,ok,ok,ok,empty,empty,empty,ok
mp-1182445,NaH2SNO3,ok,ok,empty,empty,empty,ok,ok,ok,ok,ok,empty,empty,empty,ok
mp-1182625,K3NaMo5Se2O23,ok,ok,empty,empty,empty,ok,ok,ok,ok,ok,empty,empty,empty,ok
mp-1182757,Na2Mo(H2O3)2,ok,ok,empty,empty,empty,ok,ok,ok,ok,ok,empty,empty,empty,ok
mp-1182759,Na4TeMo6H40(NO20)2,ok,ok,empty,empty,empty,ok,ok,ok,ok,ok,empty,empty,empty,ok
mp-1186029,Na2Zr2O5,ok,ok,empty,empty,empty,ok,ok,ok,ok,ok,empty,empty,empty,ok
mp-1186075,Na3SO4F,ok,ok,empty,empty,empty,ok,ok,ok,ok,ok,empty,empty,empty,ok
mp-1188528,NaNbO3,ok,ok,empty,empty,empty,ok,ok,ok,ok,ok,empty,empty,empty,ok
mp-1188623,NaPb2IO6,ok,ok,empty,empty,empty,ok,ok,ok,ok,ok,empty,empty,empty,ok
mp-1188818,NaAu(IO3)4,ok,ok,empty,empty,empty,ok,ok,ok,ok,ok,empty,empty,empty,ok
mp-1188958,Na2TeO5,ok,ok,empty,empty,empty,ok,ok,ok,ok,ok,empty,empty,empty,ok
mp-1189018,Na5Hf2F13,ok,ok,empty,ok,empty,ok,ok,ok,ok,ok,empty,empty,empty,ok
mp-1189134,KNaW(OF2)2,ok,ok,empty,empty,empty,ok,ok,ok,ok,ok,empty,empty,empty,ok
mp-1189143,NaNdFeWO6,ok,ok,empty,empty,empty,ok,ok,ok,ok,ok,empty,empty,empty,ok
mp-1189154,NaZnSO4F,ok,ok,empty,empty,empty,ok,ok,ok,ok,ok,empty,empty,empty,ok
mp-1189194,NaNbO3,ok,ok,empty,empty,empty,ok,ok,ok,ok,ok,empty,empty,empty,ok
mp-1189227,NaAl(PS3)2,ok,ok,empty,ok,ok,ok,ok,ok,ok,ok,empty,empty,empty,ok
mp-1189265,NaCl3,ok,ok,empty,empty,empty,ok,ok,ok,ok,ok,empty,empty,empty,ok
mp-1189407,NaCa2IO6,ok,ok,empty,empty,empty,ok,ok,ok,ok,ok,empty,empty,empty,ok
mp-1189460,NaAlH8(NF3)2,ok,ok,empty,empty,empty,ok,ok,ok,ok,ok,empty,empty,empty,ok
mp-1189516,Na3ScCl6,ok,ok,empty,empty,empty,ok,ok,ok,ok,ok,empty,empty,empty,ok
mp-1189520,NaPS3,ok,ok,empty,empty,empty,ok,ok,ok,ok,ok,empty,empty,empty,ok
mp-1189541,NaBrO3,ok,ok,empty,empty,empty,ok,ok,ok,ok,ok,empty,empty,empty,ok
mp-1189564,NaNb(CuS2)2,ok,ok,empty,empty,empty,ok,ok,ok,ok,ok,empty,empty,empty,ok
mp-1189708,Na3Ag3W2(OF)6,ok,ok,empty,empty,empty,ok,ok,ok,ok,ok,empty,empty,empty,ok
mp-1189723,NaSi,ok,ok,empty,empty,empty,ok,ok,ok,ok,ok,empty,empty,empty,ok
mp-1189817,CsNaC2,ok,ok,empty,empty,empty,ok,ok,ok,ok,ok,empty,empty,empty,ok
mp-1189952,Na2NiH4(SeO5)2,ok,ok,empty,empty,empty,ok,ok,ok,ok,ok,empty,empty,empty,ok
mp-1190015,NaNbO3,ok,ok,empty,empty,empty,ok,ok,ok,ok,ok,empty,empty,empty,ok
mp-1190024,Ba3NaSbO6,ok,ok,empty,ok,empty,ok,ok,ok,ok,ok,empty,empty,empty,ok
mp-1190138,Na2In2SiS6,ok,ok,empty,empty,empty,ok,ok,ok,ok,ok,empty,empty,empty,ok
mp-1190141,Na2TeS3,ok,ok,empty,ok,empty,ok,ok,ok,ok,ok,empty,empty,empty,ok
mp-1190145,Na2In2GeS6,ok,ok,empty,empty,empty,ok,ok,ok,ok,ok,empty,empty,empty,ok
mp-1190146,Na2Cd(GeS3)2,ok,ok,empty,empty,empty,ok,ok,ok,ok,ok,empty,empty,empty,ok
mp-1190311,NaH2(SO2)2,ok,ok,empty,empty,empty,ok,ok,ok,ok,ok,empty,empty,empty,ok
mp-1190329,Na2U2O7,ok,ok,empty,empty,empty,ok,ok,ok,ok,ok,empty,empty,empty,ok
mp-1190348,NaB3H8,ok,ok,empty,empty,empty,ok,ok,ok,ok,ok,empty,empty,empty,ok
mp-1190366,NaSm3GeS7,ok,ok,empty,empty,empty,ok,ok,ok,ok,ok,empty,empty,empty,ok
mp-1190388,Na2Ga2GeS6,ok,ok,empty,empty,empty,ok,ok,ok,ok,ok,empty,empty,empty,ok
mp-1190399,Na2Zn(GeS3)2,ok,ok,empty,empty,empty,ok,ok,ok,ok,ok,empty,empty,empty,ok
mp-1190423,Na2Se2O7,ok,ok,empty,empty,empty,ok,ok,ok,ok,ok,empty,empty,empty,ok
mp-1190429,Na2In2GeSe6,ok,ok,empty,empty,empty,ok,ok,ok,ok,ok,empty,empty,empty,ok
mp-1190448,Na2SO5,ok,ok,empty,empty,empty,ok,ok,ok,ok,ok,empty,empty,empty,ok
mp-1190450,NaNbSe2O7,ok,ok,empty,ok,ok,ok,ok,ok,ok,ok,empty,empty,empty,ok
mp-1190476,Na2Zn(GeSe3)2,ok,ok,empty,empty,empty,ok,ok,ok,ok,ok,empty,empty,empty,ok
mp-1190479,Na2Ni3P2(HO5)2,ok,ok,empty,empty,empty,ok,ok,ok,ok,ok,empty,empty,empty,ok
mp-1190487,Na2Zn(SnS3)2,ok,ok,empty,ok,ok,ok,ok,ok,ok,ok,empty,empty,empty,ok
mp-1190500,Na2TeSe3,ok,ok,empty,empty,empty,ok,ok,ok,ok,ok,empty,empty,empty,ok
mp-1190512,Na2UTeO7,ok,ok,empty,empty,empty,ok,ok,ok,ok,ok,empty,empty,empty,ok
mp-1190540,NaNd3GeS7,ok,ok,empty,empty,empty,ok,ok,ok,ok,ok,empty,empty,empty,ok
mp-1190548,Na2U2O7,ok,ok,empty,empty,empty,ok,ok,ok,ok,ok,empty,empty,empty,ok
mp-1190551,Na2FeSO4F3,ok,ok,empty,empty,empty,ok,ok,ok,ok,ok,empty,empty,empty,ok
mp-1190586,NaBH4,ok,ok,empty,empty,empty,ok,ok,ok,ok,ok,empty,empty,empty,ok
mp-1190761,NaGaCl4,ok,ok,empty,empty,empty,ok,ok,ok,ok,ok,empty,empty,empty,ok
mp-1190797,NaGd3GeS7,ok,ok,empty,empty,empty,ok,ok,ok,ok,ok,empty,empty,empty,ok
mp-1190848,NaH4C2I(NO)2,ok,ok,empty,empty,empty,ok,ok,ok,ok,ok,empty,empty,empty,ok
mp-1190869,NaBH4,ok,ok,empty,empty,empty,ok,ok,ok,ok,ok,empty,empty,empty,ok
mp-1190931,NaFe(MoO4)2,ok,ok,empty,empty,empty,ok,ok,ok,ok,ok,empty,empty,empty,ok
mp-1191034,NaCdSbS3,ok,ok,empty,empty,empty,ok,ok,ok,ok,ok,empty,empty,empty,ok
mp-1191084,Na2MnPHO3F4,ok,ok,empty,empty,empty,ok,ok,ok,ok,ok,empty,empty,empty,ok
mp-1191289,Na2UI4O15,ok,ok,empty,empty,empty,ok,ok,ok,ok,ok,empty,empty,empty,ok
mp-1191513,Na3Sc(BO3)2,ok,ok,empty,empty,empty,ok,ok,ok,ok,ok,empty,empty,empty,ok
mp-1191547,NaH5CO4,ok,ok,empty,empty,empty,ok,ok,ok,ok,ok,empty,empty,empty,ok
mp-1191673,Na2BSO4F3,ok,ok,empty,empty,empty,ok,ok,ok,ok,ok,empty,empty,empty,ok
mp-1191678,K3NaMnCl6,ok,ok,empty,empty,empty,ok,ok,ok,ok,ok,empty,empty,empty,ok
mp-1191842,Na2VNiF7,ok,ok,empty,empty,empty,ok,ok,ok,ok,ok,empty,empty,empty,ok
mp-1191931,Na3CaMg3AlF14,ok,ok,empty,ok,empty,ok,ok,ok,ok,ok,empty,empty,empty,ok
mp-1191970,NaB3H8,ok,ok,empty,empty,empty,ok,ok,ok,ok,ok,empty,empty,empty,ok
mp-1192032,NaSr3Be3B3O9F4,ok,ok,empty,empty,empty,ok,ok,ok,ok,ok,empty,empty,empty,ok
mp-1192167,NaH4ClO6,ok,ok,empty,empty,empty,ok,ok,ok,ok,ok,empty,empty,empty,ok
mp-1192203,NaCdAsS3,ok,ok,empty,empty,empty,ok,ok,ok,ok,ok,empty,empty,empty,ok
mp-1192213,NaHCO3,ok,ok,empty,empty,empty,ok,ok,ok,ok,ok,empty,empty,empty,ok
mp-1192338,Na5Sm4Si4O16F,ok,ok,empty,empty,empty,ok,ok,ok,ok,ok,empty,empty,empty,ok
mp-1192370,Na5Pr4Si4O16F,ok,ok,empty,empty,empty,ok,ok,ok,ok,ok,empty,empty,empty,ok
mp-1192379,Na2PtF6,ok,ok,empty,empty,empty,ok,ok,ok,ok,ok,empty,empty,empty,ok
mp-1192390,Na5Gd4Si4O16F,ok,ok,empty,empty,empty,ok,ok,ok,ok,ok,empty,empty,empty,ok
mp-1192403,Na5Ho4Si4O16F,ok,ok,empty,empty,empty,ok,ok,ok,ok,ok,empty,empty,empty,ok
mp-1192433,Na5Pr4Ge4O16F,ok,ok,empty,empty,empty,ok,ok,ok,ok,ok,empty,empty,empty,ok
mp-1192492,Na5Tb4Si4O16F,ok,ok,empty,empty,empty,ok,ok,ok,ok,ok,empty,empty,empty,ok
mp-1192521,Na5Nd4Si4O16F,ok,ok,empty,empty,empty,ok,ok,ok,ok,ok,empty,empty,empty,ok
mp-1192524,Na2Th(AsO4)2,ok,ok,empty,empty,empty,ok,ok,ok,ok,ok,empty,empty,empty,ok
mp-1192543,Na5Dy4Si4O16F,ok,ok,empty,empty,empty,ok,ok,ok,ok,ok,empty,empty,empty,ok
mp-1192544,Na5Nd4Ge4O16F,ok,ok,empty,empty,empty,ok,ok,ok,ok,ok,empty,empty,empty,ok
mp-1192572,Na5Tm4Si4O16F,ok,ok,empty,empty,empty,ok,ok,ok,ok,ok,empty,empty,empty,ok
mp-1192584,Na5Er4Si4O16F,ok,ok,empty,empty,empty,ok,ok,ok,ok,ok,empty,empty,empty,ok
mp-1192640,Na2Nb4Se4O19,ok,ok,empty,empty,empty,ok,ok,ok,ok,ok,empty,empty,empty,ok
mp-1192726,NaLiSi2H4O7,ok,ok,empty,empty,empty,ok,ok,ok,ok,ok,empty,empty,empty,ok
mp-1192772,NaCdPO4,ok,ok,empty,empty,empty,ok,ok,ok,ok,ok,empty,empty,empty,ok
mp-1192874,NaAgS2O3,ok,ok,empty,empty,empty,ok,ok,ok,ok,ok,empty,empty,empty,ok
mp-1192905,KNaTe(HO)6,ok,ok,empty,empty,empty,ok,ok,ok,ok,ok,empty,empty,empty,ok
mp-1193007,NaVH2I2O9,ok,ok,empty,empty,empty,ok,ok,ok,ok,ok,empty,empty,empty,ok
mp-1193109,NaCaAsO4,ok,ok,empty,empty,empty,ok,ok,ok,ok,ok,empty,empty,empty,ok
mp-1193174,Na2P3HO9,ok,ok,empty,empty,empty,ok,ok,ok,ok,ok,empty,empty,empty,ok
mp-1193226,Na3VP2O9,ok,ok,empty,empty,empty,ok,ok,ok,ok,ok,empty,empty,empty,ok
mp-1193256,NaC2NO3,ok,ok,empty,empty,empty,ok,ok,ok,ok,ok,empty,empty,empty,ok
mp-1193265,Na3SbSe3,ok,ok,empty,ok,ok,ok,ok,ok,ok,ok,empty,empty,empty,ok
mp-1193468,NaMnVO4,ok,ok,empty,empty,empty,ok,ok,ok,ok,ok,empty,empty,empty,ok
mp-1193488,NaZnAs(H2O3)2,ok,ok,empty,empty,empty,ok,ok,ok,ok,ok,empty,empty,empty,ok
mp-1193526,Na2SnS3O7,ok,ok,empty,empty,empty,ok,ok,ok,ok,ok,empty,empty,empty,ok
mp-1193570,NaH3C4O5,ok,ok,empty,empty,empty,ok,ok,ok,ok,ok,empty,empty,empty,ok
mp-1193615,NaMnP2NO10,ok,ok,empty,empty,empty,ok,ok,ok,ok,ok,empty,empty,empty,ok
mp-1193627,NaCaBe2B2O6F,ok,ok,empty,empty,empty,ok,ok,ok,ok,ok,empty,empty,empty,ok
mp-1193673,Na3SbS3,ok,ok,empty,ok,ok,ok,ok,ok,ok,ok,empty,empty,empty,ok
mp-1193688,NaH8Rh(N2O3)4,ok,ok,empty,empty,empty,ok,ok,ok,ok,ok,empty,empty,empty,ok
mp-1193700,Na3H5(SeO4)4,ok,ok,empty,empty,empty,ok,ok,ok,ok,ok,empty,empty,empty,ok
mp-1193739,NaPH6NO4F,ok,ok,empty,empty,empty,ok,ok,ok,ok,ok,empty,empty,empty,ok
mp-1193789,NaCoH4SO6F,ok,ok,empty,empty,empty,ok,ok,ok,ok,ok,empty,empty,empty,ok
mp-1193859,NaFeH4SO6F,ok,ok,empty,empty,empty,ok,ok,ok,ok,ok,empty,empty,empty,ok
mp-1193942,NaTb(SiO3)2,ok,ok,empty,empty,empty,ok,ok,ok,ok,ok,empty,empty,empty,ok
mp-1194022,CsNa3U4(MoO10)2,ok,ok,empty,empty,empty,ok,ok,ok,ok,ok,empty,empty,empty,ok
mp-1194067,NaNiH4SO6F,ok,ok,empty,empty,empty,ok,ok,ok,ok,ok,empty,empty,empty,ok
mp-1194231,Na2Co2Si8H72C24N4O,ok,ok,empty,empty,empty,ok,ok,ok,ok,ok,empty,empty,empty,ok
mp-1194338,NaBOF2,ok,ok,empty,empty,empty,ok,ok,ok,ok,ok,empty,empty,empty,ok
mp-1194373,Na3In(PO4)2,ok,ok,empty,empty,empty,ok,ok,ok,ok,ok,empty,empty,empty,ok
mp-1194446,Na5AgGe2S7,ok,ok,empty,empty,empty,ok,ok,ok,ok,ok,empty,empty,empty,ok
mp-1194479,Na3Y(CO3)3,ok,ok,empty,empty,empty,ok,ok,ok,ok,ok,empty,empty,empty,ok
mp-1194561,NaSc(SeO3)2,ok,ok,empty,empty,empty,ok,ok,ok,ok,ok,empty,empty,empty,ok
mp-1194580,RbNa2B6ClO10,ok,ok,empty,empty,empty,ok,ok,ok,ok,ok,empty,empty,empty,ok
mp-1194587,Na2Y2B2TeO10,ok,ok,empty,empty,empty,ok,ok,ok,ok,ok,empty,empty,empty,ok
mp-1194593,Na2SrMnV2O8,ok,ok,empty,empty,empty,ok,ok,ok,ok,ok,empty,empty,empty,ok
mp-1194630,NaGdH2S2O9,ok,ok,empty,empty,empty,ok,ok,ok,ok,ok,empty,empty,empty,ok
mp-1194649,RbNa2Mn3P4ClO14,ok,ok,empty,empty,empty,ok,ok,ok,ok,ok,empty,empty,empty,ok
mp-1194653,NaP15,ok,ok,empty,empty,empty,ok,ok,ok,ok,ok,empty,empty,empty,ok
mp-1194692,Na2ZrSi6(HO3)6,ok,ok,empty,empty,empty,ok,ok,ok,ok,ok,empty,empty,empty,ok
mp-1194719,CsNa2Fe3P4ClO14,ok,ok,empty,empty,empty,ok,ok,ok,ok,ok,empty,empty,empty,ok
mp-1194728,Ba3NaGd3(Si3O10)2,ok,ok,empty,empty,empty,ok,ok,ok,ok,ok,empty,empty,empty,ok
mp-1194736,Na5Mn3S4(O4F)4,ok,ok,empty,empty,empty,ok,ok,ok,ok,ok,empty,empty,empty,ok
mp-1194756,Na4LuC3O9F,ok,ok,empty,empty,empty,ok,ok,ok,ok,ok,empty,empty,empty,ok
mp-1194788,NaY(BH4)4,ok,ok,empty,empty,empty,ok,ok,ok,ok,ok,empty,empty,empty,ok
mp-1194796,Na2Dy2B2TeO10,ok,ok,empty,empty,empty,ok,ok,ok,ok,ok,empty,empty,empty,ok
mp-1194797,Na4H6Se2O11,ok,ok,empty,empty,empty,ok,ok,ok,ok,ok,empty,empty,empty,ok
mp-1194807,Na2Ca(CO3)2,ok,ok,empty,empty,empty,ok,ok,ok,ok,ok,empty,empty,empty,ok
mp-1194823,NaNbO3,ok,ok,empty,empty,empty,ok,ok,ok,ok,ok,empty,empty,empty,ok
mp-1194840,NaAsW2O9,ok,ok,empty,empty,empty,ok,ok,ok,ok,ok,empty,empty,empty,ok
mp-1194849,Na3MoO4F,ok,ok,empty,empty,empty,ok,ok,ok,ok,ok,empty,empty,empty,ok
mp-1194852,NaCdP3(H4O5)2,ok,ok,empty,empty,empty,ok,ok,ok,ok,ok,empty,empty,empty,ok
mp-1194870,Na4NiP2O7F2,ok,ok,empty,empty,empty,ok,ok,ok,ok,ok,empty,empty,empty,ok
mp-1194878,NaIn(TeO3)2,ok,ok,empty,empty,empty,ok,ok,ok,ok,ok,empty,empty,empty,ok
mp-1194885,Na3VS2(O4F)2,ok,ok,empty,empty,empty,ok,ok,ok,ok,ok,empty,empty,empty,ok
mp-1194897,Na2LuC2O6F,ok,ok,empty,empty,empty,ok,ok,ok,ok,ok,empty,empty,empty,ok
mp-1194920,Na4AsHO5,ok,ok,empty,empty,empty,ok,ok,ok,ok,ok,empty,empty,empty,ok
mp-1194940,Na2FePO4F,ok,ok,empty,empty,empty,ok,ok,ok,ok,ok,empty,empty,empty,ok
mp-1194954,NaNb2H7O9,ok,ok,empty,empty,empty,ok,ok,ok,ok,ok,empty,empty,empty,ok
mp-1194982,Na3FeS2(O4F)2,ok,ok,empty,empty,empty,ok,ok,ok,ok,ok,empty,empty,empty,ok
mp-1194989,Na2Ho2B2TeO10,ok,ok,empty,empty,empty,ok,ok,ok,ok,ok,empty,empty,empty,ok
mp-1194999,NaCo2As3O10,ok,ok,empty,empty,empty,ok,ok,ok,ok,ok,empty,empty,empty,ok
mp-1195001,Na5Li(Mo3O10)3,ok,ok,empty,empty,empty,ok,ok,ok,ok,ok,empty,empty,empty,ok
mp-1195011,Na2U2O7,ok,ok,empty,empty,empty,ok,ok,ok,ok,ok,empty,empty,empty,ok
mp-1195013,Na2Pd(S4O13)2,ok,ok,empty,empty,empty,ok,ok,ok,ok,ok,empty,empty,empty,ok
mp-1195028,Na2Lu2B2TeO10,ok,ok,empty,empty,empty,ok,ok,ok,ok,ok,empty,empty,empty,ok
mp-1195048,NaCaMn3Si5HO15,ok,ok,empty,empty,empty,ok,ok,ok,ok,ok,empty,empty,empty,ok
mp-1195058,Ba3NaSm3(Si3O10)2,ok,ok,empty,empty,empty,ok,ok,ok,ok,ok,empty,empty,empty,ok
mp-1195067,Na2SrV2CoO8,ok,ok,empty,empty,empty,ok,ok,ok,ok,ok,empty,empty,empty,ok
mp-1195079,NaC2S2N(O2F3)2,ok,ok,empty,empty,empty,ok,ok,ok,ok,ok,empty,empty,empty,ok
mp-1195110,NaFeH22C10(NO6)2,ok,ok,empty,empty,empty,ok,ok,ok,ok,ok,empty,empty,empty,ok
mp-1195125,Na5UH3S4O19,ok,ok,empty,empty,empty,ok,ok,ok,ok,ok,empty,empty,empty,ok
mp-1195146,Na4NiMo6(H19O20)2,ok,ok,empty,empty,empty,ok,ok,ok,ok,ok,empty,empty,empty,ok
mp-1195148,NaMnH3(CO2)3,ok,ok,empty,empty,empty,ok,ok,ok,ok,ok,empty,empty,empty,ok
mp-1195176,Ba4NaGa2B8(ClO6)3,ok,ok,empty,empty,empty,ok,ok,ok,ok,ok,empty,empty,empty,ok
mp-1195185,K2NaAl3F12,ok,ok,empty,empty,empty,ok,ok,ok,ok,ok,empty,empty,empty,ok
mp-1195192,NaTbH2S2O9,ok,ok,empty,empty,empty,ok,ok,ok,ok,ok,empty,empty,empty,ok
mp-1195227,NaY(Te2O5)2,ok,ok,empty,empty,empty,ok,ok,ok,ok,ok,empty,empty,empty,ok
mp-1195277,Na2Mo2Se2O11,ok,ok,empty,empty,empty,ok,ok,ok,ok,ok,empty,empty,empty,ok
mp-1195286,NaDyH2S2O9,ok,ok,empty,empty,empty,ok,ok,ok,ok,ok,empty,empty,empty,ok
mp-1195293,Na2Sb5C2S2N2(OF3)3,ok,ok,empty,empty,empty,ok,ok,ok,ok,ok,empty,empty,empty,ok
mp-1195335,Na2Fe3(PO4)3,ok,ok,empty,empty,empty,ok,ok,ok,ok,ok,empty,empty,empty,ok
mp-1195353,NaZnH2C3O7,ok,ok,empty,empty,empty,ok,ok,ok,ok,ok,empty,empty,empty,ok
mp-1195392,Na5ErH6WO10,ok,ok,empty,empty,empty,ok,ok,ok,ok,ok,empty,empty,empty,ok
mp-1195419,NaMg2HSe2O7,ok,ok,empty,empty,empty,ok,ok,ok,ok,ok,empty,empty,empty,ok
mp-1195423,Ba4NaGa2B8(BrO6)3,ok,ok,empty,empty,empty,ok,ok,ok,ok,ok,empty,empty,empty,ok
mp-1195435,Na2Er2B2TeO10,ok,ok,empty,empty,empty,ok,ok,ok,ok,ok,empty,empty,empty,ok
mp-1195468,NaHo(PO3)4,ok,ok,empty,empty,empty,ok,ok,ok,ok,ok,empty,empty,empty,ok
mp-1195487,Na4Cd3H2(C2O7)2,ok,ok,empty,empty,empty,ok,ok,ok,ok,ok,empty,empty,empty,ok
mp-1195518,Na3Tm(SiO3)3,ok,ok,empty,empty,empty,ok,ok,ok,ok,ok,empty,empty,empty,ok
mp-1195527,Na2FeH4(SO5)2,ok,ok,empty,empty,empty,ok,ok,ok,ok,ok,empty,empty,empty,ok
mp-1195532,Na2Tm2B2TeO10,ok,ok,empty,empty,empty,ok,ok,ok,ok,ok,empty,empty,empty,ok
mp-1195575,KNaV4H4O11,ok,ok,empty,empty,empty,ok,ok,ok,ok,ok,empty,empty,empty,ok
mp-1195590,Na3MnS2(O4F)2,ok,ok,empty,empty,empty,ok,ok,ok,ok,ok,empty,empty,empty,ok
mp-1195615,Na3B6ClO10,ok,ok,empty,empty,empty,ok,ok,ok,ok,ok,empty,empty,empty,ok
mp-1195617,RbNa2B6BrO10,ok,ok,empty,empty,empty,ok,ok,ok,ok,ok,empty,empty,empty,ok
mp-1195634,CsNa2Mn3P4ClO14,ok,ok,empty,empty,empty,ok,ok,ok,ok,ok,empty,empty,empty,ok
mp-1195646,NaVH2(OF2)2,ok,ok,empty,empty,empty,ok,ok,ok,ok,ok,empty,empty,empty,ok
mp-1195647,NaY(BH4)4,ok,ok,empty,empty,empty,ok,ok,ok,ok,ok,empty,empty,empty,ok
mp-1195650,Na2CaH4(CO4)2,ok,ok,empty,empty,empty,ok,ok,ok,ok,ok,empty,empty,empty,ok
mp-1195661,RbNa2Fe3P4ClO14,ok,ok,empty,empty,empty,ok,ok,ok,ok,ok,empty,empty,empty,ok
mp-1195665,NaMg3P3(HO6)2,ok,ok,empty,empty,empty,ok,ok,ok,ok,ok,empty,empty,empty,ok
mp-1195683,Na5LuH4(C2O7)2,ok,ok,empty,empty,empty,ok,ok,ok,ok,ok,empty,empty,empty,ok
mp-1195700,Na3HoSi2O7,ok,ok,empty,empty,empty,ok,ok,ok,ok,ok,empty,empty,empty,ok
mp-1195726,NaLiB2(H5N)2,ok,ok,empty,empty,empty,ok,ok,ok,ok,ok,empty,empty,empty,ok
mp-1195769,NaIn3S5,ok,ok,empty,empty,empty,ok,ok,ok,ok,ok,empty,empty,empty,ok
mp-1195785,NaP7,ok,ok,empty,empty,empty,ok,ok,ok,ok,ok,empty,empty,empty,ok
mp-1195803,NaNbO3,ok,ok,empty,empty,empty,ok,ok,ok,ok,ok,empty,empty,empty,ok
mp-1195859,NaBH34(C3N)4,ok,ok,empty,empty,empty,ok,ok,ok,ok,ok,empty,empty,empty,ok
mp-1195867,NaMgPH18O13,ok,ok,empty,empty,empty,ok,ok,ok,ok,ok,empty,empty,empty,ok
mp-1195898,Na4FeO3,ok,ok,empty,empty,empty,ok,ok,ok,ok,ok,empty,empty,empty,ok
mp-1195917,NaB7H14C2(NO7)2,ok,ok,empty,empty,empty,ok,ok,ok,ok,ok,empty,empty,empty,ok
mp-1195918,NaGa6Sb7(TeCl3)8,ok,ok,empty,empty,empty,ok,ok,ok,ok,ok,empty,empty,empty,empty
mp-1195934,Na2Zn3H4(Se2O7)2,ok,ok,empty,empty,empty,ok,ok,ok,ok,ok,empty,empty,empty,ok
mp-1195950,NaLaP2H4CO7,ok,ok,empty,empty,empty,ok,ok,ok,ok,ok,empty,empty,empty,ok
mp-1196019,NaS2N(O2F)2,ok,ok,empty,empty,empty,ok,ok,ok,ok,ok,empty,empty,empty,ok
mp-1196022,NaZn(BH4)3,ok,ok,empty,empty,empty,ok,ok,ok,ok,ok,empty,empty,empty,ok
mp-1196027,Na2FeH8(SO6)2,ok,ok,empty,empty,empty,ok,ok,ok,ok,ok,empty,empty,empty,ok
mp-1196042,Na2H18Pt(NF)6,ok,ok,empty,empty,empty,ok,ok,ok,ok,ok,empty,empty,empty,ok
mp-1196084,NaB6S4(Br3O4)2,ok,ok,empty,empty,empty,ok,ok,ok,ok,ok,empty,empty,empty,ok
mp-1196131,NaAgH2(SO2)2,ok,ok,empty,empty,empty,ok,ok,ok,empty,ok,empty,empty,empty,ok
mp-1196197,Na2MnH4(SO5)2,ok,ok,empty,empty,empty,ok,ok,ok,ok,ok,empty,empty,empty,ok
mp-1196288,NaH4ClO6,ok,ok,empty,empty,empty,ok,ok,ok,ok,ok,empty,empty,empty,ok
mp-1196381,Na2FeH7(SO6)2,ok,ok,empty,empty,empty,ok,ok,ok,ok,ok,empty,empty,empty,ok
mp-1196425,Na2ZnB6O11,ok,ok,empty,empty,empty,ok,ok,ok,ok,ok,empty,empty,empty,ok
mp-1196505,Na9Fe(MoO4)6,ok,ok,empty,empty,empty,ok,ok,ok,ok,ok,empty,empty,empty,ok
mp-1196529,Na6W6Se2O25,ok,ok,empty,empty,empty,ok,ok,ok,ok,ok,empty,empty,empty,ok
mp-1196557,Na11B21(BrO18)2,ok,ok,empty,empty,empty,ok,ok,ok,ok,ok,empty,empty,empty,ok
mp-1196607,NaIn(IO3)4,ok,ok,empty,empty,empty,ok,ok,ok,ok,ok,empty,empty,empty,ok
mp-1196650,Na2(ReSe2)3,ok,ok,empty,empty,empty,ok,ok,ok,ok,ok,empty,empty,empty,ok
mp-1196696,Na7UH4S4ClO20,ok,ok,empty,empty,empty,ok,ok,ok,ok,ok,empty,empty,empty,ok
mp-1196753,NaMg(PO3)3,ok,ok,empty,empty,empty,ok,ok,ok,ok,ok,empty,empty,empty,ok
mp-1196828,NaLiMgPO4F,ok,ok,empty,empty,empty,ok,ok,ok,ok,ok,empty,empty,empty,ok
mp-1196902,Na3V5H18O23,ok,ok,empty,empty,empty,ok,ok,ok,ok,ok,empty,empty,empty,ok
mp-1197034,NaMnH6C3S3(NO)3,ok,ok,empty,empty,empty,ok,ok,ok,ok,ok,empty,empty,empty,ok
mp-1197042,NaPH6C2(NO)4,ok,ok,empty,empty,empty,ok,ok,ok,ok,ok,empty,empty,empty,ok
mp-1197089,Na2LuPWO8,ok,ok,empty,empty,empty,ok,ok,ok,ok,ok,empty,empty,empty,ok
mp-1197129,Na2PH6(SeO)3,ok,ok,empty,empty,empty,ok,ok,ok,ok,ok,empty,empty,empty,ok
mp-1197210,KNa2P3H7N3O8,ok,ok,empty,empty,empty,ok,ok,ok,ok,ok,empty,empty,empty,ok
mp-1197223,Na4ZnP4H16C2(NO8)2,ok,ok,empty,empty,empty,ok,ok,ok,ok,ok,empty,empty,empty,ok
mp-1197226,KNaAl6Si6(HO6)4,ok,ok,empty,empty,empty,ok,ok,ok,ok,ok,empty,empty,empty,ok
mp-1197316,Na2SrMg(PO4)2,ok,ok,empty,empty,empty,ok,ok,ok,ok,ok,empty,empty,empty,ok
mp-1197419,Rb6NaU3Si4O20F,ok,ok,empty,empty,empty,ok,ok,ok,ok,ok,empty,empty,empty,ok
mp-1197430,Cs2NaAs7,ok,ok,empty,empty,empty,ok,ok,ok,ok,ok,empty,empty,empty,ok
mp-1197527,Na3Th10BeF45,ok,ok,empty,empty,empty,ok,ok,ok,ok,ok,empty,empty,empty,ok
mp-1197566,NaCoPH10CO10,ok,ok,empty,empty,empty,ok,ok,ok,ok,ok,empty,empty,empty,ok
mp-1197581,Na5B(SO4)4,ok,ok,empty,empty,empty,ok,ok,ok,ok,ok,empty,empty,empty,ok
mp-1197608,Na3MgP3(H12O11)2,ok,ok,empty,empty,empty,ok,ok,ok,ok,ok,empty,empty,empty,ok
mp-1197610,Na3Np(H3O4)2,ok,ok,empty,empty,empty,ok,ok,ok,ok,ok,empty,empty,empty,ok
mp-1197622,Na2TlP3H7N3O8,ok,ok,empty,empty,empty,ok,ok,ok,ok,ok,empty,empty,empty,ok
mp-1197635,NaFe2P2H5O11,ok,ok,empty,empty,empty,ok,ok,ok,ok,ok,empty,empty,empty,ok
mp-1197676,NaH6C4SN3O5,ok,ok,empty,empty,empty,ok,ok,ok,ok,ok,empty,empty,empty,ok
mp-1197684,Na5Al(HO)8,ok,ok,empty,empty,empty,ok,ok,ok,ok,ok,empty,empty,empty,ok
mp-1197746,NaSi8H7O20,ok,ok,empty,empty,empty,ok,ok,ok,ok,ok,empty,empty,empty,ok
mp-1197762,Na2Y3Te4(ClO4)3,ok,ok,empty,empty,empty,ok,ok,ok,ok,ok,empty,empty,empty,ok
mp-1197775,Na3P3H5N3O7,ok,ok,empty,empty,empty,ok,ok,ok,ok,ok,empty,empty,empty,ok
mp-1197813,Na2DyPWO8,ok,ok,empty,empty,empty,ok,ok,ok,ok,ok,empty,empty,empty,ok
mp-1197849,Na3B2PO5F4,ok,ok,empty,empty,empty,ok,ok,ok,ok,ok,empty,empty,empty,ok
mp-1197875,Ba4NaAl2B8(BrO6)3,ok,ok,empty,empty,empty,ok,ok,ok,ok,ok,empty,empty,empty,ok
mp-1197957,Na3Al(AsO4)2,ok,ok,empty,empty,empty,ok,ok,ok,ok,ok,empty,empty,empty,ok
mp-1197973,KNaAl6Si6(HO6)4,ok,ok,empty,empty,empty,ok,ok,ok,ok,ok,empty,empty,empty,ok
mp-1197987,Na3B6BrO10,ok,ok,empty,empty,empty,ok,ok,ok,ok,ok,empty,empty,empty,ok
mp-1197995,Na2MgP4(H2O3)6,ok,ok,empty,empty,empty,ok,ok,ok,ok,ok,empty,empty,empty,ok
mp-1198003,NaAu(S2O7)2,ok,ok,empty,empty,empty,ok,ok,ok,ok,ok,empty,empty,empty,ok
mp-1198056,NaAlSiO4,ok,ok,empty,empty,empty,ok,ok,ok,ok,ok,empty,empty,empty,ok
mp-1198063,Na2Ti2Si2O11,ok,ok,empty,empty,empty,ok,ok,ok,ok,ok,empty,empty,empty,ok
mp-1198126,NaUP3O11,ok,ok,empty,empty,empty,ok,ok,ok,ok,ok,empty,empty,empty,ok
mp-1198142,NaNbO3,ok,ok,empty,empty,empty,ok,ok,ok,ok,ok,empty,empty,empty,ok
mp-1198166,Na2MnP2O7,ok,ok,empty,empty,empty,ok,ok,ok,ok,ok,empty,empty,empty,ok
mp-1198167,Na2H14CO10,ok,ok,empty,empty,empty,ok,ok,ok,ok,ok,empty,empty,empty,ok
mp-1198199,Na2V2NiH4(OF)6,ok,ok,empty,empty,empty,ok,ok,ok,ok,ok,empty,empty,empty,ok
mp-1198211,Na2NiMo6H26(NO15)2,ok,ok,empty,empty,empty,ok,ok,ok,ok,ok,empty,empty,empty,ok
mp-1198236,NaV2O5,ok,ok,empty,empty,empty,ok,ok,ok,ok,ok,empty,empty,empty,ok
mp-1198287,NaZn(PO3)3,ok,ok,empty,empty,empty,ok,ok,ok,ok,ok,empty,empty,empty,ok
mp-1198290,NaUH9(SeO6)2,ok,ok,empty,empty,empty,ok,ok,ok,ok,ok,empty,empty,empty,ok
mp-1198312,CsNa3P4(H2O5)3,ok,ok,empty,empty,empty,ok,ok,ok,ok,ok,empty,empty,empty,ok
mp-1198346,Na2BeSi4(H4O7)2,ok,ok,empty,empty,empty,ok,ok,ok,ok,ok,empty,empty,empty,ok
mp-1198378,NaLiFePO4F,ok,ok,empty,empty,empty,ok,ok,ok,ok,ok,empty,empty,empty,ok
mp-1198421,NaMgAlH18(C2O7)3,ok,ok,empty,empty,empty,ok,ok,ok,ok,ok,empty,empty,empty,ok
mp-1198443,Na2Al3P3(HO7)2,ok,ok,empty,empty,empty,ok,ok,ok,ok,ok,empty,empty,empty,ok
mp-1198448,NaAl3Si3(HO6)2,ok,ok,empty,empty,empty,ok,ok,ok,ok,ok,empty,empty,empty,ok
mp-1198456,Na2ZnP4(H4O5)4,ok,ok,empty,empty,empty,ok,ok,ok,ok,ok,empty,empty,empty,ok
mp-1198461,Na5FeP2(O4F)2,ok,ok,empty,empty,empty,ok,ok,ok,ok,ok,empty,empty,empty,ok
mp-1198462,KNaNbOF5,ok,ok,empty,empty,empty,ok,ok,ok,ok,ok,empty,empty,empty,ok
mp-1198473,Na3U2H5(Se2O9)2,ok,ok,empty,empty,empty,ok,ok,ok,ok,ok,empty,empty,empty,ok
mp-1198497,NaH8C2S2NO5,ok,ok,empty,empty,empty,ok,ok,ok,ok,ok,empty,empty,empty,ok
mp-1198514,NaV5H18N2O19,ok,ok,empty,empty,empty,ok,ok,ok,ok,ok,empty,empty,empty,ok
mp-1198616,NaInBP2HO9,ok,ok,empty,empty,empty,ok,ok,ok,ok,ok,empty,empty,empty,ok
mp-1198653,Na2TmPWO8,ok,ok,empty,empty,empty,ok,ok,ok,ok,ok,empty,empty,empty,ok
mp-1198731,NaTb(SiO3)2,ok,ok,empty,empty,empty,ok,ok,ok,ok,ok,empty,empty,empty,ok
mp-1198806,NaMo3H29C8(BrO2)4,ok,ok,empty,empty,empty,ok,ok,ok,ok,ok,empty,empty,empty,ok
mp-1198935,K2Na2Sm4Ta2O13,ok,ok,empty,empty,empty,ok,ok,ok,ok,ok,empty,empty,empty,ok
mp-1199031,Na2Al2Si3H6O13,ok,ok,empty,empty,empty,ok,ok,ok,ok,ok,empty,empty,empty,ok
mp-1199037,NaNbO3,ok,ok,empty,empty,empty,ok,ok,ok,ok,ok,empty,empty,empty,ok
mp-1199057,Ba4NaB10Cl(O9F)2,ok,ok,empty,empty,empty,ok,ok,ok,ok,ok,empty,empty,empty,ok
mp-1199124,NaAl2H18S4N4ClO18,ok,ok,empty,empty,empty,ok,ok,ok,ok,ok,empty,empty,empty,ok
mp-1199268,Na2Cr2H4O9,ok,ok,empty,empty,empty,ok,ok,ok,ok,ok,empty,empty,empty,ok
mp-1199345,NaAlH12(SO7)2,ok,ok,empty,empty,empty,ok,ok,ok,ok,ok,empty,empty,empty,ok
mp-1199404,NaY(C2O5)2,ok,ok,empty,empty,empty,ok,ok,ok,ok,ok,empty,empty,empty,ok
mp-1199438,NaFeP2(O3F)2,ok,ok,empty,empty,empty,ok,ok,ok,ok,ok,empty,empty,empty,ok
mp-1199469,Na3H4Au(SO2)4,ok,ok,empty,empty,empty,ok,ok,ok,ok,ok,empty,empty,empty,ok
mp-1199471,BaNaAlMo6(H13O17)2,ok,ok,empty,empty,empty,ok,ok,ok,ok,ok,empty,empty,empty,ok
mp-1199501,Na12MnCu2H16(SO4)8,ok,ok,empty,empty,empty,ok,ok,ok,ok,ok,empty,empty,empty,ok
mp-1199516,Na9H4S4BrO20,ok,ok,empty,empty,empty,ok,ok,ok,ok,ok,empty,empty,empty,ok
mp-1199541,NaB5PbO9,ok,ok,empty,empty,empty,ok,ok,ok,ok,ok,empty,empty,empty,ok
mp-1199562,Na2TbPWO8,ok,ok,empty,empty,empty,ok,ok,ok,ok,ok,empty,empty,empty,ok
mp-1199593,NaNbO3,ok,ok,empty,empty,empty,ok,ok,ok,ok,ok,empty,empty,empty,ok
mp-1199624,Ba2NaNb5O15,ok,ok,empty,empty,empty,ok,ok,ok,ok,ok,empty,empty,empty,ok
mp-1199631,NaCaAlOF6,ok,ok,empty,empty,empty,ok,ok,ok,ok,ok,empty,empty,empty,ok
mp-1199634,Na2MgH32(SO12)2,ok,ok,empty,empty,empty,ok,ok,ok,ok,ok,empty,empty,empty,ok
mp-1199672,NaGaBP2H3O10,ok,ok,empty,empty,empty,ok,ok,ok,ok,ok,empty,empty,empty,ok
mp-1199680,Na2VFeF7,ok,ok,empty,empty,empty,ok,ok,ok,ok,ok,empty,empty,empty,ok
mp-1199704,NaPrP2H4CO7,ok,ok,empty,empty,empty,ok,ok,ok,ok,ok,empty,empty,empty,ok
mp-1199706,Na4Si4H18O19,ok,ok,empty,empty,empty,ok,ok,ok,ok,ok,empty,empty,empty,ok
mp-1199719,Na3Fe2P2O8F3,ok,ok,empty,empty,empty,ok,ok,ok,ok,ok,empty,empty,empty,ok
mp-1199766,CsNaB10H31N7,ok,ok,empty,empty,empty,ok,ok,ok,ok,ok,empty,empty,empty,ok
mp-1199831,Na9Al2(H9O7)3,ok,ok,empty,empty,empty,ok,ok,ok,ok,ok,empty,empty,empty,ok
mp-1199865,NaLa(GaS2)4,ok,ok,empty,empty,empty,ok,ok,ok,ok,ok,empty,empty,empty,ok
mp-1199908,Cs7NaSi8,ok,ok,empty,empty,empty,ok,ok,ok,ok,ok,empty,empty,empty,ok
mp-1199928,NaH6CN2ClO2,ok,ok,empty,empty,empty,ok,ok,ok,ok,ok,empty,empty,empty,ok
mp-1199991,NaH6CSNO3,ok,ok,empty,empty,empty,ok,ok,ok,ok,ok,empty,empty,empty,ok
mp-1199993,Na3V5(H12O13)2,ok,ok,empty,empty,empty,ok,ok,ok,ok,ok,empty,empty,empty,ok
mp-1199996,NaB7(H9O10)2,ok,ok,empty,empty,empty,ok,ok,ok,ok,ok,empty,empty,empty,ok
mp-1200032,Na6TeMo6(H22O23)2,ok,ok,empty,empty,empty,ok,ok,ok,ok,ok,empty,empty,empty,ok
mp-1200037,K5NaFe2(CO2)12,ok,ok,empty,empty,empty,ok,ok,ok,ok,ok,empty,empty,empty,ok
mp-1200120,Na2Ta2(P2O7)3,ok,ok,empty,empty,empty,ok,ok,ok,ok,ok,empty,empty,empty,ok
mp-1200123,NaSm(PO3)4,ok,ok,empty,empty,empty,ok,ok,ok,ok,ok,empty,empty,empty,ok
mp-1200250,NaLiNiPO4F,ok,ok,empty,empty,empty,ok,ok,ok,ok,ok,empty,empty,empty,ok
mp-1200262,Na4ZnP3H32C3NO22,ok,ok,empty,empty,empty,ok,ok,ok,ok,ok,empty,empty,empty,ok
mp-1200274,Na2SrP2H16(S3O4)2,ok,ok,empty,empty,empty,ok,ok,ok,ok,ok,empty,empty,empty,ok
mp-1200323,Na3NbAs2O9,ok,ok,empty,empty,empty,ok,ok,ok,ok,ok,empty,empty,empty,ok
mp-1200327,NaTh3F13,ok,ok,empty,empty,empty,ok,ok,ok,ok,ok,empty,empty,empty,ok
mp-1200350,NaP3H24(N2O7)2,ok,ok,empty,empty,empty,ok,ok,ok,ok,ok,empty,empty,empty,ok
mp-1200362,Na5P3(H14O11)2,ok,ok,empty,empty,empty,ok,ok,ok,ok,ok,empty,empty,empty,ok
mp-1200387,NaFePH2(CO3)2,ok,ok,empty,empty,empty,ok,ok,ok,ok,ok,empty,empty,empty,ok
mp-1200418,Na4Th(WO4)4,ok,ok,empty,empty,empty,ok,ok,ok,ok,ok,empty,empty,empty,ok
mp-1200505,Na2Ti2Si4O13,ok,ok,empty,empty,empty,ok,ok,ok,ok,ok,empty,empty,empty,ok
mp-1200510,NaAl6Sb7(TeCl3)8,ok,ok,empty,empty,empty,ok,ok,ok,ok,ok,empty,empty,empty,ok
mp-1200522,Na2LaH2C5O11,ok,ok,empty,empty,empty,ok,ok,ok,ok,ok,empty,empty,empty,ok
mp-1200546,KNaH12CO9,ok,ok,empty,empty,empty,ok,ok,ok,ok,ok,empty,empty,empty,ok
mp-1200576,NaSc3P8(H7O12)2,ok,ok,empty,empty,empty,ok,ok,ok,ok,ok,empty,empty,empty,ok
mp-1200709,NaTb(PO3)4,ok,ok,empty,empty,empty,ok,ok,ok,ok,ok,empty,empty,empty,ok
mp-1200779,Na2NiP2(HO3)2,ok,ok,empty,empty,empty,ok,ok,ok,ok,ok,empty,empty,empty,ok
mp-1200782,Na2H16SO12,ok,ok,empty,empty,empty,ok,ok,ok,ok,ok,empty,empty,empty,ok
mp-1200790,Na3NbHO2F7,ok,ok,empty,empty,empty,ok,ok,ok,ok,ok,empty,empty,empty,ok
mp-1200812,Na5CuS4(NO6)2,ok,ok,empty,empty,empty,ok,ok,ok,ok,ok,empty,empty,empty,ok
mp-1200829,NaSbF6,ok,ok,empty,empty,empty,ok,ok,ok,ok,ok,empty,empty,empty,ok
mp-1200852,NaTi2(AsO4)3,ok,ok,empty,empty,empty,ok,ok,ok,ok,ok,empty,empty,empty,ok
mp-1200859,Na2HoPWO8,ok,ok,empty,empty,empty,ok,ok,ok,ok,ok,empty,empty,empty,ok
mp-1200860,NaScP2O7,ok,ok,empty,empty,empty,ok,ok,ok,ok,ok,empty,empty,empty,ok
mp-1200866,Na2TiSi4H4O13,ok,ok,empty,empty,empty,ok,ok,ok,ok,ok,empty,empty,empty,ok
mp-1200873,NaP2H5CO6,ok,ok,empty,empty,empty,ok,ok,ok,ok,ok,empty,empty,empty,ok
mp-1200960,K2Na2Sm4Nb2O13,ok,ok,empty,empty,empty,ok,ok,ok,ok,ok,empty,empty,empty,ok
mp-1201027,Na2CO3,ok,ok,empty,empty,empty,ok,ok,ok,ok,ok,empty,empty,empty,ok
mp-1201033,Na3V5H26O27,ok,ok,empty,empty,empty,ok,ok,ok,ok,ok,empty,empty,empty,ok
mp-1201038,KNaAl6Si6(HO6)4,ok,ok,empty,empty,empty,ok,ok,ok,ok,ok,empty,empty,empty,ok
mp-1201060,NaSrPH18SO12,ok,ok,empty,empty,empty,ok,ok,ok,ok,ok,empty,empty,empty,ok
mp-1201072,Na2FeP2(HO3)2,ok,ok,empty,empty,empty,ok,ok,ok,ok,ok,empty,empty,empty,ok
mp-1201138,Na2Mg(SO6)2,ok,ok,empty,empty,empty,ok,ok,ok,ok,ok,empty,empty,empty,ok
mp-1201159,Na2MnH4(SeO5)2,ok,ok,empty,empty,empty,ok,ok,ok,ok,ok,empty,empty,empty,ok
mp-1201186,NaH15O8,ok,ok,empty,empty,empty,ok,ok,ok,ok,ok,empty,empty,empty,ok
mp-1201258,Na2CaP2H16(S3O4)2,ok,ok,empty,empty,empty,ok,ok,ok,ok,ok,empty,empty,empty,empty
mp-1201259,NaTiAsO5,ok,ok,empty,empty,empty,ok,ok,ok,ok,ok,empty,empty,empty,ok
mp-1201382,Na2H8WO12,ok,ok,empty,empty,empty,ok,ok,ok,ok,ok,empty,empty,empty,ok
mp-1201418,Na2YPWO8,ok,ok,empty,empty,empty,ok,ok,ok,ok,ok,empty,empty,empty,ok
mp-1201482,NaMo2H25(C4O5)2,ok,ok,empty,empty,empty,ok,ok,ok,ok,ok,empty,empty,empty,ok
mp-1201488,Na2CaNi2P4(H5O6)4,ok,ok,empty,empty,empty,ok,ok,ok,ok,ok,empty,empty,empty,ok
mp-1201517,Na2ErPWO8,ok,ok,empty,empty,empty,ok,ok,ok,ok,ok,empty,empty,empty,ok
mp-1201519,K2Na2Nd4Nb2O13,ok,ok,empty,empty,empty,ok,ok,ok,ok,ok,empty,empty,empty,ok
mp-1201525,Na2MoH2O3F4,ok,ok,empty,empty,empty,ok,ok,ok,ok,ok,empty,empty,empty,ok
mp-1201570,Na2Mn(SiO3)2,ok,ok,empty,empty,empty,ok,ok,ok,ok,ok,empty,empty,empty,ok
mp-1201618,Na2HSNO3,ok,ok,empty,empty,empty,ok,ok,ok,ok,ok,empty,empty,empty,ok
mp-1201634,NaS2N(O2F)2,ok,ok,empty,empty,empty,ok,ok,ok,ok,ok,empty,empty,empty,ok
mp-1201672,NaZn2(BH4)5,ok,ok,empty,empty,empty,ok,ok,ok,ok,ok,empty,empty,empty,ok
mp-1201699,Na4Mn2P2O7F6,ok,ok,empty,empty,empty,ok,ok,ok,ok,ok,empty,empty,empty,ok
mp-1201715,NaZnAsO4,ok,ok,empty,empty,empty,ok,ok,ok,ok,ok,empty,empty,empty,ok
mp-1201748,Na2MgH20(SO9)2,ok,ok,empty,empty,empty,ok,ok,ok,ok,ok,empty,empty,empty,ok
mp-1201766,NaCuH28CS6(N2O7)2,ok,ok,empty,empty,empty,ok,ok,ok,ok,ok,empty,empty,empty,ok
mp-1201802,Ba4NaGe3S10Cl,ok,ok,empty,empty,empty,ok,ok,ok,ok,ok,empty,empty,empty,ok
mp-1201841,NaH9Rh2C5O12,ok,ok,empty,empty,empty,ok,ok,ok,ok,ok,empty,empty,empty,ok
mp-1201917,Na9Sc(MoO4)6,ok,ok,empty,empty,empty,ok,ok,ok,ok,ok,empty,empty,empty,ok
mp-1201921,NaSb2H2OF7,ok,ok,empty,empty,empty,ok,ok,ok,ok,ok,empty,empty,empty,ok
mp-1201930,Na3Sr4Cr5F26,ok,ok,empty,empty,empty,ok,ok,ok,ok,ok,empty,empty,empty,ok
mp-1201950,Na3SmMn3(AsO5)3,ok,ok,empty,empty,empty,ok,ok,ok,ok,ok,empty,empty,empty,ok
mp-1201957,Na3FeH10C6O17,ok,ok,empty,empty,empty,ok,ok,ok,ok,ok,empty,empty,empty,ok
mp-1201964,NaB(H4N)2,ok,ok,empty,empty,empty,ok,ok,ok,ok,ok,empty,empty,empty,ok
mp-1202012,Na2Sn(S2O7)3,ok,ok,empty,empty,empty,ok,ok,ok,ok,ok,empty,empty,empty,ok
mp-1202065,NaUVO6,ok,ok,empty,empty,empty,ok,ok,ok,ok,ok,empty,empty,empty,ok
mp-1202144,Na3BiH8O7,ok,ok,empty,empty,empty,ok,ok,ok,ok,ok,empty,empty,empty,ok
mp-1202153,Na2Nb4O11,ok,ok,empty,empty,empty,ok,ok,ok,ok,ok,empty,empty,empty,ok
mp-1202169,NaPr3Ge4O13,ok,ok,empty,empty,empty,ok,ok,ok,ok,ok,empty,empty,empty,ok
mp-1202184,NaTc12Br25,ok,ok,empty,empty,empty,ok,ok,ok,ok,ok,empty,empty,empty,ok
mp-1202202,NaAu(IO3)4,ok,ok,empty,empty,empty,ok,ok,ok,ok,ok,empty,empty,empty,ok
mp-1202219,Na5Fe3F14,ok,ok,empty,empty,empty,ok,ok,ok,ok,ok,empty,empty,empty,ok
mp-1202226,Na3TaS4,ok,ok,empty,empty,empty,ok,ok,ok,ok,ok,empty,empty,empty,ok
mp-1202242,NaMgH2C3O7,ok,ok,empty,empty,empty,ok,ok,ok,ok,ok,empty,empty,empty,ok
mp-1202247,Na2Mg3H10(SO6)3,ok,ok,empty,empty,empty,ok,ok,ok,ok,ok,empty,empty,empty,ok
mp-1202249,Na3Np(H7O6)2,ok,ok,empty,empty,empty,ok,ok,ok,ok,ok,empty,empty,empty,empty
mp-1202375,NaB3SeO7,ok,ok,empty,empty,empty,ok,ok,ok,ok,ok,empty,empty,empty,ok
mp-1202445,NaUN3O11,ok,ok,empty,empty,empty,ok,ok,ok,ok,ok,empty,empty,empty,ok
mp-1202449,NaPO4,ok,ok,empty,empty,empty,ok,ok,ok,ok,ok,empty,empty,empty,ok
mp-1202504,Rb7NaSi8,ok,ok,empty,empty,empty,ok,ok,ok,ok,ok,empty,empty,empty,ok
mp-1202654,NaCrNO6,ok,ok,empty,empty,empty,ok,ok,ok,ok,ok,empty,empty,empty,ok
mp-1202673,Na3V3Cr2O12,ok,ok,empty,empty,empty,ok,ok,ok,ok,ok,empty,empty,empty,ok
mp-1202725,NaZn(BH4)3,ok,ok,empty,empty,empty,ok,ok,ok,ok,ok,empty,empty,empty,ok
mp-1202805,Na4UC3O11,ok,ok,empty,empty,empty,ok,ok,ok,ok,ok,empty,empty,empty,ok
mp-1202861,Na2Mo(H2O3)4,ok,ok,empty,empty,empty,ok,ok,ok,ok,ok,empty,empty,empty,ok
mp-1202863,NaMgP(CO3)2,ok,ok,empty,empty,empty,ok,ok,ok,ok,ok,empty,empty,empty,ok
mp-1202866,Na4Ti4Si3O22,ok,ok,empty,empty,empty,ok,ok,ok,ok,ok,empty,empty,empty,ok
mp-1202879,NaGa(SeO3)2,ok,ok,empty,empty,empty,ok,ok,ok,ok,ok,empty,empty,empty,ok
mp-1202889,NaZnPH2(CO3)2,ok,ok,empty,empty,empty,ok,ok,ok,ok,ok,empty,empty,empty,ok
mp-1202901,Na2YHC2O7,ok,ok,empty,empty,empty,ok,ok,ok,ok,ok,empty,empty,empty,ok
mp-1202931,NaH3CN2O,ok,ok,empty,empty,empty,ok,ok,ok,ok,ok,empty,empty,empty,ok
mp-1202939,Na4NiH38(W3O20)2,ok,ok,empty,empty,empty,ok,ok,ok,ok,ok,empty,empty,empty,ok
mp-1202992,NaH12AuC4(SO3)4,ok,ok,empty,empty,empty,ok,ok,ok,ok,ok,empty,empty,empty,ok
mp-1203023,NaZn2(BH4)5,ok,ok,empty,empty,empty,ok,ok,ok,ok,ok,empty,empty,empty,ok
mp-1203077,Na3CoC2ClO6,ok,ok,empty,empty,empty,ok,ok,ok,ok,ok,empty,empty,empty,ok
mp-1203079,NaLiB2(H5N)2,ok,ok,empty,empty,empty,ok,ok,ok,ok,ok,empty,empty,empty,ok
mp-1203085,Na3Y(SiO3)3,ok,ok,empty,empty,empty,ok,ok,ok,ok,ok,empty,empty,empty,ok
mp-1203101,NaB6H8S3O7,ok,ok,empty,empty,empty,ok,ok,ok,ok,ok,empty,empty,empty,ok
mp-1203147,Na3Gd(PO4)2,ok,ok,empty,empty,empty,ok,ok,ok,ok,ok,empty,empty,empty,ok
mp-1203157,Na2NiPO4F,ok,ok,empty,empty,empty,ok,ok,ok,ok,ok,empty,empty,empty,ok
mp-1203216,Na2CoH12(SO7)2,ok,ok,empty,empty,empty,ok,ok,ok,ok,ok,empty,empty,empty,ok
mp-1203290,NaZn(BH4)3,ok,ok,empty,empty,empty,ok,ok,ok,ok,ok,empty,empty,empty,ok
mp-1203292,Na2Co7H16(CO2)16,ok,ok,empty,empty,empty,ok,ok,ok,ok,ok,empty,empty,empty,ok
mp-1203293,NaNbO3,ok,ok,empty,empty,empty,ok,ok,ok,ok,ok,empty,empty,empty,ok
mp-1203333,Na6Mn2V4O15,ok,ok,empty,empty,empty,ok,ok,ok,ok,ok,empty,empty,empty,ok
mp-1203350,Na2CoH4(CO2)4,ok,ok,empty,empty,empty,ok,ok,ok,ok,ok,empty,empty,empty,ok
mp-1203355,KNaAl6Si6(HO6)4,ok,ok,empty,empty,empty,ok,ok,ok,ok,ok,empty,empty,empty,ok
mp-1203390,NaSmP2H4CO7,ok,ok,empty,empty,empty,ok,ok,ok,ok,ok,empty,empty,empty,ok
mp-1203434,Na2Fe2F7,ok,ok,empty,empty,empty,ok,ok,ok,ok,ok,empty,empty,empty,ok
mp-1203462,NaHoP2O7,ok,ok,empty,empty,empty,ok,ok,ok,ok,ok,empty,empty,empty,ok
mp-1203473,Na2CoP4(H2O3)6,ok,ok,empty,empty,empty,ok,ok,ok,ok,ok,empty,empty,empty,ok
mp-1203476,Na2LiV5H18O23,ok,ok,empty,empty,empty,ok,ok,ok,ok,ok,empty,empty,empty,ok
mp-1203484,NaH4CS2N3O2,ok,ok,empty,empty,empty,ok,ok,ok,ok,ok,empty,empty,empty,ok
mp-1203514,KNaAl2As2O9,ok,ok,empty,empty,empty,ok,ok,ok,ok,ok,empty,empty,empty,ok
mp-1203580,Na4Ga3Ge3B(HO3)4,ok,ok,empty,empty,empty,ok,ok,ok,ok,ok,empty,empty,empty,ok
mp-1203588,Na3B3(HO2)4,ok,ok,empty,empty,empty,ok,ok,ok,ok,ok,empty,empty,empty,ok
mp-1203686,NaZn2(BH4)5,ok,ok,empty,empty,empty,ok,ok,ok,ok,ok,empty,empty,empty,ok
mp-1203724,Na3LaMn3(AsO5)3,ok,ok,empty,empty,empty,ok,ok,ok,ok,ok,empty,empty,empty,ok
mp-1203739,K3NaAl12Si12(HO6)8,ok,ok,empty,empty,empty,ok,ok,ok,ok,ok,empty,empty,empty,ok
mp-1203771,Na2Nb2(P2O7)3,ok,ok,empty,empty,empty,ok,ok,ok,ok,ok,empty,empty,empty,ok
mp-1203800,Na2H4WO6,ok,ok,empty,empty,empty,ok,ok,ok,ok,ok,empty,empty,empty,ok
mp-1203846,NaNb13O33,ok,ok,empty,empty,empty,ok,ok,ok,ok,ok,empty,empty,empty,ok
mp-1203874,NaSnPHO4F,ok,ok,empty,empty,empty,ok,ok,ok,ok,ok,empty,empty,empty,ok
mp-1203906,Cs5Na(W2N5)2,ok,ok,empty,empty,empty,ok,ok,ok,ok,ok,empty,empty,empty,ok
mp-1204006,Na8H10S8O17,ok,ok,empty,empty,empty,ok,ok,ok,ok,ok,empty,empty,empty,ok
mp-1204007,Na5H4BrO4,ok,ok,empty,empty,empty,ok,ok,ok,ok,ok,empty,empty,empty,ok
mp-1204029,Na2MgH10S2O13,ok,ok,empty,empty,empty,ok,ok,ok,ok,ok,empty,empty,empty,ok
mp-1204071,Ba2Na2SrAl4F20,ok,ok,empty,empty,empty,ok,ok,ok,ok,ok,empty,empty,empty,ok
mp-1204074,NaAuS,ok,ok,empty,empty,empty,ok,ok,ok,ok,ok,empty,empty,empty,ok
mp-1204100,Na2Ca2Al6Si9(H8O19)2,ok,ok,empty,empty,empty,ok,ok,ok,ok,ok,empty,empty,empty,ok
mp-1204228,NaLiCoPO4F,ok,ok,empty,empty,empty,ok,ok,ok,ok,ok,empty,empty,empty,ok
mp-1204283,Na5Ga7H12S13O6,ok,ok,empty,empty,empty,ok,ok,ok,ok,ok,empty,empty,empty,ok
mp-1204299,Na2GdMnAs2O9,ok,ok,empty,empty,empty,ok,ok,ok,ok,ok,empty,empty,empty,ok
mp-1204300,Na2Ca2Al6Si9(H8O19)2,ok,ok,empty,empty,empty,ok,ok,ok,ok,ok,empty,empty,empty,ok
mp-1204380,KNa2(NiO2)2,ok,ok,empty,empty,empty,ok,ok,ok,ok,ok,empty,empty,empty,ok
mp-1204395,Na3P2H19O16,ok,ok,empty,empty,empty,ok,ok,ok,ok,ok,empty,empty,empty,ok
mp-1204421,Na4Cr2H6O11,ok,ok,empty,empty,empty,ok,ok,ok,ok,ok,empty,empty,empty,ok
mp-1204493,NaSr3GdP3O12F,ok,ok,empty,empty,empty,ok,ok,ok,ok,ok,empty,empty,empty,ok
mp-1204556,Na2MgB4(H5N)4,ok,ok,empty,empty,empty,ok,ok,ok,ok,ok,empty,empty,empty,ok
mp-1204564,Na4NpH7O9,ok,ok,empty,empty,empty,ok,ok,ok,ok,ok,empty,empty,empty,ok
mp-1204582,Na2V2CoH4(OF)6,ok,ok,empty,empty,empty,ok,ok,ok,ok,ok,empty,empty,empty,ok
mp-1204585,Ba4NaAl2B8(ClO6)3,ok,ok,empty,empty,empty,ok,ok,ok,ok,ok,empty,empty,empty,ok
mp-1204609,Na2Al2Si3O14,ok,ok,empty,empty,empty,ok,ok,ok,ok,ok,empty,empty,empty,ok
mp-1204623,NaZn(PO3)3,ok,ok,empty,empty,empty,ok,ok,ok,ok,ok,empty,empty,empty,ok
mp-1204626,NaU2H5C4O15,ok,ok,empty,empty,empty,ok,ok,ok,ok,ok,empty,empty,empty,ok
mp-1204668,Na2Lu3Te4(IO4)3,ok,ok,empty,empty,empty,ok,ok,ok,ok,ok,empty,empty,empty,ok
mp-1204808,Na2Li2NiP6(H4O5)6,ok,ok,empty,empty,empty,ok,ok,ok,ok,ok,empty,empty,empty,ok
mp-1204847,NaH2SNO3,ok,ok,empty,empty,empty,ok,ok,ok,ok,ok,empty,empty,empty,ok
mp-1204868,NaCaMn2P3(HO6)2,ok,ok,empty,empty,empty,ok,ok,ok,ok,ok,empty,empty,empty,ok
mp-1205067,KNa4FeO4,ok,ok,empty,empty,empty,ok,ok,ok,ok,ok,empty,empty,empty,ok
mp-1205072,KNa3Al12Si12(HO6)8,ok,ok,empty,empty,empty,ok,ok,ok,ok,ok,empty,empty,empty,ok
mp-1205112,CsNa2H3(SO4)3,ok,ok,empty,empty,empty,ok,ok,ok,ok,ok,empty,empty,empty,ok
mp-1205129,Na3LiTi2Si4(HO4)4,ok,ok,empty,empty,empty,ok,ok,ok,ok,ok,empty,empty,empty,ok
mp-1205167,Na3LiY3P3CO15F2,ok,ok,empty,empty,empty,ok,ok,ok,ok,ok,empty,empty,empty,ok
mp-1205264,Na7Mn5P3H6O15F13,ok,ok,empty,empty,empty,ok,ok,ok,ok,ok,empty,empty,empty,ok
mp-1205269,NaB6S4(I3O4)2,ok,ok,empty,empty,empty,ok,ok,ok,ok,ok,empty,empty,empty,ok
mp-1205325,KNa2AlH6,ok,ok,empty,empty,empty,ok,ok,ok,ok,ok,empty,empty,empty,ok
mp-1205341,NaCoSO4F,ok,ok,empty,ok,empty,ok,ok,ok,ok,ok,empty,empty,empty,ok
mp-1205423,NaLiTi3O7,ok,ok,empty,empty,empty,ok,ok,ok,ok,ok,empty,empty,empty,ok
mp-1205426,KNa3Al4(GeO4)4,ok,ok,empty,empty,empty,ok,ok,ok,ok,ok,empty,empty,empty,ok
mp-1205476,Na3VH11IO13,ok,ok,empty,empty,empty,ok,ok,ok,ok,ok,empty,empty,empty,ok
mp-1205541,NaScTl2F6,ok,ok,empty,ok,empty,ok,ok,ok,ok,ok,empty,empty,empty,ok
mp-1205542,Rb2NaTbF6,ok,ok,empty,empty,empty,ok,ok,ok,ok,ok,empty,empty,empty,ok
mp-1205696,Cs2NaCrCl6,ok,ok,empty,empty,empty,ok,ok,ok,ok,ok,empty,empty,empty,ok
mp-1205743,NaSr2IO6,ok,ok,empty,empty,empty,ok,ok,ok,ok,ok,empty,empty,empty,ok
mp-1205754,Na2CeF6,ok,ok,empty,empty,empty,ok,ok,ok,ok,ok,ok,empty,empty,ok
mp-1205802,Rb2NaYbF6,ok,ok,empty,empty,empty,ok,ok,ok,ok,ok,empty,empty,empty,ok
mp-1205831,NaMnIO6,ok,ok,empty,empty,empty,ok,ok,ok,ok,ok,empty,empty,empty,ok
mp-1205868,Cs2NaSmF6,ok,ok,empty,empty,empty,ok,ok,ok,ok,ok,empty,empty,empty,ok
mp-1206059,Rb2NaCrCl6,ok,ok,empty,empty,empty,ok,ok,ok,ok,ok,empty,empty,empty,ok
mp-1206139,Na3SbF6,ok,ok,empty,empty,empty,ok,ok,ok,ok,ok,empty,empty,empty,ok
mp-1206266,K2NaCrCl6,ok,ok,empty,empty,empty,ok,ok,ok,ok,ok,empty,empty,empty,ok
mp-1206388,NaAgC2,ok,ok,empty,empty,empty,ok,ok,ok,ok,ok,empty,empty,empty,ok
mp-1206562,NaTl3F6,ok,ok,empty,empty,empty,ok,ok,ok,ok,ok,empty,empty,empty,ok
mp-1206690,Rb2NaSmF6,ok,ok,empty,empty,empty,ok,ok,ok,ok,ok,empty,empty,empty,ok
mp-1206737,NaSr2ReO6,ok,ok,empty,empty,empty,ok,ok,ok,ok,ok,empty,empty,empty,ok
mp-1206873,Cs2NaTbF6,ok,ok,empty,empty,empty,ok,ok,ok,ok,ok,empty,empty,empty,ok
mp-1209409,RbNaTi2(PO5)2,ok,ok,empty,empty,empty,ok,ok,ok,ok,ok,empty,empty,empty,ok
mp-1209462,Rb3NaRe2O9,ok,ok,empty,empty,empty,ok,ok,ok,ok,ok,empty,empty,empty,ok
mp-1209473,RbNa3Fe7(PO4)6,ok,ok,empty,empty,empty,ok,ok,ok,ok,ok,empty,empty,empty,ok
mp-1209957,NaTlSe2,ok,ok,empty,empty,empty,ok,ok,ok,ok,ok,empty,empty,empty,ok
mp-1209960,NaYCl4,ok,ok,empty,empty,empty,ok,ok,ok,ok,ok,empty,empty,empty,ok
mp-1209961,NaTbCl4,ok,ok,empty,empty,empty,ok,ok,ok,ok,ok,empty,empty,empty,ok
mp-1209968,NaHoCl4,ok,ok,empty,empty,empty,ok,ok,ok,ok,ok,empty,empty,empty,ok
mp-1209980,NaLiBeF4,ok,ok,empty,empty,empty,ok,ok,ok,ok,ok,empty,empty,empty,ok
mp-1209982,NaMoO3F,ok,ok,empty,ok,empty,ok,ok,ok,ok,ok,empty,empty,empty,ok
mp-1209986,NaLiEr2F8,ok,ok,empty,empty,empty,ok,ok,ok,ok,ok,empty,empty,empty,ok
mp-1209998,NaTmCl4,ok,ok,empty,empty,empty,ok,ok,ok,ok,ok,empty,empty,empty,ok
mp-1209999,NaMnFeF6,ok,ok,empty,empty,empty,ok,ok,ok,ok,ok,empty,empty,empty,ok
mp-1210002,NaNbS6,ok,ok,empty,ok,ok,ok,ok,ok,ok,ok,empty,empty,empty,ok
mp-1210003,NaLiHo2F8,ok,ok,empty,empty,empty,ok,ok,ok,ok,ok,empty,empty,empty,ok
mp-1210006,NaLiTm2F8,ok,ok,empty,empty,empty,ok,ok,ok,ok,ok,empty,empty,empty,ok
mp-1210016,NaNdMgWO6,ok,ok,empty,empty,empty,ok,ok,ok,ok,ok,empty,empty,empty,ok
mp-1210021,NaFeAsO4F,ok,ok,empty,ok,empty,ok,ok,ok,ok,ok,empty,empty,empty,ok
mp-1210031,NaSrGaF6,ok,ok,empty,empty,empty,ok,ok,ok,ok,ok,empty,empty,empty,ok
mp-1210039,NaSrVF6,ok,ok,empty,empty,empty,ok,ok,ok,ok,ok,empty,empty,empty,ok
mp-1210040,NaDyCl4,ok,ok,empty,empty,empty,ok,ok,ok,ok,ok,empty,empty,empty,ok
mp-1210052,NaBrF4,ok,ok,empty,empty,empty,ok,ok,ok,ok,ok,empty,empty,empty,ok
mp-1210062,NaNdCoWO6,ok,ok,empty,empty,empty,ok,ok,ok,ok,ok,empty,empty,empty,ok
mp-1210072,NaFe2PbF9,ok,ok,empty,empty,empty,ok,ok,ok,ok,ok,empty,empty,empty,ok
mp-1210079,NaGdCu2F8,ok,ok,empty,empty,empty,ok,ok,ok,ok,ok,empty,empty,empty,ok
mp-1210084,NaRh(SO4)2,ok,ok,empty,empty,empty,ok,ok,ok,ok,ok,empty,empty,empty,ok
mp-1210085,NaCaAsO4,ok,ok,empty,empty,empty,ok,ok,ok,ok,ok,empty,empty,empty,ok
mp-1210086,NaGa(SO4)2,ok,ok,empty,empty,empty,ok,ok,ok,ok,ok,empty,empty,empty,ok
mp-1210088,NaWO2,ok,ok,empty,empty,empty,ok,ok,ok,ok,ok,empty,empty,empty,ok
mp-1210092,NaBi(MoO4)2,ok,ok,empty,ok,ok,ok,ok,ok,ok,ok,empty,empty,empty,ok
mp-1210094,NaAs4IO6,ok,ok,empty,empty,empty,ok,ok,ok,ok,ok,empty,empty,empty,ok
mp-1210101,NaBe2Tl3F8,ok,ok,empty,empty,empty,ok,ok,ok,ok,ok,empty,empty,empty,ok
mp-1210115,NaSrPO4,ok,ok,empty,empty,empty,ok,ok,ok,ok,ok,empty,empty,empty,ok
mp-1210121,NaTh2(PO4)3,ok,ok,empty,empty,empty,ok,ok,ok,ok,ok,empty,empty,empty,ok
mp-1210122,NaMn4(AsO4)3,ok,ok,empty,empty,empty,ok,ok,ok,ok,ok,empty,empty,empty,ok
mp-1210123,NaLaSiO4,ok,ok,empty,empty,empty,ok,ok,ok,ok,ok,empty,empty,empty,ok
mp-1210126,NaSm(CO3)2,ok,ok,empty,empty,empty,ok,ok,ok,ok,ok,empty,empty,empty,ok
mp-1210128,NaCr(PS3)2,ok,ok,empty,ok,ok,ok,ok,ok,ok,ok,empty,empty,empty,ok
mp-1210133,NaGaP2O7,ok,ok,empty,empty,empty,ok,ok,ok,ok,ok,empty,empty,empty,ok
mp-1210138,NaNd(CO3)2,ok,ok,empty,empty,empty,ok,ok,ok,ok,ok,empty,empty,empty,ok
mp-1210140,NaPHO3,ok,ok,empty,empty,empty,ok,ok,ok,ok,ok,empty,empty,empty,ok
mp-1210155,NaAlBr4,ok,ok,empty,empty,empty,ok,ok,ok,ok,ok,empty,empty,empty,ok
mp-1210160,NaH4C3N3O4,ok,ok,empty,empty,empty,ok,ok,ok,ok,ok,empty,empty,empty,ok
mp-1210161,NaSc(WO4)2,ok,ok,empty,empty,empty,ok,ok,ok,ok,ok,empty,empty,empty,ok
mp-1210165,NaGa(WO4)2,ok,ok,empty,empty,empty,ok,ok,ok,ok,ok,empty,empty,empty,ok
mp-1210180,Na5IO6,ok,ok,empty,ok,empty,ok,ok,ok,ok,ok,empty,empty,empty,ok
mp-1210184,Na6MgCl8,ok,ok,empty,ok,empty,ok,ok,ok,ok,ok,empty,empty,empty,ok
mp-1210191,NaAl(SO4)2,ok,ok,empty,empty,empty,ok,ok,ok,ok,ok,empty,empty,empty,ok
mp-1210192,NaFeBr4,ok,ok,empty,empty,empty,ok,ok,ok,ok,ok,empty,empty,empty,ok
mp-1210195,NaCr(SO4)2,ok,ok,empty,empty,empty,ok,ok,ok,ok,ok,empty,empty,empty,ok
mp-1210199,NaCaAlPHO5F2,ok,ok,empty,empty,empty,ok,ok,ok,ok,ok,empty,empty,empty,ok
mp-1210202,NaHgH2Cl3,ok,ok,empty,empty,empty,ok,ok,ok,ok,ok,empty,empty,empty,ok
mp-1210210,NaPHO3,ok,ok,empty,empty,empty,ok,ok,ok,ok,ok,empty,empty,empty,ok
mp-1210212,Na3WO4,ok,ok,empty,empty,empty,ok,ok,ok,ok,ok,empty,empty,empty,ok
mp-1210219,NaCr(PS3)2,ok,ok,empty,empty,empty,ok,ok,ok,ok,ok,empty,empty,empty,ok
mp-1210225,Na5AgGe2Se7,ok,ok,empty,empty,empty,ok,ok,ok,ok,ok,empty,empty,empty,ok
mp-1210232,NaMo3(PO7)2,ok,ok,empty,empty,empty,ok,ok,ok,ok,ok,empty,empty,empty,ok
mp-1210238,Na3Pr(AsO4)2,ok,ok,empty,empty,empty,ok,ok,ok,ok,ok,empty,empty,empty,ok
mp-1210245,NaAlCr2(HO4)2,ok,ok,empty,empty,empty,ok,ok,ok,ok,ok,empty,empty,empty,ok
mp-1210252,Na4SrU3O12,ok,ok,empty,empty,empty,ok,ok,ok,ok,ok,empty,empty,empty,ok
mp-1210255,Na3Nd9B8O27,ok,ok,empty,empty,empty,ok,ok,ok,ok,ok,empty,empty,empty,ok
mp-1210261,NaCr2FeO8,ok,ok,empty,empty,empty,ok,ok,ok,ok,ok,empty,empty,empty,ok
mp-1210267,Na2ZrS3,ok,ok,empty,ok,empty,ok,ok,ok,ok,ok,empty,empty,empty,ok
mp-1210269,NaMnH2C3O7,ok,ok,empty,empty,empty,ok,ok,ok,ok,ok,empty,empty,empty,ok
mp-1210272,NaP3PbO9,ok,ok,empty,empty,empty,ok,ok,ok,ok,ok,empty,empty,empty,ok
mp-1210276,Na6Ni(SO4)4,ok,ok,empty,empty,empty,ok,ok,ok,ok,ok,empty,empty,empty,ok
mp-1210277,Na3PrV2O8,ok,ok,empty,empty,empty,ok,ok,ok,ok,ok,empty,empty,empty,ok
mp-1210279,NaCa2Si4O10F,ok,ok,empty,empty,empty,ok,ok,ok,ok,ok,empty,empty,empty,ok
mp-1210282,Na3Sm9B8O27,ok,ok,empty,empty,empty,ok,ok,ok,ok,ok,empty,empty,empty,ok
mp-1210286,Na2ReO3,ok,ok,empty,ok,empty,ok,ok,ok,ok,ok,empty,empty,empty,ok
mp-1210289,Na3TmCl6,ok,ok,empty,empty,empty,ok,ok,ok,ok,ok,empty,empty,empty,ok
mp-1210292,Na3SmV2O8,ok,ok,empty,empty,empty,ok,ok,ok,ok,ok,empty,empty,empty,ok
mp-1210293,NaCaTiMnSi2O8F,ok,ok,empty,empty,empty,ok,ok,ok,ok,ok,empty,empty,empty,ok
mp-1210302,Na3Nd(AsO4)2,ok,ok,empty,empty,empty,ok,ok,ok,ok,ok,empty,empty,empty,ok
mp-1210304,Na2MnFeF7,ok,ok,empty,empty,empty,ok,ok,ok,ok,ok,empty,empty,empty,ok
mp-1210307,NaLuTiO4,ok,ok,empty,empty,empty,ok,ok,ok,ok,ok,empty,empty,empty,ok
mp-1210308,Na6Co(SO4)4,ok,ok,empty,empty,empty,ok,ok,ok,ok,ok,empty,empty,empty,ok
mp-1210309,Na3TbBr6,ok,ok,empty,empty,empty,ok,ok,ok,ok,ok,empty,empty,empty,ok
mp-1210311,Na2ZnH3Cl4,ok,ok,empty,empty,empty,ok,ok,ok,ok,ok,empty,empty,empty,ok
mp-1210320,Na6Fe(SO4)4,ok,ok,empty,empty,empty,ok,ok,ok,ok,ok,empty,empty,empty,ok
mp-1210321,Na6Mn(SO4)4,ok,ok,empty,empty,empty,ok,ok,ok,ok,ok,empty,empty,empty,ok
mp-1210323,NaAl5FeP4(H5O12)2,ok,ok,empty,empty,empty,ok,ok,ok,ok,ok,empty,empty,empty,ok
mp-1210325,Na4Zr2TiMnSi4(O8F)2,ok,ok,empty,empty,empty,ok,ok,ok,ok,ok,empty,empty,empty,ok
mp-1210330,Na4Zr2Ge5HO16,ok,ok,empty,empty,empty,ok,ok,ok,ok,ok,empty,empty,empty,ok
mp-1210332,Na3TmBr6,ok,ok,empty,empty,empty,ok,ok,ok,ok,ok,empty,empty,empty,ok
mp-1210338,NaMg3Si3HO10,ok,ok,empty,empty,empty,ok,ok,ok,ok,ok,empty,empty,empty,ok
mp-1210340,Na3MnO4,ok,ok,empty,empty,empty,ok,ok,ok,ok,ok,empty,empty,empty,ok
mp-1210350,Na3TbV2O8,ok,ok,empty,empty,empty,ok,ok,ok,ok,ok,empty,empty,empty,ok
mp-1210352,Na2BeCl4,ok,ok,empty,ok,empty,ok,ok,ok,ok,ok,empty,empty,empty,ok
mp-1210356,Na2PdF6,ok,ok,empty,empty,empty,ok,ok,ok,ok,ok,empty,empty,empty,ok
mp-1210360,Na3Sb3(PO7)2,ok,ok,empty,empty,empty,ok,ok,ok,ok,ok,empty,empty,empty,ok
mp-1210364,Na2Sm2B2O7,ok,ok,empty,empty,empty,ok,ok,ok,ok,ok,empty,empty,empty,ok
mp-1210368,Na2PbO3,ok,ok,empty,empty,empty,ok,ok,ok,ok,ok,empty,empty,empty,ok
mp-1210373,Na2Ca(CO3)2,ok,ok,empty,empty,empty,ok,ok,ok,ok,ok,empty,empty,empty,ok
mp-1210374,Na2SmCl5,ok,ok,empty,empty,empty,ok,ok,ok,ok,ok,empty,empty,empty,ok
mp-1210375,Na2ZrSi4H4O13,ok,ok,empty,empty,empty,ok,ok,ok,ok,ok,empty,empty,empty,ok
mp-1210388,NaH8CN5O3,ok,ok,empty,empty,empty,ok,ok,ok,ok,ok,empty,empty,empty,ok
mp-1210389,Na3Zn2(MoO4)3,ok,ok,empty,empty,empty,ok,ok,ok,ok,ok,empty,empty,empty,ok
mp-1210390,Na2TmMoPO8,ok,ok,empty,empty,empty,ok,ok,ok,ok,ok,empty,empty,empty,ok
mp-1210394,Na4Sn2Ge5HO16,ok,ok,empty,empty,empty,ok,ok,ok,ok,ok,empty,empty,empty,ok
mp-1210399,Na2Ti2Si2H2O9,ok,ok,empty,empty,empty,ok,ok,ok,ok,ok,empty,empty,empty,ok
mp-1210400,Na3LiTi2F12,ok,ok,empty,empty,empty,ok,ok,ok,ok,ok,empty,empty,empty,ok
mp-1210405,Na4Sr(Ge2O5)3,ok,ok,empty,empty,empty,ok,ok,ok,ok,ok,empty,empty,empty,ok
mp-1210406,NaInH12(SeO7)2,ok,ok,empty,empty,empty,ok,ok,ok,ok,ok,empty,empty,empty,ok
mp-1210410,Na3Zn2(WO4)3,ok,ok,empty,empty,empty,ok,ok,ok,ok,ok,empty,empty,empty,ok
mp-1210414,Na2TeH6SO10,ok,ok,empty,empty,empty,ok,ok,ok,ok,ok,empty,empty,empty,ok
mp-1210415,Na3Sc2(MoO4)3,ok,ok,empty,empty,empty,ok,ok,ok,ok,ok,empty,empty,empty,ok
mp-1210416,Na4CaZr2TiSi4(O8F)2,ok,ok,empty,empty,empty,ok,ok,ok,ok,ok,empty,empty,empty,ok
mp-1210420,Na3InF6,ok,ok,empty,empty,empty,ok,ok,ok,ok,ok,empty,empty,empty,ok
mp-1210421,NaCaZrFeSi2O8F,ok,ok,empty,empty,empty,ok,ok,ok,ok,ok,empty,empty,empty,ok
mp-1210424,Na3Sc2(WO4)3,ok,ok,empty,empty,empty,ok,ok,ok,ok,ok,empty,empty,empty,ok
mp-1210430,Na2ZrFeSi2O8F,ok,ok,empty,empty,empty,ok,ok,ok,ok,ok,empty,empty,empty,ok
mp-1210431,Na2MgGeO4,ok,ok,empty,ok,ok,ok,ok,ok,ok,ok,empty,empty,empty,ok
mp-1210432,Na2MgCrF7,ok,ok,empty,empty,empty,ok,ok,ok,ok,ok,empty,empty,empty,ok
mp-1210433,Na2MgGaF7,ok,ok,empty,ok,empty,ok,ok,ok,ok,ok,empty,empty,empty,ok
mp-1210436,Na2MgFeF7,ok,ok,empty,empty,empty,ok,ok,ok,ok,ok,empty,empty,empty,ok
mp-1210441,Na3LuBr6,ok,ok,empty,empty,empty,ok,ok,ok,ok,ok,empty,empty,empty,ok
mp-1210445,Na3LuCl6,ok,ok,empty,empty,empty,ok,ok,ok,ok,ok,empty,empty,empty,ok
mp-1210447,NaFe2(PO4)2,ok,ok,empty,empty,empty,ok,ok,ok,ok,ok,empty,empty,empty,ok
mp-1210449,Na2MgVF7,ok,ok,empty,empty,empty,ok,ok,ok,ok,ok,empty,empty,empty,ok
mp-1210454,NaAl(SO4)2,ok,ok,empty,empty,empty,ok,ok,ok,ok,ok,empty,empty,empty,ok
mp-1210455,Na3La(AsO4)2,ok,ok,empty,empty,empty,ok,ok,ok,ok,ok,empty,empty,empty,ok
mp-1210458,Na3YSi3(HO2)6,ok,ok,empty,empty,empty,ok,ok,ok,ok,ok,empty,empty,empty,ok
mp-1210463,Na3CuF6,ok,ok,empty,empty,empty,ok,ok,ok,ok,ok,empty,empty,empty,ok
mp-1210464,Na2Nd2B2O7,ok,ok,empty,empty,empty,ok,ok,ok,ok,ok,empty,empty,empty,ok
mp-1210465,Na3CoF6,ok,ok,empty,empty,empty,ok,ok,ok,ok,ok,empty,empty,empty,ok
mp-1210466,Na2MgScF7,ok,ok,empty,empty,empty,ok,ok,ok,ok,ok,empty,empty,empty,ok
mp-1210467,Na3H2SNO8,ok,ok,empty,empty,empty,ok,ok,ok,ok,ok,empty,empty,empty,ok
mp-1210472,Na3La(BO3)2,ok,ok,empty,empty,empty,ok,ok,ok,ok,ok,empty,empty,empty,ok
mp-1210473,Na2Fe2F7,ok,ok,empty,empty,empty,ok,ok,ok,ok,ok,empty,empty,empty,ok
mp-1210475,Na2CoSiO4,ok,ok,empty,empty,empty,ok,ok,ok,ok,ok,empty,empty,empty,ok
mp-1210483,Na2CoNiF7,ok,ok,empty,empty,empty,ok,ok,ok,ok,ok,empty,empty,empty,ok
mp-1210486,NaH10C6(NO)7,ok,ok,empty,empty,empty,ok,ok,ok,ok,ok,empty,empty,empty,ok
mp-1210489,Na2Al2Si3(HO5)2,ok,ok,empty,empty,empty,ok,ok,ok,ok,ok,empty,empty,empty,ok
mp-1210495,Na3P3HO9,ok,ok,empty,empty,empty,ok,ok,ok,ok,ok,empty,empty,empty,ok
mp-1210500,Na2GdCl5,ok,ok,empty,empty,empty,ok,ok,ok,ok,ok,empty,empty,empty,ok
mp-1210504,Na3MnO4,ok,ok,empty,empty,empty,ok,ok,ok,ok,ok,empty,empty,empty,ok
mp-1210505,Na2H(CO2)2,ok,ok,empty,empty,empty,ok,ok,ok,ok,ok,empty,empty,empty,ok
mp-1210506,Na3HoBr6,ok,ok,empty,empty,empty,ok,ok,ok,ok,ok,empty,empty,empty,ok
mp-1210511,Na6UH2(S2O9)2,ok,ok,empty,empty,empty,ok,ok,ok,ok,ok,empty,empty,empty,ok
mp-1210516,Na2HoTa5O15,ok,ok,empty,empty,empty,ok,ok,ok,ok,ok,empty,empty,empty,ok
mp-1210518,Na3Mg2(MoO4)3,ok,ok,empty,empty,empty,ok,ok,ok,ok,ok,empty,empty,empty,ok
mp-1210526,Na2HoNb5O15,ok,ok,empty,empty,empty,ok,ok,ok,ok,ok,empty,empty,empty,ok
mp-1210527,Na2GdTa5O15,ok,ok,empty,empty,empty,ok,ok,ok,ok,ok,empty,empty,empty,ok
mp-1210529,Na3ErBr6,ok,ok,empty,empty,empty,ok,ok,ok,ok,ok,empty,empty,empty,ok
mp-1210536,Na3DyBr6,ok,ok,empty,empty,empty,ok,ok,ok,ok,ok,empty,empty,empty,ok
mp-1210557,NaCr(SO4)2,ok,ok,empty,empty,empty,ok,ok,ok,ok,ok,empty,empty,empty,ok
mp-1210564,Na3Mg2(WO4)3,ok,ok,empty,empty,empty,ok,ok,ok,ok,ok,empty,empty,empty,ok
mp-1210565,Na3GdV2O8,ok,ok,empty,empty,empty,ok,ok,ok,ok,ok,empty,empty,empty,ok
mp-1210566,Na2SnH14S3O7,ok,ok,empty,empty,empty,ok,ok,ok,ok,ok,empty,empty,empty,ok
mp-1210579,Na2CaZrSi2O7F2,ok,ok,empty,empty,empty,ok,ok,ok,ok,ok,empty,empty,empty,ok
mp-1210611,Na2Mo(HO2)2,ok,ok,empty,empty,empty,ok,ok,ok,ok,ok,empty,empty,empty,ok
mp-1210635,Na2Hf(MoO4)3,ok,ok,empty,empty,empty,ok,ok,ok,ok,ok,empty,empty,empty,ok
mp-1210660,NaFe(SO4)2,ok,ok,empty,empty,empty,ok,ok,ok,ok,ok,empty,empty,empty,ok
mp-1210666,Na3SmV2O8,ok,ok,empty,empty,empty,ok,ok,ok,ok,ok,empty,empty,empty,ok
mp-1210670,Na3Pr(AsO4)2,ok,ok,empty,empty,empty,ok,ok,ok,ok,ok,empty,empty,empty,ok
mp-1210682,Na3Li3Rh2F12,ok,ok,empty,empty,empty,ok,ok,ok,ok,ok,empty,empty,empty,ok
mp-1210734,Na3PrV2O8,ok,ok,empty,empty,empty,ok,ok,ok,ok,ok,empty,empty,empty,ok
mp-1210740,Na2ZnH4(SO4)2,ok,ok,empty,empty,empty,ok,ok,ok,ok,ok,empty,empty,empty,ok
mp-1210758,Na3Y(PO4)2,ok,ok,empty,empty,empty,ok,ok,ok,ok,ok,empty,empty,empty,ok
mp-1210769,Na3Sm(PO4)2,ok,ok,empty,empty,empty,ok,ok,ok,ok,ok,empty,empty,empty,ok
mp-1210777,NaCNO2,ok,ok,empty,empty,empty,ok,ok,ok,ok,ok,empty,empty,empty,ok
mp-1210806,NaInH6(SeO4)2,ok,ok,empty,empty,empty,ok,ok,ok,ok,ok,empty,empty,empty,ok
mp-1210809,Na3Nd(AsO4)2,ok,ok,empty,empty,empty,ok,ok,ok,ok,ok,empty,empty,empty,ok
mp-1210816,Na2Ca4YZrSi4(O5F)3,ok,ok,empty,empty,empty,ok,ok,ok,ok,ok,empty,empty,empty,ok
mp-1210844,Na3Pr(PO4)2,ok,ok,empty,empty,empty,ok,ok,ok,ok,ok,empty,empty,empty,ok
mp-1210845,NaGaGeO4,ok,ok,empty,empty,empty,ok,ok,ok,ok,ok,empty,empty,empty,ok
mp-1210852,Na2NiH20C12(N2O3)6,ok,ok,empty,empty,empty,ok,ok,ok,ok,ok,empty,empty,empty,ok
mp-1210879,Na2GeH14S3O7,ok,ok,empty,empty,empty,ok,ok,ok,ok,ok,empty,empty,empty,ok
mp-1210886,Na2ZrSi3O10,ok,ok,empty,empty,empty,ok,ok,ok,ok,ok,empty,empty,empty,ok
mp-1210892,NaMgAl5P4(H5O12)2,ok,ok,empty,empty,empty,ok,ok,ok,ok,ok,empty,empty,empty,ok
mp-1210894,Na3TbV2O8,ok,ok,empty,empty,empty,ok,ok,ok,ok,ok,empty,empty,empty,ok
mp-1210899,Na2CaSi10(H3O10)2,ok,ok,empty,empty,empty,ok,ok,ok,ok,ok,empty,empty,empty,ok
mp-1210902,Na2SeO2,ok,ok,empty,empty,empty,ok,ok,ok,ok,ok,empty,empty,empty,ok
mp-1210927,Na3Li(MoO4)2,ok,ok,empty,empty,empty,ok,ok,ok,ok,ok,empty,empty,empty,ok
mp-1210985,Na3La(PO4)2,ok,ok,empty,empty,empty,ok,ok,ok,ok,ok,empty,empty,empty,ok
mp-1211011,Na3Tb(PO4)2,ok,ok,empty,empty,empty,ok,ok,ok,ok,ok,empty,empty,empty,ok
mp-1211028,Na6TeP6(H3O5)6,ok,ok,empty,empty,empty,ok,ok,ok,ok,ok,empty,empty,empty,ok
mp-1211038,Na3PrV2O8,ok,ok,empty,empty,empty,ok,ok,ok,ok,ok,empty,empty,empty,ok
mp-1211049,Na2Cr2H2O7,ok,ok,empty,empty,empty,ok,ok,ok,ok,ok,empty,empty,empty,ok
mp-1211075,Na3Dy(PO4)2,ok,ok,empty,empty,empty,ok,ok,ok,ok,ok,empty,empty,empty,ok
mp-1211082,Na2CrH5C4O11,ok,ok,empty,empty,empty,ok,ok,ok,ok,ok,empty,empty,empty,ok
mp-1211096,Na2H2WO4,ok,ok,empty,empty,empty,ok,ok,ok,ok,ok,empty,empty,empty,ok
mp-1211118,Na3La(AsO4)2,ok,ok,empty,empty,empty,ok,ok,ok,ok,ok,empty,empty,empty,ok
mp-1211141,Na5Al(HO)8,ok,ok,empty,empty,empty,ok,ok,ok,ok,ok,empty,empty,empty,ok
mp-1211201,Na3Ho(PO4)2,ok,ok,empty,empty,empty,ok,ok,ok,ok,ok,empty,empty,empty,ok
mp-1211212,Na2Ti2Si2H2O9,ok,ok,empty,empty,empty,ok,ok,ok,ok,ok,empty,empty,empty,ok
mp-1211231,Na3Be3B3P6O25,ok,ok,empty,empty,empty,ok,ok,ok,ok,ok,empty,empty,empty,ok
mp-1211315,NaH6C2S2N3O2,ok,ok,empty,empty,empty,ok,ok,ok,ok,ok,empty,empty,empty,ok
mp-1211357,Na2Co3H10(SO6)3,ok,ok,empty,empty,empty,ok,ok,ok,ok,ok,empty,empty,empty,ok
mp-1211427,Na3BiF6,ok,ok,empty,empty,empty,ok,ok,ok,ok,ok,empty,empty,empty,ok
mp-1211481,Na3Er(PO4)2,ok,ok,empty,empty,empty,ok,ok,ok,ok,ok,empty,empty,empty,ok
mp-1211611,KNaTi2(PO5)2,ok,ok,empty,empty,empty,ok,ok,ok,ok,ok,empty,empty,empty,ok
mp-1211627,K3NaBe2F8,ok,ok,empty,empty,empty,ok,ok,ok,ok,ok,empty,empty,empty,ok
mp-1211711,KNa2Ga3(SiO4)3,ok,ok,empty,empty,empty,ok,ok,ok,ok,ok,empty,empty,empty,ok
mp-1211916,K2NaCo(NO2)6,ok,ok,empty,empty,empty,ok,ok,ok,ok,ok,empty,empty,empty,ok
mp-1211978,K2Na2NdF7,ok,ok,empty,empty,empty,ok,ok,ok,ok,ok,empty,empty,empty,ok
mp-1211990,K7NaGe8,ok,ok,empty,empty,empty,ok,ok,ok,ok,ok,empty,empty,empty,ok
mp-1212069,Na2Sr(Ge4O9)2,ok,ok,empty,empty,empty,ok,ok,ok,ok,ok,empty,empty,empty,ok
mp-1212132,K3NaMoC4(N2O)2,ok,ok,empty,empty,empty,ok,ok,ok,ok,ok,empty,empty,empty,ok
mp-1212264,KNaTiH2O3F4,ok,ok,empty,empty,empty,ok,ok,ok,ok,ok,empty,empty,empty,ok
mp-1212281,NaGaGeO4,ok,ok,empty,empty,empty,ok,ok,ok,ok,ok,empty,empty,empty,ok
mp-1212330,Na3GdV2O8,ok,ok,empty,empty,empty,ok,ok,ok,ok,ok,empty,empty,empty,ok
mp-1212364,KNaTiSi3(HO5)2,ok,ok,empty,empty,empty,ok,ok,ok,ok,ok,empty,empty,empty,ok
mp-1212500,K2NaTi2Fe7Si8H4O31,ok,ok,empty,empty,empty,ok,ok,ok,ok,ok,empty,empty,empty,ok
mp-1212544,Na3V3H6O7,ok,ok,empty,empty,empty,ok,ok,ok,ok,ok,empty,empty,empty,ok
mp-1212547,K3NaP2H8O11,ok,ok,empty,empty,empty,ok,ok,ok,ok,ok,empty,empty,empty,ok
mp-1212549,NaV4Bi13O30,ok,ok,empty,empty,empty,ok,ok,ok,ok,ok,empty,empty,empty,ok
mp-1212565,Na2CaZr2Si10HO26,ok,ok,empty,empty,empty,ok,ok,ok,ok,ok,empty,empty,empty,ok
mp-1212663,Na22S10Cl3O40,ok,ok,empty,empty,empty,ok,ok,ok,ok,ok,empty,empty,empty,ok
mp-1212664,Na8Te4W7O36,ok,ok,empty,empty,empty,ok,ok,ok,ok,ok,empty,empty,empty,ok
mp-1212848,Na3InH3(SO4)3,ok,ok,empty,empty,empty,ok,ok,ok,ok,ok,empty,empty,empty,ok
mp-1213441,CsNaMo(HO2)2,ok,ok,empty,empty,empty,ok,ok,ok,ok,ok,empty,empty,empty,ok
mp-1213570,CsNaMo3O10,ok,ok,empty,empty,empty,ok,ok,ok,ok,ok,empty,empty,empty,ok
mp-1213599,CsNaNbOF5,ok,ok,empty,empty,empty,ok,ok,ok,ok,ok,empty,empty,empty,ok
mp-1213651,CsNa3P4(HO2)8,ok,ok,empty,empty,empty,ok,ok,ok,empty,ok,empty,empty,empty,ok
mp-1213705,Cs2NaGaP2,ok,ok,empty,ok,empty,ok,ok,ok,ok,ok,empty,empty,empty,ok
mp-1214476,BaNaPO4,ok,ok,empty,empty,empty,ok,ok,ok,ok,ok,empty,empty,empty,ok
mp-1214538,BaNaGaF6,ok,ok,empty,empty,empty,ok,ok,ok,ok,ok,empty,empty,empty,ok
mp-1214563,BaNaVF6,ok,ok,empty,empty,empty,ok,ok,ok,ok,ok,empty,empty,empty,ok
mp-1214564,BaNaCrF6,ok,ok,empty,empty,empty,ok,ok,ok,ok,ok,empty,empty,empty,ok
mp-1214635,BaNaFeF6,ok,ok,empty,empty,empty,ok,ok,ok,ok,ok,empty,empty,empty,ok
mp-1214658,Ba6Na2V2Sb2O17,ok,ok,empty,empty,empty,ok,ok,ok,ok,ok,empty,empty,empty,ok
mp-1214664,Ba6Na2Ta2V2O17,ok,ok,empty,empty,empty,ok,ok,ok,ok,ok,empty,empty,empty,ok
mp-1214677,Ba6Na2Nb2V2O17,ok,ok,empty,empty,empty,ok,ok,ok,ok,ok,empty,empty,empty,ok
mp-1214692,Ba6NaNd(SiO4)4,ok,ok,empty,empty,empty,ok,ok,ok,ok,ok,empty,empty,empty,ok
mp-1215058,BaNa2(Ge4O9)2,ok,ok,empty,empty,empty,ok,ok,ok,ok,ok,empty,empty,empty,ok
mp-12159,Na2PO3F,ok,ok,empty,ok,ok,ok,ok,ok,ok,ok,empty,empty,empty,ok
mp-12180,NaS2,ok,ok,empty,ok,ok,ok,ok,ok,ok,ok,empty,empty,empty,ok
mp-12187,Na2Mg2(Si2O5)3,ok,ok,empty,empty,empty,ok,ok,ok,ok,ok,empty,empty,empty,ok
mp-1219637,RbNaCa2Nb4O13,ok,ok,empty,empty,empty,ok,ok,ok,ok,ok,empty,empty,empty,ok
mp-1219651,RbNaCaTh(Si2O5)4,ok,ok,empty,empty,empty,ok,ok,ok,ok,ok,empty,empty,empty,ok
mp-1219802,RbNaMg3Zn2(Si2O5)6,ok,ok,empty,empty,empty,ok,ok,ok,ok,ok,empty,empty,empty,ok
mp-1220238,RbNa2V5H10O19,ok,ok,empty,empty,empty,ok,ok,ok,ok,ok,empty,empty,empty,ok
mp-1220682,NaYF4,ok,ok,empty,empty,empty,ok,ok,ok,ok,ok,empty,empty,empty,ok
mp-1220684,NaYbF4,ok,ok,empty,empty,empty,ok,ok,ok,ok,ok,empty,empty,empty,ok
mp-1220690,NaYZrS4,ok,ok,empty,empty,empty,ok,ok,ok,ok,ok,empty,empty,empty,ok
mp-1220698,NaZr2SN2Cl,ok,ok,empty,empty,empty,ok,ok,ok,ok,ok,empty,empty,empty,ok
mp-1220703,NaY(MoO4)2,ok,ok,empty,empty,empty,ok,ok,ok,ok,ok,empty,empty,empty,ok
mp-1220706,NaYTi2(SiO5)2,ok,ok,empty,empty,empty,ok,ok,ok,ok,ok,empty,empty,empty,ok
mp-1220707,NaZn2CdF7,ok,ok,empty,empty,empty,ok,ok,ok,ok,ok,empty,empty,empty,ok
mp-1220708,NaHoF4,ok,ok,empty,empty,empty,ok,ok,ok,ok,ok,empty,empty,empty,ok
mp-1220714,NaLaS2,ok,ok,empty,ok,empty,ok,ok,ok,ok,ok,ok,empty,empty,ok
mp-1220731,NaLaNb2O7,ok,ok,empty,empty,empty,ok,ok,ok,ok,ok,empty,empty,empty,ok
mp-1220733,NaYTiNbO6F,ok,ok,empty,empty,empty,ok,ok,ok,ok,ok,empty,empty,empty,ok
mp-1220735,NaLa(WO4)2,ok,ok,empty,empty,empty,ok,ok,ok,ok,ok,empty,empty,empty,ok
mp-1220737,Na5CuCO5,ok,ok,empty,empty,empty,ok,ok,ok,ok,ok,empty,empty,empty,ok
mp-1220741,NaLaTa2O7,ok,ok,empty,empty,empty,ok,ok,ok,ok,ok,empty,empty,empty,ok
mp-1220744,NaYTi2O6,ok,ok,empty,empty,empty,ok,ok,ok,ok,ok,empty,empty,empty,ok
mp-1220749,NaVWO6,ok,ok,empty,empty,empty,ok,ok,ok,empty,ok,empty,empty,empty,ok
mp-1220764,NaHfScO4,ok,ok,empty,empty,empty,ok,ok,ok,ok,ok,empty,empty,empty,ok
mp-1220768,NaYF4,ok,ok,empty,empty,empty,ok,ok,ok,ok,ok,empty,empty,empty,ok
mp-1220772,NaZrScO4,ok,ok,empty,empty,empty,ok,ok,ok,ok,ok,empty,empty,empty,ok
mp-1220774,Na5SrTaP4,ok,ok,empty,empty,empty,ok,ok,ok,ok,ok,empty,empty,empty,ok
mp-1220776,NaLaMgTeO6,ok,ok,empty,empty,empty,ok,ok,ok,ok,ok,empty,empty,empty,ok
mp-1220779,Na5NiCO5,ok,ok,empty,empty,empty,ok,ok,ok,ok,ok,empty,empty,empty,ok
mp-1220780,NaLaNb4O12,ok,ok,empty,empty,empty,ok,ok,ok,ok,ok,empty,empty,empty,ok
mp-1220781,NaLi3V4O12,ok,ok,empty,empty,empty,ok,ok,ok,ok,ok,empty,empty,empty,ok
mp-1220783,Na5SrNbP4,ok,ok,empty,empty,empty,ok,ok,ok,ok,ok,empty,empty,empty,ok
mp-1220785,NaLaTi2O6,ok,ok,empty,empty,empty,ok,ok,ok,ok,ok,empty,empty,empty,ok
mp-1220787,NaLaZr2O6,ok,ok,empty,empty,empty,ok,ok,ok,ok,ok,empty,empty,empty,ok
mp-1220788,Na6Cd(SnS3)4,ok,ok,empty,empty,empty,ok,ok,ok,ok,ok,empty,empty,empty,ok
mp-1220792,NaHoTi2O6,ok,ok,empty,empty,empty,ok,ok,ok,ok,ok,empty,empty,empty,ok
mp-1220796,Na5SrNbAs4,ok,ok,empty,empty,empty,ok,ok,ok,ok,ok,empty,empty,empty,ok
mp-1220798,Na6Cd7S10,ok,ok,empty,empty,empty,ok,ok,ok,ok,ok,empty,empty,empty,ok
mp-1220800,NaVMoO6,ok,ok,empty,empty,empty,ok,ok,ok,ok,ok,empty,empty,empty,ok
mp-1220801,NaLi3Fe4(SiO3)8,ok,ok,empty,empty,empty,ok,ok,ok,ok,ok,empty,empty,empty,ok
mp-1220802,NaHSeO4,ok,ok,empty,ok,ok,ok,ok,ok,ok,ok,empty,empty,empty,ok
mp-1220803,NaLaScSbO6,ok,ok,empty,empty,empty,ok,ok,ok,ok,ok,empty,empty,empty,ok
mp-1220814,NaZn3H3S2O9,ok,ok,empty,empty,empty,ok,ok,ok,ok,ok,empty,empty,empty,ok
mp-1220817,NaLi3Ga4(SiO3)8,ok,ok,empty,empty,empty,ok,ok,ok,ok,ok,empty,empty,empty,ok
mp-1220818,NaBi(WO4)2,ok,ok,empty,empty,empty,ok,ok,ok,ok,ok,empty,empty,empty,ok
mp-1220819,NaY9(Si3O13)2,ok,ok,empty,empty,empty,ok,ok,ok,ok,ok,empty,empty,empty,ok
mp-1220820,NaBi3(ClO2)2,ok,ok,empty,empty,empty,ok,ok,ok,ok,ok,empty,empty,empty,ok
mp-1220821,NaBi3(BrO2)2,ok,ok,empty,ok,ok,ok,ok,ok,ok,ok,empty,empty,empty,ok
mp-1220822,NaLaScNbO6,ok,ok,empty,empty,empty,ok,ok,ok,ok,ok,empty,empty,empty,ok
mp-1220823,NaBi3(IO2)2,ok,ok,empty,ok,ok,ok,ok,ok,ok,ok,empty,empty,empty,ok
mp-1220825,Na6Ca3U2O12,ok,ok,empty,empty,empty,ok,ok,ok,ok,ok,empty,empty,empty,ok
mp-1220826,NaLaF4,ok,ok,empty,empty,empty,ok,ok,ok,ok,ok,empty,empty,empty,ok
mp-1220829,Na5Li3V8O24,ok,ok,empty,empty,empty,ok,ok,ok,ok,ok,empty,empty,empty,ok
mp-1220832,NaLi3Fe4(SiO3)8,ok,ok,empty,empty,empty,ok,ok,ok,ok,ok,empty,empty,empty,ok
mp-1220837,NaHSeO3,ok,ok,empty,empty,empty,ok,ok,ok,ok,ok,empty,empty,empty,ok
mp-1220843,Na8Al6Si6BrClO24,ok,ok,empty,empty,empty,ok,ok,ok,ok,ok,empty,empty,empty,ok
mp-1220844,Na9Sm(SiSe3)4,ok,ok,empty,empty,empty,ok,ok,ok,ok,ok,empty,empty,empty,ok
mp-1220845,Na9Sm(GeSe3)4,ok,ok,empty,empty,empty,ok,ok,ok,ok,ok,empty,empty,empty,ok
mp-1220847,Na6Sm4Ge4Se17,ok,ok,empty,empty,empty,ok,ok,ok,ok,ok,empty,empty,empty,ok
mp-1220851,NaAlSiO4,ok,ok,empty,empty,empty,ok,ok,ok,ok,ok,empty,empty,empty,ok
mp-1220852,NaHo9(Si3O13)2,ok,ok,empty,empty,empty,ok,ok,ok,ok,ok,empty,empty,empty,ok
mp-1220853,NaAlGeO4,ok,ok,empty,empty,empty,ok,ok,ok,ok,ok,empty,empty,empty,ok
mp-1220854,NaLa2TaTi2O10,ok,ok,empty,empty,empty,ok,ok,ok,ok,ok,empty,empty,empty,ok
mp-1220855,NaAlSi3O8,ok,ok,empty,empty,empty,ok,ok,ok,ok,ok,empty,empty,empty,ok
mp-1220856,Na8Al6Si6IClO24,ok,ok,empty,empty,empty,ok,ok,ok,ok,ok,empty,empty,empty,ok
mp-1220859,NaAlSi3O8,ok,ok,empty,empty,empty,ok,ok,ok,ok,ok,empty,empty,empty,ok
mp-1220861,NaLa6Ga3S14,ok,ok,empty,empty,empty,ok,ok,ok,ok,ok,empty,empty,empty,ok
mp-1220862,Na6Al3Fe3(TeO6)4,ok,ok,empty,empty,empty,ok,ok,ok,ok,ok,empty,empty,empty,ok
mp-1220863,NaBeSi3HO8,ok,ok,empty,empty,empty,ok,ok,ok,ok,ok,empty,empty,empty,ok
mp-1220864,Na8Al3Ga3Si6(ClO12)2,ok,ok,empty,empty,empty,ok,ok,ok,ok,ok,empty,empty,empty,ok
mp-1220868,NaAlSiO4,ok,ok,empty,empty,empty,ok,ok,ok,ok,ok,empty,empty,empty,ok
mp-1220871,NaAs3(PbO3)4,ok,ok,empty,empty,empty,ok,ok,ok,ok,ok,empty,empty,empty,ok
mp-1220877,NaTi3FeO8,ok,ok,empty,empty,empty,ok,ok,ok,ok,ok,empty,empty,empty,ok
mp-1220885,NaTi3AlO8,ok,ok,empty,empty,empty,ok,ok,ok,ok,ok,empty,empty,empty,ok
mp-1220886,NaAl3P2(HO3)4,ok,ok,empty,empty,empty,ok,ok,ok,ok,ok,empty,empty,empty,ok
mp-1220889,NaSr2LaTi4O12,ok,ok,empty,empty,empty,ok,ok,ok,ok,ok,empty,empty,empty,ok
mp-1220894,NaSr2NdTi4O12,ok,ok,empty,empty,empty,ok,ok,ok,ok,ok,empty,empty,empty,ok
mp-1220895,Na6B18Se17,ok,ok,empty,empty,empty,ok,ok,ok,ok,ok,empty,empty,empty,ok
mp-1220897,NaSrMg2F7,ok,ok,empty,empty,empty,ok,ok,ok,ok,ok,empty,empty,empty,ok
mp-1220900,NaLa9(Ge3O13)2,ok,ok,empty,empty,empty,ok,ok,ok,ok,ok,empty,empty,empty,ok
mp-1220901,NaSm3Ti2(SbO7)2,ok,ok,empty,empty,empty,ok,ok,ok,ok,ok,empty,empty,empty,ok
mp-1220902,NaSr2LaTi4O12,ok,ok,empty,empty,empty,ok,ok,ok,ok,ok,empty,empty,empty,ok
mp-1220903,NaTi2BiO6,ok,ok,empty,empty,empty,ok,ok,ok,ok,ok,empty,empty,empty,ok
mp-1220905,NaTmTi2O6,ok,ok,empty,empty,empty,ok,ok,ok,ok,ok,empty,empty,empty,ok
mp-1220906,NaTbTi2O6,ok,ok,empty,empty,empty,ok,ok,ok,ok,ok,empty,empty,empty,ok
mp-1220908,NaSO3F,ok,ok,empty,ok,empty,ok,ok,ok,ok,ok,empty,empty,empty,ok
mp-1220909,NaTa4Bi5O18,ok,ok,empty,empty,empty,ok,ok,ok,ok,ok,empty,empty,empty,ok
mp-1220912,NaPrS2,ok,ok,empty,empty,empty,ok,ok,ok,ok,ok,ok,empty,empty,ok
mp-1220913,NaV2Bi3O10,ok,ok,empty,ok,ok,ok,ok,ok,ok,ok,empty,empty,empty,ok
mp-1220915,NaSmF4,ok,ok,empty,empty,empty,ok,ok,ok,ok,ok,empty,empty,empty,ok
mp-1220916,NaV2O4F,ok,ok,empty,empty,empty,ok,ok,ok,ok,ok,empty,empty,empty,ok
mp-1220919,NaAl3Si3O11,ok,ok,empty,empty,empty,ok,ok,ok,ok,ok,empty,empty,empty,ok
mp-1220920,NaAl3Si3(HO6)2,ok,ok,empty,empty,empty,ok,ok,ok,ok,ok,empty,empty,empty,ok
mp-1220921,Na5H7(Se2O9)2,ok,ok,empty,empty,empty,ok,ok,ok,ok,ok,empty,empty,empty,ok
mp-1220922,NaTiFeO4,ok,ok,empty,empty,empty,ok,ok,ok,ok,ok,empty,empty,empty,ok
mp-1220924,NaPrTi2O6,ok,ok,empty,empty,empty,ok,ok,ok,ok,ok,empty,empty,empty,ok
mp-1220925,NaPrTiNbO6F,ok,ok,empty,empty,empty,ok,ok,ok,ok,ok,empty,empty,empty,ok
mp-1220926,Rb3Na3Sc2(MoO4)6,ok,ok,empty,empty,empty,ok,ok,ok,ok,ok,empty,empty,empty,ok
mp-1220927,NaTiSn(PO4)3,ok,ok,empty,empty,empty,ok,ok,ok,ok,ok,empty,empty,empty,ok
mp-1220931,NaScTiO4,ok,ok,empty,empty,empty,ok,ok,ok,ok,ok,empty,empty,empty,ok
mp-1220936,NaScSnO4,ok,ok,empty,empty,empty,ok,ok,ok,ok,ok,empty,empty,empty,ok
mp-1220943,NaAlSiO4,ok,ok,empty,empty,empty,ok,ok,ok,ok,ok,empty,empty,empty,ok
mp-1220946,NaAl3(SiO4)3,ok,ok,empty,empty,empty,ok,ok,ok,ok,ok,empty,empty,empty,ok
mp-1220948,NaPrF4,ok,ok,empty,empty,empty,ok,ok,ok,ok,ok,empty,empty,empty,ok
mp-1220949,Na7Fe4P9O32,ok,ok,empty,empty,empty,ok,ok,ok,ok,ok,empty,empty,empty,ok
mp-1220951,NaTiPO5,ok,ok,empty,empty,empty,ok,ok,ok,ok,ok,empty,empty,empty,ok
mp-1220952,NaSr2Nb5O15,ok,ok,empty,empty,empty,ok,ok,ok,ok,ok,empty,empty,empty,ok
mp-1220956,Na8Zr3Ti3Mn2Si8(O17F)2,ok,ok,empty,empty,empty,ok,ok,ok,ok,ok,empty,empty,empty,ok
mp-1220958,NaTh2(PO4)3,ok,ok,empty,empty,empty,ok,ok,ok,ok,ok,empty,empty,empty,ok
mp-1220960,NaAl6Sb7(TeCl3)8,ok,ok,empty,empty,empty,ok,ok,ok,ok,ok,empty,empty,empty,ok
mp-1220970,NaNiP2HO7,ok,ok,empty,empty,empty,ok,ok,ok,ok,ok,empty,empty,empty,ok
mp-1220972,NaLiZnS2,ok,ok,empty,ok,ok,ok,ok,ok,ok,ok,empty,empty,empty,ok
mp-1220973,Na5Fe3Ag2(As2O7)4,ok,ok,empty,empty,empty,ok,ok,ok,ok,ok,empty,empty,empty,ok
mp-1220974,NaSm9Si6(SO12)2,ok,ok,empty,empty,empty,ok,ok,ok,ok,ok,empty,empty,empty,ok
mp-1220977,NaNd(WO4)2,ok,ok,empty,empty,empty,ok,ok,ok,ok,ok,empty,empty,empty,ok
mp-1220979,NaNi4(PO4)3,ok,ok,empty,empty,empty,ok,ok,ok,empty,ok,empty,empty,empty,ok
mp-1220980,NaNd(MoO4)2,ok,ok,empty,empty,empty,ok,ok,ok,ok,ok,empty,empty,empty,ok
mp-1220981,Na5H7(Se2O9)2,ok,ok,empty,empty,empty,ok,ok,ok,ok,ok,empty,empty,empty,ok
mp-1220982,NaLiGa2(SiO3)4,ok,ok,empty,empty,empty,ok,ok,ok,ok,ok,empty,empty,empty,ok
mp-1220983,NaMo2(P2O7)2,ok,ok,empty,empty,empty,ok,ok,ok,ok,ok,empty,empty,empty,ok
mp-1220984,NaNdTi2O6,ok,ok,empty,empty,empty,ok,ok,ok,ok,ok,empty,empty,empty,ok
mp-1220986,NaNO3,ok,ok,empty,empty,empty,ok,ok,ok,ok,ok,empty,empty,empty,ok
mp-1220989,NaNd3Ti2(SbO7)2,ok,ok,empty,empty,empty,ok,ok,ok,ok,ok,empty,empty,empty,ok
mp-1220990,NaH3(SeO3)2,ok,ok,empty,empty,empty,ok,ok,ok,ok,ok,empty,empty,empty,ok
mp-1220993,NaNdNb4O12,ok,ok,empty,empty,empty,ok,ok,ok,ok,ok,empty,empty,empty,ok
mp-1220995,NaNdTiNbO6F,ok,ok,empty,empty,empty,ok,ok,ok,ok,ok,empty,empty,empty,ok
mp-1220997,NaNi2Mo2H3O10,ok,ok,empty,empty,empty,ok,ok,ok,ok,ok,empty,empty,empty,ok
mp-1220999,NaNdF4,ok,ok,empty,empty,empty,ok,ok,ok,ok,ok,empty,empty,empty,ok
mp-1221000,NaTaWO6,ok,ok,empty,empty,empty,ok,ok,ok,ok,ok,empty,empty,empty,ok
mp-1221004,NaLuTi2O6,ok,ok,empty,empty,empty,ok,ok,ok,ok,ok,empty,empty,empty,ok
mp-1221010,NaPr9Si6(SO12)2,ok,ok,empty,empty,empty,ok,ok,ok,ok,ok,empty,empty,empty,ok
mp-1221012,NaGdTi2O6,ok,ok,empty,empty,empty,ok,ok,ok,ok,ok,empty,empty,empty,ok
mp-1221013,NaP2H5O6,ok,ok,empty,empty,empty,ok,ok,ok,ok,ok,empty,empty,empty,ok
mp-1221015,NaMoAsO6,ok,ok,empty,empty,empty,ok,ok,ok,ok,ok,empty,empty,empty,ok
mp-1221016,NaV3(PbO3)4,ok,ok,empty,empty,empty,ok,ok,ok,ok,ok,empty,empty,empty,ok
mp-1221019,NaNb4Bi5O18,ok,ok,empty,empty,empty,ok,ok,ok,ok,ok,empty,empty,empty,ok
mp-1221026,NaGd3Ti2(SbO7)2,ok,ok,empty,empty,empty,ok,ok,ok,ok,ok,empty,empty,empty,ok
mp-1221027,NaNi2H3(SeO5)2,ok,ok,empty,empty,empty,ok,ok,ok,ok,ok,empty,empty,empty,ok
mp-1221028,NaNd3PtO7,ok,ok,empty,empty,empty,ok,ok,ok,ok,ok,empty,empty,empty,ok
mp-1221029,NaPr9(Ge3O13)2,ok,ok,empty,empty,empty,ok,ok,ok,ok,ok,empty,empty,empty,ok
mp-1221031,NaNd9(Si3O13)2,ok,ok,empty,empty,empty,ok,ok,ok,ok,ok,empty,empty,empty,ok
mp-1221032,NaNbFe(PO4)3,ok,ok,empty,empty,empty,ok,ok,ok,ok,ok,empty,empty,empty,ok
mp-1221034,NaGdF4,ok,ok,empty,empty,empty,ok,ok,ok,ok,ok,empty,empty,empty,ok
mp-1221035,Na7Cr4P9O32,ok,ok,empty,empty,empty,ok,ok,ok,ok,ok,empty,empty,empty,ok
mp-1221036,NaErF4,ok,ok,empty,empty,empty,ok,ok,ok,ok,ok,empty,empty,empty,ok
mp-1221038,NaNi2H3(SO5)2,ok,ok,empty,empty,empty,ok,ok,ok,ok,ok,empty,empty,empty,ok
mp-1221039,NaLiAl4(SiO6)2,ok,ok,empty,empty,empty,ok,ok,ok,ok,ok,empty,empty,empty,ok
mp-1221041,Na8Zr3Si16Sn(H4O13)4,ok,ok,empty,empty,empty,ok,ok,ok,ok,ok,empty,empty,empty,ok
mp-1221045,NaNd9(Ge3O13)2,ok,ok,empty,empty,empty,ok,ok,ok,ok,ok,empty,empty,empty,ok
mp-1221047,NaEr(MoO4)2,ok,ok,empty,empty,empty,ok,ok,ok,ok,ok,empty,empty,empty,ok
mp-1221048,NaLiV2O6,ok,ok,empty,empty,empty,ok,ok,ok,ok,ok,empty,empty,empty,ok
mp-1221050,NaFe2Mo2H3O10,ok,ok,empty,empty,empty,ok,ok,ok,ok,ok,empty,empty,empty,ok
mp-1221052,Na7Fe7P6(O8F)3,ok,ok,empty,empty,empty,ok,ok,ok,ok,ok,empty,empty,empty,ok
mp-1221055,NaMg2Al6VSi6B3H3O31,ok,ok,empty,empty,empty,ok,ok,ok,ok,ok,empty,empty,empty,ok
mp-1221056,NaDyTi2O6,ok,ok,empty,empty,empty,ok,ok,ok,ok,ok,empty,empty,empty,ok
mp-1221058,NaFeSnO4,ok,ok,empty,empty,empty,ok,ok,ok,ok,ok,empty,empty,empty,ok
mp-1221059,NaSbWO6,ok,ok,empty,empty,empty,ok,ok,ok,ok,ok,empty,empty,empty,ok
mp-1221062,NaNd3Ti3MnO12,ok,ok,empty,empty,empty,ok,ok,ok,ok,ok,empty,empty,empty,ok
mp-1221066,NaCoO2,ok,ok,empty,empty,empty,ok,ok,ok,ok,ok,empty,empty,empty,ok
mp-1221069,NaDy(WO4)2,ok,ok,empty,empty,empty,ok,ok,ok,ok,ok,empty,empty,empty,ok
mp-1221075,NaCaMgFe(SiO3)4,ok,ok,empty,empty,empty,ok,ok,ok,ok,ok,empty,empty,empty,ok
mp-1221076,NaCaScZn(SiO3)4,ok,ok,empty,empty,empty,ok,ok,ok,ok,ok,empty,empty,empty,ok
mp-1221077,NaCaMgCr(SiO3)4,ok,ok,empty,empty,empty,ok,ok,ok,ok,ok,empty,empty,empty,ok
mp-1221079,NaCaYCdF8,ok,ok,empty,empty,empty,ok,ok,ok,ok,ok,empty,empty,empty,ok
mp-1221081,NaDy3Ti2(SbO7)2,ok,ok,empty,empty,empty,ok,ok,ok,ok,ok,empty,empty,empty,ok
mp-1221083,NaNbWO6,ok,ok,empty,empty,empty,ok,ok,ok,ok,ok,empty,empty,empty,ok
mp-1221086,NaMg3V3Cr3Si6B3H3O31,ok,ok,empty,empty,empty,ok,ok,ok,ok,ok,empty,empty,empty,ok
mp-1221089,NaCaMgAl(SiO3)4,ok,ok,empty,empty,empty,ok,ok,ok,ok,ok,empty,empty,empty,ok
mp-1221090,NaCaMg2F7,ok,ok,empty,empty,empty,ok,ok,ok,ok,ok,empty,empty,empty,ok
mp-1221096,NaCa2Ta3O10,ok,ok,empty,empty,empty,ok,ok,ok,ok,ok,empty,empty,empty,ok
mp-1221098,NaCaAlSi2O7,ok,ok,empty,empty,empty,ok,ok,ok,ok,ok,empty,empty,empty,ok
mp-1221100,NaCaNb3(BiO6)2,ok,ok,empty,empty,empty,ok,ok,ok,ok,ok,empty,empty,empty,ok
mp-1221101,NaBiSe2,ok,ok,empty,ok,empty,ok,ok,ok,ok,ok,ok,empty,empty,ok
mp-1221102,NaBiTe2,ok,ok,empty,ok,empty,ok,ok,ok,ok,ok,ok,empty,empty,ok
mp-1221104,NaCaAlSi2O7,ok,ok,empty,empty,empty,ok,ok,ok,ok,ok,empty,empty,empty,ok
mp-1221106,NaMg3In(MoO4)5,ok,ok,empty,empty,empty,ok,ok,ok,ok,ok,empty,empty,empty,ok
mp-1221107,Na8Ti3Fe(Si4O11)4,ok,ok,empty,empty,empty,ok,ok,ok,ok,ok,empty,empty,empty,ok
mp-1221108,NaB10Pb4Cl2O19,ok,ok,empty,empty,empty,ok,ok,ok,ok,ok,empty,empty,empty,ok
mp-1221115,NaCr12Si8BrO28,ok,ok,empty,empty,empty,ok,ok,ok,ok,ok,empty,empty,empty,ok
mp-1221116,NaCoP2HO7,ok,ok,empty,empty,empty,ok,ok,ok,ok,ok,empty,empty,empty,ok
mp-1221117,NaCaGaSi2O7,ok,ok,empty,empty,empty,ok,ok,ok,ok,ok,empty,empty,empty,ok
mp-1221119,NaCa3Mg3Fe(SiO3)8,ok,ok,empty,empty,empty,ok,ok,ok,ok,ok,empty,empty,empty,ok
mp-1221120,NaCa3ScZn3(SiO3)8,ok,ok,empty,empty,empty,ok,ok,ok,ok,ok,empty,empty,empty,ok
mp-1221121,NaSi2H7O8,ok,ok,empty,empty,empty,ok,ok,ok,ok,ok,empty,empty,empty,ok
mp-1221124,NaBiTeO5,ok,ok,empty,empty,empty,ok,ok,ok,ok,ok,empty,empty,empty,ok
mp-1221125,NaBiS2,ok,ok,empty,ok,empty,ok,ok,ok,ok,ok,ok,empty,empty,ok
mp-1221127,NaU4V3O20,ok,ok,empty,empty,empty,ok,ok,ok,ok,ok,empty,empty,empty,ok
mp-1221128,NaCa3MgFe(Si2O7)2,ok,ok,empty,empty,empty,ok,ok,ok,ok,ok,empty,empty,empty,ok
mp-1221129,NaCaBO3,ok,ok,empty,empty,empty,ok,ok,ok,ok,ok,empty,empty,empty,ok
mp-1221130,NaLi4(H2N)5,ok,ok,empty,empty,empty,ok,ok,ok,ok,ok,empty,empty,empty,ok
mp-1221133,NaCa3AlFe3(SiO3)8,ok,ok,empty,empty,empty,ok,ok,ok,ok,ok,empty,empty,empty,ok
mp-1221134,NaCa2Mg5AlSi7(O11F)2,ok,ok,empty,empty,empty,ok,ok,ok,ok,ok,empty,empty,empty,ok
mp-1221135,Na5CoCO5,ok,ok,empty,empty,empty,ok,ok,ok,ok,ok,empty,empty,empty,ok
mp-1221137,Na4SeS,ok,ok,empty,empty,empty,ok,ok,ok,ok,ok,empty,empty,empty,ok
mp-1221138,NaCoH3(CO2)3,ok,ok,empty,empty,empty,ok,ok,ok,ok,ok,empty,empty,empty,ok
mp-1221139,Na4TeSe,ok,ok,empty,empty,empty,ok,ok,ok,ok,ok,empty,empty,empty,ok
mp-1221141,Na5Br4Cl,ok,ok,empty,empty,empty,ok,ok,ok,ok,ok,empty,empty,empty,ok
mp-1221143,NaLi4(H2N)5,ok,ok,empty,empty,empty,ok,ok,ok,ok,ok,empty,empty,empty,ok
mp-1221145,NaCr12Si8ClO28,ok,ok,empty,empty,empty,ok,ok,ok,ok,ok,empty,empty,empty,ok
mp-1221146,Na4Si2PbSe6,ok,ok,empty,ok,ok,ok,ok,ok,ok,ok,empty,empty,empty,ok
mp-1221147,Na5BrCl4,ok,ok,empty,empty,empty,ok,ok,ok,ok,ok,empty,empty,empty,ok
mp-1221148,Na3Zr2Si2PO12,ok,ok,empty,empty,empty,ok,ok,ok,ok,ok,empty,empty,empty,ok
mp-1221150,Na8Zr3Si12SnO40,ok,ok,empty,empty,empty,ok,ok,ok,ok,ok,empty,empty,empty,ok
mp-1221151,Na4Sn(GeS3)2,ok,ok,empty,ok,ok,ok,ok,ok,ok,ok,empty,empty,empty,ok
mp-1221152,Na4TiP2O9,ok,ok,empty,empty,empty,ok,ok,ok,ok,ok,empty,empty,empty,ok
mp-1221153,Na4Sr2SiP4,ok,ok,empty,empty,empty,ok,ok,ok,ok,ok,empty,empty,empty,ok
mp-1221155,Na4Sr2TiP4,ok,ok,empty,empty,empty,ok,ok,ok,ok,ok,empty,empty,empty,ok
mp-1221156,Na4Sr2TiAs4,ok,ok,empty,empty,empty,ok,ok,ok,ok,ok,empty,empty,empty,ok
mp-1221157,Na4Sc3In(SiO3)8,ok,ok,empty,empty,empty,ok,ok,ok,ok,ok,empty,empty,empty,ok
mp-1221158,Na4ScIn3(SiO3)8,ok,ok,empty,empty,empty,ok,ok,ok,ok,ok,empty,empty,empty,ok
mp-1221159,NaMg3(SiO3)4,ok,ok,empty,empty,empty,ok,ok,ok,ok,ok,empty,empty,empty,ok
mp-1221166,Na4H8PdPt,ok,ok,empty,empty,empty,ok,ok,ok,ok,ok,empty,empty,empty,ok
mp-1221167,Na4ZnCd(SiO3)4,ok,ok,empty,empty,empty,ok,ok,ok,ok,ok,empty,empty,empty,ok
mp-1221168,NaCa10(PO4)7,ok,ok,empty,empty,empty,ok,ok,ok,ok,ok,empty,empty,empty,ok
mp-1221169,Na4Ge2PbS6,ok,ok,empty,ok,ok,ok,ok,ok,ok,ok,empty,empty,empty,ok
mp-1221170,Na4Ni3(SbO5)2,ok,ok,empty,empty,empty,ok,ok,ok,ok,ok,empty,empty,empty,ok
mp-1221172,Na4TaAl3(PO4)6,ok,ok,empty,empty,empty,ok,ok,ok,ok,ok,empty,empty,empty,ok
mp-1221176,Na4Mn3BO8,ok,ok,empty,empty,empty,ok,ok,ok,ok,ok,empty,empty,empty,ok
mp-1221180,Na5Ca2Fe3(PO4)6,ok,ok,empty,empty,empty,ok,ok,ok,ok,ok,empty,empty,empty,ok
mp-1221182,NaCa2Nb8(BiO4)9,ok,ok,empty,empty,empty,ok,ok,ok,ok,ok,empty,empty,empty,ok
mp-1221184,Na4P6PbO18,ok,ok,empty,empty,empty,ok,ok,ok,ok,ok,empty,empty,empty,ok
mp-1221187,Na4MgFe(PO4)3,ok,ok,empty,empty,empty,ok,ok,ok,ok,ok,empty,empty,empty,ok
mp-1221192,Na4LiNb5O15,ok,ok,empty,empty,empty,ok,ok,ok,ok,ok,empty,empty,empty,ok
mp-1221194,Na4Al3FeO8,ok,ok,empty,empty,empty,ok,ok,ok,ok,ok,empty,empty,empty,ok
mp-1221198,Na4AgCl5,ok,ok,empty,empty,empty,ok,ok,ok,ok,ok,empty,empty,empty,ok
mp-1221200,Na4Li4MnFe3P4(O4F)4,ok,ok,empty,empty,empty,ok,ok,ok,ok,ok,empty,empty,empty,ok
mp-1221201,Na4FeNi(PO4)3,ok,ok,empty,empty,empty,ok,ok,ok,ok,ok,empty,empty,empty,ok
mp-1221202,Na4Br(ClO4)3,ok,ok,empty,empty,empty,ok,ok,ok,ok,ok,empty,empty,empty,ok
mp-1221204,NaMg3Si4HO12,ok,ok,empty,empty,empty,ok,ok,ok,ok,ok,empty,empty,empty,ok
mp-1221207,Na4Ca2SiP4,ok,ok,empty,empty,empty,ok,ok,ok,ok,ok,empty,empty,empty,ok
mp-1221210,Na4Al3Si3ClO12,ok,ok,empty,empty,empty,ok,ok,ok,ok,ok,empty,empty,empty,ok
mp-1221211,Na3WNO3,ok,ok,empty,empty,empty,ok,ok,ok,ok,ok,empty,empty,empty,ok
mp-1221213,Na3TiFe3O8,ok,ok,empty,empty,empty,ok,ok,ok,ok,ok,empty,empty,empty,ok
mp-1221217,Na3LiV4O12,ok,ok,empty,empty,empty,ok,ok,ok,ok,ok,empty,empty,empty,ok
mp-1221220,Na4AlFe3O8,ok,ok,empty,empty,empty,ok,ok,ok,ok,ok,empty,empty,empty,ok
mp-1221224,Na3BrCl2,ok,ok,empty,empty,empty,ok,ok,ok,ok,ok,empty,empty,empty,ok
mp-1221225,Na3BrCl2,ok,ok,empty,empty,empty,ok,ok,ok,ok,ok,empty,empty,empty,ok
mp-1221226,Na4Al3Fe(SiO3)8,ok,ok,empty,empty,empty,ok,ok,ok,ok,ok,empty,empty,empty,ok
mp-1221230,Na3LaTi2Nb2O12,ok,ok,empty,empty,empty,ok,ok,ok,ok,ok,empty,empty,empty,ok
mp-1221231,Na3PrTi2Nb2O12,ok,ok,empty,empty,empty,ok,ok,ok,ok,ok,empty,empty,empty,ok
mp-1221232,Na3SmTi2Nb2O12,ok,ok,empty,empty,empty,ok,ok,ok,ok,ok,empty,empty,empty,ok
mp-1221237,Na3NdTi2Nb2O12,ok,ok,empty,empty,empty,ok,ok,ok,ok,ok,empty,empty,empty,ok
mp-1221240,Na4Al2GaSi3BrO12,ok,ok,empty,empty,empty,ok,ok,ok,ok,ok,empty,empty,empty,ok
mp-1221245,Na4Co(MoO4)3,ok,ok,empty,empty,empty,ok,ok,ok,ok,ok,empty,empty,empty,ok
mp-1221246,Na3Y(Si2O5)3,ok,ok,empty,empty,empty,ok,ok,ok,ok,ok,empty,empty,empty,ok
mp-1221247,Na3ErTi2Nb2O12,ok,ok,empty,empty,empty,ok,ok,ok,ok,ok,empty,empty,empty,ok
mp-1221248,Na3B2PO5F4,ok,ok,empty,empty,empty,ok,ok,ok,ok,ok,empty,empty,empty,ok
mp-1221249,Na3DyTi2Nb2O12,ok,ok,empty,empty,empty,ok,ok,ok,ok,ok,empty,empty,empty,ok
mp-1221250,Na3Ag(TeS3)2,ok,ok,empty,empty,empty,ok,ok,ok,ok,ok,empty,empty,empty,ok
mp-1221253,Na3HoTi2Nb2O12,ok,ok,empty,empty,empty,ok,ok,ok,ok,ok,empty,empty,empty,ok
mp-1221254,Na3LiFe4(SiO3)8,ok,ok,empty,empty,empty,ok,ok,ok,ok,ok,empty,empty,empty,ok
mp-1221255,Na4Al3Cr(P2O7)4,ok,ok,empty,empty,empty,ok,ok,ok,ok,ok,empty,empty,empty,ok
mp-1221257,Na3YSi2O7,ok,ok,empty,empty,empty,ok,ok,ok,ok,ok,empty,empty,empty,ok
mp-1221258,Na2ThF6,ok,ok,empty,empty,empty,ok,ok,ok,ok,ok,empty,empty,empty,ok
mp-1221259,Na3CaMgCr3(SiO3)8,ok,ok,empty,empty,empty,ok,ok,ok,ok,ok,empty,empty,empty,ok
mp-1221260,Na4AlCr3(P2O7)4,ok,ok,empty,empty,empty,ok,ok,ok,ok,ok,empty,empty,empty,ok
mp-1221261,Na3CaSc3Zn(SiO3)8,ok,ok,empty,empty,empty,ok,ok,ok,ok,ok,empty,empty,empty,ok
mp-1221263,Na4Ca7MnSi12(HO9)4,ok,ok,empty,empty,empty,ok,ok,ok,ok,ok,empty,empty,empty,ok
mp-1221264,Na2TiNiO4,ok,ok,empty,empty,empty,ok,ok,ok,ok,ok,empty,empty,empty,ok
mp-1221267,Na2TiTeO6,ok,ok,empty,ok,ok,ok,ok,ok,ok,ok,empty,empty,empty,ok
mp-1221268,Na4(Fe2O3)5,ok,ok,empty,empty,empty,ok,ok,ok,ok,ok,empty,empty,empty,ok
mp-1221269,Na3GdTi2Nb2O12,ok,ok,empty,empty,empty,ok,ok,ok,ok,ok,empty,empty,empty,ok
mp-1221270,Na2ThTi3O9,ok,ok,empty,empty,empty,ok,ok,ok,ok,ok,empty,empty,empty,ok
mp-1221271,Na3Be3Pb2F13,ok,ok,empty,empty,empty,ok,ok,ok,ok,ok,empty,empty,empty,ok
mp-1221274,Na4Ca7MnSi12(HO9)4,ok,ok,empty,empty,empty,ok,ok,ok,ok,ok,empty,empty,empty,ok
mp-1221277,Na2ZnFe(PO4)2,ok,ok,empty,empty,empty,ok,ok,ok,ok,ok,empty,empty,empty,ok
mp-1221279,Na3LiGa4(SiO3)8,ok,ok,empty,empty,empty,ok,ok,ok,ok,ok,empty,empty,empty,ok
mp-1221280,Na3Sc2(PO4)3,ok,ok,empty,empty,empty,ok,ok,ok,ok,ok,empty,empty,empty,ok
mp-1221282,Na2U2O7,ok,ok,empty,empty,empty,ok,ok,ok,ok,ok,empty,empty,empty,ok
mp-1221283,Na3YC2(O3F)2,ok,ok,empty,empty,empty,ok,ok,ok,ok,ok,empty,empty,empty,ok
mp-1221286,Na3Mn2BO6,ok,ok,empty,empty,empty,ok,ok,ok,ok,ok,empty,empty,empty,ok
mp-1221287,Na3Sc2(PO4)3,ok,ok,empty,empty,empty,ok,ok,ok,ok,ok,empty,empty,empty,ok
mp-1221289,Na3V2PO9,ok,ok,empty,empty,empty,ok,ok,ok,ok,ok,empty,empty,empty,ok
mp-1221291,Na3Nb6Bi5O24,ok,ok,empty,empty,empty,ok,ok,ok,ok,ok,empty,empty,empty,ok
mp-1221293,Na2Ti12O25,ok,ok,empty,empty,empty,ok,ok,ok,ok,ok,empty,empty,empty,ok
mp-1221294,Na3Cr2(PO4)3,ok,ok,empty,empty,empty,ok,ok,ok,ok,ok,empty,empty,empty,ok
mp-1221297,Na3Co6Ag(P2O7)4,ok,ok,empty,empty,empty,ok,ok,ok,ok,ok,empty,empty,empty,ok
mp-1221302,Na2Zr4As3(PO8)3,ok,ok,empty,empty,empty,ok,ok,ok,ok,ok,empty,empty,empty,ok
mp-1221303,Na2Th(MoO4)3,ok,ok,empty,empty,empty,ok,ok,ok,ok,ok,empty,empty,empty,ok
mp-1221305,Na3H5(CO4)2,ok,ok,empty,empty,empty,ok,ok,ok,ok,ok,empty,empty,empty,ok
mp-1221308,Na3CaAl3Si3SO16,ok,ok,empty,empty,empty,ok,ok,ok,ok,ok,empty,empty,empty,ok
mp-1221313,Na2SrAl4(B2O7)2,ok,ok,empty,empty,empty,ok,ok,ok,ok,ok,empty,empty,empty,ok
mp-1221315,Na2Sr3P4,ok,ok,empty,empty,empty,ok,ok,ok,ok,ok,empty,empty,empty,ok
mp-1221316,Na2Sr2Nb4O13,ok,ok,empty,empty,empty,ok,ok,ok,ok,ok,empty,empty,empty,ok
mp-1221317,Na2ScIn(SiO3)4,ok,ok,empty,empty,empty,ok,ok,ok,ok,ok,empty,empty,empty,ok
mp-1221321,Na2Sr(SiO3)2,ok,ok,empty,empty,empty,ok,ok,ok,ok,ok,empty,empty,empty,ok
mp-1221322,Na4P4H10N4O11,ok,ok,empty,empty,empty,ok,ok,ok,ok,ok,empty,empty,empty,ok
mp-1221323,Na3Mo4P5O24,ok,ok,empty,empty,empty,ok,ok,ok,ok,ok,empty,empty,empty,ok
mp-1221329,Na2Nd2PtO6,ok,ok,empty,empty,empty,ok,ok,ok,ok,ok,empty,empty,empty,ok
mp-1221330,Na3Nb7P4O29,ok,ok,empty,empty,empty,ok,ok,ok,ok,ok,empty,empty,empty,ok
mp-1221336,Na3LiMg4(Si2O5)6,ok,ok,empty,empty,empty,ok,ok,ok,ok,ok,empty,empty,empty,ok
mp-1221337,Na2Ti7O15,ok,ok,empty,empty,empty,ok,ok,ok,ok,ok,empty,empty,empty,ok
mp-1221344,Na2Zr(Si2O5)3,ok,ok,empty,empty,empty,ok,ok,ok,ok,ok,empty,empty,empty,ok
mp-1221345,Na2PHO4,ok,ok,empty,empty,empty,ok,ok,ok,ok,ok,empty,empty,empty,ok
mp-1221346,Na2Nd4NCl9O,ok,ok,empty,empty,empty,ok,ok,ok,ok,ok,empty,empty,empty,ok
mp-1221355,Na2GeTeO6,ok,ok,empty,empty,empty,ok,ok,ok,ok,ok,empty,empty,empty,ok
mp-1221365,Na2MnCdFe(PO4)3,ok,ok,empty,empty,empty,ok,ok,ok,ok,ok,empty,empty,empty,ok
mp-1221367,Na2La2PtO6,ok,ok,empty,empty,empty,ok,ok,ok,ok,ok,empty,empty,empty,ok
mp-1221374,Na2MoAs2O9,ok,ok,empty,empty,empty,ok,ok,ok,ok,ok,empty,empty,empty,ok
mp-1221376,Na2MnFeF7,ok,ok,empty,empty,empty,ok,ok,ok,ok,ok,empty,empty,empty,ok
mp-1221381,Na3Th6ZnF29,ok,ok,empty,empty,empty,ok,ok,ok,ok,ok,empty,empty,empty,ok
mp-1221383,Na2MgSi5O12,ok,ok,empty,empty,empty,ok,ok,ok,ok,ok,empty,empty,empty,ok
mp-1221384,Na2Fe3SbO8,ok,ok,empty,empty,empty,ok,ok,ok,ok,ok,empty,empty,empty,ok
mp-1221385,Na2BrCl,ok,ok,empty,empty,empty,ok,ok,ok,ok,ok,empty,empty,empty,ok
mp-1221398,Na2Zn11(MoO4)12,ok,ok,empty,empty,empty,ok,ok,ok,ok,ok,empty,empty,empty,ok
mp-1221399,Na2AlFe(SiO3)4,ok,ok,empty,empty,empty,ok,ok,ok,ok,ok,empty,empty,empty,ok
mp-1221409,Na2Mg5(MoO4)6,ok,ok,empty,empty,empty,ok,ok,ok,ok,ok,empty,empty,empty,ok
mp-1221423,Na2Mn(SiO3)2,ok,ok,empty,empty,empty,ok,ok,ok,ok,ok,empty,empty,empty,ok
mp-1221428,Na2Al2B2O7,ok,ok,empty,empty,empty,ok,ok,ok,ok,ok,empty,empty,empty,ok
mp-1221439,Na4Li5(WO3)10,ok,ok,empty,empty,empty,ok,ok,ok,ok,ok,empty,empty,empty,ok
mp-1221444,Na2BrClO6,ok,ok,empty,empty,empty,ok,ok,ok,ok,ok,empty,empty,empty,ok
mp-1221449,Na2Ca2(SiO3)3,ok,ok,empty,empty,empty,ok,ok,ok,ok,ok,empty,empty,empty,ok
mp-1221451,Na2Al2B2O7,ok,ok,empty,empty,empty,ok,ok,ok,ok,ok,empty,empty,empty,ok
mp-1221453,Na2CeO3,ok,ok,empty,empty,empty,ok,ok,ok,ok,ok,empty,empty,empty,ok
mp-1221456,Na2Mg2Fe2Se3(SO8)3,ok,ok,empty,empty,empty,ok,ok,ok,ok,ok,empty,empty,empty,ok
mp-1221459,Na2Ca(Ge3O7)2,ok,ok,empty,empty,empty,ok,ok,ok,ok,ok,empty,empty,empty,ok
mp-1221470,Na2CaMg5Si8(O11F)2,ok,ok,empty,empty,empty,ok,ok,ok,ok,ok,empty,empty,empty,ok
mp-1221471,Na3V(H14O11)2,ok,ok,empty,empty,empty,ok,ok,ok,ok,ok,empty,empty,empty,ok
mp-1221472,Na2MnVF7,ok,ok,empty,empty,empty,ok,ok,ok,ok,ok,empty,empty,empty,ok
mp-1221475,Na2FeSn(PO4)3,ok,ok,empty,empty,empty,ok,ok,ok,ok,ok,empty,empty,empty,ok
mp-1221476,Na2AlCr(P2O7)2,ok,ok,empty,empty,empty,ok,ok,ok,ok,ok,empty,empty,empty,ok
mp-1221477,Na2Al2Si3O10,ok,ok,empty,empty,empty,ok,ok,ok,ok,ok,empty,empty,empty,ok
mp-1221478,Na2Cd2Fe(PO4)3,ok,ok,empty,empty,empty,ok,ok,ok,ok,ok,empty,empty,empty,ok
mp-1221479,Na3Mn2CuH10S4O17,ok,ok,empty,empty,empty,ok,ok,ok,ok,ok,empty,empty,empty,ok
mp-1221481,Na2Al3As9O28,ok,ok,empty,empty,empty,ok,ok,ok,ok,ok,empty,empty,empty,ok
mp-1221508,Na11TiNb2Si4P2O25F,ok,ok,empty,empty,empty,ok,ok,ok,ok,ok,empty,empty,empty,ok
mp-1221511,Na2Mg5(Si2O5)6,ok,ok,empty,empty,empty,ok,ok,ok,ok,ok,empty,empty,empty,ok
mp-1221527,Na2Mg3Zn2(Si2O5)6,ok,ok,empty,empty,empty,ok,ok,ok,ok,ok,empty,empty,empty,ok
mp-1221546,Na16Al12Si12I3ClO48,ok,ok,empty,empty,empty,ok,ok,ok,ok,ok,empty,empty,empty,ok
mp-1221556,Na4MgV10(H11O13)4,ok,ok,empty,empty,empty,ok,ok,ok,ok,ok,empty,empty,empty,ok
mp-1221585,Na2In2Mo5O16,ok,ok,empty,empty,empty,ok,ok,ok,ok,ok,empty,empty,empty,ok
mp-1221604,Na2CaMnAl2P2H2(O5F2)2,ok,ok,empty,empty,empty,ok,ok,ok,ok,ok,empty,empty,empty,ok
mp-1221605,Na3Mg5Si8(HO8)3,ok,ok,empty,empty,empty,ok,ok,ok,ok,ok,empty,empty,empty,ok
mp-1221674,Na2AsP(H4O5)2,ok,ok,empty,empty,empty,ok,ok,ok,ok,ok,empty,empty,empty,ok
mp-1221694,NaSr6H17Pd2O17,ok,ok,empty,empty,empty,ok,ok,ok,ok,ok,empty,empty,empty,ok
mp-1221784,Na10B18H6O35,ok,ok,empty,empty,empty,ok,ok,ok,ok,ok,empty,empty,empty,ok
mp-1221800,Na2Mg3(MoO4)4,ok,ok,empty,empty,empty,ok,ok,ok,ok,ok,empty,empty,empty,ok
mp-1221806,Na2Ca2(SiO3)3,ok,ok,empty,empty,empty,ok,ok,ok,ok,ok,empty,empty,empty,ok
mp-1221823,NaTi8(Bi3O10)3,ok,ok,empty,empty,empty,ok,ok,ok,ok,ok,empty,empty,empty,ok
mp-1221829,Na22CaFe6P12(O8F)6,ok,ok,empty,empty,empty,ok,ok,ok,ok,ok,empty,empty,empty,ok
mp-1221844,Na2CaPb3(CO3)5,ok,ok,empty,empty,empty,ok,ok,ok,ok,ok,empty,empty,empty,ok
mp-1221862,Na4AsP(H15O11)2,ok,ok,empty,empty,empty,ok,ok,ok,ok,ok,empty,empty,empty,ok
mp-1221910,Na2MgB12(H4O7)4,ok,ok,empty,empty,empty,ok,ok,ok,ok,ok,empty,empty,empty,ok
mp-1221911,Na2Ca4ZrNbSi4O17F,ok,ok,empty,empty,empty,ok,ok,ok,ok,ok,empty,empty,empty,ok
mp-1221915,Na2Ca2Zr2MnFeSi4O17F,ok,ok,empty,empty,empty,ok,ok,ok,ok,ok,empty,empty,empty,ok
mp-1221962,Na12Ca3Fe2(SiO3)12,ok,ok,empty,empty,empty,ok,ok,ok,ok,ok,empty,empty,empty,ok
mp-1221989,Na4Cd7(N5O6)6,ok,ok,empty,empty,empty,ok,ok,ok,ok,ok,empty,empty,empty,ok
mp-1222063,Na15Y2C9SClO30F,ok,ok,empty,empty,empty,ok,ok,ok,ok,ok,empty,empty,empty,ok
mp-1222149,Na3H5(SeO4)4,ok,ok,empty,empty,empty,ok,ok,ok,ok,ok,empty,empty,empty,ok
mp-1222188,Na11B21(ClO18)2,ok,ok,empty,empty,empty,ok,ok,ok,ok,ok,empty,empty,empty,ok
mp-1222204,Na3As4H5O14,ok,ok,empty,empty,empty,ok,ok,ok,ok,ok,empty,empty,empty,ok
mp-1222228,Na14Mg9(P2O7)8,ok,ok,empty,empty,empty,ok,ok,ok,ok,ok,empty,empty,empty,ok
mp-1222390,Na5H7(Se2O9)2,ok,ok,empty,empty,empty,ok,ok,ok,ok,ok,empty,empty,empty,ok
mp-12226,NaNd(PO3)4,ok,ok,empty,empty,empty,ok,ok,ok,ok,ok,empty,empty,empty,ok
mp-1222730,Na2Ca17Al12O36,ok,ok,empty,empty,empty,ok,ok,ok,ok,ok,empty,empty,empty,ok
mp-1223192,Na21ZnS10Cl3O40,ok,ok,empty,empty,empty,ok,ok,ok,ok,ok,empty,empty,empty,ok
mp-1223313,KNaCl2,ok,ok,empty,empty,empty,ok,ok,ok,ok,ok,empty,empty,empty,ok
mp-1223317,KNaMg2F6,ok,ok,empty,empty,empty,ok,ok,ok,ok,ok,empty,empty,empty,ok
mp-1223318,KNaMg2F6,ok,ok,empty,empty,empty,ok,ok,ok,ok,ok,empty,empty,empty,ok
mp-1223345,KNaNb2O6,ok,ok,empty,empty,empty,ok,ok,ok,ok,ok,empty,empty,empty,ok
mp-1223364,KNaNb2O6,ok,ok,empty,empty,empty,ok,ok,ok,ok,ok,empty,empty,empty,ok
mp-1223376,KNa4Cl5,ok,ok,empty,empty,empty,ok,ok,ok,ok,ok,empty,empty,empty,ok
mp-1223378,KNa4Cl5,ok,ok,empty,empty,empty,ok,ok,ok,ok,ok,empty,empty,empty,ok
mp-1223382,KNa4Cl5,ok,ok,empty,empty,empty,ok,ok,ok,ok,ok,empty,empty,empty,ok
mp-1223383,Na2CaNb4Bi2O15,ok,ok,empty,empty,empty,ok,ok,ok,ok,ok,empty,empty,empty,ok
mp-1223387,KNa4Cl5,ok,ok,empty,empty,empty,ok,ok,ok,ok,ok,empty,empty,empty,ok
mp-1223389,KNaTi4(BiO6)2,ok,ok,empty,empty,empty,ok,ok,ok,ok,ok,empty,empty,empty,ok
mp-1223398,KNaTi4(PO4)6,ok,ok,empty,empty,empty,ok,ok,ok,ok,ok,empty,empty,empty,ok
mp-1223410,KNa3Mg4F12,ok,ok,empty,empty,empty,ok,ok,ok,ok,ok,empty,empty,empty,ok
mp-1223429,KNaP6(PbO3)8,ok,ok,empty,empty,empty,ok,ok,ok,ok,ok,empty,empty,empty,ok
mp-1223435,KNaCaMg5Si8(O11F)2,ok,ok,empty,empty,empty,ok,ok,ok,ok,ok,empty,empty,empty,ok
mp-1223470,KNa7Al8(SiO4)8,ok,ok,empty,empty,empty,ok,ok,ok,ok,ok,empty,empty,empty,ok
mp-1223475,KNaCaTh(Si2O5)4,ok,ok,empty,empty,empty,ok,ok,ok,ok,ok,empty,empty,empty,ok
mp-1223483,KNaAs6(PbO3)8,ok,ok,empty,empty,empty,ok,ok,ok,ok,ok,empty,empty,empty,ok
mp-1223492,Na3Pb2S3ClO12,ok,ok,empty,empty,empty,ok,ok,ok,ok,ok,empty,empty,empty,ok
mp-1223494,KNaSr8(BO3)6,ok,ok,empty,empty,empty,ok,ok,ok,ok,ok,empty,empty,empty,ok
mp-1223505,KNaHf4(PO4)6,ok,ok,empty,empty,empty,ok,ok,ok,ok,ok,empty,empty,empty,ok
mp-1223519,KNa7V8O24,ok,ok,empty,empty,empty,ok,ok,ok,ok,ok,empty,empty,empty,ok
mp-1223552,KNaCaMg5(SiO3)8,ok,ok,empty,empty,empty,ok,ok,ok,ok,ok,empty,empty,empty,ok
mp-1223561,K3NaS2,ok,ok,empty,empty,empty,ok,ok,ok,ok,ok,empty,empty,empty,ok
mp-1223601,KNaSrMg5(SiO3)8,ok,ok,empty,empty,empty,ok,ok,ok,ok,ok,empty,empty,empty,ok
mp-1223630,KBaNa2Ti3Fe(Si2O9)2,ok,ok,empty,empty,empty,ok,ok,ok,ok,ok,empty,empty,empty,ok
mp-1223632,KNa2WN3,ok,ok,empty,empty,empty,ok,ok,ok,ok,ok,empty,empty,empty,ok
mp-1223684,KNaMg3Zn2(Si2O5)6,ok,ok,empty,empty,empty,ok,ok,ok,ok,ok,empty,empty,empty,ok
mp-1223707,KNa2LiTi2MnFe(SiO3)8,ok,ok,empty,empty,empty,ok,ok,ok,ok,ok,empty,empty,empty,ok
mp-1223736,K6Na3Ti2Al2Si8Cl3O26,ok,ok,empty,empty,empty,ok,ok,ok,ok,ok,empty,empty,empty,ok
mp-1223772,Na4U3Te5O21,ok,ok,empty,empty,empty,ok,ok,ok,ok,ok,empty,empty,empty,ok
mp-1223796,K2Na(SbO3)3,ok,ok,empty,empty,empty,ok,ok,ok,ok,ok,empty,empty,empty,ok
mp-1223810,K2NaCl3,ok,ok,empty,empty,empty,ok,ok,ok,ok,ok,empty,empty,empty,ok
mp-1223813,K4NaCl5,ok,ok,empty,empty,empty,ok,ok,ok,ok,ok,empty,empty,empty,ok
mp-1223818,K2NaCl3,ok,ok,empty,empty,empty,ok,ok,ok,ok,ok,empty,empty,empty,ok
mp-1223827,K2NaNb(OF2)2,ok,ok,empty,empty,empty,ok,ok,ok,ok,ok,empty,empty,empty,ok
mp-1223849,K5Na3(MoO4)4,ok,ok,empty,empty,empty,ok,ok,ok,ok,ok,empty,empty,empty,ok
mp-1223869,K4NaCl5,ok,ok,empty,empty,empty,ok,ok,ok,ok,ok,empty,empty,empty,ok
mp-1223871,K4NaCl5,ok,ok,empty,empty,empty,ok,ok,ok,ok,ok,empty,empty,empty,ok
mp-1223916,K4NaCl5,ok,ok,empty,empty,empty,ok,ok,ok,ok,ok,empty,empty,empty,ok
mp-1223924,K4NaCl5,ok,ok,empty,empty,empty,ok,ok,ok,ok,ok,empty,empty,empty,ok
mp-12240,Na2LiBe2F7,ok,ok,empty,ok,ok,ok,ok,ok,ok,ok,empty,empty,empty,ok
mp-1224007,K2NaMo(OF)3,ok,ok,empty,empty,empty,ok,ok,ok,ok,ok,empty,empty,empty,ok
mp-1224011,K2NaNb3O9,ok,ok,empty,empty,empty,ok,ok,ok,ok,ok,empty,empty,empty,ok
mp-1224179,K3NaP4(H2O7)2,ok,ok,empty,empty,empty,ok,ok,ok,ok,ok,empty,empty,empty,ok
mp-1224220,KNaV6(PbO3)8,ok,ok,empty,empty,empty,ok,ok,ok,ok,ok,empty,empty,empty,ok
mp-1224256,K5NaNi5(P2O7)4,ok,ok,empty,empty,empty,ok,ok,ok,ok,ok,empty,empty,empty,ok
mp-1224270,KNaCa3Mg10(SiO3)16,ok,ok,empty,empty,empty,ok,ok,ok,ok,ok,empty,empty,empty,ok
mp-1224320,K3Na9Sr4(BO2)20,ok,ok,empty,empty,empty,ok,ok,ok,ok,ok,empty,empty,empty,ok
mp-1224323,KNa3Al12H24(SO7)8,ok,ok,empty,empty,empty,ok,ok,ok,ok,ok,empty,empty,empty,ok
mp-1224548,K3Na7Mg2H12S6(NO18)2,ok,ok,empty,empty,empty,ok,ok,ok,ok,ok,empty,empty,empty,ok
mp-1224551,K4NaNb5O15,ok,ok,empty,empty,empty,ok,ok,ok,ok,ok,empty,empty,empty,ok
mp-1224582,K3Na(B3O5)4,ok,ok,empty,empty,empty,ok,ok,ok,ok,ok,empty,empty,empty,ok
mp-1224604,K2Na4Li2Ti4Mn3Fe(SiO3)16,ok,ok,empty,empty,empty,ok,ok,ok,ok,ok,empty,empty,empty,ok
mp-1225321,Na12DyY3H48(CO5)12,ok,ok,empty,empty,empty,ok,ok,ok,ok,ok,empty,empty,empty,ok
mp-1225970,CsNaSiO3,ok,ok,empty,empty,empty,ok,ok,ok,ok,ok,empty,empty,empty,ok
mp-1226101,Cs8Na4YHo3Cl24,ok,ok,empty,empty,empty,ok,ok,ok,ok,ok,empty,empty,empty,ok
mp-1226173,CsNa5(FeO3)2,ok,ok,empty,empty,empty,ok,ok,ok,ok,ok,empty,empty,empty,ok
mp-1226675,Cs8Na4Y3HoCl24,ok,ok,empty,empty,empty,ok,ok,ok,ok,ok,empty,empty,empty,ok
mp-1226690,Cs8Na4Y3HoCl24,ok,ok,empty,empty,empty,ok,ok,ok,ok,ok,empty,empty,empty,ok
mp-1226923,CsNaB10(H2O9)2,ok,ok,empty,empty,empty,ok,ok,ok,ok,ok,empty,empty,empty,ok
mp-1227036,Cs2Na2SnGeF12,ok,ok,empty,empty,empty,ok,ok,ok,ok,ok,empty,empty,empty,ok
mp-1227835,BaNaTiNbO6,ok,ok,empty,empty,empty,ok,ok,ok,ok,ok,empty,empty,empty,ok
mp-1227883,BaNaPO4,ok,ok,empty,empty,empty,ok,ok,ok,ok,ok,empty,empty,empty,ok
mp-1227892,BaNaVS4,ok,ok,empty,empty,empty,ok,ok,ok,ok,ok,empty,empty,empty,ok
mp-1227913,BaNaSr3(SbO4)3,ok,ok,empty,empty,empty,ok,ok,ok,ok,ok,empty,empty,empty,ok
mp-1227924,BaNa2Fe4F12,ok,ok,empty,empty,empty,ok,ok,ok,ok,ok,empty,empty,empty,ok
mp-1228057,BaNa4Ti2Si10(BO15)2,ok,ok,empty,empty,empty,ok,ok,ok,ok,ok,empty,empty,empty,ok
mp-1228103,Ba6Na2Nb2V2O17,ok,ok,empty,empty,empty,ok,ok,ok,ok,ok,empty,empty,empty,ok
mp-1228279,Ba3NaSr(SbO4)3,ok,ok,empty,empty,empty,ok,ok,ok,ok,ok,empty,empty,empty,ok
mp-1228472,Ba2NaLaTi4O12,ok,ok,empty,empty,empty,ok,ok,ok,ok,ok,empty,empty,empty,ok
mp-1228549,Cs2Na8U8Mo5O44,ok,ok,empty,empty,empty,ok,ok,ok,ok,ok,empty,empty,empty,ok
mp-1228553,Ba2NaSr2(SbO4)3,ok,ok,empty,empty,empty,ok,ok,ok,ok,ok,empty,empty,empty,ok
mp-1228567,Ba2NaMn3F11,ok,ok,empty,empty,empty,ok,ok,ok,ok,ok,empty,empty,empty,ok
mp-1228577,Ba2NaSr2(SbO4)3,ok,ok,empty,empty,empty,ok,ok,ok,ok,ok,empty,empty,empty,ok
mp-1228581,Ba4Na2W2O11,ok,ok,empty,empty,empty,ok,ok,ok,ok,ok,empty,empty,empty,ok
mp-1228955,Cs4Na2ScGaF12,ok,ok,empty,ok,empty,ok,ok,ok,ok,ok,empty,empty,empty,ok
mp-12309,Cs2NaAl3F12,ok,ok,empty,ok,empty,ok,ok,ok,ok,ok,empty,empty,empty,ok
mp-1232413,Na3CuP2H6NO13,ok,ok,empty,empty,empty,ok,ok,ok,ok,ok,empty,empty,empty,ok
mp-1237121,Na4NiH38(W3O20)2,ok,ok,empty,empty,empty,ok,ok,ok,ok,ok,empty,empty,empty,ok
mp-1237388,Na3SbF6,ok,ok,empty,empty,empty,ok,ok,ok,ok,ok,empty,empty,empty,ok
mp-1238101,Na3BiF6,ok,ok,empty,empty,empty,ok,ok,ok,ok,ok,empty,empty,empty,ok
mp-12384,NaEr(PS3)2,ok,ok,empty,empty,empty,ok,ok,ok,ok,ok,empty,empty,empty,ok
mp-1238646,NaGaBP2H3O10,ok,ok,empty,empty,empty,ok,ok,ok,ok,ok,empty,empty,empty,ok
mp-1238774,NaVPO4F,ok,ok,empty,empty,empty,ok,ok,ok,ok,ok,empty,empty,empty,ok
mp-1244517,Na3FeO3,ok,ok,empty,empty,empty,ok,ok,ok,ok,ok,empty,empty,empty,ok
mp-1245360,Na7VN4,ok,ok,empty,empty,empty,ok,ok,ok,ok,ok,empty,empty,empty,ok
mp-1245743,NaSbN2,ok,ok,empty,empty,empty,ok,ok,ok,ok,ok,empty,empty,empty,ok
mp-1246093,NaCaLaF6,ok,ok,empty,empty,empty,ok,ok,ok,ok,ok,empty,empty,empty,ok
mp-1246168,NaSi5N7,ok,ok,empty,empty,empty,ok,ok,ok,ok,ok,empty,empty,empty,ok
mp-1246174,Na3ScN2,ok,ok,empty,empty,empty,ok,ok,ok,ok,ok,empty,empty,empty,ok
mp-1246268,NaI,ok,ok,empty,empty,empty,ok,ok,ok,ok,ok,empty,empty,empty,ok
mp-1246579,Na3Si3N5,ok,ok,empty,empty,empty,ok,ok,ok,ok,ok,empty,empty,empty,ok
mp-1246750,NaGeN,ok,ok,empty,empty,empty,ok,ok,ok,ok,ok,empty,empty,empty,ok
mp-1246847,Na3AlN2,ok,ok,empty,empty,empty,ok,ok,ok,ok,ok,empty,empty,empty,ok
mp-1247493,Na6CrN4,ok,ok,empty,empty,empty,ok,ok,ok,ok,ok,empty,empty,empty,ok
mp-1247561,NaSiBO4,ok,ok,empty,empty,empty,ok,ok,ok,ok,ok,empty,empty,empty,ok
mp-1248208,Na3Ca3Zr2Si4(O5F)3,ok,ok,empty,empty,empty,ok,ok,ok,ok,ok,empty,empty,empty,ok
mp-1248468,NaCaAlSi2O7,ok,ok,empty,empty,empty,ok,ok,ok,ok,ok,empty,empty,empty,ok
mp-12485,NaSm3SiS7,ok,ok,empty,ok,ok,ok,ok,ok,ok,ok,empty,empty,empty,ok
mp-1248585,Na3CaSc3Zn(SiO3)8,ok,ok,empty,empty,empty,ok,ok,ok,ok,ok,empty,empty,empty,ok
mp-1252316,Na3CaFe4(SiO3)8,ok,ok,empty,empty,empty,ok,ok,ok,ok,ok,empty,empty,empty,ok
mp-1252733,Na3CaAl3Si3SO16,ok,ok,empty,empty,empty,ok,ok,ok,ok,ok,empty,empty,empty,ok
mp-1253229,Na3CaAl3Si3CO15,ok,ok,empty,empty,empty,ok,ok,ok,ok,ok,empty,empty,empty,ok
mp-1256265,NaCaMgAl(SiO3)4,ok,ok,empty,empty,empty,ok,ok,ok,ok,ok,empty,empty,empty,ok
mp-1257731,Na2Al2Si3(HO3)4,ok,ok,empty,empty,empty,ok,ok,ok,ok,ok,empty,empty,empty,ok
mp-1262161,NaCaGaSi2O7,ok,ok,empty,empty,empty,ok,ok,ok,ok,ok,empty,empty,empty,ok
mp-1263670,NaCa2TiSi2O8F,ok,ok,empty,empty,empty,ok,ok,ok,ok,ok,empty,empty,empty,ok
mp-1266,Na2Se,ok,ok,ok,ok,empty,ok,ok,ok,ok,ok,ok,empty,empty,ok
mp-1266342,Na11Zr8Si7P5O48,ok,ok,empty,empty,empty,ok,ok,ok,ok,ok,empty,empty,empty,ok
mp-1267,NaC,ok,ok,ok,empty,empty,ok,ok,ok,ok,ok,empty,empty,empty,ok
mp-1272321,NaMnO2,ok,ok,empty,empty,empty,ok,ok,ok,ok,ok,empty,empty,empty,ok
mp-1272968,NaV2O4,ok,ok,empty,empty,empty,ok,ok,ok,ok,ok,empty,empty,empty,ok
mp-1274992,Na3V5O10,ok,ok,empty,empty,empty,ok,ok,ok,ok,ok,empty,empty,empty,ok
mp-1276259,Na(CoO2)3,ok,ok,empty,empty,empty,ok,ok,ok,ok,ok,empty,empty,empty,ok
mp-1280674,NaMn2Mo2H3O10,ok,ok,empty,empty,empty,ok,ok,ok,ok,ok,empty,empty,empty,ok
mp-1283194,NaCo2O3,ok,ok,empty,empty,empty,ok,ok,ok,ok,ok,empty,empty,empty,ok
mp-1283729,NaMnO2,ok,ok,empty,empty,empty,ok,ok,ok,ok,ok,empty,empty,empty,ok
mp-1287635,NaFe2P2HO8,ok,ok,empty,empty,empty,ok,ok,ok,ok,ok,empty,empty,empty,ok
mp-12948,NaMgF3,ok,ok,empty,empty,empty,ok,ok,ok,ok,ok,empty,empty,empty,ok
mp-1297798,Na3V5O10,ok,ok,empty,empty,empty,ok,ok,ok,ok,ok,empty,empty,empty,ok
mp-1301551,Na3CoPCO7,ok,ok,empty,empty,empty,ok,ok,ok,ok,ok,empty,empty,empty,ok
mp-13019,NaLa2TaO6,ok,ok,empty,empty,empty,ok,ok,ok,ok,ok,empty,empty,empty,ok
mp-1304173,NaV5O8,ok,ok,empty,empty,empty,ok,ok,ok,ok,ok,empty,empty,empty,ok
mp-13042,NaSr3TaO6,ok,ok,empty,ok,empty,ok,ok,ok,ok,ok,empty,empty,empty,ok
mp-1304400,Na3V5O10,ok,ok,empty,empty,empty,ok,ok,ok,ok,ok,empty,empty,empty,ok
mp-1305038,Na3V3O8,ok,ok,empty,empty,empty,ok,ok,ok,ok,ok,empty,empty,empty,ok
mp-1306808,NaCo2H3(SeO5)2,ok,ok,empty,empty,empty,ok,ok,ok,ok,ok,empty,empty,empty,ok
mp-1307582,NaFeH4SO6F,ok,ok,empty,empty,empty,ok,ok,ok,ok,ok,empty,empty,empty,ok
mp-1312265,NaV2O4,ok,ok,empty,empty,empty,ok,ok,ok,ok,ok,empty,empty,empty,ok
mp-13170,KNaGdNbO5,ok,ok,empty,empty,empty,ok,ok,ok,ok,ok,empty,empty,empty,ok
mp-13274,Na4CO4,ok,ok,empty,empty,empty,ok,ok,ok,ok,ok,empty,empty,empty,ok
mp-13275,NaSrP,ok,ok,empty,ok,ok,ok,ok,ok,ok,ok,ok,empty,empty,ok
mp-1346558,K2NaNb(OF2)2,ok,ok,empty,empty,empty,ok,ok,ok,ok,ok,empty,empty,empty,ok
mp-13599,NaSn2F5,ok,ok,empty,empty,empty,ok,ok,ok,ok,ok,empty,empty,empty,ok
mp-13630,Rb3NaBe2F8,ok,ok,empty,ok,empty,ok,ok,ok,ok,ok,empty,empty,empty,ok
mp-13718,NaCd4(PO4)3,ok,ok,empty,empty,empty,ok,ok,ok,ok,ok,empty,empty,empty,ok
mp-13726,Na3SrLaZnSi6O17,ok,ok,empty,empty,empty,ok,ok,ok,ok,ok,empty,empty,empty,ok
mp-13745,Na5FeO4,ok,ok,empty,empty,empty,ok,ok,ok,ok,ok,empty,empty,empty,ok
mp-13755,BaNa(PO3)3,ok,ok,empty,ok,ok,ok,ok,ok,ok,ok,empty,empty,empty,ok
mp-13774,NaNdSiO4,ok,ok,empty,empty,empty,ok,ok,ok,ok,ok,empty,empty,empty,ok
mp-13791,BaNaNd(SiO3)3,ok,ok,empty,empty,empty,ok,ok,ok,ok,ok,empty,empty,empty,ok
mp-13798,K2NaTlF6,ok,ok,ok,empty,empty,ok,ok,ok,ok,ok,empty,empty,empty,ok
mp-13799,K2NaYF6,ok,ok,ok,empty,empty,ok,ok,ok,ok,ok,empty,empty,empty,ok
mp-13800,Cs2NaTlF6,ok,ok,empty,ok,empty,ok,ok,ok,ok,ok,empty,empty,empty,ok
mp-13810,Na2TiZn2SiO7,ok,ok,empty,empty,empty,ok,ok,ok,ok,ok,empty,empty,empty,ok
mp-13815,Rb2NaErF6,ok,ok,ok,empty,empty,ok,ok,ok,ok,ok,empty,empty,empty,ok
mp-13816,Cs2NaErF6,ok,ok,ok,empty,empty,ok,ok,ok,ok,ok,empty,empty,empty,ok
mp-13898,Cs2NaInF6,ok,ok,empty,ok,empty,ok,ok,ok,ok,ok,empty,empty,empty,ok
mp-13925,Cs2NaYF6,ok,ok,ok,ok,empty,ok,ok,ok,ok,ok,empty,empty,empty,ok
mp-13926,Rb2NaYF6,ok,ok,empty,empty,empty,ok,ok,ok,ok,ok,empty,empty,empty,ok
mp-1394437,NaMg2H3(SO4)2,ok,ok,empty,empty,empty,ok,ok,ok,ok,ok,empty,empty,empty,ok
mp-13998,Na5AlO4,ok,ok,empty,empty,empty,ok,ok,ok,ok,ok,empty,empty,empty,ok
mp-14023,Na3Li3Sc2F12,ok,ok,empty,empty,empty,ok,ok,ok,ok,ok,empty,empty,empty,ok
mp-14030,Na2LiY(Si2O5)3,ok,ok,empty,empty,empty,ok,ok,ok,ok,ok,empty,empty,empty,ok
mp-14037,NaTl2RhF6,ok,ok,empty,ok,empty,ok,ok,ok,ok,ok,empty,empty,empty,ok
mp-14038,Rb2NaRhF6,ok,ok,ok,ok,empty,ok,ok,ok,ok,ok,empty,empty,empty,ok
mp-14039,K2NaRhF6,ok,ok,ok,empty,empty,ok,ok,ok,ok,ok,empty,empty,empty,ok
mp-14065,Na2TiZn2GeO7,ok,ok,empty,empty,empty,ok,ok,ok,ok,ok,empty,empty,empty,ok
mp-1428949,Na4Sr(SiO3)3,ok,ok,empty,empty,empty,ok,ok,ok,ok,ok,empty,empty,empty,ok
mp-14324,K2Na4Be2O5,ok,ok,empty,ok,empty,ok,ok,ok,ok,ok,empty,empty,empty,ok
mp-14353,BaNaNd(GeO3)3,ok,ok,empty,empty,empty,ok,ok,ok,ok,ok,empty,empty,empty,ok
mp-14374,Na3Rh(NO2)6,ok,ok,empty,empty,empty,ok,ok,ok,ok,ok,empty,empty,empty,ok
mp-14380,CsNaSnF6,ok,ok,empty,empty,empty,ok,ok,ok,ok,ok,empty,empty,empty,ok
mp-14389,Na3AlP8O23,ok,ok,empty,empty,empty,ok,ok,ok,ok,ok,empty,empty,empty,ok
mp-14390,Na3GaP8O23,ok,ok,empty,empty,empty,ok,ok,ok,ok,ok,empty,empty,empty,ok
mp-14391,Na3VP8O23,ok,ok,empty,empty,empty,ok,ok,ok,ok,ok,empty,empty,empty,ok
mp-14395,NaAlAsO4F,ok,ok,empty,ok,empty,ok,ok,ok,ok,ok,empty,empty,empty,ok
mp-14401,NaCaPO4,ok,ok,empty,empty,empty,ok,ok,ok,ok,ok,empty,empty,empty,ok
mp-14407,Rb7NaGe8,ok,ok,empty,empty,empty,ok,ok,ok,ok,ok,empty,empty,empty,ok
mp-14428,KNa4GaO4,ok,ok,empty,empty,empty,ok,ok,ok,ok,ok,empty,empty,empty,ok
mp-14433,NaGe2N3,ok,ok,ok,ok,ok,ok,ok,ok,ok,ok,empty,empty,empty,ok
mp-14458,Na3Li3Cr2F12,ok,ok,empty,empty,empty,ok,ok,ok,ok,ok,empty,empty,empty,ok
mp-14484,KNaLi2(SO4)2,ok,ok,empty,empty,empty,ok,ok,ok,ok,ok,empty,empty,empty,ok
mp-14493,Na5InO4,ok,ok,empty,empty,empty,ok,ok,ok,ok,ok,empty,empty,empty,ok
mp-14511,NaAlGeO4,ok,ok,empty,empty,empty,ok,ok,ok,ok,ok,empty,empty,empty,ok
mp-14515,NaNd(GaS2)4,ok,ok,empty,empty,empty,ok,ok,ok,ok,ok,empty,empty,empty,ok
mp-14526,Na4Hf2(GeO4)3,ok,ok,empty,empty,empty,ok,ok,ok,ok,ok,empty,empty,empty,ok
mp-14531,NaNb3O8,ok,ok,empty,empty,empty,ok,ok,ok,ok,ok,empty,empty,empty,ok
mp-14532,NaTa3O8,ok,ok,empty,empty,empty,ok,ok,ok,ok,ok,empty,empty,empty,ok
mp-14536,KNa2Zn3(PO4)3,ok,ok,empty,empty,empty,ok,ok,ok,ok,ok,empty,empty,empty,ok
mp-14648,NaZnPO4,ok,ok,empty,empty,empty,ok,ok,ok,ok,ok,empty,empty,empty,ok
mp-14691,NaEr(PO3)4,ok,ok,empty,empty,empty,ok,ok,ok,ok,ok,empty,empty,empty,ok
mp-14718,Na2MnCrF7,ok,ok,empty,empty,empty,ok,ok,ok,ok,ok,empty,empty,empty,ok
mp-14722,NaSrAlF6,ok,ok,empty,empty,empty,ok,ok,ok,ok,ok,empty,empty,empty,ok
mp-14726,Na4TiO4,ok,ok,empty,ok,empty,ok,ok,ok,ok,ok,empty,empty,empty,ok
mp-14730,NaSiSbO5,ok,ok,empty,ok,ok,ok,ok,ok,ok,ok,empty,empty,empty,ok
mp-14780,Na6MnSe4,ok,ok,empty,ok,ok,ok,ok,ok,ok,ok,empty,empty,empty,ok
mp-14901,NaZnAsO4,ok,ok,empty,empty,empty,ok,ok,ok,ok,ok,empty,empty,empty,ok
mp-14977,Na3Y(Si2O5)3,ok,ok,empty,empty,empty,ok,ok,ok,ok,ok,empty,empty,empty,ok
mp-15011,NaBS2,ok,ok,empty,empty,empty,ok,ok,ok,ok,ok,empty,empty,empty,ok
mp-15113,Na2Si3O7,ok,ok,ok,empty,empty,ok,ok,ok,ok,ok,empty,empty,empty,ok
mp-15141,NaZr2ZnF11,ok,ok,empty,empty,empty,ok,ok,ok,ok,ok,empty,empty,empty,ok
mp-15155,Na2Sm2Ti3O10,ok,ok,empty,empty,empty,ok,ok,ok,ok,ok,empty,empty,empty,ok
mp-1516254,BaNaBiWO6,ok,ok,empty,empty,empty,ok,ok,ok,ok,ok,empty,empty,empty,ok
mp-1516329,NaCaZrSbO6,ok,ok,empty,empty,empty,ok,ok,ok,ok,ok,empty,empty,empty,ok
mp-1516357,NaLiZrWO6,ok,ok,empty,empty,empty,ok,ok,ok,ok,ok,empty,empty,empty,ok
mp-1516358,BaNaBiWO6,ok,ok,empty,empty,empty,ok,ok,ok,ok,ok,empty,empty,empty,ok
mp-1516403,NaSrSmWO6,ok,ok,empty,empty,empty,ok,ok,ok,ok,ok,empty,empty,empty,ok
mp-1516455,NaCaTbSeO6,ok,ok,empty,empty,empty,ok,ok,ok,ok,ok,empty,empty,empty,ok
mp-1516496,NaLaHfTiO6,ok,ok,empty,empty,empty,ok,ok,ok,ok,ok,empty,empty,empty,ok
mp-1516529,BaNaSmWO6,ok,ok,empty,empty,empty,ok,ok,ok,ok,ok,empty,empty,empty,ok
mp-1516595,NaSrLaWO6,ok,ok,empty,empty,empty,ok,ok,ok,ok,ok,empty,empty,empty,ok
mp-1516618,NaCaCeBiO6,ok,ok,empty,empty,empty,ok,ok,ok,ok,ok,empty,empty,empty,ok
mp-1516632,BaNaSmWO6,ok,ok,empty,empty,empty,ok,ok,ok,ok,ok,empty,empty,empty,ok
mp-1516633,NaCaCeBiO6,ok,ok,empty,empty,empty,ok,ok,ok,ok,ok,empty,empty,empty,ok
mp-1516668,NaSrLaWO6,ok,ok,empty,empty,empty,ok,ok,ok,ok,ok,empty,empty,empty,ok
mp-1516713,NaCaCeBiO6,ok,ok,empty,empty,empty,ok,ok,ok,ok,ok,empty,empty,empty,ok
mp-1516737,NaNdHfTiO6,ok,ok,empty,empty,empty,ok,ok,ok,ok,ok,empty,empty,empty,ok
mp-1516752,NaSrNdWO6,ok,ok,empty,empty,empty,ok,ok,ok,ok,ok,empty,empty,empty,ok
mp-1516757,NaNdHf2O6,ok,ok,empty,empty,empty,ok,ok,ok,ok,ok,empty,empty,empty,ok
mp-1516849,BaNaGdWO6,ok,ok,empty,empty,empty,ok,ok,ok,ok,ok,empty,empty,empty,ok
mp-1516939,BaNaHfBiO6,ok,ok,empty,empty,empty,ok,ok,ok,ok,ok,empty,empty,empty,ok
mp-1516963,BaNaYWO6,ok,ok,empty,empty,empty,ok,ok,ok,ok,ok,empty,empty,empty,ok
mp-1517014,BaNaGdWO6,ok,ok,empty,empty,empty,ok,ok,ok,ok,ok,empty,empty,empty,ok
mp-1517067,NaLaGdSbO6,ok,ok,empty,empty,empty,ok,ok,ok,ok,ok,empty,empty,empty,ok
mp-1517122,NaLaMnWO6,ok,ok,empty,empty,empty,ok,ok,ok,ok,ok,empty,empty,empty,ok
mp-1517146,NaNdZrTiO6,ok,ok,empty,empty,empty,ok,ok,ok,empty,ok,empty,empty,empty,ok
mp-1517329,NaSrGdSeO6,ok,ok,empty,empty,empty,ok,ok,ok,ok,ok,empty,empty,empty,ok
mp-1517333,NaSrYSeO6,ok,ok,empty,empty,empty,ok,ok,ok,ok,ok,empty,empty,empty,ok
mp-1517370,BaNaTbWO6,ok,ok,empty,empty,empty,ok,ok,ok,ok,ok,empty,empty,empty,ok
mp-1517423,BaNaLaSeO6,ok,ok,empty,empty,empty,ok,ok,ok,ok,ok,empty,empty,empty,ok
mp-1517426,NaPrZrSnO6,ok,ok,empty,empty,empty,ok,ok,ok,ok,ok,empty,empty,empty,ok
mp-1517453,NaSrSmSeO6,ok,ok,empty,empty,empty,ok,ok,ok,ok,ok,empty,empty,empty,ok
mp-1517464,NaZrNbSnO6,ok,ok,empty,empty,empty,ok,ok,ok,ok,ok,empty,empty,empty,ok
mp-1517501,NaYSnWO6,ok,ok,empty,empty,empty,ok,ok,ok,ok,ok,empty,empty,empty,ok
mp-1517509,NaSrCeNbO6,ok,ok,empty,empty,empty,ok,ok,ok,ok,ok,empty,empty,empty,ok
mp-1517519,NaLiCeWO6,ok,ok,empty,empty,empty,ok,ok,ok,ok,ok,empty,empty,empty,ok
mp-1517581,BaNaSmSeO6,ok,ok,empty,empty,empty,ok,ok,ok,ok,ok,empty,empty,empty,ok
mp-1517896,NaNdMnWO6,ok,ok,empty,empty,empty,ok,ok,ok,ok,ok,empty,empty,empty,ok
mp-1517995,BaNaSbWO6,ok,ok,empty,empty,empty,ok,ok,ok,ok,ok,empty,empty,empty,ok
mp-1518090,NaSrZrNbO6,ok,ok,empty,empty,empty,ok,ok,ok,ok,ok,empty,empty,empty,ok
mp-1518106,NaSrHfBiO6,ok,ok,empty,empty,empty,ok,ok,ok,ok,ok,empty,empty,empty,ok
mp-1518125,NaCaZrNbO6,ok,ok,empty,empty,empty,ok,ok,ok,ok,ok,empty,empty,empty,ok
mp-1518127,NaCaInWO6,ok,ok,empty,empty,empty,ok,ok,ok,ok,ok,empty,empty,empty,ok
mp-1518151,NaLaHfZrO6,ok,ok,empty,empty,empty,ok,ok,ok,ok,ok,empty,empty,empty,ok
mp-1518179,BaNaNdWO6,ok,ok,empty,empty,empty,ok,ok,ok,ok,ok,empty,empty,empty,ok
mp-1518247,NaCaYSeO6,ok,ok,empty,empty,empty,ok,ok,ok,ok,ok,empty,empty,empty,ok
mp-1518258,BaNaNdWO6,ok,ok,empty,empty,empty,ok,ok,ok,ok,ok,empty,empty,empty,ok
mp-1518296,NaLaZr2O6,ok,ok,empty,empty,empty,ok,ok,ok,ok,ok,empty,empty,empty,ok
mp-1518358,NaNdHfSnO6,ok,ok,empty,empty,empty,ok,ok,ok,ok,ok,empty,empty,empty,ok
mp-1518369,NaLaHf2O6,ok,ok,empty,empty,empty,ok,ok,ok,ok,ok,empty,empty,empty,ok
mp-1518378,NaSrBiWO6,ok,ok,empty,empty,empty,ok,ok,ok,ok,ok,empty,empty,empty,ok
mp-1518455,NaSrZrSbO6,ok,ok,empty,empty,empty,ok,ok,ok,ok,ok,empty,empty,empty,ok
mp-1518530,NaLaYSbO6,ok,ok,empty,empty,empty,ok,ok,ok,ok,ok,empty,empty,empty,ok
mp-1518586,NaCaZrBiO6,ok,ok,empty,empty,empty,ok,ok,ok,ok,ok,empty,empty,empty,ok
mp-1518616,NaSrHfSbO6,ok,ok,empty,empty,empty,ok,ok,ok,ok,ok,empty,empty,empty,ok
mp-1518636,Na2ZrWO6,ok,ok,empty,empty,empty,ok,ok,ok,empty,ok,empty,empty,empty,ok
mp-1518751,NaPrHfZrO6,ok,ok,empty,empty,empty,ok,ok,ok,ok,ok,empty,empty,empty,ok
mp-1518812,NaSrNdWO6,ok,ok,empty,empty,empty,ok,ok,ok,ok,ok,empty,empty,empty,ok
mp-1518824,NaSrNdWO6,ok,ok,empty,empty,empty,ok,ok,ok,ok,ok,empty,empty,empty,ok
mp-1518838,NaPrHf2O6,ok,ok,empty,empty,empty,ok,ok,ok,ok,ok,empty,empty,empty,ok
mp-1518904,NaCaSmWO6,ok,ok,empty,empty,empty,ok,ok,ok,ok,ok,empty,empty,empty,ok
mp-1518948,NaNdNb4O12,ok,ok,empty,empty,empty,ok,ok,ok,ok,ok,empty,empty,empty,ok
mp-1519011,BaNaPrWO6,ok,ok,empty,empty,empty,ok,ok,ok,ok,ok,empty,empty,empty,ok
mp-1519024,NaCaHfBiO6,ok,ok,empty,empty,empty,ok,ok,ok,ok,ok,empty,empty,empty,ok
mp-1519049,NaCaPrSeO6,ok,ok,empty,empty,empty,ok,ok,ok,ok,ok,empty,empty,empty,ok
mp-1519080,NaSrZrVO6,ok,ok,empty,empty,empty,ok,ok,ok,ok,ok,empty,empty,empty,ok
mp-1519128,NaSrDyWO6,ok,ok,empty,empty,empty,ok,ok,ok,ok,ok,empty,empty,empty,ok
mp-1519147,BaNaPrWO6,ok,ok,empty,empty,empty,ok,ok,ok,ok,ok,empty,empty,empty,ok
mp-1519218,NaSrZrBiO6,ok,ok,empty,empty,empty,ok,ok,ok,ok,ok,empty,empty,empty,ok
mp-1519230,NaSrCeBiO6,ok,ok,empty,empty,empty,ok,ok,ok,ok,ok,empty,empty,empty,ok
mp-1519260,BaNaPrWO6,ok,ok,empty,empty,empty,ok,ok,ok,ok,ok,empty,empty,empty,ok
mp-1519314,NaSrCeBiO6,ok,ok,empty,empty,empty,ok,ok,ok,ok,ok,empty,empty,empty,ok
mp-1519393,NaSmHf2O6,ok,ok,empty,empty,empty,ok,ok,ok,ok,ok,empty,empty,empty,ok
mp-1519478,NaLiHfWO6,ok,ok,empty,empty,empty,ok,ok,ok,empty,ok,empty,empty,empty,ok
mp-1519487,NaHfNbSnO6,ok,ok,empty,empty,empty,ok,ok,ok,ok,ok,empty,empty,empty,ok
mp-1519525,BaNaCeBiO6,ok,ok,empty,empty,empty,ok,ok,ok,ok,ok,empty,empty,empty,ok
mp-1519609,NaSrCeSbO6,ok,ok,empty,empty,empty,ok,ok,ok,ok,ok,empty,empty,empty,ok
mp-1519625,BaNaCeBiO6,ok,ok,empty,empty,empty,ok,ok,ok,ok,ok,empty,empty,empty,ok
mp-1519664,BaNaLaWO6,ok,ok,empty,empty,empty,ok,ok,ok,ok,ok,empty,empty,empty,ok
mp-1519691,BaNaLaWO6,ok,ok,empty,empty,empty,ok,ok,ok,ok,ok,empty,empty,empty,ok
mp-1519810,NaLaNbInO6,ok,ok,empty,empty,empty,ok,ok,ok,ok,ok,empty,empty,empty,ok
mp-1519867,NaPrDySbO6,ok,ok,empty,empty,empty,ok,ok,ok,ok,ok,empty,empty,empty,ok
mp-1520014,NaPrInSbO6,ok,ok,empty,empty,empty,ok,ok,ok,ok,ok,empty,empty,empty,ok
mp-1520168,NaCaTbWO6,ok,ok,empty,empty,empty,ok,ok,ok,ok,ok,empty,empty,empty,ok
mp-1520207,BaNaNdSeO6,ok,ok,empty,empty,empty,ok,ok,ok,ok,ok,empty,empty,empty,ok
mp-1520242,BaNaPrSeO6,ok,ok,empty,empty,empty,ok,ok,ok,ok,ok,empty,empty,empty,ok
mp-1520399,BaNaDyWO6,ok,ok,empty,empty,empty,ok,ok,ok,ok,ok,empty,empty,empty,ok
mp-1520495,NaSrInWO6,ok,ok,empty,empty,empty,ok,ok,ok,ok,ok,empty,empty,empty,ok
mp-1520572,Na2CeWO6,ok,ok,empty,empty,empty,ok,ok,ok,ok,ok,empty,empty,empty,ok
mp-1520589,NaPrZr2O6,ok,ok,empty,empty,empty,ok,ok,ok,ok,ok,empty,empty,empty,ok
mp-1520760,BaNaCeSbO6,ok,ok,empty,empty,empty,ok,ok,ok,ok,ok,empty,empty,empty,ok
mp-1520882,BaNaZrBiO6,ok,ok,empty,empty,empty,ok,ok,ok,ok,ok,empty,empty,empty,ok
mp-1520890,NaInSnWO6,ok,ok,empty,empty,empty,ok,ok,ok,ok,ok,empty,empty,empty,ok
mp-1520904,NaSrNbSnO6,ok,ok,empty,empty,empty,ok,ok,ok,ok,ok,empty,empty,empty,ok
mp-1520946,BaNaCeSbO6,ok,ok,empty,empty,empty,ok,ok,ok,ok,ok,empty,empty,empty,ok
mp-1521011,NaCaYWO6,ok,ok,empty,empty,empty,ok,ok,ok,ok,ok,empty,empty,empty,ok
mp-1521091,NaSrDySeO6,ok,ok,empty,empty,empty,ok,ok,ok,ok,ok,empty,empty,empty,ok
mp-1521141,NaCaHfNbO6,ok,ok,empty,empty,empty,ok,ok,ok,ok,ok,empty,empty,empty,ok
mp-1521181,NaLaZrSnO6,ok,ok,empty,empty,empty,ok,ok,ok,ok,ok,empty,empty,empty,ok
mp-1521388,NaCaLaWO6,ok,ok,empty,empty,empty,ok,ok,ok,ok,ok,empty,empty,empty,ok
mp-1521407,NaCaLaSeO6,ok,ok,empty,empty,empty,ok,ok,ok,ok,ok,empty,empty,empty,ok
mp-1521459,NaSrPrSeO6,ok,ok,empty,empty,empty,ok,ok,ok,ok,ok,empty,empty,empty,ok
mp-1521478,NaCaCeSbO6,ok,ok,empty,empty,empty,ok,ok,ok,ok,ok,empty,empty,empty,ok
mp-1521559,NaLaHfSnO6,ok,ok,empty,empty,empty,ok,ok,ok,ok,ok,empty,empty,empty,ok
mp-1521753,NaPrYSbO6,ok,ok,empty,empty,empty,ok,ok,ok,ok,ok,empty,empty,empty,ok
mp-1521862,NaDySnWO6,ok,ok,empty,empty,empty,ok,ok,ok,ok,ok,empty,empty,empty,ok
mp-1521929,NaLaZrTiO6,ok,ok,empty,empty,empty,ok,ok,ok,ok,ok,empty,empty,empty,ok
mp-1521935,BaNaCeNbO6,ok,ok,empty,empty,empty,ok,ok,ok,ok,ok,empty,empty,empty,ok
mp-1521941,NaSrHfNbO6,ok,ok,empty,empty,empty,ok,ok,ok,ok,ok,empty,empty,empty,ok
mp-1521963,NaCaGdWO6,ok,ok,empty,empty,empty,ok,ok,ok,ok,ok,empty,empty,empty,ok
mp-1521981,NaPrZrTiO6,ok,ok,empty,empty,empty,ok,ok,ok,ok,ok,empty,empty,empty,ok
mp-1522015,NaSrLaWO6,ok,ok,empty,empty,empty,ok,ok,ok,ok,ok,empty,empty,empty,ok
mp-1522088,NaPrHfSnO6,ok,ok,empty,empty,empty,ok,ok,ok,ok,ok,empty,empty,empty,ok
mp-1522095,NaPrNb4O12,ok,ok,empty,empty,empty,ok,ok,ok,ok,ok,empty,empty,empty,ok
mp-1522146,BaNaCeNbO6,ok,ok,empty,empty,empty,ok,ok,ok,ok,ok,empty,empty,empty,ok
mp-1522178,NaSrYWO6,ok,ok,empty,empty,empty,ok,ok,ok,ok,ok,empty,empty,empty,ok
mp-1522207,NaPrHfTiO6,ok,ok,empty,empty,empty,ok,ok,ok,ok,ok,empty,empty,empty,ok
mp-1522211,NaPrMnWO6,ok,ok,empty,empty,empty,ok,ok,ok,ok,ok,empty,empty,empty,ok
mp-1522311,NaCaDySeO6,ok,ok,empty,empty,empty,ok,ok,ok,ok,ok,empty,empty,empty,ok
mp-1522332,NaCaNbSnO6,ok,ok,empty,empty,empty,ok,ok,ok,ok,ok,empty,empty,empty,ok
mp-1522333,NaSrPrWO6,ok,ok,empty,empty,empty,ok,ok,ok,ok,ok,empty,empty,empty,ok
mp-1522343,NaSrSbWO6,ok,ok,empty,empty,empty,ok,ok,ok,ok,ok,empty,empty,empty,ok
mp-1522414,NaSrPrWO6,ok,ok,empty,empty,empty,ok,ok,ok,ok,ok,empty,empty,empty,ok
mp-1522549,NaSrLaSeO6,ok,ok,empty,empty,empty,ok,ok,ok,ok,ok,empty,empty,empty,ok
mp-1522634,NaLaInSbO6,ok,ok,empty,empty,empty,ok,ok,ok,ok,ok,empty,empty,empty,ok
mp-1522952,NaSrPrWO6,ok,ok,empty,empty,empty,ok,ok,ok,ok,ok,empty,empty,empty,ok
mp-1522999,NaCaGdSeO6,ok,ok,empty,empty,empty,ok,ok,ok,ok,ok,empty,empty,empty,ok
mp-1523004,NaSrTbSeO6,ok,ok,empty,empty,empty,ok,ok,ok,ok,ok,empty,empty,empty,ok
mp-1523242,NaCaDyWO6,ok,ok,empty,empty,empty,ok,ok,ok,ok,ok,empty,empty,empty,ok
mp-1523368,NaLaCeNiO6,ok,ok,empty,empty,empty,ok,ok,ok,ok,ok,empty,empty,empty,ok
mp-15250,NaCd(PO3)3,ok,ok,empty,empty,empty,ok,ok,ok,ok,ok,empty,empty,empty,ok
mp-15317,Rb2NaHoF6,ok,ok,empty,empty,empty,ok,ok,ok,ok,ok,empty,empty,empty,ok
mp-15318,Rb2NaHoF6,ok,ok,ok,empty,empty,ok,ok,ok,ok,ok,empty,empty,empty,ok
mp-15385,Na2UP2O9,ok,ok,empty,empty,empty,ok,ok,ok,ok,ok,empty,empty,empty,ok
mp-15391,Na4TeO5,ok,ok,empty,ok,empty,ok,ok,ok,ok,ok,empty,empty,empty,ok
mp-15431,Na2Ga2As3,ok,ok,empty,empty,empty,ok,ok,ok,ok,ok,empty,empty,empty,ok
mp-15514,NaSe2,ok,ok,empty,ok,ok,ok,ok,ok,ok,ok,empty,empty,empty,ok
mp-15515,BaNaAlF6,ok,ok,empty,empty,empty,ok,ok,ok,ok,ok,empty,empty,empty,ok
mp-15541,KNa2Si12(BO10)3,ok,ok,empty,empty,empty,ok,ok,ok,ok,ok,empty,empty,empty,ok
mp-15543,NaLiZr(Si2O5)3,ok,ok,empty,empty,empty,ok,ok,ok,ok,ok,empty,empty,empty,ok
mp-15547,Na2ZnGaF7,ok,ok,empty,empty,empty,ok,ok,ok,ok,ok,empty,empty,empty,ok
mp-15548,Na2ZnFeF7,ok,ok,empty,empty,empty,ok,ok,ok,ok,ok,empty,empty,empty,ok
mp-15567,Na3AuS2,ok,ok,empty,ok,empty,ok,ok,ok,ok,ok,empty,empty,empty,ok
mp-1565615,NaCaFe2(SiO3)4,ok,ok,empty,empty,empty,ok,ok,ok,ok,ok,empty,empty,empty,ok
mp-1567910,Na6NiO4,ok,ok,empty,empty,empty,ok,ok,ok,ok,ok,empty,empty,empty,ok
mp-1574416,Na3VPCO7,ok,ok,empty,empty,empty,ok,ok,ok,ok,ok,empty,empty,empty,ok
mp-15983,Ba2NaNb5O15,ok,ok,empty,ok,ok,ok,ok,ok,ok,ok,empty,empty,empty,ok
mp-16167,Na2Sn2Se5,ok,ok,empty,empty,empty,ok,ok,ok,ok,ok,empty,empty,empty,ok
mp-16180,Na6S2O9,ok,ok,empty,ok,empty,ok,ok,ok,ok,ok,empty,empty,empty,ok
mp-16282,KNa2Li3Cr2(Si2O5)6,ok,ok,empty,empty,empty,ok,ok,ok,ok,ok,empty,empty,empty,ok
mp-16283,KNa2Li3Fe2(Si2O5)6,ok,ok,empty,empty,empty,ok,ok,ok,ok,ok,empty,empty,empty,ok
mp-16291,NaZr2PdF11,ok,ok,empty,empty,empty,ok,ok,ok,ok,ok,empty,empty,empty,ok
mp-16381,NaMn6P7O24,ok,ok,empty,empty,empty,ok,ok,ok,ok,ok,empty,empty,empty,ok
mp-16383,Na3Cr2(AsO4)3,ok,ok,empty,empty,empty,ok,ok,ok,ok,ok,empty,empty,empty,ok
mp-16398,Na9Fe2O7,ok,ok,empty,empty,empty,ok,ok,ok,ok,ok,empty,empty,empty,ok
mp-1640545,Na2VBPO7,ok,ok,empty,empty,empty,ok,ok,ok,ok,ok,empty,empty,empty,ok
mp-1644086,Na2VBPO7,ok,ok,empty,empty,empty,ok,ok,ok,ok,ok,empty,empty,empty,ok
mp-1644889,Na5Fe2P2(CO7)2,ok,ok,empty,empty,empty,ok,ok,ok,ok,ok,empty,empty,empty,ok
mp-1650004,Na3CoBSO7,ok,ok,empty,empty,empty,ok,ok,ok,ok,ok,empty,empty,empty,ok
mp-1653394,Na3CoPCO7,ok,ok,empty,empty,empty,ok,ok,ok,ok,ok,empty,empty,empty,ok
mp-16553,NaCa9Mn(PO4)7,ok,ok,empty,empty,empty,ok,ok,ok,ok,ok,empty,empty,empty,ok
mp-1666747,Na5Fe2P2(CO7)2,ok,ok,empty,empty,empty,ok,ok,ok,ok,ok,empty,empty,empty,ok
mp-1667139,NaLi2FePCO7,ok,ok,empty,empty,empty,ok,ok,ok,ok,ok,empty,empty,empty,ok
mp-1667345,Na3CoAsCO7,ok,ok,empty,empty,empty,ok,ok,ok,ok,ok,empty,empty,empty,ok
mp-1667394,NaLi2MnPCO7,ok,ok,empty,empty,empty,ok,ok,ok,ok,ok,empty,empty,empty,ok
mp-16737,Na2BeB2O5,ok,ok,empty,ok,empty,ok,ok,ok,ok,ok,empty,empty,empty,ok
mp-16777,NaAlP2O7,ok,ok,empty,empty,empty,ok,ok,ok,ok,ok,empty,empty,empty,ok
mp-16839,Na3WN3,ok,ok,empty,ok,ok,ok,ok,ok,ok,ok,empty,empty,empty,ok
mp-16889,Na6Sn2Se7,ok,ok,empty,empty,empty,ok,ok,ok,ok,ok,empty,empty,empty,ok
mp-16927,NaTbGeO4,ok,ok,empty,empty,empty,ok,ok,ok,ok,ok,empty,empty,empty,ok
mp-16930,Na3GeTe3,ok,ok,empty,empty,empty,ok,ok,ok,ok,ok,empty,empty,empty,ok
mp-16956,Na3Sc2(PO4)3,ok,ok,empty,empty,empty,ok,ok,ok,ok,ok,empty,empty,empty,ok
mp-16961,Na6Si2Se7,ok,ok,empty,empty,empty,ok,ok,ok,ok,ok,empty,empty,empty,ok
mp-16970,Na2Si2O5,ok,ok,empty,empty,empty,ok,ok,ok,ok,ok,empty,empty,empty,ok
mp-17060,NaAlSe2,ok,ok,empty,empty,empty,ok,ok,ok,ok,ok,empty,empty,empty,ok
mp-17125,CsNa3Li12(GeO4)4,ok,ok,empty,empty,empty,ok,ok,ok,ok,ok,empty,empty,empty,ok
mp-17142,NaCrP2O7,ok,ok,empty,empty,empty,ok,ok,ok,ok,ok,empty,empty,empty,ok
mp-17148,Na3GaSe3,ok,ok,empty,empty,empty,ok,ok,ok,ok,ok,empty,empty,empty,ok
mp-17164,NaNbGeO5,ok,ok,empty,empty,empty,ok,ok,ok,ok,ok,empty,empty,empty,ok
mp-17165,Cs2NaCr(CN)6,ok,ok,empty,empty,empty,ok,ok,ok,ok,ok,empty,empty,empty,ok
mp-17183,Na2BeSiO4,ok,ok,empty,empty,empty,ok,ok,ok,ok,ok,empty,empty,empty,ok
mp-17240,RbNa3Li12(SiO4)4,ok,ok,empty,empty,empty,ok,ok,ok,ok,ok,empty,empty,empty,ok
mp-17245,Na3TaF8,ok,ok,empty,ok,empty,ok,ok,ok,ok,ok,empty,empty,empty,ok
mp-17259,NaSrCrF6,ok,ok,empty,empty,empty,ok,ok,ok,ok,ok,empty,empty,empty,ok
mp-17291,Na3SiTe3,ok,ok,empty,empty,empty,ok,ok,ok,ok,ok,empty,empty,empty,ok
mp-17297,Na2GeF6,ok,ok,empty,ok,ok,ok,ok,ok,ok,ok,empty,empty,empty,ok
mp-17349,Na3In2(PO4)3,ok,ok,empty,empty,empty,ok,ok,ok,ok,ok,empty,empty,empty,ok
mp-17357,NaSmSiO4,ok,ok,empty,empty,empty,ok,ok,ok,ok,ok,empty,empty,empty,ok
mp-17375,K2Na3TlO4,ok,ok,empty,empty,empty,ok,ok,ok,ok,ok,empty,empty,empty,ok
mp-17394,NaYGeO4,ok,ok,empty,empty,empty,ok,ok,ok,ok,ok,empty,empty,empty,ok
mp-17433,NaSr4(SbO4)3,ok,ok,empty,empty,empty,ok,ok,ok,ok,ok,empty,empty,empty,ok
mp-17438,Na2GeF6,ok,ok,empty,empty,empty,ok,ok,ok,ok,ok,empty,empty,empty,ok
mp-17473,Na2Al2As3,ok,ok,empty,empty,empty,ok,ok,ok,ok,ok,empty,empty,empty,ok
mp-17479,NaVP2O7,ok,ok,empty,empty,empty,ok,ok,ok,ok,ok,empty,empty,empty,ok
mp-17487,NaErGeO4,ok,ok,empty,empty,empty,ok,ok,ok,ok,ok,empty,empty,empty,ok
mp-17507,NaVAsO5,ok,ok,empty,empty,empty,ok,ok,ok,ok,ok,empty,empty,empty,ok
mp-17509,Rb2NaCr(CN)6,ok,ok,empty,empty,empty,ok,ok,ok,ok,ok,empty,empty,empty,ok
mp-17523,NaCrF4,ok,ok,empty,empty,empty,ok,ok,ok,ok,ok,empty,empty,empty,ok
mp-17560,Na2UO4,ok,ok,empty,empty,empty,ok,ok,ok,ok,ok,empty,empty,empty,ok
mp-17636,K3Na(WO4)2,ok,ok,empty,empty,empty,ok,ok,ok,ok,ok,empty,empty,empty,ok
mp-17707,Cs3Na2SnP3,ok,ok,empty,empty,empty,ok,ok,ok,ok,ok,empty,empty,empty,ok
mp-17709,Na2ZnSiO4,ok,ok,empty,ok,ok,ok,ok,ok,ok,ok,empty,empty,empty,ok
mp-17718,CsKNa2Li12(SiO4)4,ok,ok,empty,empty,empty,ok,ok,ok,ok,ok,empty,empty,empty,ok
mp-17771,NaMg4(AsO4)3,ok,ok,empty,ok,ok,ok,ok,ok,ok,ok,empty,empty,empty,ok
mp-17785,KNa2GaO3,ok,ok,empty,empty,empty,ok,ok,ok,ok,ok,empty,empty,empty,ok
mp-17816,Na5AsO5,ok,ok,empty,empty,empty,ok,ok,ok,ok,ok,empty,empty,empty,ok
mp-17839,K3Na(SeO4)2,ok,ok,empty,empty,empty,ok,ok,ok,ok,ok,empty,empty,empty,ok
mp-17850,K3NaTh2O6,ok,ok,empty,empty,empty,ok,ok,ok,ok,ok,empty,empty,empty,ok
mp-17864,BaNa(B3O5)3,ok,ok,empty,empty,empty,ok,ok,ok,ok,ok,empty,empty,empty,ok
mp-17868,NaAsO3,ok,ok,empty,empty,empty,ok,ok,ok,ok,ok,empty,empty,empty,ok
mp-17876,NaMnAsO4,ok,ok,empty,empty,empty,ok,ok,ok,ok,ok,empty,empty,empty,ok
mp-17889,KNa2(PO3)3,ok,ok,empty,empty,empty,ok,ok,ok,ok,ok,empty,empty,empty,ok
mp-17891,NaYSiO4,ok,ok,empty,ok,empty,ok,ok,ok,ok,ok,empty,empty,empty,ok
mp-17939,Na2SiF6,ok,ok,empty,empty,empty,ok,ok,ok,ok,ok,empty,empty,empty,ok
mp-17941,Na2B4O7,ok,ok,empty,empty,empty,ok,ok,ok,ok,ok,empty,empty,empty,ok
mp-17944,NaCaAlF6,ok,ok,empty,ok,ok,ok,ok,ok,ok,ok,empty,empty,empty,ok
mp-17964,Na2Ge2Se5,ok,ok,empty,empty,empty,ok,ok,ok,ok,ok,empty,empty,empty,ok
mp-17967,NaMnPO4,ok,ok,empty,empty,empty,ok,ok,ok,ok,ok,empty,empty,empty,ok
mp-17968,Na2CaV4O12,ok,ok,empty,empty,empty,ok,ok,ok,ok,ok,empty,empty,empty,ok
mp-18005,NaYTiO4,ok,ok,empty,empty,empty,ok,ok,ok,ok,ok,empty,empty,empty,ok
mp-18012,Na4Co7(PO4)6,ok,ok,empty,empty,empty,ok,ok,ok,ok,ok,empty,empty,empty,ok
mp-18033,Na2Cu(Si2O5)2,ok,ok,empty,empty,empty,ok,ok,ok,ok,ok,empty,empty,empty,ok
mp-18075,Na2TiF6,ok,ok,empty,empty,empty,ok,ok,ok,ok,ok,empty,empty,empty,ok
mp-18096,Na2Co(Si2O5)2,ok,ok,empty,empty,empty,ok,ok,ok,ok,ok,empty,empty,empty,ok
mp-18100,Na6Ge2Se7,ok,ok,empty,empty,empty,ok,ok,ok,ok,ok,empty,empty,empty,ok
mp-18104,Na2Si2S5,ok,ok,empty,empty,empty,ok,ok,ok,ok,ok,empty,empty,empty,ok
mp-18151,Rb2Na4Co2O5,ok,ok,empty,empty,empty,ok,ok,ok,ok,ok,empty,empty,empty,ok
mp-18165,Na3GaS3,ok,ok,empty,empty,empty,ok,ok,ok,ok,ok,empty,empty,empty,ok
mp-18182,CsNa3TiO4,ok,ok,empty,empty,empty,ok,ok,ok,ok,ok,empty,empty,empty,ok
mp-18197,Na2BeGeO4,ok,ok,empty,empty,empty,ok,ok,ok,ok,ok,empty,empty,empty,ok
mp-18212,Na2CoP2O7,ok,ok,empty,empty,empty,ok,ok,ok,ok,ok,empty,empty,empty,ok
mp-18233,Na5VO5,ok,ok,empty,empty,empty,ok,ok,ok,ok,ok,empty,empty,empty,ok
mp-18245,NaCoPO4,ok,ok,empty,empty,empty,ok,ok,ok,ok,ok,empty,empty,empty,ok
mp-18271,Na5Ti2Si2PO13,ok,ok,empty,empty,empty,ok,ok,ok,ok,ok,empty,empty,empty,ok
mp-18334,NaHoGeO4,ok,ok,empty,empty,empty,ok,ok,ok,ok,ok,empty,empty,empty,ok
mp-18401,NaAl6Fe3Si6B3O30F,ok,ok,empty,empty,empty,ok,ok,ok,ok,ok,empty,empty,empty,ok
mp-18411,Na3GeSe3,ok,ok,empty,empty,empty,ok,ok,ok,ok,ok,empty,empty,empty,ok
mp-18435,NaMoP2O7,ok,ok,empty,empty,empty,ok,ok,ok,ok,ok,empty,empty,empty,ok
mp-18455,NaFeF4,ok,ok,empty,empty,empty,ok,ok,ok,ok,ok,empty,empty,empty,ok
mp-18480,Na3Ca2TaO6,ok,ok,empty,ok,empty,ok,ok,ok,ok,ok,empty,empty,empty,ok
mp-18492,Na2Zr(MoO4)3,ok,ok,empty,empty,empty,ok,ok,ok,ok,ok,empty,empty,empty,ok
mp-18518,Rb2NaMn3F12,ok,ok,empty,empty,empty,ok,ok,ok,ok,ok,empty,empty,empty,ok
mp-18547,NaGdGeO4,ok,ok,empty,empty,empty,ok,ok,ok,ok,ok,empty,empty,empty,ok
mp-18562,Na2Si2Se5,ok,ok,empty,empty,empty,ok,ok,ok,ok,ok,empty,empty,empty,ok
mp-18568,Na2Ge2S5,ok,ok,empty,empty,empty,ok,ok,ok,ok,ok,empty,empty,empty,ok
mp-18619,Na2Ge2Se5,ok,ok,empty,empty,empty,ok,ok,ok,ok,ok,empty,empty,empty,ok
mp-18629,NaTmGeO4,ok,ok,empty,empty,empty,ok,ok,ok,ok,ok,empty,empty,empty,ok
mp-18641,NaMnCrF6,ok,ok,empty,empty,empty,ok,ok,ok,ok,ok,empty,empty,empty,ok
mp-18730,K3Na(FeO4)2,ok,ok,empty,empty,empty,ok,ok,ok,ok,ok,empty,empty,empty,ok
mp-18753,Na3Mo(OF)3,ok,ok,empty,ok,ok,ok,ok,ok,ok,ok,empty,empty,empty,ok
mp-18762,Na4CoO3,ok,ok,empty,ok,ok,ok,ok,ok,ok,ok,empty,empty,empty,ok
mp-18772,Na4Mo(NO)2,ok,ok,empty,empty,empty,ok,ok,ok,ok,ok,empty,empty,empty,ok
mp-18774,NaFeP2O7,ok,ok,empty,empty,empty,ok,ok,ok,ok,ok,empty,empty,empty,ok
mp-18779,Na2CrO4,ok,ok,empty,ok,empty,ok,ok,ok,ok,ok,empty,empty,empty,ok
mp-18803,Na2WO4,ok,ok,empty,ok,empty,ok,ok,ok,ok,ok,empty,empty,empty,ok
mp-18851,NaCr(WO4)2,ok,ok,empty,empty,empty,ok,ok,ok,ok,ok,empty,empty,empty,ok
mp-18852,Na2MoO4,ok,ok,empty,ok,empty,ok,ok,ok,ok,ok,empty,empty,empty,ok
mp-18873,Rb2NaMnO4,ok,ok,empty,ok,empty,ok,ok,ok,ok,ok,empty,empty,empty,ok
mp-18897,NaVTeO5,ok,ok,empty,empty,empty,ok,ok,ok,ok,ok,empty,empty,empty,ok
mp-18917,Na7Fe3O8,ok,ok,empty,empty,empty,ok,ok,ok,ok,ok,empty,empty,empty,ok
mp-18921,NaCoO2,ok,ok,empty,ok,empty,ok,ok,ok,ok,ok,empty,empty,empty,ok
mp-18944,Na5Y(WO4)4,ok,ok,empty,empty,empty,ok,ok,ok,ok,ok,empty,empty,empty,ok
mp-18953,NaV(OF)2,ok,ok,empty,ok,ok,ok,ok,ok,ok,ok,empty,empty,empty,ok
mp-18964,K3NaCr2O8,ok,ok,empty,empty,empty,ok,ok,ok,ok,ok,empty,empty,empty,ok
mp-18975,Na2SrV4O12,ok,ok,empty,empty,empty,ok,ok,ok,ok,ok,empty,empty,empty,ok
mp-18984,Na2ZrNi(P2O7)2,ok,ok,empty,ok,ok,ok,ok,ok,ok,ok,empty,empty,empty,ok
mp-19022,Na4FeO4,ok,ok,empty,empty,empty,ok,ok,ok,ok,ok,empty,empty,empty,ok
mp-19026,Na4FeO3,ok,ok,empty,empty,empty,ok,ok,ok,ok,ok,empty,empty,empty,ok
mp-19027,Na5CoSO2,ok,ok,empty,empty,empty,ok,ok,ok,ok,ok,empty,empty,empty,ok
mp-19028,Na3Fe(PO4)2,ok,ok,empty,empty,empty,ok,ok,ok,ok,ok,empty,empty,empty,ok
mp-19044,Na2FeO4,ok,ok,empty,empty,empty,ok,ok,ok,ok,ok,empty,empty,empty,ok
mp-19080,Na2Mn3O7,ok,ok,empty,empty,empty,ok,ok,ok,ok,ok,empty,empty,empty,ok
mp-19083,NaVO3,ok,ok,empty,empty,empty,ok,ok,ok,ok,ok,empty,empty,empty,ok
mp-19105,Na3MoNO3,ok,ok,empty,empty,empty,ok,ok,ok,ok,ok,empty,empty,empty,ok
mp-19125,Na4W(NO)2,ok,ok,empty,empty,empty,ok,ok,ok,ok,ok,empty,empty,empty,ok
mp-19130,KNaFe(Si2O5)2,ok,ok,empty,empty,empty,ok,ok,ok,ok,ok,empty,empty,empty,ok
mp-19187,Na2ZrCo(P2O7)2,ok,ok,empty,empty,empty,ok,ok,ok,ok,ok,empty,empty,empty,ok
mp-19226,NaFePO4,ok,ok,empty,empty,empty,ok,ok,ok,ok,ok,empty,empty,empty,ok
mp-19230,K3NaCr2O8,ok,ok,empty,empty,empty,ok,ok,ok,ok,ok,empty,empty,empty,ok
mp-19261,Na3MnPCO7,ok,ok,empty,empty,empty,ok,ok,ok,ok,ok,empty,empty,empty,ok
mp-19280,NaCr3O8,ok,ok,empty,ok,empty,ok,ok,ok,ok,ok,empty,empty,empty,ok
mp-19291,NaVPO5,ok,ok,empty,empty,empty,ok,ok,ok,ok,ok,empty,empty,empty,ok
mp-19302,NaCaVO4,ok,ok,empty,ok,empty,ok,ok,ok,ok,ok,empty,empty,empty,ok
mp-19310,Na3Co(NO2)6,ok,ok,empty,empty,empty,ok,ok,ok,ok,ok,empty,empty,empty,ok
mp-19329,Na2V(PO4)2,ok,ok,empty,ok,ok,ok,ok,ok,ok,ok,empty,empty,empty,ok
mp-19334,Na4WO5,ok,ok,empty,ok,empty,ok,ok,ok,ok,ok,empty,empty,empty,ok
mp-19349,NaMn(SiO3)2,ok,ok,empty,empty,empty,ok,ok,ok,ok,ok,empty,empty,empty,ok
mp-19359,NaFeO2,ok,ok,empty,ok,empty,ok,ok,ok,ok,ok,empty,empty,empty,ok
mp-19367,NaCr(SiO3)2,ok,ok,empty,empty,empty,ok,ok,ok,ok,ok,empty,empty,empty,ok
mp-19396,Na4Fe2O5,ok,ok,empty,empty,empty,ok,ok,ok,ok,ok,empty,empty,empty,ok
mp-19422,Na3VS3O,ok,ok,empty,ok,ok,ok,ok,ok,ok,ok,empty,empty,empty,ok
mp-19432,KNaV2O6,ok,ok,empty,ok,empty,ok,ok,ok,ok,ok,empty,empty,empty,ok
mp-19447,Cs2NaVO4,ok,ok,empty,ok,empty,ok,ok,ok,ok,ok,empty,empty,empty,ok
mp-19449,NaVCdO4,ok,ok,empty,ok,empty,ok,ok,ok,ok,ok,empty,empty,empty,ok
mp-19461,Na5Nd(WO4)4,ok,ok,empty,empty,empty,ok,ok,ok,ok,ok,empty,empty,empty,ok
mp-19463,Na5Tb(WO4)4,ok,ok,empty,empty,empty,ok,ok,ok,ok,ok,empty,empty,empty,ok
mp-19464,Na5Lu(MoO4)4,ok,ok,empty,empty,empty,ok,ok,ok,ok,ok,empty,empty,empty,ok
mp-19469,Na5Tb(MoO4)4,ok,ok,empty,empty,empty,ok,ok,ok,ok,ok,empty,empty,empty,ok
mp-19470,Na4Ni7(PO4)6,ok,ok,empty,empty,empty,ok,ok,ok,ok,ok,empty,empty,empty,ok
mp-19479,Na5La(MoO4)4,ok,ok,empty,empty,empty,ok,ok,ok,ok,ok,empty,empty,empty,ok
mp-19482,Na2V(PO4)2,ok,ok,empty,empty,empty,ok,ok,ok,ok,ok,empty,empty,empty,ok
mp-19497,Na5Y(MoO4)4,ok,ok,empty,empty,empty,ok,ok,ok,ok,ok,empty,empty,empty,ok
mp-1974948,Na2O,ok,ok,ok,empty,empty,ok,ok,ok,ok,ok,empty,empty,empty,ok
mp-1975297,Na2O,ok,ok,empty,empty,empty,ok,ok,ok,ok,ok,empty,empty,empty,ok
mp-19760,Na2Mo2O7,ok,ok,empty,empty,empty,ok,ok,ok,ok,ok,empty,empty,empty,ok
mp-1977728,NaNbO3,ok,ok,empty,empty,empty,ok,ok,ok,ok,ok,empty,empty,empty,ok
mp-1981564,NaLiTi3O7,ok,ok,empty,empty,empty,ok,ok,ok,ok,ok,empty,empty,empty,ok
mp-1984978,NaV3H6(SO7)2,ok,ok,empty,empty,empty,ok,ok,ok,ok,ok,empty,empty,empty,ok
mp-19931,Na2MgAlF7,ok,ok,empty,ok,ok,ok,ok,ok,ok,ok,empty,empty,empty,ok
mp-20011,NaSbO3,ok,ok,empty,empty,empty,ok,ok,ok,ok,ok,empty,empty,empty,ok
mp-20088,Na4PbO4,ok,ok,empty,ok,empty,ok,ok,ok,ok,ok,empty,empty,empty,ok
mp-20156,NaNdMnWO6,ok,ok,empty,empty,empty,ok,ok,ok,ok,ok,empty,empty,empty,ok
mp-20161,Na2CoGeO4,ok,ok,empty,empty,empty,ok,ok,ok,ok,ok,empty,empty,empty,ok
mp-20289,NaInS2,ok,ok,empty,ok,empty,ok,ok,ok,ok,ok,ok,empty,empty,ok
mp-2029994,NaH2N,ok,ok,empty,empty,empty,ok,ok,ok,empty,ok,empty,empty,empty,ok
mp-2030757,NaNO2,ok,ok,empty,empty,empty,ok,ok,ok,ok,ok,empty,empty,empty,ok
mp-20343,NaAuO2,ok,ok,ok,empty,empty,ok,ok,ok,ok,ok,empty,empty,empty,ok
mp-20495,Na2CO3,ok,ok,ok,empty,empty,ok,ok,ok,ok,ok,empty,empty,empty,ok
mp-20678,NaIn(WO4)2,ok,ok,empty,empty,empty,ok,ok,ok,ok,ok,empty,empty,empty,ok
mp-20763,Na2Gd2Ti3O10,ok,ok,empty,empty,empty,ok,ok,ok,ok,ok,empty,empty,empty,ok
mp-20884,Na2FeNiF7,ok,ok,empty,empty,empty,ok,ok,ok,ok,ok,empty,empty,empty,ok
mp-20980,NaNdTiO4,ok,ok,empty,empty,empty,ok,ok,ok,ok,ok,empty,empty,empty,ok
mp-21060,NaFeO2,ok,ok,empty,empty,empty,ok,ok,ok,ok,ok,empty,empty,empty,ok
mp-21213,NaCr(GeO3)2,ok,ok,empty,empty,empty,ok,ok,ok,ok,ok,empty,empty,empty,ok
mp-21282,Na2SO3,ok,ok,empty,empty,empty,ok,ok,ok,ok,ok,empty,empty,empty,ok
mp-21404,NaCoF3,ok,ok,empty,empty,empty,ok,ok,ok,ok,ok,empty,empty,empty,ok
mp-21511,K2NaInP2,ok,ok,empty,ok,empty,ok,ok,ok,ok,ok,empty,empty,empty,ok
mp-21634,Na2W2O7,ok,ok,empty,empty,empty,ok,ok,ok,ok,ok,empty,empty,empty,ok
mp-21762,Na2MnGaF7,ok,ok,empty,empty,empty,ok,ok,ok,ok,ok,empty,empty,empty,ok
mp-21798,NaMoPO6,ok,ok,empty,empty,empty,ok,ok,ok,ok,ok,empty,empty,empty,ok
mp-21867,NaFe(SiO3)2,ok,ok,empty,empty,empty,ok,ok,ok,ok,ok,empty,empty,empty,ok
mp-21896,Na2W2O7,ok,ok,empty,empty,empty,ok,ok,ok,ok,ok,empty,empty,empty,ok
mp-21913,NaPWO6,ok,ok,empty,empty,empty,ok,ok,ok,ok,ok,empty,empty,empty,ok
mp-21932,Na3Li3Co2F12,ok,ok,empty,empty,empty,ok,ok,ok,ok,ok,empty,empty,empty,ok
mp-21940,Na2TiCr(PO4)3,ok,ok,empty,empty,empty,ok,ok,ok,ok,ok,empty,empty,empty,ok
mp-21966,NaNi4(PO4)3,ok,ok,empty,empty,empty,ok,ok,ok,ok,ok,empty,empty,empty,ok
mp-21978,Na2AlCoF7,ok,ok,empty,empty,empty,ok,ok,ok,ok,ok,empty,empty,empty,ok
mp-21996,Na5NiO4,ok,ok,empty,empty,empty,ok,ok,ok,ok,ok,empty,empty,empty,ok
mp-22003,NaN3,ok,ok,ok,ok,empty,ok,ok,ok,ok,ok,empty,empty,empty,ok
mp-22076,NaFe(WO4)2,ok,ok,empty,empty,empty,ok,ok,ok,ok,ok,empty,empty,empty,ok
mp-22091,NaZr2CoF11,ok,ok,empty,empty,empty,ok,ok,ok,ok,ok,empty,empty,empty,ok
mp-22102,Na3Ir(NO2)6,ok,ok,empty,empty,empty,ok,ok,ok,ok,ok,empty,empty,empty,ok
mp-2210651,NaMgCoO2,ok,ok,empty,empty,empty,ok,ok,ok,ok,ok,empty,empty,empty,ok
mp-2210654,NaMgNiO2,ok,ok,empty,empty,empty,ok,ok,ok,ok,ok,empty,empty,empty,ok
mp-22135,Na3FePCO7,ok,ok,empty,empty,empty,ok,ok,ok,ok,ok,empty,empty,empty,ok
mp-22163,NaSn2(PO4)3,ok,ok,empty,empty,empty,ok,ok,ok,ok,ok,empty,empty,empty,ok
mp-2217119,Na2Mg(CoO2)2,ok,ok,empty,empty,empty,ok,ok,ok,ok,ok,empty,empty,empty,ok
mp-2217217,NaMgMn2O4,ok,ok,empty,empty,empty,ok,ok,ok,ok,ok,empty,empty,empty,ok
mp-2217269,Na3MgBiO4,ok,ok,empty,empty,empty,ok,ok,ok,ok,ok,empty,empty,empty,ok
mp-2217391,Na3MgBiO4,ok,ok,empty,empty,empty,ok,ok,ok,ok,ok,empty,empty,empty,ok
mp-2217469,Na2Mg(NiO2)2,ok,ok,empty,empty,empty,ok,ok,ok,ok,ok,empty,empty,empty,ok
mp-2217480,Na2Mg(CoO2)2,ok,ok,empty,empty,empty,ok,ok,ok,ok,ok,empty,empty,empty,ok
mp-2217564,Na2Mg(SbO3)2,ok,ok,empty,empty,empty,ok,ok,ok,ok,ok,empty,empty,empty,ok
mp-2217629,Na2Mg(MoO3)2,ok,ok,empty,empty,empty,ok,ok,ok,ok,ok,empty,empty,empty,ok
mp-2217696,Na2Mg(SbO3)2,ok,ok,empty,empty,empty,ok,ok,ok,ok,ok,empty,empty,empty,ok
mp-2218133,Na5MgSbO5,ok,ok,empty,empty,empty,ok,ok,ok,ok,ok,empty,empty,empty,ok
mp-2218154,Na5MgSbO5,ok,ok,empty,empty,empty,ok,ok,ok,ok,ok,empty,empty,empty,ok
mp-2218188,Na2MgCu2TeO6,ok,ok,empty,empty,empty,ok,ok,ok,ok,ok,empty,empty,empty,ok
mp-2218244,Na5MgBiO5,ok,ok,empty,empty,empty,ok,ok,ok,ok,ok,empty,empty,empty,ok
mp-2218307,Na4Mg(BiO3)2,ok,ok,empty,empty,empty,ok,ok,ok,ok,ok,empty,empty,empty,ok
mp-2218348,Na3MgCo2SbO6,ok,ok,empty,empty,empty,ok,ok,ok,ok,ok,empty,empty,empty,ok
mp-2218472,Na4Mg(FeO3)2,ok,ok,empty,empty,empty,ok,ok,ok,ok,ok,empty,empty,empty,ok
mp-2218486,Na4Mg(BiO3)2,ok,ok,empty,empty,empty,ok,ok,ok,ok,ok,empty,empty,empty,ok
mp-2218503,Na3MgCo2SbO6,ok,ok,empty,empty,empty,ok,ok,ok,ok,ok,empty,empty,empty,ok
mp-2218508,Na4Mg(BiO3)2,ok,ok,empty,empty,empty,ok,ok,ok,ok,ok,empty,empty,empty,ok
mp-2218533,Na3MgMn2SbO6,ok,ok,empty,empty,empty,ok,ok,ok,ok,ok,empty,empty,empty,ok
mp-2218565,Na4Mg(BiO3)2,ok,ok,empty,empty,empty,ok,ok,ok,ok,ok,empty,empty,empty,ok
mp-2218608,Na4Mg(BiO3)2,ok,ok,empty,empty,empty,ok,ok,ok,ok,ok,empty,empty,empty,ok
mp-2218660,Na4Mg(BiO3)2,ok,ok,empty,empty,empty,ok,ok,ok,ok,ok,empty,empty,empty,ok
mp-2218827,Na2MgV2(OF)4,ok,ok,empty,empty,empty,ok,ok,ok,ok,ok,empty,empty,empty,ok
mp-2218859,Na4Mg(CoO3)2,ok,ok,empty,empty,empty,ok,ok,ok,ok,ok,empty,empty,empty,ok
mp-2218926,Na2MgV2(OF)4,ok,ok,empty,empty,empty,ok,ok,ok,ok,ok,empty,empty,empty,ok
mp-2219094,Na4Mg(CoO3)2,ok,ok,empty,empty,empty,ok,ok,ok,ok,ok,empty,empty,empty,ok
mp-2219101,Na4Mg(CoO3)2,ok,ok,empty,empty,empty,ok,ok,ok,ok,ok,empty,empty,empty,ok
mp-2219845,Na4MgMn2O6,ok,ok,empty,empty,empty,ok,ok,ok,ok,ok,empty,empty,empty,ok
mp-2220000,Na4MgMn2O6,ok,ok,empty,empty,empty,ok,ok,ok,ok,ok,empty,empty,empty,ok
mp-22212,NaSbO3,ok,ok,ok,empty,empty,ok,ok,ok,ok,ok,empty,empty,empty,ok
mp-2222874,NaMgNiIO6,ok,ok,empty,empty,empty,ok,ok,ok,ok,ok,empty,empty,empty,ok
mp-2223065,NaMgNiIO6,ok,ok,empty,empty,empty,ok,ok,ok,ok,ok,empty,empty,empty,ok
mp-22242,NaZr2FeF11,ok,ok,empty,empty,empty,ok,ok,ok,ok,ok,empty,empty,empty,ok
mp-2224216,Na3MgBiO4,ok,ok,empty,empty,empty,ok,ok,ok,ok,ok,empty,empty,empty,ok
mp-2224240,Na6Mg(CoO3)2,ok,ok,empty,empty,empty,ok,ok,ok,ok,ok,empty,empty,empty,ok
mp-2224261,Na4Mg(FeO3)2,ok,ok,empty,empty,empty,ok,ok,ok,ok,ok,empty,empty,empty,ok
mp-2224731,Na4Mg(FeO2)4,ok,ok,empty,empty,empty,ok,ok,ok,ok,ok,empty,empty,empty,ok
mp-2224830,Na4Mg(FeO2)4,ok,ok,empty,empty,empty,ok,ok,ok,ok,ok,empty,empty,empty,ok
mp-2225014,Na6Mg(NiO3)2,ok,ok,empty,empty,empty,ok,ok,ok,ok,ok,empty,empty,empty,ok
mp-2226665,Na2Mg(BiO3)2,ok,ok,empty,empty,empty,ok,ok,ok,ok,ok,empty,empty,empty,ok
mp-2226674,Na4Mg(CoO3)2,ok,ok,empty,empty,empty,ok,ok,ok,ok,ok,empty,empty,empty,ok
mp-2226677,Na4Mg(CoO3)2,ok,ok,empty,empty,empty,ok,ok,ok,ok,ok,empty,empty,empty,ok
mp-2226747,Na3MgSbS4,ok,ok,empty,empty,empty,ok,ok,ok,ok,ok,empty,empty,empty,ok
mp-2226963,Rb3NaMg(WO4)2,ok,ok,empty,empty,empty,ok,ok,ok,ok,ok,empty,empty,empty,ok
mp-2227074,NaMgNiIO6,ok,ok,empty,empty,empty,ok,ok,ok,ok,ok,empty,empty,empty,ok
mp-2227099,Na7MgSbO6,ok,ok,empty,empty,empty,ok,ok,ok,ok,ok,empty,empty,empty,ok
mp-2227250,Na2MgFe4O7,ok,ok,empty,empty,empty,ok,ok,ok,ok,ok,empty,empty,empty,ok
mp-2227495,Na4Mg(CoO3)2,ok,ok,empty,empty,empty,ok,ok,ok,ok,ok,empty,empty,empty,ok
mp-2227506,Na3MgNi2SbO6,ok,ok,empty,empty,empty,ok,ok,ok,ok,ok,empty,empty,empty,ok
mp-2227616,Na7MgSbO6,ok,ok,empty,empty,empty,ok,ok,ok,ok,ok,empty,empty,empty,ok
mp-2227682,Na4MgV2O6,ok,ok,empty,empty,empty,ok,ok,ok,ok,ok,empty,empty,empty,ok
mp-2227786,Na7MgSbO6,ok,ok,empty,empty,empty,ok,ok,ok,ok,ok,empty,empty,empty,ok
mp-2227993,Na3MgSbS4,ok,ok,empty,empty,empty,ok,ok,ok,ok,ok,empty,empty,empty,ok
mp-2228046,Na2MgMn4O8,ok,ok,empty,empty,empty,ok,ok,ok,ok,ok,empty,empty,empty,ok
mp-2228107,Na4Mg(FeO3)2,ok,ok,empty,empty,empty,ok,ok,ok,ok,ok,empty,empty,empty,ok
mp-2228637,Na4Mg(MoO4)2,ok,ok,empty,empty,empty,ok,ok,ok,ok,ok,empty,empty,empty,ok
mp-2228651,Na4Mg(MoO4)2,ok,ok,empty,empty,empty,ok,ok,ok,ok,ok,empty,empty,empty,ok
mp-2228684,K3NaMgCr2O8,ok,ok,empty,empty,empty,ok,ok,ok,ok,ok,empty,empty,empty,ok
mp-2228694,Na4Mg(MoO4)2,ok,ok,empty,empty,empty,ok,ok,ok,ok,ok,empty,empty,empty,ok
mp-2228712,Na4Mg(MoO4)2,ok,ok,empty,empty,empty,ok,ok,ok,ok,ok,empty,empty,empty,ok
mp-2228762,K3NaMgCr2O8,ok,ok,empty,empty,empty,ok,ok,ok,ok,ok,empty,empty,empty,ok
mp-2228859,Na3MgVH6O7,ok,ok,empty,empty,empty,ok,ok,ok,ok,ok,empty,empty,empty,ok
mp-2228971,Na6MgMo2(NO3)2,ok,ok,empty,empty,empty,ok,ok,ok,ok,ok,empty,empty,empty,ok
mp-2229053,Na4Mg(FeO2)4,ok,ok,empty,empty,empty,ok,ok,ok,ok,ok,empty,empty,empty,ok
mp-2229079,NaMgV2Bi3O10,ok,ok,empty,empty,empty,ok,ok,ok,ok,ok,empty,empty,empty,ok
mp-2229081,Na6MgV2O8,ok,ok,empty,empty,empty,ok,ok,ok,ok,ok,empty,empty,empty,ok
mp-2229093,Na6MgV2O8,ok,ok,empty,empty,empty,ok,ok,ok,ok,ok,empty,empty,empty,ok
mp-2229135,NaMgV2Bi3O10,ok,ok,empty,empty,empty,ok,ok,ok,ok,ok,empty,empty,empty,ok
mp-2229140,Na6MgV2(S3O)2,ok,ok,empty,empty,empty,ok,ok,ok,ok,ok,empty,empty,empty,ok
mp-2229148,Na6MgV2O8,ok,ok,empty,empty,empty,ok,ok,ok,ok,ok,empty,empty,empty,ok
mp-2229153,Na4Mg(FeO2)4,ok,ok,empty,empty,empty,ok,ok,ok,ok,ok,empty,empty,empty,ok
mp-2229266,Na2MgGe2(SbO5)2,ok,ok,empty,empty,empty,ok,ok,ok,ok,ok,empty,empty,empty,ok
mp-2229306,Na6MgV2(S3O)2,ok,ok,empty,empty,empty,ok,ok,ok,ok,ok,empty,empty,empty,ok
mp-2229396,Na6MgV2(S3O)2,ok,ok,empty,empty,empty,ok,ok,ok,ok,ok,empty,empty,empty,ok
mp-2229623,Na2MgGe2(SbO5)2,ok,ok,empty,empty,empty,ok,ok,ok,ok,ok,empty,empty,empty,ok
mp-2229633,Na6Mg(SbO4)2,ok,ok,empty,empty,empty,ok,ok,ok,ok,ok,empty,empty,empty,ok
mp-2229804,Na6Mg(SbO4)2,ok,ok,empty,empty,empty,ok,ok,ok,ok,ok,empty,empty,empty,ok
mp-2229864,Na2MgGe2(SbO5)2,ok,ok,empty,empty,empty,ok,ok,ok,ok,ok,empty,empty,empty,ok
mp-2230112,Na2MgW4O13,ok,ok,empty,empty,empty,ok,ok,ok,ok,ok,empty,empty,empty,ok
mp-2230140,Na4Mg(Mo2O5)2,ok,ok,empty,empty,empty,ok,ok,ok,ok,ok,empty,empty,empty,ok
mp-2230177,Na8Mg(FeO4)2,ok,ok,empty,empty,empty,ok,ok,ok,ok,ok,empty,empty,empty,ok
mp-2230276,Na8MgTi2O8,ok,ok,empty,empty,empty,ok,ok,ok,ok,ok,empty,empty,empty,ok
mp-2230394,Na8Mg(CoO4)2,ok,ok,empty,empty,empty,ok,ok,ok,ok,ok,empty,empty,empty,ok
mp-2230529,Na8Mg(FeO4)2,ok,ok,empty,empty,empty,ok,ok,ok,ok,ok,empty,empty,empty,ok
mp-2230685,Na8Mg(NiO4)2,ok,ok,empty,empty,empty,ok,ok,ok,ok,ok,empty,empty,empty,ok
mp-2230747,Na4MgTi2(GeO5)2,ok,ok,empty,empty,empty,ok,ok,ok,ok,ok,empty,empty,empty,ok
mp-2230778,Na8Mg(NiO4)2,ok,ok,empty,empty,empty,ok,ok,ok,ok,ok,empty,empty,empty,ok
mp-2230827,Na4MgTi2(GeO5)2,ok,ok,empty,empty,empty,ok,ok,ok,ok,ok,empty,empty,empty,ok
mp-2231061,Na8Mg(CoO4)2,ok,ok,empty,empty,empty,ok,ok,ok,ok,ok,empty,empty,empty,ok
mp-2231219,Na8Mg(NiO4)2,ok,ok,empty,empty,empty,ok,ok,ok,ok,ok,empty,empty,empty,ok
mp-2231270,NaMgCr2In(H2O5)2,ok,ok,empty,empty,empty,ok,ok,ok,ok,ok,empty,empty,empty,ok
mp-22313,Na2PtO2,ok,ok,ok,ok,empty,ok,ok,ok,ok,ok,ok,empty,empty,ok
mp-2231472,Na8Mg(CoO4)2,ok,ok,empty,empty,empty,ok,ok,ok,ok,ok,empty,empty,empty,ok
mp-2231589,Na8Mg(NiO4)2,ok,ok,empty,empty,empty,ok,ok,ok,ok,ok,empty,empty,empty,ok
mp-2231632,Na8Mg(FeO4)2,ok,ok,empty,empty,empty,ok,ok,ok,ok,ok,empty,empty,empty,ok
mp-2231703,NaMgCr2In(H2O5)2,ok,ok,empty,empty,empty,ok,ok,ok,ok,ok,empty,empty,empty,ok
mp-2231815,Na8Mg(FeO4)2,ok,ok,empty,empty,empty,ok,ok,ok,ok,ok,empty,empty,empty,ok
mp-2231861,Na8Mg(CoO4)2,ok,ok,empty,empty,empty,ok,ok,ok,ok,ok,empty,empty,empty,ok
mp-2231876,Na8MgMn2O8,ok,ok,empty,empty,empty,ok,ok,ok,ok,ok,empty,empty,empty,ok
mp-2231904,Na4Mg(Mo2O5)2,ok,ok,empty,empty,empty,ok,ok,ok,ok,ok,empty,empty,empty,ok
mp-2232108,Rb3NaMg(MoO4)2,ok,ok,empty,empty,empty,ok,ok,ok,ok,ok,empty,empty,empty,ok
mp-2232117,Na4Mg(WO4)2,ok,ok,empty,empty,empty,ok,ok,ok,ok,ok,empty,empty,empty,ok
mp-2232165,Na4MgCr2O8,ok,ok,empty,empty,empty,ok,ok,ok,ok,ok,empty,empty,empty,ok
mp-2232210,NaMgFe5O8,ok,ok,empty,empty,empty,ok,ok,ok,ok,ok,empty,empty,empty,ok
mp-2232224,Na4Mg(WO4)2,ok,ok,empty,empty,empty,ok,ok,ok,ok,ok,empty,empty,empty,ok
mp-2232293,Na2MgV2Cd2O8,ok,ok,empty,empty,empty,ok,ok,ok,ok,ok,empty,empty,empty,ok
mp-2232319,Na4MgCr2O8,ok,ok,empty,empty,empty,ok,ok,ok,ok,ok,empty,empty,empty,ok
mp-2232352,Na4MgCr2O8,ok,ok,empty,empty,empty,ok,ok,ok,ok,ok,empty,empty,empty,ok
mp-2232356,NaMgFe5O8,ok,ok,empty,empty,empty,ok,ok,ok,ok,ok,empty,empty,empty,ok
mp-2232370,Rb3NaMg(MoO4)2,ok,ok,empty,empty,empty,ok,ok,ok,ok,ok,empty,empty,empty,ok
mp-2232667,Na4Mg(WO4)2,ok,ok,empty,empty,empty,ok,ok,ok,ok,ok,empty,empty,empty,ok
mp-2232789,Na2MgMnP2O7F3,ok,ok,empty,empty,empty,ok,ok,ok,ok,ok,empty,empty,empty,ok
mp-2232790,Na6Mg(CoO3)2,ok,ok,empty,empty,empty,ok,ok,ok,ok,ok,empty,empty,empty,ok
mp-2233145,Cs4Na2MgV2O8,ok,ok,empty,empty,empty,ok,ok,ok,ok,ok,empty,empty,empty,ok
mp-2233264,NaMgCo2(MoO5)2,ok,ok,empty,empty,empty,ok,ok,ok,ok,ok,empty,empty,empty,ok
mp-2233518,Na4MgV2O6,ok,ok,empty,empty,empty,ok,ok,ok,ok,ok,empty,empty,empty,ok
mp-2233531,Na4MgV2O6,ok,ok,empty,empty,empty,ok,ok,ok,ok,ok,empty,empty,empty,ok
mp-2233548,Na4Mg(FeO3)2,ok,ok,empty,empty,empty,ok,ok,ok,ok,ok,empty,empty,empty,ok
mp-2233656,Na4Mg(CoO3)2,ok,ok,empty,empty,empty,ok,ok,ok,ok,ok,empty,empty,empty,ok
mp-2233672,Na4MgV2O6,ok,ok,empty,empty,empty,ok,ok,ok,ok,ok,empty,empty,empty,ok
mp-2233710,Na4Mg(FeO3)2,ok,ok,empty,empty,empty,ok,ok,ok,ok,ok,empty,empty,empty,ok
mp-2233734,Na4Mg(FeO3)2,ok,ok,empty,empty,empty,ok,ok,ok,ok,ok,empty,empty,empty,ok
mp-2233921,Na4Mg(FeO3)2,ok,ok,empty,empty,empty,ok,ok,ok,ok,ok,empty,empty,empty,ok
mp-2240138,NaMgTi2BiO6,ok,ok,empty,empty,empty,ok,ok,ok,ok,ok,empty,empty,empty,ok
mp-2240160,Na3MgMo(OF)3,ok,ok,empty,empty,empty,ok,ok,ok,ok,ok,empty,empty,empty,ok
mp-2240200,Na3MgMo(OF)3,ok,ok,empty,empty,empty,ok,ok,ok,ok,ok,empty,empty,empty,ok
mp-2240370,Na3MgMo(OF)3,ok,ok,empty,empty,empty,ok,ok,ok,ok,ok,empty,empty,empty,ok
mp-2240818,Na4Mg(CoO3)2,ok,ok,empty,empty,empty,ok,ok,ok,ok,ok,empty,empty,empty,ok
mp-2240862,Na6MgV2(SO3)2,ok,ok,empty,empty,empty,ok,ok,ok,ok,ok,empty,empty,empty,ok
mp-2241208,K2NaMgVOF5,ok,ok,empty,empty,empty,ok,ok,ok,ok,ok,empty,empty,empty,ok
mp-2242232,Na7MgSbO6,ok,ok,empty,empty,empty,ok,ok,ok,ok,ok,empty,empty,empty,ok
mp-22457,K3Na(SO4)2,ok,ok,empty,empty,empty,ok,ok,ok,ok,ok,empty,empty,empty,ok
mp-22473,NaInSe2,ok,ok,empty,ok,empty,ok,ok,ok,ok,ok,empty,empty,empty,ok
mp-22516,Na3Co(NO2)6,ok,ok,empty,empty,empty,ok,ok,ok,ok,ok,empty,empty,empty,ok
mp-22614,NaFe(GeO3)2,ok,ok,empty,empty,empty,ok,ok,ok,ok,ok,empty,empty,empty,ok
mp-22730,Na2MoO4,ok,ok,empty,empty,empty,ok,ok,ok,ok,ok,empty,empty,empty,ok
mp-22748,NaLaMnWO6,ok,ok,empty,empty,empty,ok,ok,ok,ok,ok,empty,empty,empty,ok
mp-22804,Na3In2(AsO4)3,ok,ok,empty,empty,empty,ok,ok,ok,ok,ok,empty,empty,empty,ok
mp-22820,Na2InNiF7,ok,ok,empty,empty,empty,ok,ok,ok,ok,ok,empty,empty,empty,ok
mp-22851,NaCl,ok,ok,ok,empty,empty,ok,ok,ok,ok,ok,empty,empty,empty,ok
mp-22862,NaCl,ok,ok,ok,ok,empty,ok,ok,ok,ok,ok,empty,empty,empty,ok
mp-22916,NaBr,ok,ok,ok,ok,empty,ok,ok,ok,ok,ok,ok,empty,empty,ok
mp-22937,Na4I2O,ok,ok,ok,ok,empty,ok,ok,ok,ok,ok,empty,empty,empty,ok
mp-22968,NaClO4,ok,ok,empty,ok,empty,ok,ok,ok,ok,ok,empty,empty,empty,ok
mp-22984,NaBiO2,ok,ok,empty,ok,empty,ok,ok,ok,ok,ok,empty,empty,empty,ok
mp-22989,NaIO3,ok,ok,empty,ok,empty,ok,ok,ok,ok,ok,empty,empty,empty,ok
mp-23054,NaBiO3,ok,ok,ok,ok,empty,ok,ok,ok,ok,ok,empty,empty,empty,ok
mp-23110,NaHg2IO2,ok,ok,empty,ok,ok,ok,ok,ok,ok,ok,empty,empty,empty,ok
mp-23120,Cs2NaYCl6,ok,ok,empty,empty,empty,ok,ok,ok,ok,ok,empty,empty,empty,ok
mp-23145,Na4Al3Si3ClO12,ok,ok,ok,ok,ok,ok,ok,ok,ok,ok,empty,empty,empty,ok
mp-23147,Na4Al3Si3BrO12,ok,ok,empty,ok,ok,ok,ok,ok,ok,ok,empty,empty,empty,ok
mp-23151,Na4BeAlSi4ClO12,ok,ok,empty,ok,ok,ok,ok,ok,ok,ok,empty,empty,empty,ok
mp-23268,NaI,ok,ok,ok,ok,empty,ok,ok,ok,ok,ok,ok,empty,empty,ok
mp-23330,NaClO3,ok,ok,empty,ok,ok,ok,ok,ok,ok,ok,empty,empty,empty,ok
mp-23339,NaBrO3,ok,ok,ok,ok,ok,ok,ok,ok,ok,ok,empty,empty,empty,ok
mp-23363,NaAlCl4,ok,ok,empty,empty,empty,ok,ok,ok,ok,ok,empty,empty,empty,ok
mp-2340,Na2O2,ok,ok,ok,ok,ok,ok,ok,ok,ok,ok,empty,empty,empty,ok
mp-23503,Na3InCl6,ok,ok,empty,ok,empty,ok,ok,ok,ok,ok,empty,empty,empty,ok
mp-2352,Na2O,ok,ok,ok,ok,empty,ok,ok,ok,ok,ok,ok,empty,empty,ok
mp-23621,NaBi(PO3)4,ok,ok,empty,empty,empty,ok,ok,ok,ok,ok,empty,empty,empty,ok
mp-23651,Na4Al3Ge3IO12,ok,ok,empty,ok,ok,ok,ok,ok,ok,ok,empty,empty,empty,ok
mp-23653,Na3MgC2ClO6,ok,ok,empty,empty,empty,ok,ok,ok,ok,ok,empty,empty,empty,ok
mp-23655,Na4Al3Si3IO12,ok,ok,empty,ok,ok,ok,ok,ok,ok,ok,empty,empty,empty,ok
mp-23656,Na4Ga3Si3ClO12,ok,ok,empty,ok,ok,ok,ok,ok,ok,ok,empty,empty,empty,ok
mp-23657,Na6S2ClO8F,ok,ok,empty,ok,empty,ok,ok,ok,ok,ok,empty,empty,empty,ok
mp-23659,Na4Ga3Si3BrO12,ok,ok,empty,empty,empty,ok,ok,ok,ok,ok,empty,empty,empty,ok
mp-23660,KNa22C2S9ClO42,ok,ok,empty,empty,empty,ok,ok,ok,ok,ok,empty,empty,empty,ok
mp-23674,NaH4BrO2,ok,ok,empty,ok,empty,ok,ok,ok,ok,ok,empty,empty,empty,ok
mp-23684,NaHCO2,ok,ok,ok,empty,empty,ok,ok,ok,ok,ok,empty,empty,empty,ok
mp-23689,Na2CoH8(SO6)2,ok,ok,empty,empty,empty,ok,ok,ok,ok,ok,empty,empty,empty,ok
mp-23704,NaAlH4,ok,ok,ok,ok,empty,ok,ok,ok,ok,ok,empty,empty,empty,ok
mp-23705,Na3AlH6,ok,ok,empty,ok,empty,ok,ok,ok,ok,ok,empty,empty,empty,ok
mp-23730,NaMgH3,ok,ok,ok,ok,empty,ok,ok,ok,ok,ok,empty,empty,empty,ok
mp-23758,KNa(BH4)2,ok,ok,empty,ok,empty,ok,ok,ok,ok,ok,empty,empty,empty,ok
mp-23780,Na3H(SO4)2,ok,ok,ok,empty,empty,ok,ok,ok,ok,ok,empty,empty,empty,ok
mp-23784,NaB(H4O)2,ok,ok,empty,empty,empty,ok,ok,ok,ok,ok,empty,empty,empty,ok
mp-23787,Na2ZnH8(SO6)2,ok,ok,empty,empty,empty,ok,ok,ok,ok,ok,empty,empty,empty,ok
mp-23792,NaCa2Si3HO9,ok,ok,empty,empty,empty,ok,ok,ok,ok,ok,empty,empty,empty,ok
mp-23799,NaZnP2HO7,ok,ok,empty,empty,empty,ok,ok,ok,ok,ok,empty,empty,empty,ok
mp-23850,NaH2N,ok,ok,ok,ok,empty,ok,ok,ok,ok,ok,empty,empty,empty,ok
mp-23852,Na3H5(CO4)2,ok,ok,empty,empty,empty,ok,ok,ok,ok,ok,empty,empty,empty,ok
mp-23870,NaH,ok,ok,ok,ok,empty,ok,ok,ok,ok,ok,ok,empty,empty,ok
mp-23891,NaHO,ok,ok,ok,ok,empty,ok,ok,ok,ok,ok,empty,empty,empty,ok
mp-23918,NaGaH4,ok,ok,ok,ok,empty,ok,ok,ok,ok,ok,empty,empty,empty,ok
mp-23940,NaHO,ok,ok,empty,empty,empty,ok,ok,ok,ok,ok,empty,empty,empty,ok
mp-23961,Na3AsH18Se4O9,ok,ok,empty,empty,empty,ok,ok,ok,ok,ok,empty,empty,empty,ok
mp-23986,NaH6ClO5,ok,ok,empty,empty,empty,ok,ok,ok,ok,ok,empty,empty,empty,ok
mp-2400,NaS,ok,ok,ok,ok,empty,ok,ok,ok,ok,ok,ok,empty,empty,ok
mp-24001,NaZn2P2HO8,ok,ok,empty,empty,empty,ok,ok,ok,ok,ok,empty,empty,empty,ok
mp-2402,NaSi,ok,ok,ok,ok,empty,ok,ok,ok,ok,ok,empty,empty,empty,ok
mp-24029,Na2H10SO5,ok,ok,empty,empty,empty,ok,ok,ok,ok,ok,empty,empty,empty,ok
mp-24046,NaAlH24(SO10)2,ok,ok,empty,empty,empty,ok,ok,ok,ok,ok,empty,empty,empty,ok
mp-24109,NaP(HO2)2,ok,ok,empty,empty,empty,ok,ok,ok,ok,ok,empty,empty,empty,ok
mp-24144,Na5ScH4(C2O7)2,ok,ok,empty,empty,empty,ok,ok,ok,ok,ok,empty,empty,empty,ok
mp-24193,NaH3O2,ok,ok,empty,empty,empty,ok,ok,ok,ok,ok,empty,empty,empty,ok
mp-24228,Na2CuH6C2O9,ok,ok,empty,empty,empty,ok,ok,ok,ok,ok,empty,empty,empty,ok
mp-24229,Na2CaH10C2O11,ok,ok,empty,empty,empty,ok,ok,ok,ok,ok,empty,empty,empty,ok
mp-24367,Na2AsH15O11,ok,ok,empty,empty,empty,ok,ok,ok,ok,ok,empty,empty,empty,ok
mp-24369,Na2Si(H4O3)3,ok,ok,empty,empty,empty,ok,ok,ok,ok,ok,empty,empty,empty,ok
mp-24412,K2NaAlH6,ok,ok,empty,empty,empty,ok,ok,ok,ok,ok,empty,empty,empty,ok
mp-24413,Na2LiAlH6,ok,ok,empty,ok,empty,ok,ok,ok,ok,ok,empty,empty,empty,ok
mp-24440,Na3SbH18S4O9,ok,ok,empty,empty,empty,ok,ok,ok,ok,ok,empty,empty,empty,ok
mp-24488,NaZn2H3(SO4)2,ok,ok,empty,empty,empty,ok,ok,ok,ok,ok,empty,empty,empty,ok
mp-24493,Na3MnP3(H12O11)2,ok,ok,empty,empty,empty,ok,ok,ok,ok,ok,empty,empty,empty,empty
mp-24507,Na6Zn3P4H6O19,ok,ok,empty,empty,empty,ok,ok,ok,ok,ok,empty,empty,empty,ok
mp-24586,NaMn3P3(HO6)2,ok,ok,empty,empty,empty,ok,ok,ok,ok,ok,empty,empty,empty,ok
mp-24646,NaAlBP2H3O10,ok,ok,empty,empty,empty,ok,ok,ok,ok,ok,empty,empty,empty,ok
mp-24733,NaZnP3(H4O5)2,ok,ok,empty,empty,empty,ok,ok,ok,ok,ok,empty,empty,empty,ok
mp-24747,Na3H6Rh,ok,ok,empty,empty,empty,ok,ok,ok,ok,ok,empty,empty,empty,ok
mp-24810,NaBH4,ok,ok,empty,empty,empty,ok,ok,ok,ok,ok,empty,empty,empty,ok
mp-24822,Na5Al3H14,ok,ok,empty,empty,empty,ok,ok,ok,ok,ok,empty,empty,empty,ok
mp-2646915,Na2Sn3O7,ok,ok,empty,empty,empty,ok,ok,ok,ok,ok,empty,empty,empty,ok
mp-2646917,NaB9H10C,ok,ok,empty,empty,empty,ok,ok,ok,ok,ok,empty,empty,empty,ok
mp-2646947,NaB11H12C,ok,ok,empty,empty,empty,ok,ok,ok,ok,ok,empty,empty,empty,ok
mp-2646982,NaBH4,ok,ok,empty,empty,empty,ok,ok,ok,ok,ok,empty,empty,empty,ok
mp-27125,Na6MnCl8,ok,ok,empty,ok,empty,ok,ok,ok,ok,ok,empty,empty,empty,ok
mp-2712522,Na3Mg3TiPS5O24,ok,ok,empty,empty,empty,ok,ok,ok,ok,ok,empty,empty,empty,ok
mp-2712523,Na2La3TaSi2(SO6)4,ok,ok,empty,empty,empty,ok,ok,ok,ok,ok,empty,empty,empty,ok
mp-2712524,Na2Hf2Si2SO12,ok,ok,empty,empty,empty,ok,ok,ok,ok,ok,empty,empty,empty,ok
mp-2712525,Na2ZrTiSi2SO12,ok,ok,empty,empty,empty,ok,ok,ok,ok,ok,empty,empty,empty,ok
mp-2712526,Na3Zn3SnPS5O24,ok,ok,empty,empty,empty,ok,ok,ok,ok,ok,empty,empty,empty,ok
mp-2712527,Na2Sc3TaSi2(SO6)4,ok,ok,empty,empty,empty,ok,ok,ok,ok,ok,empty,empty,empty,ok
mp-2712528,Na3HfMg3PS5O24,ok,ok,empty,empty,empty,ok,ok,ok,ok,ok,empty,empty,empty,ok
mp-2712529,Na6Zn3GeP4(SO12)2,ok,ok,empty,empty,empty,ok,ok,ok,ok,ok,empty,empty,empty,ok
mp-2712530,Na6Mg3TiSi2(SO6)4,ok,ok,empty,empty,empty,ok,ok,ok,ok,ok,empty,empty,empty,ok
mp-2712531,Na2Sc3NbSi2(SO6)4,ok,ok,empty,empty,empty,ok,ok,ok,ok,ok,empty,empty,empty,ok
mp-2712532,Na2HfSi2SnSO12,ok,ok,empty,empty,empty,ok,ok,ok,ok,ok,empty,empty,empty,ok
mp-2712533,Na3Mg2Al2PS5O24,ok,ok,empty,empty,empty,ok,ok,ok,ok,ok,empty,empty,empty,ok
mp-2712534,Na6Mg6SiGe2S11O48,ok,ok,empty,empty,empty,ok,ok,ok,ok,ok,empty,empty,empty,ok
mp-2712535,Na3Ca2Y2PS5O24,ok,ok,empty,empty,empty,ok,ok,ok,ok,ok,empty,empty,empty,ok
mp-2712536,Na2TaAl3P4(SO12)2,ok,ok,empty,empty,empty,ok,ok,ok,ok,ok,empty,empty,empty,ok
mp-2712537,Na6Ca3HfP4(SO12)2,ok,ok,empty,empty,empty,ok,ok,ok,ok,ok,empty,empty,empty,ok
mp-2712538,Na2Ti2Si(PO6)2,ok,ok,empty,empty,empty,ok,ok,ok,ok,ok,empty,empty,empty,ok
mp-2712539,NaNbZnP2SO12,ok,ok,empty,empty,empty,ok,ok,ok,ok,ok,empty,empty,empty,ok
mp-2712540,Na2ZnSn3P4(SO12)2,ok,ok,empty,empty,empty,ok,ok,ok,ok,ok,empty,empty,empty,ok
mp-2712541,NaLaHfP2SO12,ok,ok,empty,empty,empty,ok,ok,ok,ok,ok,empty,empty,empty,ok
mp-2712542,Na2TiSiGe(PO6)2,ok,ok,empty,empty,empty,ok,ok,ok,ok,ok,empty,empty,empty,ok
mp-2712543,Na2MgZr3Si2(SO6)4,ok,ok,empty,empty,empty,ok,ok,ok,ok,ok,empty,empty,empty,ok
mp-2712544,Na6Sc4Zn4SiS11O48,ok,ok,empty,empty,empty,ok,ok,ok,ok,ok,empty,empty,empty,ok
mp-2712545,NaYSiSn(SO6)2,ok,ok,empty,empty,empty,ok,ok,ok,ok,ok,empty,empty,empty,ok
mp-2712546,Na2Hf3ZnP4(SO12)2,ok,ok,empty,empty,empty,ok,ok,ok,ok,ok,empty,empty,empty,ok
mp-2712547,Na2NbGaSi(PO6)2,ok,ok,empty,empty,empty,ok,ok,ok,ok,ok,empty,empty,empty,ok
mp-2712548,Na3MgGaP2SO12,ok,ok,empty,empty,empty,ok,ok,ok,ok,ok,empty,empty,empty,ok
mp-2712549,Na3CaAlP2SO12,ok,ok,empty,empty,empty,ok,ok,ok,ok,ok,empty,empty,empty,ok
mp-2712550,NaInSiSn(SO6)2,ok,ok,empty,empty,empty,ok,ok,ok,ok,ok,empty,empty,empty,ok
mp-2712551,Na9Mg5TaSi3(SO6)6,ok,ok,empty,empty,empty,ok,ok,ok,ok,ok,empty,empty,empty,ok
mp-2712552,Na2ZrSi2GeSO12,ok,ok,empty,empty,empty,ok,ok,ok,ok,ok,empty,empty,empty,ok
mp-2712553,Na2TaAlSi2SO12,ok,ok,empty,empty,empty,ok,ok,ok,ok,ok,empty,empty,empty,ok
mp-2712554,Na2TaIn3Si2(SO6)4,ok,ok,empty,empty,empty,ok,ok,ok,ok,ok,empty,empty,empty,ok
mp-2712555,NaScSiGe(SO6)2,ok,ok,empty,empty,empty,ok,ok,ok,ok,ok,empty,empty,empty,ok
mp-2712556,Na3YMgP2SO12,ok,ok,empty,empty,empty,ok,ok,ok,ok,ok,empty,empty,empty,ok
mp-2712558,Na2ZrSiSn(PO6)2,ok,ok,empty,empty,empty,ok,ok,ok,ok,ok,empty,empty,empty,ok
mp-2712559,NaScSiSn(SO6)2,ok,ok,empty,empty,empty,ok,ok,ok,ok,ok,empty,empty,empty,ok
mp-2712560,Na3MgAlP2SO12,ok,ok,empty,empty,empty,ok,ok,ok,ok,ok,empty,empty,empty,ok
mp-2712561,Na9TaZn5Si3(SO6)6,ok,ok,empty,empty,empty,ok,ok,ok,ok,ok,empty,empty,empty,ok
mp-2712562,Na6Mg2Ta4Si3(PO6)6,ok,ok,empty,empty,empty,ok,ok,ok,ok,ok,empty,empty,empty,ok
mp-2712563,Na2NbInSi2SO12,ok,ok,empty,empty,empty,ok,ok,ok,ok,ok,empty,empty,empty,ok
mp-2712564,Na2MgZr3P4(SO12)2,ok,ok,empty,empty,empty,ok,ok,ok,ok,ok,empty,empty,empty,ok
mp-2712565,Na3LaZnP2SO12,ok,ok,empty,empty,empty,ok,ok,ok,ok,ok,empty,empty,empty,ok
mp-2712566,Na2ScTaSi2SO12,ok,ok,empty,empty,empty,ok,ok,ok,ok,ok,empty,empty,empty,ok
mp-2712567,NaYTiSi(SO6)2,ok,ok,empty,empty,empty,ok,ok,ok,ok,ok,empty,empty,empty,ok
mp-2712568,NaZrInSi(SO6)2,ok,ok,empty,empty,empty,ok,ok,ok,ok,ok,empty,empty,empty,ok
mp-2712571,Na3MgInSi(SO6)2,ok,ok,empty,empty,empty,ok,ok,ok,ok,ok,empty,empty,empty,ok
mp-2712572,NaScGeP2SO12,ok,ok,empty,empty,empty,ok,ok,ok,ok,ok,empty,empty,empty,ok
mp-2712573,Na3LaMgP2SO12,ok,ok,empty,empty,empty,ok,ok,ok,ok,ok,empty,empty,empty,ok
mp-2712574,Na3Mg3SnPS5O24,ok,ok,empty,empty,empty,ok,ok,ok,ok,ok,empty,empty,empty,ok
mp-2712575,Na6Ca4Y4SiS11O48,ok,ok,empty,empty,empty,ok,ok,ok,ok,ok,empty,empty,empty,ok
mp-2712576,Na2YNbSi(PO6)2,ok,ok,empty,empty,empty,ok,ok,ok,ok,ok,empty,empty,empty,ok
mp-2712578,NaInGeP2SO12,ok,ok,empty,empty,empty,ok,ok,ok,ok,ok,empty,empty,empty,ok
mp-2712579,Na6Mg3Si2Sn(SO6)4,ok,ok,empty,empty,empty,ok,ok,ok,ok,ok,empty,empty,empty,ok
mp-2712580,Na3CaGaSi(SO6)2,ok,ok,empty,empty,empty,ok,ok,ok,ok,ok,empty,empty,empty,ok
mp-2712581,Na9Ca5TaP6(SO12)3,ok,ok,empty,empty,empty,ok,ok,ok,ok,ok,empty,empty,empty,ok
mp-2712583,Na2NbAlSi(PO6)2,ok,ok,empty,empty,empty,ok,ok,ok,ok,ok,empty,empty,empty,ok
mp-2712584,NaZrGaP2SO12,ok,ok,empty,empty,empty,ok,ok,ok,ok,ok,empty,empty,empty,ok
mp-2712585,Na3ScZnSi(SO6)2,ok,ok,empty,empty,empty,ok,ok,ok,ok,ok,empty,empty,empty,ok
mp-2712586,Na2ScNbSi(PO6)2,ok,ok,empty,empty,empty,ok,ok,ok,ok,ok,empty,empty,empty,ok
mp-2712587,Na9Mg5NbSi3(SO6)6,ok,ok,empty,empty,empty,ok,ok,ok,ok,ok,empty,empty,empty,ok
mp-2712588,Na3CaLaSi(SO6)2,ok,ok,empty,empty,empty,ok,ok,ok,ok,ok,empty,empty,empty,ok
mp-2712589,Na2Hf3MgP4(SO12)2,ok,ok,empty,empty,empty,ok,ok,ok,ok,ok,empty,empty,empty,ok
mp-2712590,Na3CaGaP2SO12,ok,ok,empty,empty,empty,ok,ok,ok,ok,ok,empty,empty,empty,ok
mp-2712591,NaMgNbP2SO12,ok,ok,empty,empty,empty,ok,ok,ok,ok,ok,empty,empty,empty,ok
mp-2712592,Na2Hf3ZnSi2(SO6)4,ok,ok,empty,empty,empty,ok,ok,ok,ok,ok,empty,empty,empty,ok
mp-2712593,Na3MgAlSi(SO6)2,ok,ok,empty,empty,empty,ok,ok,ok,ok,ok,empty,empty,empty,ok
mp-2712594,Na6Ta4Zn2Si6(SO12)3,ok,ok,empty,empty,empty,ok,ok,ok,ok,ok,empty,empty,empty,ok
mp-2712595,NaAlSiGe(SO6)2,ok,ok,empty,empty,empty,ok,ok,ok,ok,ok,empty,empty,empty,ok
mp-2712596,Na2Zr3ZnSi2(SO6)4,ok,ok,empty,empty,empty,ok,ok,ok,ok,ok,empty,empty,empty,ok
mp-2712597,Na6Ca3TiP4(SO12)2,ok,ok,empty,empty,empty,ok,ok,ok,ok,ok,empty,empty,empty,ok
mp-2712598,Na2Y3TaP4(SO12)2,ok,ok,empty,empty,empty,ok,ok,ok,ok,ok,empty,empty,empty,ok
mp-2712599,Na2TaAlSi(PO6)2,ok,ok,empty,empty,empty,ok,ok,ok,ok,ok,empty,empty,empty,ok
mp-27126,Na2Mn3Cl8,ok,ok,empty,ok,empty,ok,ok,ok,ok,ok,empty,empty,empty,ok
mp-2712600,Na9NbZn5Si3(SO6)6,ok,ok,empty,empty,empty,ok,ok,ok,ok,ok,empty,empty,empty,ok
mp-2712601,Na6Ca3Si2Ge(SO6)4,ok,ok,empty,empty,empty,ok,ok,ok,ok,ok,empty,empty,empty,ok
mp-2712602,NaScTiSi(SO6)2,ok,ok,empty,empty,empty,ok,ok,ok,ok,ok,empty,empty,empty,ok
mp-2712604,Na2ScNbSi2SO12,ok,ok,empty,empty,empty,ok,ok,ok,ok,ok,empty,empty,empty,ok
mp-2712605,NaYTiP2SO12,ok,ok,empty,empty,empty,ok,ok,ok,ok,ok,empty,empty,empty,ok
mp-2712606,NaMgNbSi(SO6)2,ok,ok,empty,empty,empty,ok,ok,ok,ok,ok,empty,empty,empty,ok
mp-2712607,Na6HfMg3P4(SO12)2,ok,ok,empty,empty,empty,ok,ok,ok,ok,ok,empty,empty,empty,ok
mp-2712608,NaHfScSi(SO6)2,ok,ok,empty,empty,empty,ok,ok,ok,ok,ok,empty,empty,empty,ok
mp-2712609,NaZrGaSi(SO6)2,ok,ok,empty,empty,empty,ok,ok,ok,ok,ok,empty,empty,empty,ok
mp-2712610,Na2Zr3ZnP4(SO12)2,ok,ok,empty,empty,empty,ok,ok,ok,ok,ok,empty,empty,empty,ok
mp-2712611,Na6Ta4Zn2Si3(PO6)6,ok,ok,empty,empty,empty,ok,ok,ok,ok,ok,empty,empty,empty,ok
mp-2712612,NaTaZnSi(SO6)2,ok,ok,empty,empty,empty,ok,ok,ok,ok,ok,empty,empty,empty,ok
mp-2712613,Na2YTaSi(PO6)2,ok,ok,empty,empty,empty,ok,ok,ok,ok,ok,empty,empty,empty,ok
mp-2712614,Na2HfTiSi(PO6)2,ok,ok,empty,empty,empty,ok,ok,ok,ok,ok,empty,empty,empty,ok
mp-2712615,NaAlSnP2SO12,ok,ok,empty,empty,empty,ok,ok,ok,ok,ok,empty,empty,empty,ok
mp-2712616,Na6Zn3Si2Ge(SO6)4,ok,ok,empty,empty,empty,ok,ok,ok,ok,ok,empty,empty,empty,ok
mp-2712617,Na6Mg3SnP4(SO12)2,ok,ok,empty,empty,empty,ok,ok,ok,ok,ok,empty,empty,empty,ok
mp-2712618,NaAlGeP2SO12,ok,ok,empty,empty,empty,ok,ok,ok,ok,ok,empty,empty,empty,ok
mp-2712619,Na2Hf2Si(PO6)2,ok,ok,empty,empty,empty,ok,ok,ok,ok,ok,empty,empty,empty,ok
mp-2712620,Na2NbGa3Si2(SO6)4,ok,ok,empty,empty,empty,ok,ok,ok,ok,ok,empty,empty,empty,ok
mp-2712621,Na2TaGaSi2SO12,ok,ok,empty,empty,empty,ok,ok,ok,ok,ok,empty,empty,empty,ok
mp-2712622,Na3ZnGaSi(SO6)2,ok,ok,empty,empty,empty,ok,ok,ok,ok,ok,empty,empty,empty,ok
mp-2712623,NaZrScSi(SO6)2,ok,ok,empty,empty,empty,ok,ok,ok,ok,ok,empty,empty,empty,ok
mp-2712624,Na2Zr2Si(PO6)2,ok,ok,empty,empty,empty,ok,ok,ok,ok,ok,empty,empty,empty,ok
mp-2712625,Na3CaYP2SO12,ok,ok,empty,empty,empty,ok,ok,ok,ok,ok,empty,empty,empty,ok
mp-2712626,Na2CaZr3Si2(SO6)4,ok,ok,empty,empty,empty,ok,ok,ok,ok,ok,empty,empty,empty,ok
mp-2712627,NaHfScP2SO12,ok,ok,empty,empty,empty,ok,ok,ok,ok,ok,empty,empty,empty,ok
mp-2712628,Na6Mg3ZrSi2(SO6)4,ok,ok,empty,empty,empty,ok,ok,ok,ok,ok,empty,empty,empty,ok
mp-2712629,Na3ZnInSi(SO6)2,ok,ok,empty,empty,empty,ok,ok,ok,ok,ok,empty,empty,empty,ok
mp-2712630,Na6Al4Zn4SiS11O48,ok,ok,empty,empty,empty,ok,ok,ok,ok,ok,empty,empty,empty,ok
mp-2712631,Na2Si2Sn2SO12,ok,ok,empty,empty,empty,ok,ok,ok,ok,ok,empty,empty,empty,ok
mp-2712632,Na3Zn2Ga2PS5O24,ok,ok,empty,empty,empty,ok,ok,ok,ok,ok,empty,empty,empty,ok
mp-2712633,NaYZrSi(SO6)2,ok,ok,empty,empty,empty,ok,ok,ok,ok,ok,empty,empty,empty,ok
mp-2712634,NaZrScP2SO12,ok,ok,empty,empty,empty,ok,ok,ok,ok,ok,empty,empty,empty,ok
mp-2712635,Na6La4Mg4SiS11O48,ok,ok,empty,empty,empty,ok,ok,ok,ok,ok,empty,empty,empty,ok
mp-2712636,Na2Ti2Si2SO12,ok,ok,empty,empty,empty,ok,ok,ok,ok,ok,empty,empty,empty,ok
mp-2712637,NaGaGeP2SO12,ok,ok,empty,empty,empty,ok,ok,ok,ok,ok,empty,empty,empty,ok
mp-2712638,Na6Mg3ZrP4(SO12)2,ok,ok,empty,empty,empty,ok,ok,ok,ok,ok,empty,empty,empty,ok
mp-2712639,Na2Sc3NbP4(SO12)2,ok,ok,empty,empty,empty,ok,ok,ok,ok,ok,empty,empty,empty,ok
mp-2712640,NaMgTaP2SO12,ok,ok,empty,empty,empty,ok,ok,ok,ok,ok,empty,empty,empty,ok
mp-2712641,Na3MgGaSi(SO6)2,ok,ok,empty,empty,empty,ok,ok,ok,ok,ok,empty,empty,empty,ok
mp-2712642,NaLaTiSi(SO6)2,ok,ok,empty,empty,empty,ok,ok,ok,ok,ok,empty,empty,empty,ok
mp-2712643,Na2La3TaP4(SO12)2,ok,ok,empty,empty,empty,ok,ok,ok,ok,ok,empty,empty,empty,ok
mp-2712644,Na6Ca2Nb4Si3(PO6)6,ok,ok,empty,empty,empty,ok,ok,ok,ok,ok,empty,empty,empty,ok
mp-2712645,Na6Ca2Ta4Si6(SO12)3,ok,ok,empty,empty,empty,ok,ok,ok,ok,ok,empty,empty,empty,ok
mp-2712646,Na2SiSn2(PO6)2,ok,ok,empty,empty,empty,ok,ok,ok,ok,ok,empty,empty,empty,ok
mp-2712647,Na2YTaSi2SO12,ok,ok,empty,empty,empty,ok,ok,ok,ok,ok,empty,empty,empty,ok
mp-2712648,NaTiGaSi(SO6)2,ok,ok,empty,empty,empty,ok,ok,ok,ok,ok,empty,empty,empty,ok
mp-2712649,Na2TaIn3P4(SO12)2,ok,ok,empty,empty,empty,ok,ok,ok,ok,ok,empty,empty,empty,ok
mp-2712650,Na2TaInSi(PO6)2,ok,ok,empty,empty,empty,ok,ok,ok,ok,ok,empty,empty,empty,ok
mp-2712651,Na6Zn3Si2Sn(SO6)4,ok,ok,empty,empty,empty,ok,ok,ok,ok,ok,empty,empty,empty,ok
mp-2712652,Na3ZnGaP2SO12,ok,ok,empty,empty,empty,ok,ok,ok,ok,ok,empty,empty,empty,ok
mp-2712653,Na6Mg3TiP4(SO12)2,ok,ok,empty,empty,empty,ok,ok,ok,ok,ok,empty,empty,empty,ok
mp-2712654,Na6Ca3ZrP4(SO12)2,ok,ok,empty,empty,empty,ok,ok,ok,ok,ok,empty,empty,empty,ok
mp-2712655,Na3Mg2Ga2PS5O24,ok,ok,empty,empty,empty,ok,ok,ok,ok,ok,empty,empty,empty,ok
mp-2712656,NaLaZrP2SO12,ok,ok,empty,empty,empty,ok,ok,ok,ok,ok,empty,empty,empty,ok
mp-2712657,Na6Mg2Nb4Si6(SO12)3,ok,ok,empty,empty,empty,ok,ok,ok,ok,ok,empty,empty,empty,ok
mp-2712658,NaCaTaP2SO12,ok,ok,empty,empty,empty,ok,ok,ok,ok,ok,empty,empty,empty,ok
mp-2712659,Na6Ca3TiSi2(SO6)4,ok,ok,empty,empty,empty,ok,ok,ok,ok,ok,empty,empty,empty,ok
mp-2712660,NaTiAlP2SO12,ok,ok,empty,empty,empty,ok,ok,ok,ok,ok,empty,empty,empty,ok
mp-2712661,Na2ScTaSi(PO6)2,ok,ok,empty,empty,empty,ok,ok,ok,ok,ok,empty,empty,empty,ok
mp-2712662,Na3CaLaP2SO12,ok,ok,empty,empty,empty,ok,ok,ok,ok,ok,empty,empty,empty,ok
mp-2712663,Na2TaGa3Si2(SO6)4,ok,ok,empty,empty,empty,ok,ok,ok,ok,ok,empty,empty,empty,ok
mp-2712664,Na2La3NbSi2(SO6)4,ok,ok,empty,empty,empty,ok,ok,ok,ok,ok,empty,empty,empty,ok
mp-2712665,Na3ZrZn3PS5O24,ok,ok,empty,empty,empty,ok,ok,ok,ok,ok,empty,empty,empty,ok
mp-2712666,Na6Nb4Zn2Si3(PO6)6,ok,ok,empty,empty,empty,ok,ok,ok,ok,ok,empty,empty,empty,ok
mp-2712667,Na2TiSi2GeSO12,ok,ok,empty,empty,empty,ok,ok,ok,ok,ok,empty,empty,empty,ok
mp-2712668,Na6HfZn3P4(SO12)2,ok,ok,empty,empty,empty,ok,ok,ok,ok,ok,empty,empty,empty,ok
mp-2712669,Na2CaSn3P4(SO12)2,ok,ok,empty,empty,empty,ok,ok,ok,ok,ok,empty,empty,empty,ok
mp-2712670,Na3MgScSi(SO6)2,ok,ok,empty,empty,empty,ok,ok,ok,ok,ok,empty,empty,empty,ok
mp-2712671,Na2TaGa3P4(SO12)2,ok,ok,empty,empty,empty,ok,ok,ok,ok,ok,empty,empty,empty,ok
mp-2712673,Na2ZnGe3P4(SO12)2,ok,ok,empty,empty,empty,ok,ok,ok,ok,ok,empty,empty,empty,ok
mp-2712674,NaScSnP2SO12,ok,ok,empty,empty,empty,ok,ok,ok,ok,ok,empty,empty,empty,ok
mp-2712675,Na2ZrSi2SnSO12,ok,ok,empty,empty,empty,ok,ok,ok,ok,ok,empty,empty,empty,ok
mp-2712676,Na2MgGe3P4(SO12)2,ok,ok,empty,empty,empty,ok,ok,ok,ok,ok,empty,empty,empty,ok
mp-2712677,Na3CaAlSi(SO6)2,ok,ok,empty,empty,empty,ok,ok,ok,ok,ok,empty,empty,empty,ok
mp-2712679,Na9NbZn5P6(SO12)3,ok,ok,empty,empty,empty,ok,ok,ok,ok,ok,empty,empty,empty,ok
mp-2712680,Na2CaTi3Si2(SO6)4,ok,ok,empty,empty,empty,ok,ok,ok,ok,ok,empty,empty,empty,ok
mp-2712681,Na3Al2Zn2PS5O24,ok,ok,empty,empty,empty,ok,ok,ok,ok,ok,empty,empty,empty,ok
mp-2712682,Na2HfTiSi2SO12,ok,ok,empty,empty,empty,ok,ok,ok,ok,ok,empty,empty,empty,ok
mp-2712683,Na2MgTi3Si2(SO6)4,ok,ok,empty,empty,empty,ok,ok,ok,ok,ok,empty,empty,empty,ok
mp-2712684,Na2Ti3ZnSi2(SO6)4,ok,ok,empty,empty,empty,ok,ok,ok,ok,ok,empty,empty,empty,ok
mp-2712685,NaHfInP2SO12,ok,ok,empty,empty,empty,ok,ok,ok,ok,ok,empty,empty,empty,ok
mp-2712686,Na9Ca10Ta2P3(S5O24)3,ok,ok,empty,empty,empty,ok,ok,ok,ok,ok,empty,empty,empty,ok
mp-2712687,NaZrAlSi(SO6)2,ok,ok,empty,empty,empty,ok,ok,ok,ok,ok,empty,empty,empty,ok
mp-2712689,Na2Y3TaSi2(SO6)4,ok,ok,empty,empty,empty,ok,ok,ok,ok,ok,empty,empty,empty,ok
mp-2712690,NaHfGaSi(SO6)2,ok,ok,empty,empty,empty,ok,ok,ok,ok,ok,empty,empty,empty,ok
mp-2712691,Na2HfSiSn(PO6)2,ok,ok,empty,empty,empty,ok,ok,ok,ok,ok,empty,empty,empty,ok
mp-2712692,Na3LaZnSi(SO6)2,ok,ok,empty,empty,empty,ok,ok,ok,ok,ok,empty,empty,empty,ok
mp-2712693,NaHfInSi(SO6)2,ok,ok,empty,empty,empty,ok,ok,ok,ok,ok,empty,empty,empty,ok
mp-2712694,Na9TaZn5P6(SO12)3,ok,ok,empty,empty,empty,ok,ok,ok,ok,ok,empty,empty,empty,ok
mp-2712695,Na6Ca3SnP4(SO12)2,ok,ok,empty,empty,empty,ok,ok,ok,ok,ok,empty,empty,empty,ok
mp-2712696,Na3TiZn3PS5O24,ok,ok,empty,empty,empty,ok,ok,ok,ok,ok,empty,empty,empty,ok
mp-2712697,NaTiInSi(SO6)2,ok,ok,empty,empty,empty,ok,ok,ok,ok,ok,empty,empty,empty,ok
mp-2712698,Na2HfSi2GeSO12,ok,ok,empty,empty,empty,ok,ok,ok,ok,ok,empty,empty,empty,ok
mp-2712699,NaGaSnP2SO12,ok,ok,empty,empty,empty,ok,ok,ok,ok,ok,empty,empty,empty,ok
mp-2712700,Na2LaNbSi2SO12,ok,ok,empty,empty,empty,ok,ok,ok,ok,ok,empty,empty,empty,ok
mp-2712701,Na3HfZn3PS5O24,ok,ok,empty,empty,empty,ok,ok,ok,ok,ok,empty,empty,empty,ok
mp-2712702,Na6Ca4Ga4SiS11O48,ok,ok,empty,empty,empty,ok,ok,ok,ok,ok,empty,empty,empty,ok
mp-2712703,Na2CaZr3P4(SO12)2,ok,ok,empty,empty,empty,ok,ok,ok,ok,ok,empty,empty,empty,ok
mp-2712704,Na2TiSiSn(PO6)2,ok,ok,empty,empty,empty,ok,ok,ok,ok,ok,empty,empty,empty,ok
mp-2712705,Na6Ca2Ta4Si3(PO6)6,ok,ok,empty,empty,empty,ok,ok,ok,ok,ok,empty,empty,empty,ok
mp-2712706,Na6Ca3GeP4(SO12)2,ok,ok,empty,empty,empty,ok,ok,ok,ok,ok,empty,empty,empty,ok
mp-2712707,Na2Si2SnGeSO12,ok,ok,empty,empty,empty,ok,ok,ok,ok,ok,empty,empty,empty,ok
mp-2712708,NaLaSnP2SO12,ok,ok,empty,empty,empty,ok,ok,ok,ok,ok,empty,empty,empty,ok
mp-2712709,Na3ScZnP2SO12,ok,ok,empty,empty,empty,ok,ok,ok,ok,ok,empty,empty,empty,ok
mp-2712710,Na2LaNbSi(PO6)2,ok,ok,empty,empty,empty,ok,ok,ok,ok,ok,empty,empty,empty,ok
mp-2712711,Na6Mg2Nb4Si3(PO6)6,ok,ok,empty,empty,empty,ok,ok,ok,ok,ok,empty,empty,empty,ok
mp-2712712,Na3ZnInP2SO12,ok,ok,empty,empty,empty,ok,ok,ok,ok,ok,empty,empty,empty,ok
mp-2712713,NaGaSiGe(SO6)2,ok,ok,empty,empty,empty,ok,ok,ok,ok,ok,empty,empty,empty,ok
mp-2712714,Na2NbAl3Si2(SO6)4,ok,ok,empty,empty,empty,ok,ok,ok,ok,ok,empty,empty,empty,ok
mp-2712715,Na2TiSi2SnSO12,ok,ok,empty,empty,empty,ok,ok,ok,ok,ok,empty,empty,empty,ok
mp-2712716,Na6Ca6Zr2SiS11O48,ok,ok,empty,empty,empty,ok,ok,ok,ok,ok,empty,empty,empty,ok
mp-2712717,NaTaZnP2SO12,ok,ok,empty,empty,empty,ok,ok,ok,ok,ok,empty,empty,empty,ok
mp-2712718,Na2CaHf3P4(SO12)2,ok,ok,empty,empty,empty,ok,ok,ok,ok,ok,empty,empty,empty,ok
mp-2712719,Na2HfSiGe(PO6)2,ok,ok,empty,empty,empty,ok,ok,ok,ok,ok,empty,empty,empty,ok
mp-2712720,NaMgTaSi(SO6)2,ok,ok,empty,empty,empty,ok,ok,ok,ok,ok,empty,empty,empty,ok
mp-2712721,Na6Ca4Al4SiS11O48,ok,ok,empty,empty,empty,ok,ok,ok,ok,ok,empty,empty,empty,ok
mp-2712722,Na2NbGaSi2SO12,ok,ok,empty,empty,empty,ok,ok,ok,ok,ok,empty,empty,empty,ok
mp-2712723,Na3Ca3SnPS5O24,ok,ok,empty,empty,empty,ok,ok,ok,ok,ok,empty,empty,empty,ok
mp-2712724,Na2Hf3MgSi2(SO6)4,ok,ok,empty,empty,empty,ok,ok,ok,ok,ok,empty,empty,empty,ok
mp-2712726,Na6Zr2Zn6SiS11O48,ok,ok,empty,empty,empty,ok,ok,ok,ok,ok,empty,empty,empty,ok
mp-2712727,Na6Zn6SiSn2S11O48,ok,ok,empty,empty,empty,ok,ok,ok,ok,ok,empty,empty,empty,ok
mp-2712728,Na3Ca2In2PS5O24,ok,ok,empty,empty,empty,ok,ok,ok,ok,ok,empty,empty,empty,ok
mp-2712729,Na2ZrSiGe(PO6)2,ok,ok,empty,empty,empty,ok,ok,ok,ok,ok,empty,empty,empty,ok
mp-2712730,Na2SiSnGe(PO6)2,ok,ok,empty,empty,empty,ok,ok,ok,ok,ok,empty,empty,empty,ok
mp-2712731,Na6Mg2Ta4Si6(SO12)3,ok,ok,empty,empty,empty,ok,ok,ok,ok,ok,empty,empty,empty,ok
mp-2712732,Na6HfMg3Si2(SO6)4,ok,ok,empty,empty,empty,ok,ok,ok,ok,ok,empty,empty,empty,ok
mp-2712733,Na2TaAl3Si2(SO6)4,ok,ok,empty,empty,empty,ok,ok,ok,ok,ok,empty,empty,empty,ok
mp-2712734,Na3La2Mg2PS5O24,ok,ok,empty,empty,empty,ok,ok,ok,ok,ok,empty,empty,empty,ok
mp-2712735,Na6Ca3HfSi2(SO6)4,ok,ok,empty,empty,empty,ok,ok,ok,ok,ok,empty,empty,empty,ok
mp-2712736,Na9Mg5TaP6(SO12)3,ok,ok,empty,empty,empty,ok,ok,ok,ok,ok,empty,empty,empty,ok
mp-2712737,NaYZrP2SO12,ok,ok,empty,empty,empty,ok,ok,ok,ok,ok,empty,empty,empty,ok
mp-2712738,Na2Sc3TaP4(SO12)2,ok,ok,empty,empty,empty,ok,ok,ok,ok,ok,empty,empty,empty,ok
mp-2712739,Na6Ca4La4SiS11O48,ok,ok,empty,empty,empty,ok,ok,ok,ok,ok,empty,empty,empty,ok
mp-2712740,Na6HfZn3Si2(SO6)4,ok,ok,empty,empty,empty,ok,ok,ok,ok,ok,empty,empty,empty,ok
mp-2712741,NaLaZrSi(SO6)2,ok,ok,empty,empty,empty,ok,ok,ok,ok,ok,empty,empty,empty,ok
mp-2712742,Na3YZnP2SO12,ok,ok,empty,empty,empty,ok,ok,ok,ok,ok,empty,empty,empty,ok
mp-2712743,Na3CaYSi(SO6)2,ok,ok,empty,empty,empty,ok,ok,ok,ok,ok,empty,empty,empty,ok
mp-2712744,Na2Zr2Si2SO12,ok,ok,empty,empty,empty,ok,ok,ok,ok,ok,empty,empty,empty,ok
mp-2712745,NaZrInP2SO12,ok,ok,empty,empty,empty,ok,ok,ok,ok,ok,empty,empty,empty,ok
mp-2712746,NaTiGaP2SO12,ok,ok,empty,empty,empty,ok,ok,ok,ok,ok,empty,empty,empty,ok
mp-2712747,NaLaTiP2SO12,ok,ok,empty,empty,empty,ok,ok,ok,ok,ok,empty,empty,empty,ok
mp-2712748,Na2Ti3ZnP4(SO12)2,ok,ok,empty,empty,empty,ok,ok,ok,ok,ok,empty,empty,empty,ok
mp-2712749,NaNbZnSi(SO6)2,ok,ok,empty,empty,empty,ok,ok,ok,ok,ok,empty,empty,empty,ok
mp-2712750,Na9Mg5NbP6(SO12)3,ok,ok,empty,empty,empty,ok,ok,ok,ok,ok,empty,empty,empty,ok
mp-2712751,Na2ZrTiSi(PO6)2,ok,ok,empty,empty,empty,ok,ok,ok,ok,ok,empty,empty,empty,ok
mp-2712752,Na6Nb4Zn2Si6(SO12)3,ok,ok,empty,empty,empty,ok,ok,ok,ok,ok,empty,empty,empty,ok
mp-2712753,Na2MgTi3P4(SO12)2,ok,ok,empty,empty,empty,ok,ok,ok,ok,ok,empty,empty,empty,ok
mp-2712754,NaLaGeP2SO12,ok,ok,empty,empty,empty,ok,ok,ok,ok,ok,empty,empty,empty,ok
mp-2712756,Na2NbIn3P4(SO12)2,ok,ok,empty,empty,empty,ok,ok,ok,ok,ok,empty,empty,empty,ok
mp-2712757,NaCaTaSi(SO6)2,ok,ok,empty,empty,empty,ok,ok,ok,ok,ok,empty,empty,empty,ok
mp-2712758,Na6Ca2Nb4Si6(SO12)3,ok,ok,empty,empty,empty,ok,ok,ok,ok,ok,empty,empty,empty,ok
mp-2712759,Na2Si2Ge2SO12,ok,ok,empty,empty,empty,ok,ok,ok,ok,ok,empty,empty,empty,ok
mp-2712760,Na2SiGe2(PO6)2,ok,ok,empty,empty,empty,ok,ok,ok,ok,ok,empty,empty,empty,ok
mp-2712761,Na2Y3NbSi2(SO6)4,ok,ok,empty,empty,empty,ok,ok,ok,ok,ok,empty,empty,empty,ok
mp-2712762,Na2CaGe3P4(SO12)2,ok,ok,empty,empty,empty,ok,ok,ok,ok,ok,empty,empty,empty,ok
mp-2712763,NaCaNbP2SO12,ok,ok,empty,empty,empty,ok,ok,ok,ok,ok,empty,empty,empty,ok
mp-2712764,NaTiAlSi(SO6)2,ok,ok,empty,empty,empty,ok,ok,ok,ok,ok,empty,empty,empty,ok
mp-2712765,NaHfAlP2SO12,ok,ok,empty,empty,empty,ok,ok,ok,ok,ok,empty,empty,empty,ok
mp-2712766,NaLaHfSi(SO6)2,ok,ok,empty,empty,empty,ok,ok,ok,ok,ok,empty,empty,empty,ok
mp-2712767,Na2Y3NbP4(SO12)2,ok,ok,empty,empty,empty,ok,ok,ok,ok,ok,empty,empty,empty,ok
mp-2712768,Na9Ca5NbSi3(SO6)6,ok,ok,empty,empty,empty,ok,ok,ok,ok,ok,empty,empty,empty,ok
mp-2712769,Na2HfZrSi2SO12,ok,ok,empty,empty,empty,ok,ok,ok,ok,ok,empty,empty,empty,ok
mp-2712770,Na3Ca2Ga2PS5O24,ok,ok,empty,empty,empty,ok,ok,ok,ok,ok,empty,empty,empty,ok
mp-2712771,Na9Nb2Zn10P3(S5O24)3,ok,ok,empty,empty,empty,ok,ok,ok,ok,ok,empty,empty,empty,ok
mp-2712772,NaInSnP2SO12,ok,ok,empty,empty,empty,ok,ok,ok,ok,ok,empty,empty,empty,ok
mp-2712773,NaGaSiSn(SO6)2,ok,ok,empty,empty,empty,ok,ok,ok,ok,ok,empty,empty,empty,ok
mp-2712774,Na2YNbSi2SO12,ok,ok,empty,empty,empty,ok,ok,ok,ok,ok,empty,empty,empty,ok
mp-2712775,Na3CaInP2SO12,ok,ok,empty,empty,empty,ok,ok,ok,ok,ok,empty,empty,empty,ok
mp-2712776,Na2NbAlSi2SO12,ok,ok,empty,empty,empty,ok,ok,ok,ok,ok,empty,empty,empty,ok
mp-2712777,Na3CaScSi(SO6)2,ok,ok,empty,empty,empty,ok,ok,ok,ok,ok,empty,empty,empty,ok
mp-2712779,Na3Mg2In2PS5O24,ok,ok,empty,empty,empty,ok,ok,ok,ok,ok,empty,empty,empty,ok
mp-2712780,Na2NbAl3P4(SO12)2,ok,ok,empty,empty,empty,ok,ok,ok,ok,ok,empty,empty,empty,ok
mp-2712781,NaScTiP2SO12,ok,ok,empty,empty,empty,ok,ok,ok,ok,ok,empty,empty,empty,ok
mp-2712782,NaAlSiSn(SO6)2,ok,ok,empty,empty,empty,ok,ok,ok,ok,ok,empty,empty,empty,ok
mp-2712783,Na2HfZrSi(PO6)2,ok,ok,empty,empty,empty,ok,ok,ok,ok,ok,empty,empty,empty,ok
mp-2712784,Na3MgScP2SO12,ok,ok,empty,empty,empty,ok,ok,ok,ok,ok,empty,empty,empty,ok
mp-2712785,Na3YZnSi(SO6)2,ok,ok,empty,empty,empty,ok,ok,ok,ok,ok,empty,empty,empty,ok
mp-2712786,Na6Mg3Si2Ge(SO6)4,ok,ok,empty,empty,empty,ok,ok,ok,ok,ok,empty,empty,empty,ok
mp-2712787,NaYHfP2SO12,ok,ok,empty,empty,empty,ok,ok,ok,ok,ok,empty,empty,empty,ok
mp-2712788,Na9Ca5TaSi3(SO6)6,ok,ok,empty,empty,empty,ok,ok,ok,ok,ok,empty,empty,empty,ok
mp-2712789,Na6ZrZn3Si2(SO6)4,ok,ok,empty,empty,empty,ok,ok,ok,ok,ok,empty,empty,empty,ok
mp-2712790,Na3MgInP2SO12,ok,ok,empty,empty,empty,ok,ok,ok,ok,ok,empty,empty,empty,ok
mp-2712791,Na6TiZn3Si2(SO6)4,ok,ok,empty,empty,empty,ok,ok,ok,ok,ok,empty,empty,empty,ok
mp-2712792,NaHfGaP2SO12,ok,ok,empty,empty,empty,ok,ok,ok,ok,ok,empty,empty,empty,ok
mp-2712793,Na6Mg3GeP4(SO12)2,ok,ok,empty,empty,empty,ok,ok,ok,ok,ok,empty,empty,empty,ok
mp-2712794,Na6Mg6Zr2SiS11O48,ok,ok,empty,empty,empty,ok,ok,ok,ok,ok,empty,empty,empty,ok
mp-2712795,Na6Ca3Si2Sn(SO6)4,ok,ok,empty,empty,empty,ok,ok,ok,ok,ok,empty,empty,empty,ok
mp-2712796,Na2TaGaSi(PO6)2,ok,ok,empty,empty,empty,ok,ok,ok,ok,ok,empty,empty,empty,ok
mp-2712798,Na2CaHf3Si2(SO6)4,ok,ok,empty,empty,empty,ok,ok,ok,ok,ok,empty,empty,empty,ok
mp-2712799,Na9Ca5NbP6(SO12)3,ok,ok,empty,empty,empty,ok,ok,ok,ok,ok,empty,empty,empty,ok
mp-2712800,Na3YMgSi(SO6)2,ok,ok,empty,empty,empty,ok,ok,ok,ok,ok,empty,empty,empty,ok
mp-2712801,NaYSnP2SO12,ok,ok,empty,empty,empty,ok,ok,ok,ok,ok,empty,empty,empty,ok
mp-2712802,Na3LaMgSi(SO6)2,ok,ok,empty,empty,empty,ok,ok,ok,ok,ok,empty,empty,empty,ok
mp-2712803,Na6Ca3ZrSi2(SO6)4,ok,ok,empty,empty,empty,ok,ok,ok,ok,ok,empty,empty,empty,ok
mp-2712804,NaZrAlP2SO12,ok,ok,empty,empty,empty,ok,ok,ok,ok,ok,empty,empty,empty,ok
mp-2712805,Na6Zn3SnP4(SO12)2,ok,ok,empty,empty,empty,ok,ok,ok,ok,ok,empty,empty,empty,ok
mp-2712806,Na6La4Zn4SiS11O48,ok,ok,empty,empty,empty,ok,ok,ok,ok,ok,empty,empty,empty,ok
mp-2712807,Na2NbInSi(PO6)2,ok,ok,empty,empty,empty,ok,ok,ok,ok,ok,empty,empty,empty,ok
mp-2712808,Na2LaTaSi2SO12,ok,ok,empty,empty,empty,ok,ok,ok,ok,ok,empty,empty,empty,ok
mp-2712809,Na2NbGa3P4(SO12)2,ok,ok,empty,empty,empty,ok,ok,ok,ok,ok,empty,empty,empty,ok
mp-2712810,Na6ZrZn3P4(SO12)2,ok,ok,empty,empty,empty,ok,ok,ok,ok,ok,empty,empty,empty,ok
mp-2712811,Na3AlZnSi(SO6)2,ok,ok,empty,empty,empty,ok,ok,ok,ok,ok,empty,empty,empty,ok
mp-2712812,Na3AlZnP2SO12,ok,ok,empty,empty,empty,ok,ok,ok,ok,ok,empty,empty,empty,ok
mp-2712813,Na6TiZn3P4(SO12)2,ok,ok,empty,empty,empty,ok,ok,ok,ok,ok,empty,empty,empty,ok
mp-2712814,Na6Ca4Sc4SiS11O48,ok,ok,empty,empty,empty,ok,ok,ok,ok,ok,empty,empty,empty,ok
mp-2712816,Na2LaTaSi(PO6)2,ok,ok,empty,empty,empty,ok,ok,ok,ok,ok,empty,empty,empty,ok
mp-2712817,NaTiInP2SO12,ok,ok,empty,empty,empty,ok,ok,ok,ok,ok,empty,empty,empty,ok
mp-2712818,Na3CaScP2SO12,ok,ok,empty,empty,empty,ok,ok,ok,ok,ok,empty,empty,empty,ok
mp-2712820,Na6Ti2Zn6SiS11O48,ok,ok,empty,empty,empty,ok,ok,ok,ok,ok,empty,empty,empty,ok
mp-2712822,Na14Ta5Ga3(SiO4)12,ok,ok,empty,empty,empty,ok,ok,ok,ok,ok,empty,empty,empty,ok
mp-2712823,Na9Ta8Zn4Si3(P5O24)3,ok,ok,empty,empty,empty,ok,ok,ok,ok,ok,empty,empty,empty,ok
mp-2712824,Na7Zr3Ta(SiO4)6,ok,ok,empty,empty,empty,ok,ok,ok,ok,ok,empty,empty,empty,ok
mp-2712825,Na6Ta6In2Si9(SO16)3,ok,ok,empty,empty,empty,ok,ok,ok,ok,ok,empty,empty,empty,ok
mp-2712826,Na2ZrNbSi2PO12,ok,ok,empty,empty,empty,ok,ok,ok,ok,ok,empty,empty,empty,ok
mp-2712831,Na3Ti4SiP5O24,ok,ok,empty,empty,empty,ok,ok,ok,ok,ok,empty,empty,empty,ok
mp-2712832,Na7Nb3Zn(SiO4)6,ok,ok,empty,empty,empty,ok,ok,ok,ok,ok,empty,empty,empty,ok
mp-2712833,Na14Nb5Al3(SiO4)12,ok,ok,empty,empty,empty,ok,ok,ok,ok,ok,empty,empty,empty,ok
mp-2712834,Na3Zr2Ta2Si3(PO8)3,ok,ok,empty,empty,empty,ok,ok,ok,ok,ok,empty,empty,empty,ok
mp-2712835,Na7Hf3Nb(SiO4)6,ok,ok,empty,empty,empty,ok,ok,ok,ok,ok,empty,empty,empty,ok
mp-2712837,Na14Y3Nb5(SiO4)12,ok,ok,empty,empty,empty,ok,ok,ok,ok,ok,empty,empty,empty,ok
mp-2712840,Na3La2Nb2SiP5O24,ok,ok,empty,empty,empty,ok,ok,ok,ok,ok,empty,empty,empty,ok
mp-2712842,Na3Ta3AlSi3(PO8)3,ok,ok,empty,empty,empty,ok,ok,ok,ok,ok,empty,empty,empty,ok
mp-2712843,Na3Nb2Si3Ge2(PO8)3,ok,ok,empty,empty,empty,ok,ok,ok,ok,ok,empty,empty,empty,ok
mp-2712845,Na6La4Ta4Si7S5O48,ok,ok,empty,empty,empty,ok,ok,ok,ok,ok,empty,empty,empty,ok
mp-2712846,Na3SiSn4P5O24,ok,ok,empty,empty,empty,ok,ok,ok,ok,ok,empty,empty,empty,ok
mp-2712848,Na6Sc2Ta6Si9(SO16)3,ok,ok,empty,empty,empty,ok,ok,ok,ok,ok,empty,empty,empty,ok
mp-2712849,Na6Hf4Ti4Si7S5O48,ok,ok,empty,empty,empty,ok,ok,ok,ok,ok,empty,empty,empty,ok
mp-2712852,Na18Mg4Nb20Si27(SO16)9,ok,ok,empty,empty,empty,ok,ok,ok,ok,ok,empty,empty,empty,ok
mp-2712855,Na7HfMg3P5SO24,ok,ok,empty,empty,empty,ok,ok,ok,ok,ok,empty,empty,empty,ok
mp-2712856,Na6Zr4Ta4Si9(SO16)3,ok,ok,empty,empty,empty,ok,ok,ok,ok,ok,empty,empty,empty,ok
mp-2712859,Na6Zr4Si7Sn4S5O48,ok,ok,empty,empty,empty,ok,ok,ok,ok,ok,empty,empty,empty,ok
mp-2712860,Na18Ca8Nb16Si21(S5O48)3,ok,ok,empty,empty,empty,ok,ok,ok,ok,ok,empty,empty,empty,ok
mp-2712861,Na14Nb5Ga3(SiO4)12,ok,ok,empty,empty,empty,ok,ok,ok,ok,ok,empty,empty,empty,ok
mp-2712862,Na7Ca2Al2P5SO24,ok,ok,empty,empty,empty,ok,ok,ok,ok,ok,empty,empty,empty,ok
mp-2712863,Na3Ta3GaSi3(PO8)3,ok,ok,empty,empty,empty,ok,ok,ok,ok,ok,empty,empty,empty,ok
mp-2712864,Na6Hf4Si7Sn4S5O48,ok,ok,empty,empty,empty,ok,ok,ok,ok,ok,empty,empty,empty,ok
mp-2712866,Na6Ti8Si7S5O48,ok,ok,empty,empty,empty,ok,ok,ok,ok,ok,empty,empty,empty,ok
mp-2712867,Na4CaZnSi(SO6)2,ok,ok,empty,empty,empty,ok,ok,ok,ok,ok,empty,empty,empty,ok
mp-2712868,Na18Ca8Ta16Si21(S5O48)3,ok,ok,empty,empty,empty,ok,ok,ok,ok,ok,empty,empty,empty,ok
mp-2712870,Na6Ti4Nb4Si9(SO16)3,ok,ok,empty,empty,empty,ok,ok,ok,ok,ok,empty,empty,empty,ok
mp-2712871,Na3Nb3InSi3(PO8)3,ok,ok,empty,empty,empty,ok,ok,ok,ok,ok,empty,empty,empty,ok
mp-2712872,Na6Hf4Si7Ge4S5O48,ok,ok,empty,empty,empty,ok,ok,ok,ok,ok,empty,empty,empty,ok
mp-2712873,Na7MgNb3(SiO4)6,ok,ok,empty,empty,empty,ok,ok,ok,ok,ok,empty,empty,empty,ok
mp-2712875,Na7MgTa3(SiO4)6,ok,ok,empty,empty,empty,ok,ok,ok,ok,ok,empty,empty,empty,ok
mp-2712878,Na7TaTi3(SiO4)6,ok,ok,empty,empty,empty,ok,ok,ok,ok,ok,empty,empty,empty,ok
mp-2712879,Na7NbSi6(SnO8)3,ok,ok,empty,empty,empty,ok,ok,ok,ok,ok,empty,empty,empty,ok
mp-2712882,Na3Ta2Si3Ge2(PO8)3,ok,ok,empty,empty,empty,ok,ok,ok,ok,ok,empty,empty,empty,ok
mp-2712885,Na9Mg2Nb10Si9(PO8)9,ok,ok,empty,empty,empty,ok,ok,ok,ok,ok,empty,empty,empty,ok
mp-2712886,Na7Ti3Nb(SiO4)6,ok,ok,empty,empty,empty,ok,ok,ok,ok,ok,empty,empty,empty,ok
mp-2712887,Na9Nb10Zn2Si9(PO8)9,ok,ok,empty,empty,empty,ok,ok,ok,ok,ok,empty,empty,empty,ok
mp-2712888,Na6Si7Sn8S5O48,ok,ok,empty,empty,empty,ok,ok,ok,ok,ok,empty,empty,empty,ok
mp-2712890,Na3Y2Nb2SiP5O24,ok,ok,empty,empty,empty,ok,ok,ok,ok,ok,empty,empty,empty,ok
mp-2712891,Na7CaTa3(SiO4)6,ok,ok,empty,empty,empty,ok,ok,ok,ok,ok,empty,empty,empty,ok
mp-2712897,Na42Nb4Zn20Si15(S7O48)3,ok,ok,empty,empty,empty,ok,ok,ok,ok,ok,empty,empty,empty,ok
mp-2712898,Na14Ta5In3(SiO4)12,ok,ok,empty,empty,empty,ok,ok,ok,ok,ok,empty,empty,empty,ok
mp-2712899,Na6Y2Nb6Si9(SO16)3,ok,ok,empty,empty,empty,ok,ok,ok,ok,ok,empty,empty,empty,ok
mp-2712900,Na6Ta4Si9Sn4(SO16)3,ok,ok,empty,empty,empty,ok,ok,ok,ok,ok,empty,empty,empty,ok
mp-2712904,Na7Ta3Zn(SiO4)6,ok,ok,empty,empty,empty,ok,ok,ok,ok,ok,empty,empty,empty,ok
mp-2712905,Na3Nb2In2SiP5O24,ok,ok,empty,empty,empty,ok,ok,ok,ok,ok,empty,empty,empty,ok
mp-2712906,Na3LaTa3Si3(PO8)3,ok,ok,empty,empty,empty,ok,ok,ok,ok,ok,empty,empty,empty,ok
mp-2712907,Na6Zr4Ti4Si7S5O48,ok,ok,empty,empty,empty,ok,ok,ok,ok,ok,empty,empty,empty,ok
mp-2712910,Na3La2Ta2SiP5O24,ok,ok,empty,empty,empty,ok,ok,ok,ok,ok,empty,empty,empty,ok
mp-2712911,Na6Sc4Ta4Si7S5O48,ok,ok,empty,empty,empty,ok,ok,ok,ok,ok,empty,empty,empty,ok
mp-2712912,Na6Zr4Si7Ge4S5O48,ok,ok,empty,empty,empty,ok,ok,ok,ok,ok,empty,empty,empty,ok
mp-2712916,Na3Zr4SiP5O24,ok,ok,empty,empty,empty,ok,ok,ok,ok,ok,empty,empty,empty,ok
mp-2712917,Na9Ca2Nb10Si9(PO8)9,ok,ok,empty,empty,empty,ok,ok,ok,ok,ok,empty,empty,empty,ok
mp-2712918,Na18Ca4Nb20Si27(SO16)9,ok,ok,empty,empty,empty,ok,ok,ok,ok,ok,empty,empty,empty,ok
mp-2712919,Na3Ta2Al2SiP5O24,ok,ok,empty,empty,empty,ok,ok,ok,ok,ok,empty,empty,empty,ok
mp-2712921,Na3YNb3Si3(PO8)3,ok,ok,empty,empty,empty,ok,ok,ok,ok,ok,empty,empty,empty,ok
mp-2712922,Na4Zn2P2SO12,ok,ok,empty,empty,empty,ok,ok,ok,ok,ok,empty,empty,empty,ok
mp-2712929,Na3LaNb3Si3(PO8)3,ok,ok,empty,empty,empty,ok,ok,ok,ok,ok,empty,empty,empty,ok
mp-2712930,Na6Ti4Si7Sn4S5O48,ok,ok,empty,empty,empty,ok,ok,ok,ok,ok,empty,empty,empty,ok
mp-2712933,Na4Ca2Si(SO6)2,ok,ok,empty,empty,empty,ok,ok,ok,ok,ok,empty,empty,empty,ok
mp-2712934,Na3Hf4SiP5O24,ok,ok,empty,empty,empty,ok,ok,ok,ok,ok,empty,empty,empty,ok
mp-2712936,Na6Hf8Si7S5O48,ok,ok,empty,empty,empty,ok,ok,ok,ok,ok,empty,empty,empty,ok
mp-2712937,Na3Ta2Ga2SiP5O24,ok,ok,empty,empty,empty,ok,ok,ok,ok,ok,empty,empty,empty,ok
mp-2712938,Na6Nb4Al4Si7S5O48,ok,ok,empty,empty,empty,ok,ok,ok,ok,ok,empty,empty,empty,ok
mp-2712942,Na4Zn2Si(SO6)2,ok,ok,empty,empty,empty,ok,ok,ok,ok,ok,empty,empty,empty,ok
mp-2712945,Na3ScTa3Si3(PO8)3,ok,ok,empty,empty,empty,ok,ok,ok,ok,ok,empty,empty,empty,ok
mp-2712946,Na6Si7Sn4Ge4S5O48,ok,ok,empty,empty,empty,ok,ok,ok,ok,ok,empty,empty,empty,ok
mp-2712948,Na6Y4Ta4Si7S5O48,ok,ok,empty,empty,empty,ok,ok,ok,ok,ok,empty,empty,empty,ok
mp-2712952,Na6Nb4Ga4Si7S5O48,ok,ok,empty,empty,empty,ok,ok,ok,ok,ok,empty,empty,empty,ok
mp-2712953,Na18Mg4Ta20Si27(SO16)9,ok,ok,empty,empty,empty,ok,ok,ok,ok,ok,empty,empty,empty,ok
mp-2712954,Na3Ta2Si3Sn2(PO8)3,ok,ok,empty,empty,empty,ok,ok,ok,ok,ok,empty,empty,empty,ok
mp-2712955,Na3Nb2Al2SiP5O24,ok,ok,empty,empty,empty,ok,ok,ok,ok,ok,empty,empty,empty,ok
mp-2712957,Na7CaNb3(SiO4)6,ok,ok,empty,empty,empty,ok,ok,ok,ok,ok,empty,empty,empty,ok
mp-2712958,Na7NbSi6(GeO8)3,ok,ok,empty,empty,empty,ok,ok,ok,ok,ok,empty,empty,empty,ok
mp-2712959,Na3Nb3GaSi3(PO8)3,ok,ok,empty,empty,empty,ok,ok,ok,ok,ok,empty,empty,empty,ok
mp-2712961,Na18Ta16Zn8Si21(S5O48)3,ok,ok,empty,empty,empty,ok,ok,ok,ok,ok,empty,empty,empty,ok
mp-2712964,Na3SiSn2Ge2P5O24,ok,ok,empty,empty,empty,ok,ok,ok,ok,ok,empty,empty,empty,ok
mp-2712966,Na6Ta4Ga4Si7S5O48,ok,ok,empty,empty,empty,ok,ok,ok,ok,ok,empty,empty,empty,ok
mp-2712967,Na3YTa3Si3(PO8)3,ok,ok,empty,empty,empty,ok,ok,ok,ok,ok,empty,empty,empty,ok
mp-2712969,Na3Hf2Ta2Si3(PO8)3,ok,ok,empty,empty,empty,ok,ok,ok,ok,ok,empty,empty,empty,ok
mp-2712971,Na3Nb3AlSi3(PO8)3,ok,ok,empty,empty,empty,ok,ok,ok,ok,ok,empty,empty,empty,ok
mp-2712972,Na6Zr4Nb4Si9(SO16)3,ok,ok,empty,empty,empty,ok,ok,ok,ok,ok,empty,empty,empty,ok
mp-2712974,Na14Ta5Al3(SiO4)12,ok,ok,empty,empty,empty,ok,ok,ok,ok,ok,empty,empty,empty,ok
mp-2712975,Na6Nb4Si9Sn4(SO16)3,ok,ok,empty,empty,empty,ok,ok,ok,ok,ok,empty,empty,empty,ok
mp-2712977,Na4CaZnP2SO12,ok,ok,empty,empty,empty,ok,ok,ok,ok,ok,empty,empty,empty,ok
mp-2712979,Na6Ta6Al2Si9(SO16)3,ok,ok,empty,empty,empty,ok,ok,ok,ok,ok,empty,empty,empty,ok
mp-2712980,Na6Nb6In2Si9(SO16)3,ok,ok,empty,empty,empty,ok,ok,ok,ok,ok,empty,empty,empty,ok
mp-2712981,Na4Mg2P2SO12,ok,ok,empty,empty,empty,ok,ok,ok,ok,ok,empty,empty,empty,ok
mp-2712982,Na21Ca10Nb2P15(SO24)3,ok,ok,empty,empty,empty,ok,ok,ok,ok,ok,empty,empty,empty,ok
mp-2712983,Na4MgZnP2SO12,ok,ok,empty,empty,empty,ok,ok,ok,ok,ok,empty,empty,empty,ok
mp-2712984,Na18Mg8Ta16Si21(S5O48)3,ok,ok,empty,empty,empty,ok,ok,ok,ok,ok,empty,empty,empty,ok
mp-2712985,Na3Ti2SiSn2P5O24,ok,ok,empty,empty,empty,ok,ok,ok,ok,ok,empty,empty,empty,ok
mp-2712986,Na3SiGe4P5O24,ok,ok,empty,empty,empty,ok,ok,ok,ok,ok,empty,empty,empty,ok
mp-2712987,Na14Sc3Nb5(SiO4)12,ok,ok,empty,empty,empty,ok,ok,ok,ok,ok,empty,empty,empty,ok
mp-2712988,Na14La3Nb5(SiO4)12,ok,ok,empty,empty,empty,ok,ok,ok,ok,ok,empty,empty,empty,ok
mp-2712990,Na6Nb6Al2Si9(SO16)3,ok,ok,empty,empty,empty,ok,ok,ok,ok,ok,empty,empty,empty,ok
mp-2712991,Na9Ca4Nb8Si3(P5O24)3,ok,ok,empty,empty,empty,ok,ok,ok,ok,ok,empty,empty,empty,ok
mp-2712993,Na9Ta10Zn2Si9(PO8)9,ok,ok,empty,empty,empty,ok,ok,ok,ok,ok,empty,empty,empty,ok
mp-2712994,Na3Nb2Ga2SiP5O24,ok,ok,empty,empty,empty,ok,ok,ok,ok,ok,empty,empty,empty,ok
mp-2712996,Na3Nb2Si3Sn2(PO8)3,ok,ok,empty,empty,empty,ok,ok,ok,ok,ok,empty,empty,empty,ok
mp-2712997,Na18Nb16Zn8Si21(S5O48)3,ok,ok,empty,empty,empty,ok,ok,ok,ok,ok,empty,empty,empty,ok
mp-2712998,Na3Zr2SiSn2P5O24,ok,ok,empty,empty,empty,ok,ok,ok,ok,ok,empty,empty,empty,ok
mp-2712999,Na3Ti2Nb2Si3(PO8)3,ok,ok,empty,empty,empty,ok,ok,ok,ok,ok,empty,empty,empty,ok
mp-2713003,Na6Nb4In4Si7S5O48,ok,ok,empty,empty,empty,ok,ok,ok,ok,ok,empty,empty,empty,ok
mp-2713006,Na6La2Ta6Si9(SO16)3,ok,ok,empty,empty,empty,ok,ok,ok,ok,ok,empty,empty,empty,ok
mp-2713007,Na3Hf2Nb2Si3(PO8)3,ok,ok,empty,empty,empty,ok,ok,ok,ok,ok,empty,empty,empty,ok
mp-2713014,Na6Zr8Si7S5O48,ok,ok,empty,empty,empty,ok,ok,ok,ok,ok,empty,empty,empty,ok
mp-2713015,Na3Hf2SiGe2P5O24,ok,ok,empty,empty,empty,ok,ok,ok,ok,ok,empty,empty,empty,ok
mp-2713016,Na3Ta3InSi3(PO8)3,ok,ok,empty,empty,empty,ok,ok,ok,ok,ok,empty,empty,empty,ok
mp-2713018,Na6Ta4Ti4Si9(SO16)3,ok,ok,empty,empty,empty,ok,ok,ok,ok,ok,empty,empty,empty,ok
mp-2713022,Na6Si7Ge8S5O48,ok,ok,empty,empty,empty,ok,ok,ok,ok,ok,empty,empty,empty,ok
mp-2713023,Na18Mg8Nb16Si21(S5O48)3,ok,ok,empty,empty,empty,ok,ok,ok,ok,ok,empty,empty,empty,ok
mp-2713024,Na3Hf2Ti2SiP5O24,ok,ok,empty,empty,empty,ok,ok,ok,ok,ok,empty,empty,empty,ok
mp-2713025,Na7Zr3Nb(SiO4)6,ok,ok,empty,empty,empty,ok,ok,ok,ok,ok,empty,empty,empty,ok
mp-2713026,Na4Ca2P2SO12,ok,ok,empty,empty,empty,ok,ok,ok,ok,ok,empty,empty,empty,ok
mp-2713027,Na14Y3Ta5(SiO4)12,ok,ok,empty,empty,empty,ok,ok,ok,ok,ok,empty,empty,empty,ok
mp-2713028,Na6Ta4Al4Si7S5O48,ok,ok,empty,empty,empty,ok,ok,ok,ok,ok,empty,empty,empty,ok
mp-2713029,Na3Zr2SiGe2P5O24,ok,ok,empty,empty,empty,ok,ok,ok,ok,ok,empty,empty,empty,ok
mp-2713030,Na7Mg3TiP5SO24,ok,ok,empty,empty,empty,ok,ok,ok,ok,ok,empty,empty,empty,ok
mp-2713031,Na2TiNbSi2PO12,ok,ok,empty,empty,empty,ok,ok,ok,ok,ok,empty,empty,empty,ok
mp-2713032,Na6Y4Nb4Si7S5O48,ok,ok,empty,empty,empty,ok,ok,ok,ok,ok,empty,empty,empty,ok
mp-2713033,Na9Nb8Zn4Si3(P5O24)3,ok,ok,empty,empty,empty,ok,ok,ok,ok,ok,empty,empty,empty,ok
mp-2713034,Na18Ca4Ta20Si27(SO16)9,ok,ok,empty,empty,empty,ok,ok,ok,ok,ok,empty,empty,empty,ok
mp-2713037,Na18Nb20Zn4Si27(SO16)9,ok,ok,empty,empty,empty,ok,ok,ok,ok,ok,empty,empty,empty,ok
mp-2713040,Na14La4Mg4Si5S7O48,ok,ok,empty,empty,empty,ok,ok,ok,ok,ok,empty,empty,empty,ok
mp-2713044,Na3Y2Ta2SiP5O24,ok,ok,empty,empty,empty,ok,ok,ok,ok,ok,empty,empty,empty,ok
mp-2713045,Na4CaMgSi(SO6)2,ok,ok,empty,empty,empty,ok,ok,ok,ok,ok,empty,empty,empty,ok
mp-2713046,Na6Ta4In4Si7S5O48,ok,ok,empty,empty,empty,ok,ok,ok,ok,ok,empty,empty,empty,ok
mp-2713048,Na6La4Nb4Si7S5O48,ok,ok,empty,empty,empty,ok,ok,ok,ok,ok,empty,empty,empty,ok
mp-2713049,Na6Ta4Si9Ge4(SO16)3,ok,ok,empty,empty,empty,ok,ok,ok,ok,ok,empty,empty,empty,ok
mp-2713052,Na7TaSi6(SnO8)3,ok,ok,empty,empty,empty,ok,ok,ok,ok,ok,empty,empty,empty,ok
mp-2713055,Na14La3Ta5(SiO4)12,ok,ok,empty,empty,empty,ok,ok,ok,ok,ok,empty,empty,empty,ok
mp-2713056,Na14Sc3Ta5(SiO4)12,ok,ok,empty,empty,empty,ok,ok,ok,ok,ok,empty,empty,empty,ok
mp-2713057,Na3Sc2Nb2SiP5O24,ok,ok,empty,empty,empty,ok,ok,ok,ok,ok,empty,empty,empty,ok
mp-2713058,Na3Sc2Ta2SiP5O24,ok,ok,empty,empty,empty,ok,ok,ok,ok,ok,empty,empty,empty,ok
mp-2713059,Na6Sc2Nb6Si9(SO16)3,ok,ok,empty,empty,empty,ok,ok,ok,ok,ok,empty,empty,empty,ok
mp-2713060,Na3Zr2Ti2SiP5O24,ok,ok,empty,empty,empty,ok,ok,ok,ok,ok,empty,empty,empty,ok
mp-2713061,Na4Nb3InSi4(PO12)2,ok,ok,empty,empty,empty,ok,ok,ok,ok,ok,empty,empty,empty,ok
mp-2713062,Na6Sc4Nb4Si7S5O48,ok,ok,empty,empty,empty,ok,ok,ok,ok,ok,empty,empty,empty,ok
mp-2713063,Na3Hf2Zr2SiP5O24,ok,ok,empty,empty,empty,ok,ok,ok,ok,ok,empty,empty,empty,ok
mp-2713064,Na6Hf4Zr4Si7S5O48,ok,ok,empty,empty,empty,ok,ok,ok,ok,ok,empty,empty,empty,ok
mp-2713065,Na18Ta20Zn4Si27(SO16)9,ok,ok,empty,empty,empty,ok,ok,ok,ok,ok,empty,empty,empty,ok
mp-2713066,Na14Zn4In4Si5S7O48,ok,ok,empty,empty,empty,ok,ok,ok,ok,ok,empty,empty,empty,ok
mp-2713071,Na14Nb5In3(SiO4)12,ok,ok,empty,empty,empty,ok,ok,ok,ok,ok,empty,empty,empty,ok
mp-2713072,Na9Ca4Ta8Si3(P5O24)3,ok,ok,empty,empty,empty,ok,ok,ok,ok,ok,empty,empty,empty,ok
mp-2713075,Na9Ca2Ta10Si9(PO8)9,ok,ok,empty,empty,empty,ok,ok,ok,ok,ok,empty,empty,empty,ok
mp-2713077,Na7Hf3Ta(SiO4)6,ok,ok,empty,empty,empty,ok,ok,ok,ok,ok,empty,empty,empty,ok
mp-2713078,Na3ScNb3Si3(PO8)3,ok,ok,empty,empty,empty,ok,ok,ok,ok,ok,empty,empty,empty,ok
mp-2713082,Na6La2Nb6Si9(SO16)3,ok,ok,empty,empty,empty,ok,ok,ok,ok,ok,empty,empty,empty,ok
mp-2713084,Na7TaSi6(GeO8)3,ok,ok,empty,empty,empty,ok,ok,ok,ok,ok,empty,empty,empty,ok
mp-2713086,Na14Ca4La4Si5S7O48,ok,ok,empty,empty,empty,ok,ok,ok,ok,ok,empty,empty,empty,ok
mp-2713087,Na3Hf2SiSn2P5O24,ok,ok,empty,empty,empty,ok,ok,ok,ok,ok,empty,empty,empty,ok
mp-2713088,Na6Ti4Si7Ge4S5O48,ok,ok,empty,empty,empty,ok,ok,ok,ok,ok,empty,empty,empty,ok
mp-2713089,Na3Ta2Ti2Si3(PO8)3,ok,ok,empty,empty,empty,ok,ok,ok,ok,ok,empty,empty,empty,ok
mp-2713090,Na6Hf4Nb4Si9(SO16)3,ok,ok,empty,empty,empty,ok,ok,ok,ok,ok,empty,empty,empty,ok
mp-2713093,Na3Ta2In2SiP5O24,ok,ok,empty,empty,empty,ok,ok,ok,ok,ok,empty,empty,empty,ok
mp-2713095,Na6Hf4Ta4Si9(SO16)3,ok,ok,empty,empty,empty,ok,ok,ok,ok,ok,empty,empty,empty,ok
mp-2713097,Na6Y2Ta6Si9(SO16)3,ok,ok,empty,empty,empty,ok,ok,ok,ok,ok,empty,empty,empty,ok
mp-2713098,Na3Zr2Nb2Si3(PO8)3,ok,ok,empty,empty,empty,ok,ok,ok,ok,ok,empty,empty,empty,ok
mp-2713101,Na9Mg2Ta10Si9(PO8)9,ok,ok,empty,empty,empty,ok,ok,ok,ok,ok,empty,empty,empty,ok
mp-2713104,Na4Mg2Si(SO6)2,ok,ok,empty,empty,empty,ok,ok,ok,ok,ok,empty,empty,empty,ok
mp-2713107,Na4MgZnSi(SO6)2,ok,ok,empty,empty,empty,ok,ok,ok,ok,ok,empty,empty,empty,ok
mp-2713109,Na9Mg4Nb8Si3(P5O24)3,ok,ok,empty,empty,empty,ok,ok,ok,ok,ok,empty,empty,empty,ok
mp-2713110,Na9Mg4Ta8Si3(P5O24)3,ok,ok,empty,empty,empty,ok,ok,ok,ok,ok,empty,empty,empty,ok
mp-2713112,Na3Ti2SiGe2P5O24,ok,ok,empty,empty,empty,ok,ok,ok,ok,ok,empty,empty,empty,ok
mp-2713114,Na6Nb4Si9Ge4(SO16)3,ok,ok,empty,empty,empty,ok,ok,ok,ok,ok,empty,empty,empty,ok
mp-2713115,Na6Nb6Ga2Si9(SO16)3,ok,ok,empty,empty,empty,ok,ok,ok,ok,ok,empty,empty,empty,ok
mp-2713117,Na4CaMgP2SO12,ok,ok,empty,empty,empty,ok,ok,ok,ok,ok,empty,empty,empty,ok
mp-2713120,Na6Ta6Ga2Si9(SO16)3,ok,ok,empty,empty,empty,ok,ok,ok,ok,ok,empty,empty,empty,ok
mp-2713122,Na2CaYP(SO6)2,ok,ok,empty,empty,empty,ok,ok,ok,ok,ok,empty,empty,empty,ok
mp-2713123,Na12Ta2Zn10Si3(S5O24)3,ok,ok,empty,empty,empty,ok,ok,ok,ok,ok,empty,empty,empty,ok
mp-2713124,Na2CaGaP(SO6)2,ok,ok,empty,empty,empty,ok,ok,ok,ok,ok,empty,empty,empty,ok
mp-2713126,Na4Ca3ZrP2(SO6)4,ok,ok,empty,empty,empty,ok,ok,ok,ok,ok,empty,empty,empty,ok
mp-2713127,Na2ZnGaP(SO6)2,ok,ok,empty,empty,empty,ok,ok,ok,ok,ok,empty,empty,empty,ok
mp-2713128,Na6Mg4Ta8Si9(SO8)9,ok,ok,empty,empty,empty,ok,ok,ok,ok,ok,empty,empty,empty,ok
mp-2713129,Na2MgInP(SO6)2,ok,ok,empty,empty,empty,ok,ok,ok,ok,ok,empty,empty,empty,ok
mp-2713130,Na4Ca2In2SiS5O24,ok,ok,empty,empty,empty,ok,ok,ok,ok,ok,empty,empty,empty,ok
mp-2713131,Na5HfIn3(PO4)6,ok,ok,empty,empty,empty,ok,ok,ok,ok,ok,empty,empty,empty,ok
mp-2713132,Na15Ta5Zn7(PO4)18,ok,ok,empty,empty,empty,ok,ok,ok,ok,ok,empty,empty,empty,ok
mp-2713133,Na4Mg3SiGeS5O24,ok,ok,empty,empty,empty,ok,ok,ok,ok,ok,empty,empty,empty,ok
mp-2713134,Na4Sc2Zn2SiS5O24,ok,ok,empty,empty,empty,ok,ok,ok,ok,ok,empty,empty,empty,ok
mp-2713136,Na4Mg3TiP2(SO6)4,ok,ok,empty,empty,empty,ok,ok,ok,ok,ok,empty,empty,empty,ok
mp-2713137,Na4Zn3SnP2(SO6)4,ok,ok,empty,empty,empty,ok,ok,ok,ok,ok,empty,empty,empty,ok
mp-2713139,Na4HfMg3SiS5O24,ok,ok,empty,empty,empty,ok,ok,ok,ok,ok,empty,empty,empty,ok
mp-2713141,Na10Ca3Hf5(PO4)12,ok,ok,empty,empty,empty,ok,ok,ok,ok,ok,empty,empty,empty,ok
mp-2713142,Na15CaNb11(SiO4)18,ok,ok,empty,empty,empty,ok,ok,ok,ok,ok,empty,empty,empty,ok
mp-2713143,Na5La3TiSi3(SO8)3,ok,ok,empty,empty,empty,ok,ok,ok,ok,ok,empty,empty,empty,ok
mp-2713144,Na6Mg5TaP3(SO6)6,ok,ok,empty,empty,empty,ok,ok,ok,ok,ok,empty,empty,empty,ok
mp-2713145,Na4Ca3SiGeS5O24,ok,ok,empty,empty,empty,ok,ok,ok,ok,ok,empty,empty,empty,ok
mp-2713146,Na15Mg7Ta5(PO4)18,ok,ok,empty,empty,empty,ok,ok,ok,ok,ok,empty,empty,empty,ok
mp-2713147,Na15Ca7Ta5Si9(SO8)9,ok,ok,empty,empty,empty,ok,ok,ok,ok,ok,empty,empty,empty,ok
mp-2713148,Na10Ca3Ti5Si6(SO8)6,ok,ok,empty,empty,empty,ok,ok,ok,ok,ok,empty,empty,empty,ok
mp-2713149,Na10La7Nb(PO4)12,ok,ok,empty,empty,empty,ok,ok,ok,ok,ok,empty,empty,empty,ok
mp-2713151,Na4TiZn3P2(SO6)4,ok,ok,empty,empty,empty,ok,ok,ok,ok,ok,empty,empty,empty,ok
mp-2713153,Na10Hf5Zn3Si6(SO8)6,ok,ok,empty,empty,empty,ok,ok,ok,ok,ok,empty,empty,empty,ok
mp-2713154,Na5In3Si3Ge(SO8)3,ok,ok,empty,empty,empty,ok,ok,ok,ok,ok,empty,empty,empty,ok
mp-2713155,Na2CaAlP(SO6)2,ok,ok,empty,empty,empty,ok,ok,ok,ok,ok,empty,empty,empty,ok
mp-2713156,Na5Y3Ti(PO4)6,ok,ok,empty,empty,empty,ok,ok,ok,ok,ok,empty,empty,empty,ok
mp-2713159,Na6NbZn5P3(SO6)6,ok,ok,empty,empty,empty,ok,ok,ok,ok,ok,empty,empty,empty,ok
mp-2713160,Na6TaZn5P3(SO6)6,ok,ok,empty,empty,empty,ok,ok,ok,ok,ok,empty,empty,empty,ok
mp-2713161,Na4ZrZn3SiS5O24,ok,ok,empty,empty,empty,ok,ok,ok,ok,ok,empty,empty,empty,ok
mp-2713162,Na5Y3HfSi3(SO8)3,ok,ok,empty,empty,empty,ok,ok,ok,ok,ok,empty,empty,empty,ok
mp-2713163,NaHfGe(PO4)3,ok,ok,empty,empty,empty,ok,ok,ok,ok,ok,empty,empty,empty,ok
mp-2713165,NaTaIn(PO4)3,ok,ok,empty,empty,empty,ok,ok,ok,ok,ok,empty,empty,empty,ok
mp-2713166,Na4Zn3SiSnS5O24,ok,ok,empty,empty,empty,ok,ok,ok,ok,ok,empty,empty,empty,ok
mp-2713167,Na4Mg2Al2SiS5O24,ok,ok,empty,empty,empty,ok,ok,ok,ok,ok,empty,empty,empty,ok
mp-2713168,Na5Ta3Si6SnO24,ok,ok,empty,empty,empty,ok,ok,ok,ok,ok,empty,empty,empty,ok
mp-2713171,Na4Mg2Sc2SiS5O24,ok,ok,empty,empty,empty,ok,ok,ok,ok,ok,empty,empty,empty,ok
mp-2713172,Na10TaIn7Si6(SO8)6,ok,ok,empty,empty,empty,ok,ok,ok,ok,ok,empty,empty,empty,ok
mp-2713173,Na4Mg3GeP2(SO6)4,ok,ok,empty,empty,empty,ok,ok,ok,ok,ok,empty,empty,empty,ok
mp-2713174,Na5Nb3Si6GeO24,ok,ok,empty,empty,empty,ok,ok,ok,ok,ok,empty,empty,empty,ok
mp-2713176,Na5La3HfSi3(SO8)3,ok,ok,empty,empty,empty,ok,ok,ok,ok,ok,empty,empty,empty,ok
mp-2713177,NaNbAl(PO4)3,ok,ok,empty,empty,empty,ok,ok,ok,ok,ok,empty,empty,empty,ok
mp-2713178,Na10ScTa7(SiO4)12,ok,ok,empty,empty,empty,ok,ok,ok,ok,ok,empty,empty,empty,ok
mp-2713180,Na10Ti5Zn3Si6(SO8)6,ok,ok,empty,empty,empty,ok,ok,ok,ok,ok,empty,empty,empty,ok
mp-2713182,Na2Hf2Zr2Si3(SO8)3,ok,ok,empty,empty,empty,ok,ok,ok,ok,ok,empty,empty,empty,ok
mp-2713184,Na5TiAl3(PO4)6,ok,ok,empty,empty,empty,ok,ok,ok,ok,ok,empty,empty,empty,ok
mp-2713185,Na2Si3Ge4(SO8)3,ok,ok,empty,empty,empty,ok,ok,ok,ok,ok,empty,empty,empty,ok
mp-2713187,Na4Mg3SnP2(SO6)4,ok,ok,empty,empty,empty,ok,ok,ok,ok,ok,empty,empty,empty,ok
mp-2713188,Na5La3Sn(PO4)6,ok,ok,empty,empty,empty,ok,ok,ok,ok,ok,empty,empty,empty,ok
mp-2713189,Na4Zn3GeP2(SO6)4,ok,ok,empty,empty,empty,ok,ok,ok,ok,ok,empty,empty,empty,ok
mp-2713190,Na15Ca7Ta5(PO4)18,ok,ok,empty,empty,empty,ok,ok,ok,ok,ok,empty,empty,empty,ok
mp-2713191,Na5Al3Ge(PO4)6,ok,ok,empty,empty,empty,ok,ok,ok,ok,ok,empty,empty,empty,ok
mp-2713192,Na4Ca2Y2SiS5O24,ok,ok,empty,empty,empty,ok,ok,ok,ok,ok,empty,empty,empty,ok
mp-2713194,Na4HfZn3P2(SO6)4,ok,ok,empty,empty,empty,ok,ok,ok,ok,ok,empty,empty,empty,ok
mp-2713195,Na5HfSc3(PO4)6,ok,ok,empty,empty,empty,ok,ok,ok,ok,ok,empty,empty,empty,ok
mp-2713196,Na2Hf2Si3Sn2(SO8)3,ok,ok,empty,empty,empty,ok,ok,ok,ok,ok,empty,empty,empty,ok
mp-2713197,NaHfSn(PO4)3,ok,ok,empty,empty,empty,ok,ok,ok,ok,ok,empty,empty,empty,ok
mp-2713198,Na5In3Si3Sn(SO8)3,ok,ok,empty,empty,empty,ok,ok,ok,ok,ok,empty,empty,empty,ok
mp-2713199,Na10Mg3Ge5(PO4)12,ok,ok,empty,empty,empty,ok,ok,ok,ok,ok,empty,empty,empty,ok
mp-2713200,Na4Al2Zn2SiS5O24,ok,ok,empty,empty,empty,ok,ok,ok,ok,ok,empty,empty,empty,ok
mp-2713201,Na3Ta4Zn2(PO4)9,ok,ok,empty,empty,empty,ok,ok,ok,ok,ok,empty,empty,empty,ok
mp-2713202,Na15Mg7Nb5(PO4)18,ok,ok,empty,empty,empty,ok,ok,ok,ok,ok,empty,empty,empty,ok
mp-2713203,Na15Nb5Zn7(PO4)18,ok,ok,empty,empty,empty,ok,ok,ok,ok,ok,empty,empty,empty,ok
mp-2713204,Na2Hf2Si3Ge2(SO8)3,ok,ok,empty,empty,empty,ok,ok,ok,ok,ok,empty,empty,empty,ok
mp-2713205,NaTaGa(PO4)3,ok,ok,empty,empty,empty,ok,ok,ok,ok,ok,empty,empty,empty,ok
mp-2713206,Na10Ta7In(SiO4)12,ok,ok,empty,empty,empty,ok,ok,ok,ok,ok,empty,empty,empty,ok
mp-2713209,Na10TaAl7(PO4)12,ok,ok,empty,empty,empty,ok,ok,ok,ok,ok,empty,empty,empty,ok
mp-2713210,Na5Nb3Si6SnO24,ok,ok,empty,empty,empty,ok,ok,ok,ok,ok,empty,empty,empty,ok
mp-2713211,NaTa2Si2PO12,ok,ok,empty,empty,empty,ok,ok,ok,ok,ok,empty,empty,empty,ok
mp-2713212,Na5TiNb3(SiO4)6,ok,ok,empty,empty,empty,ok,ok,ok,ok,ok,empty,empty,empty,ok
mp-2713216,Na5Ga3Sn(PO4)6,ok,ok,empty,empty,empty,ok,ok,ok,ok,ok,empty,empty,empty,ok
mp-2713217,NaZrTi(PO4)3,ok,ok,empty,empty,empty,ok,ok,ok,ok,ok,empty,empty,empty,ok
mp-2713218,Na2LaYP2SO12,ok,ok,empty,empty,empty,ok,ok,ok,ok,ok,empty,empty,empty,ok
mp-2713219,Na4CaHf3Si3(SO8)3,ok,ok,empty,empty,empty,ok,ok,ok,ok,ok,empty,empty,empty,ok
mp-2713220,Na2ZnSiSn(SO6)2,ok,ok,empty,empty,empty,ok,ok,ok,ok,ok,empty,empty,empty,ok
mp-2713221,Na2ScInSi(SO6)2,ok,ok,empty,empty,empty,ok,ok,ok,ok,ok,empty,empty,empty,ok
mp-2713222,Na2CaHfSi(SO6)2,ok,ok,empty,empty,empty,ok,ok,ok,ok,ok,empty,empty,empty,ok
mp-2713223,Na2LaScP2SO12,ok,ok,empty,empty,empty,ok,ok,ok,ok,ok,empty,empty,empty,ok
mp-2713224,Na3Ca3GePS5O24,ok,ok,empty,empty,empty,ok,ok,ok,ok,ok,empty,empty,empty,ok
mp-2713225,Na9Mg2Ta4Si6(PO12)3,ok,ok,empty,empty,empty,ok,ok,ok,ok,ok,empty,empty,empty,ok
mp-2713226,Na2MgZrSi(SO6)2,ok,ok,empty,empty,empty,ok,ok,ok,ok,ok,empty,empty,empty,ok
mp-2713227,Na2TiGa(PO4)3,ok,ok,empty,empty,empty,ok,ok,ok,ok,ok,empty,empty,empty,ok
mp-2713228,Na4CaTi3Si3(SO8)3,ok,ok,empty,empty,empty,ok,ok,ok,ok,ok,empty,empty,empty,ok
mp-2713229,Na9Mg10Ta2P3(S5O24)3,ok,ok,empty,empty,empty,ok,ok,ok,ok,ok,empty,empty,empty,ok
mp-2713230,Na6Mg6Ti2SiS11O48,ok,ok,empty,empty,empty,ok,ok,ok,ok,ok,empty,empty,empty,ok
mp-2713231,Na2ScInP2SO12,ok,ok,empty,empty,empty,ok,ok,ok,ok,ok,empty,empty,empty,ok
mp-2713232,Na3ScNbSi2PO12,ok,ok,empty,empty,empty,ok,ok,ok,ok,ok,empty,empty,empty,ok
mp-2713233,Na6Mg4Sc4SiS11O48,ok,ok,empty,empty,empty,ok,ok,ok,ok,ok,empty,empty,empty,ok
mp-2713234,Na4Sc3TaSi3(SO8)3,ok,ok,empty,empty,empty,ok,ok,ok,ok,ok,empty,empty,empty,ok
mp-2713235,Na3LaTaSi2PO12,ok,ok,empty,empty,empty,ok,ok,ok,ok,ok,empty,empty,empty,ok
mp-2713236,Na4Y2Zr2Si3(SO8)3,ok,ok,empty,empty,empty,ok,ok,ok,ok,ok,empty,empty,empty,ok
mp-2713237,Na9Mg2Nb4Si6(PO12)3,ok,ok,empty,empty,empty,ok,ok,ok,ok,ok,empty,empty,empty,ok
mp-2713238,Na4La2Hf2Si3(SO8)3,ok,ok,empty,empty,empty,ok,ok,ok,ok,ok,empty,empty,empty,ok
mp-2713239,Na2CaTiP2SO12,ok,ok,empty,empty,empty,ok,ok,ok,ok,ok,empty,empty,empty,ok
mp-2713240,Na2YScP2SO12,ok,ok,empty,empty,empty,ok,ok,ok,ok,ok,empty,empty,empty,ok
mp-2713242,Na6Mg4Ta2Si3(SO6)6,ok,ok,empty,empty,empty,ok,ok,ok,ok,ok,empty,empty,empty,ok
mp-2713243,Na3La2Zn2PS5O24,ok,ok,empty,empty,empty,ok,ok,ok,ok,ok,empty,empty,empty,ok
mp-2713244,Na5Mg2Zn2PS5O24,ok,ok,empty,empty,empty,ok,ok,ok,ok,ok,empty,empty,empty,ok
mp-2713245,Na4NbAl3(PO4)6,ok,ok,empty,empty,empty,ok,ok,ok,ok,ok,empty,empty,empty,ok
mp-2713246,Na10Mg4Zn4SiS11O48,ok,ok,empty,empty,empty,ok,ok,ok,ok,ok,empty,empty,empty,ok
mp-2713247,Na2TiZnP2SO12,ok,ok,empty,empty,empty,ok,ok,ok,ok,ok,empty,empty,empty,ok
mp-2713248,Na4Sc3Nb(PO4)6,ok,ok,empty,empty,empty,ok,ok,ok,ok,ok,empty,empty,empty,ok
mp-2713249,Na3Hf2Si2PO12,ok,ok,empty,empty,empty,ok,ok,ok,ok,ok,empty,empty,empty,ok
mp-2713250,Na6Mg4Nb2P6(SO12)3,ok,ok,empty,empty,empty,ok,ok,ok,ok,ok,empty,empty,empty,ok
mp-2713251,Na4NbGa3(PO4)6,ok,ok,empty,empty,empty,ok,ok,ok,ok,ok,empty,empty,empty,ok
mp-2713252,Na2ZnSnP2SO12,ok,ok,empty,empty,empty,ok,ok,ok,ok,ok,empty,empty,empty,ok
mp-2713253,Na2LaYSi(SO6)2,ok,ok,empty,empty,empty,ok,ok,ok,ok,ok,empty,empty,empty,ok
mp-2713254,Na4La3Nb(PO4)6,ok,ok,empty,empty,empty,ok,ok,ok,ok,ok,empty,empty,empty,ok
mp-2713255,Na2GaGe(PO4)3,ok,ok,empty,empty,empty,ok,ok,ok,ok,ok,empty,empty,empty,ok
mp-2713256,Na4ZnSn3(PO4)6,ok,ok,empty,empty,empty,ok,ok,ok,ok,ok,empty,empty,empty,ok
mp-2713257,Na2LaInSi(SO6)2,ok,ok,empty,empty,empty,ok,ok,ok,ok,ok,empty,empty,empty,ok
mp-2713258,Na2CaZrP2SO12,ok,ok,empty,empty,empty,ok,ok,ok,ok,ok,empty,empty,empty,ok
mp-2713259,Na2CaZrSi(SO6)2,ok,ok,empty,empty,empty,ok,ok,ok,ok,ok,empty,empty,empty,ok
mp-2713260,Na3YNbSi2PO12,ok,ok,empty,empty,empty,ok,ok,ok,ok,ok,empty,empty,empty,ok
mp-2713262,Na2ZrZnP2SO12,ok,ok,empty,empty,empty,ok,ok,ok,ok,ok,empty,empty,empty,ok
mp-2713263,Na2LaAlP2SO12,ok,ok,empty,empty,empty,ok,ok,ok,ok,ok,empty,empty,empty,ok
mp-2713264,Na3ScNbSi2PO12,ok,ok,empty,empty,empty,ok,ok,ok,ok,ok,empty,empty,empty,ok
mp-2713265,Na5Mg4PS5O24,ok,ok,empty,empty,empty,ok,ok,ok,ok,ok,empty,empty,empty,ok
mp-2713266,Na4Hf3Zn(PO4)6,ok,ok,empty,empty,empty,ok,ok,ok,ok,ok,empty,empty,empty,ok
mp-2713267,Na6Ca4Nb2P6(SO12)3,ok,ok,empty,empty,empty,ok,ok,ok,ok,ok,empty,empty,empty,ok
mp-2713268,Na9Ta4Zn2Si6(PO12)3,ok,ok,empty,empty,empty,ok,ok,ok,ok,ok,empty,empty,empty,ok
mp-2713269,Na3TaAlSi2PO12,ok,ok,empty,empty,empty,ok,ok,ok,ok,ok,empty,empty,empty,ok
mp-2713270,Na2MgTa(PO4)3,ok,ok,empty,empty,empty,ok,ok,ok,ok,ok,empty,empty,empty,ok
mp-2713271,Na4MgTi3(PO4)6,ok,ok,empty,empty,empty,ok,ok,ok,ok,ok,empty,empty,empty,ok
mp-2713272,Na4Zr2Ga2Si3(SO8)3,ok,ok,empty,empty,empty,ok,ok,ok,ok,ok,empty,empty,empty,ok
mp-2713273,Na2TiIn(PO4)3,ok,ok,empty,empty,empty,ok,ok,ok,ok,ok,empty,empty,empty,ok
mp-2713274,Na2YInP2SO12,ok,ok,empty,empty,empty,ok,ok,ok,ok,ok,empty,empty,empty,ok
mp-2713275,Na2Y2P2SO12,ok,ok,empty,empty,empty,ok,ok,ok,ok,ok,empty,empty,empty,ok
mp-2713276,Na2ScGaP2SO12,ok,ok,empty,empty,empty,ok,ok,ok,ok,ok,empty,empty,empty,ok
mp-2713277,Na2ScGaSi(SO6)2,ok,ok,empty,empty,empty,ok,ok,ok,ok,ok,empty,empty,empty,ok
mp-2713279,Na3Ca2Sc2PS5O24,ok,ok,empty,empty,empty,ok,ok,ok,ok,ok,empty,empty,empty,ok
mp-2713281,Na3Mg3GePS5O24,ok,ok,empty,empty,empty,ok,ok,ok,ok,ok,empty,empty,empty,ok
mp-2713282,Na9Ta2Zn10P3(S5O24)3,ok,ok,empty,empty,empty,ok,ok,ok,ok,ok,empty,empty,empty,ok
mp-2713283,Na2ScAlSi(SO6)2,ok,ok,empty,empty,empty,ok,ok,ok,ok,ok,empty,empty,empty,ok
mp-2713284,Na6Ca4Nb2Si3(SO6)6,ok,ok,empty,empty,empty,ok,ok,ok,ok,ok,empty,empty,empty,ok
mp-2713285,Na2YGe(PO4)3,ok,ok,empty,empty,empty,ok,ok,ok,ok,ok,empty,empty,empty,ok
mp-2713286,Na2InGaP2SO12,ok,ok,empty,empty,empty,ok,ok,ok,ok,ok,empty,empty,empty,ok
mp-2713287,Na10Mg8SiS11O48,ok,ok,empty,empty,empty,ok,ok,ok,ok,ok,empty,empty,empty,ok
mp-2713288,Na6Ca4In4SiS11O48,ok,ok,empty,empty,empty,ok,ok,ok,ok,ok,empty,empty,empty,ok
mp-2713289,Na3TaAlSi2PO12,ok,ok,empty,empty,empty,ok,ok,ok,ok,ok,empty,empty,empty,ok
mp-2713290,Na2HfMgP2SO12,ok,ok,empty,empty,empty,ok,ok,ok,ok,ok,empty,empty,empty,ok
mp-2713291,Na4CaZr3Si3(SO8)3,ok,ok,empty,empty,empty,ok,ok,ok,ok,ok,empty,empty,empty,ok
mp-2713292,Na4Sc3Ta(PO4)6,ok,ok,empty,empty,empty,ok,ok,ok,ok,ok,empty,empty,empty,ok
mp-2713293,Na2MgSiSn(SO6)2,ok,ok,empty,empty,empty,ok,ok,ok,ok,ok,empty,empty,empty,ok
mp-2713294,Na2In2P2SO12,ok,ok,empty,empty,empty,ok,ok,ok,ok,ok,empty,empty,empty,ok
mp-2713295,Na2Sc2P2SO12,ok,ok,empty,empty,empty,ok,ok,ok,ok,ok,empty,empty,empty,ok
mp-2713296,Na2ScAlP2SO12,ok,ok,empty,empty,empty,ok,ok,ok,ok,ok,empty,empty,empty,ok
mp-2713297,Na2CaNb(PO4)3,ok,ok,empty,empty,empty,ok,ok,ok,ok,ok,empty,empty,empty,ok
mp-2713298,Na4Ti3Zn(PO4)6,ok,ok,empty,empty,empty,ok,ok,ok,ok,ok,empty,empty,empty,ok
mp-2713300,Na3TiSi2SnPO12,ok,ok,empty,empty,empty,ok,ok,ok,ok,ok,empty,empty,empty,ok
mp-2713301,Na18Ta4Zn20Si3(S11O48)3,ok,ok,empty,empty,empty,ok,ok,ok,ok,ok,empty,empty,empty,ok
mp-2713302,Na2LaZr(PO4)3,ok,ok,empty,empty,empty,ok,ok,ok,ok,ok,empty,empty,empty,ok
mp-2713303,Na9Nb4Zn2Si6(PO12)3,ok,ok,empty,empty,empty,ok,ok,ok,ok,ok,empty,empty,empty,ok
mp-2713304,Na6Ta2Zn4P6(SO12)3,ok,ok,empty,empty,empty,ok,ok,ok,ok,ok,empty,empty,empty,ok
mp-2713305,Na3NbInSi2PO12,ok,ok,empty,empty,empty,ok,ok,ok,ok,ok,empty,empty,empty,ok
mp-2713306,Na2YGaP2SO12,ok,ok,empty,empty,empty,ok,ok,ok,ok,ok,empty,empty,empty,ok
mp-2713307,Na2HfGa(PO4)3,ok,ok,empty,empty,empty,ok,ok,ok,ok,ok,empty,empty,empty,ok
mp-2713308,Na3Hf2Si2PO12,ok,ok,empty,empty,empty,ok,ok,ok,ok,ok,empty,empty,empty,ok
mp-2713309,Na3ZrSi2SnPO12,ok,ok,empty,empty,empty,ok,ok,ok,ok,ok,empty,empty,empty,ok
mp-2713310,Na2YHf(PO4)3,ok,ok,empty,empty,empty,ok,ok,ok,ok,ok,empty,empty,empty,ok
mp-2713311,Na9Nb4Zn2Si6(PO12)3,ok,ok,empty,empty,empty,ok,ok,ok,ok,ok,empty,empty,empty,ok
mp-2713312,Na2ScGe(PO4)3,ok,ok,empty,empty,empty,ok,ok,ok,ok,ok,empty,empty,empty,ok
mp-2713313,Na2LaHf(PO4)3,ok,ok,empty,empty,empty,ok,ok,ok,ok,ok,empty,empty,empty,ok
mp-2713314,Na2HfMgSi(SO6)2,ok,ok,empty,empty,empty,ok,ok,ok,ok,ok,empty,empty,empty,ok
mp-2713315,Na2HfAl(PO4)3,ok,ok,empty,empty,empty,ok,ok,ok,ok,ok,empty,empty,empty,ok
mp-2713317,Na2ZrSc(PO4)3,ok,ok,empty,empty,empty,ok,ok,ok,ok,ok,empty,empty,empty,ok
mp-2713318,Na4Al2Si3Ge2(SO8)3,ok,ok,empty,empty,empty,ok,ok,ok,ok,ok,empty,empty,empty,ok
mp-2713319,Na10Ca4Mg4SiS11O48,ok,ok,empty,empty,empty,ok,ok,ok,ok,ok,empty,empty,empty,ok
mp-2713320,Na2MgTiP2SO12,ok,ok,empty,empty,empty,ok,ok,ok,ok,ok,empty,empty,empty,ok
mp-2713322,Na4Ti3ZnSi3(SO8)3,ok,ok,empty,empty,empty,ok,ok,ok,ok,ok,empty,empty,empty,ok
mp-2713324,Na2YZr(PO4)3,ok,ok,empty,empty,empty,ok,ok,ok,ok,ok,empty,empty,empty,ok
mp-2713325,Na4La3Ta(PO4)6,ok,ok,empty,empty,empty,ok,ok,ok,ok,ok,empty,empty,empty,ok
mp-2713326,Na4Hf3MgSi3(SO8)3,ok,ok,empty,empty,empty,ok,ok,ok,ok,ok,empty,empty,empty,ok
mp-2713327,Na2CaSnP2SO12,ok,ok,empty,empty,empty,ok,ok,ok,ok,ok,empty,empty,empty,ok
mp-2713328,Na2YScSi(SO6)2,ok,ok,empty,empty,empty,ok,ok,ok,ok,ok,empty,empty,empty,ok
mp-2713329,Na2AlGaP2SO12,ok,ok,empty,empty,empty,ok,ok,ok,ok,ok,empty,empty,empty,ok
mp-2713330,Na2MgSnP2SO12,ok,ok,empty,empty,empty,ok,ok,ok,ok,ok,empty,empty,empty,ok
mp-2713331,Na3HfTa(GeO4)3,ok,ok,empty,empty,empty,ok,ok,ok,ok,ok,empty,empty,empty,ok
mp-2713334,Na5Y3Hf(PO4)6,ok,ok,empty,empty,empty,ok,ok,ok,ok,ok,empty,empty,empty,ok
mp-2713335,Na10LaTa7(SiO4)12,ok,ok,empty,empty,empty,ok,ok,ok,ok,ok,empty,empty,empty,ok
mp-2713336,Na6Ta8Zn4Si9(SO8)9,ok,ok,empty,empty,empty,ok,ok,ok,ok,ok,empty,empty,empty,ok
mp-2713337,Na10Nb7Ga(SiO4)12,ok,ok,empty,empty,empty,ok,ok,ok,ok,ok,empty,empty,empty,ok
mp-2713339,Na4Ca3SiSnS5O24,ok,ok,empty,empty,empty,ok,ok,ok,ok,ok,empty,empty,empty,ok
mp-2713340,NaYTa(PO4)3,ok,ok,empty,empty,empty,ok,ok,ok,ok,ok,empty,empty,empty,ok
mp-2713345,Na10Mg3Si6Sn5(SO8)6,ok,ok,empty,empty,empty,ok,ok,ok,ok,ok,empty,empty,empty,ok
mp-2713346,Na4Mg2Ga2SiS5O24,ok,ok,empty,empty,empty,ok,ok,ok,ok,ok,empty,empty,empty,ok
mp-2713347,Na4Ca3HfP2(SO6)4,ok,ok,empty,empty,empty,ok,ok,ok,ok,ok,empty,empty,empty,ok
mp-2713348,Na5Ga3Si3Sn(SO8)3,ok,ok,empty,empty,empty,ok,ok,ok,ok,ok,empty,empty,empty,ok
mp-2713349,Na12Ca10Nb2Si3(S5O24)3,ok,ok,empty,empty,empty,ok,ok,ok,ok,ok,empty,empty,empty,ok
mp-2713350,Na4Mg3ZrP2(SO6)4,ok,ok,empty,empty,empty,ok,ok,ok,ok,ok,empty,empty,empty,ok
mp-2713352,Na4Ca3TiSiS5O24,ok,ok,empty,empty,empty,ok,ok,ok,ok,ok,empty,empty,empty,ok
mp-2713353,Na4HfZn3SiS5O24,ok,ok,empty,empty,empty,ok,ok,ok,ok,ok,empty,empty,empty,ok
mp-2713355,Na12Mg10Ta2Si3(S5O24)3,ok,ok,empty,empty,empty,ok,ok,ok,ok,ok,empty,empty,empty,ok
mp-2713356,Na15Nb11Zn(SiO4)18,ok,ok,empty,empty,empty,ok,ok,ok,ok,ok,empty,empty,empty,ok
mp-2713358,Na4Ca3SnP2(SO6)4,ok,ok,empty,empty,empty,ok,ok,ok,ok,ok,empty,empty,empty,ok
mp-2713359,Na10ScNb7(SiO4)12,ok,ok,empty,empty,empty,ok,ok,ok,ok,ok,empty,empty,empty,ok
mp-2713360,Na2YMgP(SO6)2,ok,ok,empty,empty,empty,ok,ok,ok,ok,ok,empty,empty,empty,ok
mp-2713361,NaTiGe(PO4)3,ok,ok,empty,empty,empty,ok,ok,ok,ok,ok,empty,empty,empty,ok
mp-2713363,Na10Mg3Sn5(PO4)12,ok,ok,empty,empty,empty,ok,ok,ok,ok,ok,empty,empty,empty,ok
mp-2713364,Na4Mg3SiSnS5O24,ok,ok,empty,empty,empty,ok,ok,ok,ok,ok,empty,empty,empty,ok
mp-2713366,Na3Mg2Nb4(PO4)9,ok,ok,empty,empty,empty,ok,ok,ok,ok,ok,empty,empty,empty,ok
mp-2713367,Na4ZrZn3P2(SO6)4,ok,ok,empty,empty,empty,ok,ok,ok,ok,ok,empty,empty,empty,ok
mp-2713369,Na4La2Zn2SiS5O24,ok,ok,empty,empty,empty,ok,ok,ok,ok,ok,empty,empty,empty,ok
mp-2713370,Na2Ta2Ga2Si3(SO8)3,ok,ok,empty,empty,empty,ok,ok,ok,ok,ok,empty,empty,empty,ok
mp-2713371,Na3Nb4Zn2(PO4)9,ok,ok,empty,empty,empty,ok,ok,ok,ok,ok,empty,empty,empty,ok
mp-2713372,Na4Ca2La2SiS5O24,ok,ok,empty,empty,empty,ok,ok,ok,ok,ok,empty,empty,empty,ok
mp-2713374,Na4La2Mg2SiS5O24,ok,ok,empty,empty,empty,ok,ok,ok,ok,ok,empty,empty,empty,ok
mp-2713375,Na10Ca3Zr5Si6(SO8)6,ok,ok,empty,empty,empty,ok,ok,ok,ok,ok,empty,empty,empty,ok
mp-2713376,Na4Ca3ZrSiS5O24,ok,ok,empty,empty,empty,ok,ok,ok,ok,ok,empty,empty,empty,ok
mp-2713377,Na12Mg10Nb2Si3(S5O24)3,ok,ok,empty,empty,empty,ok,ok,ok,ok,ok,empty,empty,empty,ok
mp-2713378,Na10YNb7(SiO4)12,ok,ok,empty,empty,empty,ok,ok,ok,ok,ok,empty,empty,empty,ok
mp-2713379,NaTaNbSi2PO12,ok,ok,empty,empty,empty,ok,ok,ok,ok,ok,empty,empty,empty,ok
mp-2713380,Na4Ca3TiP2(SO6)4,ok,ok,empty,empty,empty,ok,ok,ok,ok,ok,empty,empty,empty,ok
mp-2713381,Na15MgTa11(SiO4)18,ok,ok,empty,empty,empty,ok,ok,ok,ok,ok,empty,empty,empty,ok
mp-2713383,NaZrGe(PO4)3,ok,ok,empty,empty,empty,ok,ok,ok,ok,ok,empty,empty,empty,ok
mp-2713384,Na10Y7NbSi6(SO8)6,ok,ok,empty,empty,empty,ok,ok,ok,ok,ok,empty,empty,empty,ok
mp-2713385,Na2Ta4Si5SO24,ok,ok,empty,empty,empty,ok,ok,ok,ok,ok,empty,empty,empty,ok
mp-2713386,Na6Ca5NbP3(SO6)6,ok,ok,empty,empty,empty,ok,ok,ok,ok,ok,empty,empty,empty,ok
mp-2713388,Na15Mg7Nb5Si9(SO8)9,ok,ok,empty,empty,empty,ok,ok,ok,ok,ok,empty,empty,empty,ok
mp-2713389,Na2MgAlP(SO6)2,ok,ok,empty,empty,empty,ok,ok,ok,ok,ok,empty,empty,empty,ok
mp-2713391,Na4Zn3SiGeS5O24,ok,ok,empty,empty,empty,ok,ok,ok,ok,ok,empty,empty,empty,ok
mp-2713392,Na5Ta3Si6GeO24,ok,ok,empty,empty,empty,ok,ok,ok,ok,ok,empty,empty,empty,ok
mp-2713394,Na15CaTa11(SiO4)18,ok,ok,empty,empty,empty,ok,ok,ok,ok,ok,empty,empty,empty,ok
mp-2713396,Na12Nb2Zn10Si3(S5O24)3,ok,ok,empty,empty,empty,ok,ok,ok,ok,ok,empty,empty,empty,ok
mp-2713397,Na2Zr2Ti2Si3(SO8)3,ok,ok,empty,empty,empty,ok,ok,ok,ok,ok,empty,empty,empty,ok
mp-2713400,Na2Ti2Si3Sn2(SO8)3,ok,ok,empty,empty,empty,ok,ok,ok,ok,ok,empty,empty,empty,ok
mp-2713401,NaHfZr(PO4)3,ok,ok,empty,empty,empty,ok,ok,ok,ok,ok,empty,empty,empty,ok
mp-2713403,Na5HfNb3(SiO4)6,ok,ok,empty,empty,empty,ok,ok,ok,ok,ok,empty,empty,empty,ok
mp-2713404,Na2ZnInP(SO6)2,ok,ok,empty,empty,empty,ok,ok,ok,ok,ok,empty,empty,empty,ok
mp-2713405,Na10Ca3Ge5(PO4)12,ok,ok,empty,empty,empty,ok,ok,ok,ok,ok,empty,empty,empty,ok
mp-2713407,Na5ZrAl3Si3(SO8)3,ok,ok,empty,empty,empty,ok,ok,ok,ok,ok,empty,empty,empty,ok
mp-2713408,Na5Ta3Ti(SiO4)6,ok,ok,empty,empty,empty,ok,ok,ok,ok,ok,empty,empty,empty,ok
mp-2713410,Na2Y2Ta2Si3(SO8)3,ok,ok,empty,empty,empty,ok,ok,ok,ok,ok,empty,empty,empty,ok
mp-2713411,Na5Y3TiSi3(SO8)3,ok,ok,empty,empty,empty,ok,ok,ok,ok,ok,empty,empty,empty,ok
mp-2713412,Na2Zr2Si3Sn2(SO8)3,ok,ok,empty,empty,empty,ok,ok,ok,ok,ok,empty,empty,empty,ok
mp-2713413,Na2Ti2Si3Ge2(SO8)3,ok,ok,empty,empty,empty,ok,ok,ok,ok,ok,empty,empty,empty,ok
mp-2713414,Na10Ca3Ti5(PO4)12,ok,ok,empty,empty,empty,ok,ok,ok,ok,ok,empty,empty,empty,ok
mp-2713418,Na4Mg2In2SiS5O24,ok,ok,empty,empty,empty,ok,ok,ok,ok,ok,empty,empty,empty,ok
mp-2713419,Na10Hf5Mg3(PO4)12,ok,ok,empty,empty,empty,ok,ok,ok,ok,ok,empty,empty,empty,ok
mp-2713421,Na10Ti5Zn3(PO4)12,ok,ok,empty,empty,empty,ok,ok,ok,ok,ok,empty,empty,empty,ok
mp-2713422,Na4Ca2Al2SiS5O24,ok,ok,empty,empty,empty,ok,ok,ok,ok,ok,empty,empty,empty,ok
mp-2713424,Na2Hf4Si3(SO8)3,ok,ok,empty,empty,empty,ok,ok,ok,ok,ok,empty,empty,empty,ok
mp-2713425,Na4Y2Mg2SiS5O24,ok,ok,empty,empty,empty,ok,ok,ok,ok,ok,empty,empty,empty,ok
mp-2713427,Na2Zr4Si3(SO8)3,ok,ok,empty,empty,empty,ok,ok,ok,ok,ok,empty,empty,empty,ok
mp-2713428,Na4Ca3HfSiS5O24,ok,ok,empty,empty,empty,ok,ok,ok,ok,ok,empty,empty,empty,ok
mp-2713429,Na10Nb7Al(SiO4)12,ok,ok,empty,empty,empty,ok,ok,ok,ok,ok,empty,empty,empty,ok
mp-2713431,Na2Ti4Si3(SO8)3,ok,ok,empty,empty,empty,ok,ok,ok,ok,ok,empty,empty,empty,ok
mp-2713432,Na5ZrSc3Si3(SO8)3,ok,ok,empty,empty,empty,ok,ok,ok,ok,ok,empty,empty,empty,ok
mp-2713433,Na6Mg5NbP3(SO6)6,ok,ok,empty,empty,empty,ok,ok,ok,ok,ok,empty,empty,empty,ok
mp-2713437,NaTaAl(PO4)3,ok,ok,empty,empty,empty,ok,ok,ok,ok,ok,empty,empty,empty,ok
mp-2713438,Na5La3ZrSi3(SO8)3,ok,ok,empty,empty,empty,ok,ok,ok,ok,ok,empty,empty,empty,ok
mp-2713439,Na5Y3Si3Ge(SO8)3,ok,ok,empty,empty,empty,ok,ok,ok,ok,ok,empty,empty,empty,ok
mp-2713440,Na10Ta7Al(SiO4)12,ok,ok,empty,empty,empty,ok,ok,ok,ok,ok,empty,empty,empty,ok
mp-2713441,Na4Zn2In2SiS5O24,ok,ok,empty,empty,empty,ok,ok,ok,ok,ok,empty,empty,empty,ok
mp-2713442,Na6Ca4Ta8Si9(SO8)9,ok,ok,empty,empty,empty,ok,ok,ok,ok,ok,empty,empty,empty,ok
mp-2713443,Na2Sc2Ta2Si3(SO8)3,ok,ok,empty,empty,empty,ok,ok,ok,ok,ok,empty,empty,empty,ok
mp-2713444,Na2MgScP(SO6)2,ok,ok,empty,empty,empty,ok,ok,ok,ok,ok,empty,empty,empty,ok
mp-2713445,Na10TaAl7Si6(SO8)6,ok,ok,empty,empty,empty,ok,ok,ok,ok,ok,empty,empty,empty,ok
mp-2713446,Na5ZrSc3(PO4)6,ok,ok,empty,empty,empty,ok,ok,ok,ok,ok,empty,empty,empty,ok
mp-2713447,Na4Y2Zn2SiS5O24,ok,ok,empty,empty,empty,ok,ok,ok,ok,ok,empty,empty,empty,ok
mp-2713451,Na4TiZn3SiS5O24,ok,ok,empty,empty,empty,ok,ok,ok,ok,ok,empty,empty,empty,ok
mp-2713453,Na2LaMgP(SO6)2,ok,ok,empty,empty,empty,ok,ok,ok,ok,ok,empty,empty,empty,ok
mp-2713455,Na10NbAl7Si6(SO8)6,ok,ok,empty,empty,empty,ok,ok,ok,ok,ok,empty,empty,empty,ok
mp-2713456,Na2YZnP(SO6)2,ok,ok,empty,empty,empty,ok,ok,ok,ok,ok,empty,empty,empty,ok
mp-2713457,NaSnGe(PO4)3,ok,ok,empty,empty,empty,ok,ok,ok,ok,ok,empty,empty,empty,ok
mp-2713458,Na10Ta7Ga(SiO4)12,ok,ok,empty,empty,empty,ok,ok,ok,ok,ok,empty,empty,empty,ok
mp-2713459,Na4Mg3ZrSiS5O24,ok,ok,empty,empty,empty,ok,ok,ok,ok,ok,empty,empty,empty,ok
mp-2713460,Na2CaLaP(SO6)2,ok,ok,empty,empty,empty,ok,ok,ok,ok,ok,empty,empty,empty,ok
mp-2713461,Na5La3Si3Sn(SO8)3,ok,ok,empty,empty,empty,ok,ok,ok,ok,ok,empty,empty,empty,ok
mp-2713463,Na2Ta2Nb2Si5SO24,ok,ok,empty,empty,empty,ok,ok,ok,ok,ok,empty,empty,empty,ok
mp-2713464,Na6Ca4Nb8Si9(SO8)9,ok,ok,empty,empty,empty,ok,ok,ok,ok,ok,empty,empty,empty,ok
mp-2713465,Na5ZrAl3(PO4)6,ok,ok,empty,empty,empty,ok,ok,ok,ok,ok,empty,empty,empty,ok
mp-2713466,Na4Ca2Sc2SiS5O24,ok,ok,empty,empty,empty,ok,ok,ok,ok,ok,empty,empty,empty,ok
mp-2713468,Na2MgGaP(SO6)2,ok,ok,empty,empty,empty,ok,ok,ok,ok,ok,empty,empty,empty,ok
mp-2713470,Na5La3Hf(PO4)6,ok,ok,empty,empty,empty,ok,ok,ok,ok,ok,empty,empty,empty,ok
mp-2713471,Na2AlZnP(SO6)2,ok,ok,empty,empty,empty,ok,ok,ok,ok,ok,empty,empty,empty,ok
mp-2713472,Na10Mg3Zr5Si6(SO8)6,ok,ok,empty,empty,empty,ok,ok,ok,ok,ok,empty,empty,empty,ok
mp-2713474,Na4Ca2Ga2SiS5O24,ok,ok,empty,empty,empty,ok,ok,ok,ok,ok,empty,empty,empty,ok
mp-2713476,Na15Ca7Nb5(PO4)18,ok,ok,empty,empty,empty,ok,ok,ok,ok,ok,empty,empty,empty,ok
mp-2713478,Na10Mg3Ti5(PO4)12,ok,ok,empty,empty,empty,ok,ok,ok,ok,ok,empty,empty,empty,ok
mp-2713479,Na2Nb4Si5SO24,ok,ok,empty,empty,empty,ok,ok,ok,ok,ok,empty,empty,empty,ok
mp-2713483,Na4HfMg3P2(SO6)4,ok,ok,empty,empty,empty,ok,ok,ok,ok,ok,empty,empty,empty,ok
mp-2713485,Na2Si3Sn4(SO8)3,ok,ok,empty,empty,empty,ok,ok,ok,ok,ok,empty,empty,empty,ok
mp-2713486,Na10La7NbSi6(SO8)6,ok,ok,empty,empty,empty,ok,ok,ok,ok,ok,empty,empty,empty,ok
mp-2713487,Na5Sc3TiSi3(SO8)3,ok,ok,empty,empty,empty,ok,ok,ok,ok,ok,empty,empty,empty,ok
mp-2713488,Na2ScZnP(SO6)2,ok,ok,empty,empty,empty,ok,ok,ok,ok,ok,empty,empty,empty,ok
mp-2713489,Na5TiGa3Si3(SO8)3,ok,ok,empty,empty,empty,ok,ok,ok,ok,ok,empty,empty,empty,ok
mp-2713490,Na10NbGa7Si6(SO8)6,ok,ok,empty,empty,empty,ok,ok,ok,ok,ok,empty,empty,empty,ok
mp-2713491,Na15Ta5Zn7Si9(SO8)9,ok,ok,empty,empty,empty,ok,ok,ok,ok,ok,empty,empty,empty,ok
mp-2713492,Na4Zn2Ga2SiS5O24,ok,ok,empty,empty,empty,ok,ok,ok,ok,ok,empty,empty,empty,ok
mp-2713493,Na4Mg3TiSiS5O24,ok,ok,empty,empty,empty,ok,ok,ok,ok,ok,empty,empty,empty,ok
mp-2713494,Na10Nb7In(SiO4)12,ok,ok,empty,empty,empty,ok,ok,ok,ok,ok,empty,empty,empty,ok
mp-2713495,Na2LaZnP(SO6)2,ok,ok,empty,empty,empty,ok,ok,ok,ok,ok,empty,empty,empty,ok
mp-2713499,Na2CaScP(SO6)2,ok,ok,empty,empty,empty,ok,ok,ok,ok,ok,empty,empty,empty,ok
mp-2713500,Na10Ca3Hf5Si6(SO8)6,ok,ok,empty,empty,empty,ok,ok,ok,ok,ok,empty,empty,empty,ok
mp-2713502,Na2La2Ta2Si3(SO8)3,ok,ok,empty,empty,empty,ok,ok,ok,ok,ok,empty,empty,empty,ok
mp-2713505,Na5In3Sn(PO4)6,ok,ok,empty,empty,empty,ok,ok,ok,ok,ok,empty,empty,empty,ok
mp-2713506,Na6Ca5TaP3(SO6)6,ok,ok,empty,empty,empty,ok,ok,ok,ok,ok,empty,empty,empty,ok
mp-2713507,NaScTa(PO4)3,ok,ok,empty,empty,empty,ok,ok,ok,ok,ok,empty,empty,empty,ok
mp-2713508,Na10YTa7(SiO4)12,ok,ok,empty,empty,empty,ok,ok,ok,ok,ok,empty,empty,empty,ok
mp-2713509,Na10TaGa7(PO4)12,ok,ok,empty,empty,empty,ok,ok,ok,ok,ok,empty,empty,empty,ok
mp-2713510,Na10Y7Ta(PO4)12,ok,ok,empty,empty,empty,ok,ok,ok,ok,ok,empty,empty,empty,ok
mp-2713511,Na5Ga3Ge(PO4)6,ok,ok,empty,empty,empty,ok,ok,ok,ok,ok,empty,empty,empty,ok
mp-2713512,NaZrSn(PO4)3,ok,ok,empty,empty,empty,ok,ok,ok,ok,ok,empty,empty,empty,ok
mp-2713514,Na10Y7Nb(PO4)12,ok,ok,empty,empty,empty,ok,ok,ok,ok,ok,empty,empty,empty,ok
mp-2713515,Na5TiIn3(PO4)6,ok,ok,empty,empty,empty,ok,ok,ok,ok,ok,empty,empty,empty,ok
mp-2713516,Na5Sc3Si3Ge(SO8)3,ok,ok,empty,empty,empty,ok,ok,ok,ok,ok,empty,empty,empty,ok
mp-2713517,Na12Ca10Ta2Si3(S5O24)3,ok,ok,empty,empty,empty,ok,ok,ok,ok,ok,empty,empty,empty,ok
mp-2713518,NaNb2Si2PO12,ok,ok,empty,empty,empty,ok,ok,ok,ok,ok,empty,empty,empty,ok
mp-2713519,Na5HfTa3(SiO4)6,ok,ok,empty,empty,empty,ok,ok,ok,ok,ok,empty,empty,empty,ok
mp-2713520,Na5ZrNb3(SiO4)6,ok,ok,empty,empty,empty,ok,ok,ok,ok,ok,empty,empty,empty,ok
mp-2713521,Na10Ca3Zr5(PO4)12,ok,ok,empty,empty,empty,ok,ok,ok,ok,ok,empty,empty,empty,ok
mp-2713523,NaYNb(PO4)3,ok,ok,empty,empty,empty,ok,ok,ok,ok,ok,empty,empty,empty,ok
mp-2713524,Na15MgNb11(SiO4)18,ok,ok,empty,empty,empty,ok,ok,ok,ok,ok,empty,empty,empty,ok
mp-2713525,Na5Al3Si3Ge(SO8)3,ok,ok,empty,empty,empty,ok,ok,ok,ok,ok,empty,empty,empty,ok
mp-2713527,Na5ZrTa3(SiO4)6,ok,ok,empty,empty,empty,ok,ok,ok,ok,ok,empty,empty,empty,ok
mp-2713528,Na10Ca3Sn5(PO4)12,ok,ok,empty,empty,empty,ok,ok,ok,ok,ok,empty,empty,empty,ok
mp-2713529,Na4Ca3GeP2(SO6)4,ok,ok,empty,empty,empty,ok,ok,ok,ok,ok,empty,empty,empty,ok
mp-2713532,Na5Y3Ge(PO4)6,ok,ok,empty,empty,empty,ok,ok,ok,ok,ok,empty,empty,empty,ok
mp-2713533,Na10LaNb7(SiO4)12,ok,ok,empty,empty,empty,ok,ok,ok,ok,ok,empty,empty,empty,ok
mp-2713534,Na15Ta11Zn(SiO4)18,ok,ok,empty,empty,empty,ok,ok,ok,ok,ok,empty,empty,empty,ok
mp-2713537,Na6Nb2Zn4P6(SO12)3,ok,ok,empty,empty,empty,ok,ok,ok,ok,ok,empty,empty,empty,ok
mp-2713538,Na2Y2Si(SO6)2,ok,ok,empty,empty,empty,ok,ok,ok,ok,ok,empty,empty,empty,ok
mp-2713540,Na9Mg2Ta4Si6(PO12)3,ok,ok,empty,empty,empty,ok,ok,ok,ok,ok,empty,empty,empty,ok
mp-2713541,Na2YTi(PO4)3,ok,ok,empty,empty,empty,ok,ok,ok,ok,ok,empty,empty,empty,ok
mp-2713542,Na4ZnGe3(PO4)6,ok,ok,empty,empty,empty,ok,ok,ok,ok,ok,empty,empty,empty,ok
mp-2713544,Na2AlGaSi(SO6)2,ok,ok,empty,empty,empty,ok,ok,ok,ok,ok,empty,empty,empty,ok
mp-2713545,Na4TaAl3Si3(SO8)3,ok,ok,empty,empty,empty,ok,ok,ok,ok,ok,empty,empty,empty,ok
mp-2713546,Na2YAlSi(SO6)2,ok,ok,empty,empty,empty,ok,ok,ok,ok,ok,empty,empty,empty,ok
mp-2713547,Na6Zn6SiGe2S11O48,ok,ok,empty,empty,empty,ok,ok,ok,ok,ok,empty,empty,empty,ok
mp-2713548,Na3Zr2Si2PO12,ok,ok,empty,empty,empty,ok,ok,ok,ok,ok,empty,empty,empty,ok
mp-2713549,Na4Mg2Ta2Si3(SO8)3,ok,ok,empty,empty,empty,ok,ok,ok,ok,ok,empty,empty,empty,ok
mp-2713550,Na3NbInSi2PO12,ok,ok,empty,empty,empty,ok,ok,ok,ok,ok,empty,empty,empty,ok
mp-2713551,Na4NbIn3(PO4)6,ok,ok,empty,empty,empty,ok,ok,ok,ok,ok,empty,empty,empty,ok
mp-2713552,Na4Zr3Zn(PO4)6,ok,ok,empty,empty,empty,ok,ok,ok,ok,ok,empty,empty,empty,ok
mp-2713553,Na4Zr2In2Si3(SO8)3,ok,ok,empty,empty,empty,ok,ok,ok,ok,ok,empty,empty,empty,ok
mp-2713554,Na2InGe(PO4)3,ok,ok,empty,empty,empty,ok,ok,ok,ok,ok,empty,empty,empty,ok
mp-2713555,Na4TaGa3Si3(SO8)3,ok,ok,empty,empty,empty,ok,ok,ok,ok,ok,empty,empty,empty,ok
mp-2713556,Na2MgNb(PO4)3,ok,ok,empty,empty,empty,ok,ok,ok,ok,ok,empty,empty,empty,ok
mp-2713557,Na2LaSn(PO4)3,ok,ok,empty,empty,empty,ok,ok,ok,ok,ok,empty,empty,empty,ok
mp-2713558,Na4Y2Hf2Si3(SO8)3,ok,ok,empty,empty,empty,ok,ok,ok,ok,ok,empty,empty,empty,ok
mp-2713559,Na4Y3TaSi3(SO8)3,ok,ok,empty,empty,empty,ok,ok,ok,ok,ok,empty,empty,empty,ok
mp-2713560,Na4Y2Ti2Si3(SO8)3,ok,ok,empty,empty,empty,ok,ok,ok,ok,ok,empty,empty,empty,ok
mp-2713561,Na3Ca2Al2PS5O24,ok,ok,empty,empty,empty,ok,ok,ok,ok,ok,empty,empty,empty,ok
mp-2713562,Na2YInSi(SO6)2,ok,ok,empty,empty,empty,ok,ok,ok,ok,ok,empty,empty,empty,ok
mp-2713563,Na2TiAl(PO4)3,ok,ok,empty,empty,empty,ok,ok,ok,ok,ok,empty,empty,empty,ok
mp-2713565,Na4CaTi3(PO4)6,ok,ok,empty,empty,empty,ok,ok,ok,ok,ok,empty,empty,empty,ok
mp-2713566,Na6Ca4Ta2P6(SO12)3,ok,ok,empty,empty,empty,ok,ok,ok,ok,ok,empty,empty,empty,ok
mp-2713567,Na2ScTi(PO4)3,ok,ok,empty,empty,empty,ok,ok,ok,ok,ok,empty,empty,empty,ok
mp-2713568,Na10Zn8SiS11O48,ok,ok,empty,empty,empty,ok,ok,ok,ok,ok,empty,empty,empty,ok
mp-2713569,Na2AlInSi(SO6)2,ok,ok,empty,empty,empty,ok,ok,ok,ok,ok,empty,empty,empty,ok
mp-2713570,Na6Zn4Ga4SiS11O48,ok,ok,empty,empty,empty,ok,ok,ok,ok,ok,empty,empty,empty,ok
mp-2713571,Na3Ca3ZrPS5O24,ok,ok,empty,empty,empty,ok,ok,ok,ok,ok,empty,empty,empty,ok
mp-2713572,Na4Hf2Al2Si3(SO8)3,ok,ok,empty,empty,empty,ok,ok,ok,ok,ok,empty,empty,empty,ok
mp-2713573,Na3Zr2Si2PO12,ok,ok,empty,empty,empty,ok,ok,ok,ok,ok,empty,empty,empty,ok
mp-2713574,Na2InSn(PO4)3,ok,ok,empty,empty,empty,ok,ok,ok,ok,ok,empty,empty,empty,ok
mp-2713575,Na2Ga2P2SO12,ok,ok,empty,empty,empty,ok,ok,ok,ok,ok,empty,empty,empty,ok
mp-2713576,Na4Zr2Al2Si3(SO8)3,ok,ok,empty,empty,empty,ok,ok,ok,ok,ok,empty,empty,empty,ok
mp-2713577,Na6Hf3MgGe2(PO6)4,ok,ok,empty,empty,empty,ok,ok,ok,ok,ok,empty,empty,empty,ok
mp-2713578,Na2TiZnSi(SO6)2,ok,ok,empty,empty,empty,ok,ok,ok,ok,ok,empty,empty,empty,ok
mp-2713579,Na3HfTa(GeO4)3,ok,ok,empty,empty,empty,ok,ok,ok,ok,ok,empty,empty,empty,ok
mp-2713580,Na2Ga2Si(SO6)2,ok,ok,empty,empty,empty,ok,ok,ok,ok,ok,empty,empty,empty,ok
mp-2713581,Na2LaScSi(SO6)2,ok,ok,empty,empty,empty,ok,ok,ok,ok,ok,empty,empty,empty,ok
mp-2713582,Na4Ti2Al2Si3(SO8)3,ok,ok,empty,empty,empty,ok,ok,ok,ok,ok,empty,empty,empty,ok
mp-2713584,Na5Ca2Mg2PS5O24,ok,ok,empty,empty,empty,ok,ok,ok,ok,ok,empty,empty,empty,ok
mp-2713585,Na3ZrTiSi2PO12,ok,ok,empty,empty,empty,ok,ok,ok,ok,ok,empty,empty,empty,ok
mp-2713587,Na6Mg4Ta2P6(SO12)3,ok,ok,empty,empty,empty,ok,ok,ok,ok,ok,empty,empty,empty,ok
mp-2713589,Na4MgTi3Si3(SO8)3,ok,ok,empty,empty,empty,ok,ok,ok,ok,ok,empty,empty,empty,ok
mp-2713590,Na3TiSi2SnPO12,ok,ok,empty,empty,empty,ok,ok,ok,ok,ok,empty,empty,empty,ok
mp-2713591,Na6Zn4In4SiS11O48,ok,ok,empty,empty,empty,ok,ok,ok,ok,ok,empty,empty,empty,ok
mp-2713592,Na4La2Ti2Si3(SO8)3,ok,ok,empty,empty,empty,ok,ok,ok,ok,ok,empty,empty,empty,ok
mp-2713593,Na4Ga2Si3Sn2(SO8)3,ok,ok,empty,empty,empty,ok,ok,ok,ok,ok,empty,empty,empty,ok
mp-2713595,Na2YSn(PO4)3,ok,ok,empty,empty,empty,ok,ok,ok,ok,ok,empty,empty,empty,ok
mp-2713597,Na4NbIn3Si3(SO8)3,ok,ok,empty,empty,empty,ok,ok,ok,ok,ok,empty,empty,empty,ok
mp-2713598,Na2ZrAl(PO4)3,ok,ok,empty,empty,empty,ok,ok,ok,ok,ok,empty,empty,empty,ok
mp-2713599,Na3Zn2In2PS5O24,ok,ok,empty,empty,empty,ok,ok,ok,ok,ok,empty,empty,empty,ok
mp-2713600,Na10Ca8SiS11O48,ok,ok,empty,empty,empty,ok,ok,ok,ok,ok,empty,empty,empty,ok
mp-2713601,Na3ZrSi2SnPO12,ok,ok,empty,empty,empty,ok,ok,ok,ok,ok,empty,empty,empty,ok
mp-2713602,Na4CaHf3(PO4)6,ok,ok,empty,empty,empty,ok,ok,ok,ok,ok,empty,empty,empty,ok
mp-2713603,Na2Al2P2SO12,ok,ok,empty,empty,empty,ok,ok,ok,ok,ok,empty,empty,empty,ok
mp-2713605,Na2LaTi(PO4)3,ok,ok,empty,empty,empty,ok,ok,ok,ok,ok,empty,empty,empty,ok
mp-2713606,Na6Mg4In4SiS11O48,ok,ok,empty,empty,empty,ok,ok,ok,ok,ok,empty,empty,empty,ok
mp-2713607,Na9Mg2Nb4Si6(PO12)3,ok,ok,empty,empty,empty,ok,ok,ok,ok,ok,empty,empty,empty,ok
mp-2713608,Na2LaGaSi(SO6)2,ok,ok,empty,empty,empty,ok,ok,ok,ok,ok,empty,empty,empty,ok
mp-2713609,Na9Ca10Nb2P3(S5O24)3,ok,ok,empty,empty,empty,ok,ok,ok,ok,ok,empty,empty,empty,ok
mp-2713610,Na4Hf2Ga2Si3(SO8)3,ok,ok,empty,empty,empty,ok,ok,ok,ok,ok,empty,empty,empty,ok
mp-2713611,Na6Ca6Ti2SiS11O48,ok,ok,empty,empty,empty,ok,ok,ok,ok,ok,empty,empty,empty,ok
mp-2713612,Na2AlInP2SO12,ok,ok,empty,empty,empty,ok,ok,ok,ok,ok,empty,empty,empty,ok
mp-2713613,Na10Ca4Zn4SiS11O48,ok,ok,empty,empty,empty,ok,ok,ok,ok,ok,empty,empty,empty,ok
mp-2713614,Na2YGaSi(SO6)2,ok,ok,empty,empty,empty,ok,ok,ok,ok,ok,empty,empty,empty,ok
mp-2713615,Na2ZrGa(PO4)3,ok,ok,empty,empty,empty,ok,ok,ok,ok,ok,empty,empty,empty,ok
mp-2713617,Na4TaIn3Si3(SO8)3,ok,ok,empty,empty,empty,ok,ok,ok,ok,ok,empty,empty,empty,ok
mp-2713618,Na2MgZrP2SO12,ok,ok,empty,empty,empty,ok,ok,ok,ok,ok,empty,empty,empty,ok
mp-2713619,Na4TaIn3(PO4)6,ok,ok,empty,empty,empty,ok,ok,ok,ok,ok,empty,empty,empty,ok
mp-2713620,Na2MgGeP2SO12,ok,ok,empty,empty,empty,ok,ok,ok,ok,ok,empty,empty,empty,ok
mp-2713621,Na3ZrTiSi2PO12,ok,ok,empty,empty,empty,ok,ok,ok,ok,ok,empty,empty,empty,ok
mp-2713622,Na6Mg6SiSn2S11O48,ok,ok,empty,empty,empty,ok,ok,ok,ok,ok,empty,empty,empty,ok
mp-2713623,Na2MgTiSi(SO6)2,ok,ok,empty,empty,empty,ok,ok,ok,ok,ok,empty,empty,empty,ok
mp-2713624,Na2LaInP2SO12,ok,ok,empty,empty,empty,ok,ok,ok,ok,ok,empty,empty,empty,ok
mp-2713625,Na5Ca2Zn2PS5O24,ok,ok,empty,empty,empty,ok,ok,ok,ok,ok,empty,empty,empty,ok
mp-2713626,Na3Y2Zn2PS5O24,ok,ok,empty,empty,empty,ok,ok,ok,ok,ok,empty,empty,empty,ok
mp-2713627,Na3Mg3ZrPS5O24,ok,ok,empty,empty,empty,ok,ok,ok,ok,ok,empty,empty,empty,ok
mp-2713628,Na4TaAl3(PO4)6,ok,ok,empty,empty,empty,ok,ok,ok,ok,ok,empty,empty,empty,ok
mp-2713629,Na2Al2Si(SO6)2,ok,ok,empty,empty,empty,ok,ok,ok,ok,ok,empty,empty,empty,ok
mp-2713630,Na2YAlP2SO12,ok,ok,empty,empty,empty,ok,ok,ok,ok,ok,empty,empty,empty,ok
mp-2713631,Na4Zr2Sc2Si3(SO8)3,ok,ok,empty,empty,empty,ok,ok,ok,ok,ok,empty,empty,empty,ok
mp-2713632,Na6Y4Mg4SiS11O48,ok,ok,empty,empty,empty,ok,ok,ok,ok,ok,empty,empty,empty,ok
mp-2713633,Na2CaTa(PO4)3,ok,ok,empty,empty,empty,ok,ok,ok,ok,ok,empty,empty,empty,ok
mp-2713634,Na4Y3Nb(PO4)6,ok,ok,empty,empty,empty,ok,ok,ok,ok,ok,empty,empty,empty,ok
mp-2713635,Na6Hf3MgGe2(PO6)4,ok,ok,empty,empty,empty,ok,ok,ok,ok,ok,empty,empty,empty,ok
mp-2713636,Na18Mg20Ta4Si3(S11O48)3,ok,ok,empty,empty,empty,ok,ok,ok,ok,ok,empty,empty,empty,ok
mp-2713637,Na2HfSc(PO4)3,ok,ok,empty,empty,empty,ok,ok,ok,ok,ok,empty,empty,empty,ok
mp-2713638,Na4Hf2Sc2Si3(SO8)3,ok,ok,empty,empty,empty,ok,ok,ok,ok,ok,empty,empty,empty,ok
mp-2713639,Na6Ta2Zn4Si3(SO6)6,ok,ok,empty,empty,empty,ok,ok,ok,ok,ok,empty,empty,empty,ok
mp-2713641,Na3Zn3GePS5O24,ok,ok,empty,empty,empty,ok,ok,ok,ok,ok,empty,empty,empty,ok
mp-2713642,Na4La3TaSi3(SO8)3,ok,ok,empty,empty,empty,ok,ok,ok,ok,ok,empty,empty,empty,ok
mp-2713643,Na2LaAlSi(SO6)2,ok,ok,empty,empty,empty,ok,ok,ok,ok,ok,empty,empty,empty,ok
mp-2713644,Na3YNbSi2PO12,ok,ok,empty,empty,empty,ok,ok,ok,ok,ok,empty,empty,empty,ok
mp-2713645,Na4Hf3Mg(PO4)6,ok,ok,empty,empty,empty,ok,ok,ok,ok,ok,empty,empty,empty,ok
mp-2713647,Na4La2Zr2Si3(SO8)3,ok,ok,empty,empty,empty,ok,ok,ok,ok,ok,empty,empty,empty,ok
mp-2713648,Na9Mg10Nb2P3(S5O24)3,ok,ok,empty,empty,empty,ok,ok,ok,ok,ok,empty,empty,empty,ok
mp-2713650,Na3Ca2La2PS5O24,ok,ok,empty,empty,empty,ok,ok,ok,ok,ok,empty,empty,empty,ok
mp-2713651,Na4MgZr3Si3(SO8)3,ok,ok,empty,empty,empty,ok,ok,ok,ok,ok,empty,empty,empty,ok
mp-2713652,Na4Zr3ZnSi3(SO8)3,ok,ok,empty,empty,empty,ok,ok,ok,ok,ok,empty,empty,empty,ok
mp-2713653,Na6Y4Zn4SiS11O48,ok,ok,empty,empty,empty,ok,ok,ok,ok,ok,empty,empty,empty,ok
mp-2713654,Na3Ti2Si2PO12,ok,ok,empty,empty,empty,ok,ok,ok,ok,ok,empty,empty,empty,ok
mp-2713655,Na6Nb2Zn4Si3(SO6)6,ok,ok,empty,empty,empty,ok,ok,ok,ok,ok,empty,empty,empty,ok
mp-2713656,Na4TaGa3(PO4)6,ok,ok,empty,empty,empty,ok,ok,ok,ok,ok,empty,empty,empty,ok
mp-2713657,Na2InGaSi(SO6)2,ok,ok,empty,empty,empty,ok,ok,ok,ok,ok,empty,empty,empty,ok
mp-2713658,Na2LaGaP2SO12,ok,ok,empty,empty,empty,ok,ok,ok,ok,ok,empty,empty,empty,ok
mp-2713659,Na4Sc3NbSi3(SO8)3,ok,ok,empty,empty,empty,ok,ok,ok,ok,ok,empty,empty,empty,ok
mp-2713660,Na2HfIn(PO4)3,ok,ok,empty,empty,empty,ok,ok,ok,ok,ok,empty,empty,empty,ok
mp-2713661,Na4CaZr3(PO4)6,ok,ok,empty,empty,empty,ok,ok,ok,ok,ok,empty,empty,empty,ok
mp-2713662,Na4Y3Ta(PO4)6,ok,ok,empty,empty,empty,ok,ok,ok,ok,ok,empty,empty,empty,ok
mp-2713663,Na2ZrZnSi(SO6)2,ok,ok,empty,empty,empty,ok,ok,ok,ok,ok,empty,empty,empty,ok
mp-2713664,Na3ZrSi2GePO12,ok,ok,empty,empty,empty,ok,ok,ok,ok,ok,empty,empty,empty,ok
mp-2713665,Na2ScSn(PO4)3,ok,ok,empty,empty,empty,ok,ok,ok,ok,ok,empty,empty,empty,ok
mp-2713666,Na4Al2Si3Sn2(SO8)3,ok,ok,empty,empty,empty,ok,ok,ok,ok,ok,empty,empty,empty,ok
mp-2713667,Na2La2Si(SO6)2,ok,ok,empty,empty,empty,ok,ok,ok,ok,ok,empty,empty,empty,ok
mp-2713668,Na2TaZn(PO4)3,ok,ok,empty,empty,empty,ok,ok,ok,ok,ok,empty,empty,empty,ok
mp-2713669,Na4Hf3ZnSi3(SO8)3,ok,ok,empty,empty,empty,ok,ok,ok,ok,ok,empty,empty,empty,ok
mp-2713671,Na6Ca4Ta2Si3(SO6)6,ok,ok,empty,empty,empty,ok,ok,ok,ok,ok,empty,empty,empty,ok
mp-2713672,Na4NbGa3Si3(SO8)3,ok,ok,empty,empty,empty,ok,ok,ok,ok,ok,empty,empty,empty,ok
mp-2713673,Na3LaTaSi2PO12,ok,ok,empty,empty,empty,ok,ok,ok,ok,ok,empty,empty,empty,ok
mp-2713674,Na2HfZnP2SO12,ok,ok,empty,empty,empty,ok,ok,ok,ok,ok,empty,empty,empty,ok
mp-2713676,Na3Ca3HfPS5O24,ok,ok,empty,empty,empty,ok,ok,ok,ok,ok,empty,empty,empty,ok
mp-2713677,Na2ZnGeP2SO12,ok,ok,empty,empty,empty,ok,ok,ok,ok,ok,empty,empty,empty,ok
mp-2713678,Na4MgGe3(PO4)6,ok,ok,empty,empty,empty,ok,ok,ok,ok,ok,empty,empty,empty,ok
mp-2713679,Na2HfZnSi(SO6)2,ok,ok,empty,empty,empty,ok,ok,ok,ok,ok,empty,empty,empty,ok
mp-2713680,Na2AlGe(PO4)3,ok,ok,empty,empty,empty,ok,ok,ok,ok,ok,empty,empty,empty,ok
mp-2713681,Na4MgSn3(PO4)6,ok,ok,empty,empty,empty,ok,ok,ok,ok,ok,empty,empty,empty,ok
mp-2713682,Na6Mg4Nb2Si3(SO6)6,ok,ok,empty,empty,empty,ok,ok,ok,ok,ok,empty,empty,empty,ok
mp-2713683,Na3Ca3TiPS5O24,ok,ok,empty,empty,empty,ok,ok,ok,ok,ok,empty,empty,empty,ok
mp-2713684,Na6Mg4Ga4SiS11O48,ok,ok,empty,empty,empty,ok,ok,ok,ok,ok,empty,empty,empty,ok
mp-2713685,Na4Hf2In2Si3(SO8)3,ok,ok,empty,empty,empty,ok,ok,ok,ok,ok,empty,empty,empty,ok
mp-2713686,Na6Hf2Mg6SiS11O48,ok,ok,empty,empty,empty,ok,ok,ok,ok,ok,empty,empty,empty,ok
mp-2713687,Na2Sc2Si(SO6)2,ok,ok,empty,empty,empty,ok,ok,ok,ok,ok,empty,empty,empty,ok
mp-2713688,Na4MgZr3(PO4)6,ok,ok,empty,empty,empty,ok,ok,ok,ok,ok,empty,empty,empty,ok
mp-2713689,Na2CaTiSi(SO6)2,ok,ok,empty,empty,empty,ok,ok,ok,ok,ok,empty,empty,empty,ok
mp-2713690,Na5Ca4PS5O24,ok,ok,empty,empty,empty,ok,ok,ok,ok,ok,empty,empty,empty,ok
mp-2713691,Na4Y3NbSi3(SO8)3,ok,ok,empty,empty,empty,ok,ok,ok,ok,ok,empty,empty,empty,ok
mp-2713692,Na3Ti2Si2PO12,ok,ok,empty,empty,empty,ok,ok,ok,ok,ok,empty,empty,empty,ok
mp-2713693,Na4CaSn3(PO4)6,ok,ok,empty,empty,empty,ok,ok,ok,ok,ok,empty,empty,empty,ok
mp-2713694,Na2GaSn(PO4)3,ok,ok,empty,empty,empty,ok,ok,ok,ok,ok,empty,empty,empty,ok
mp-2713696,Na4Ti2Ga2Si3(SO8)3,ok,ok,empty,empty,empty,ok,ok,ok,ok,ok,empty,empty,empty,ok
mp-2713697,Na4Ti2In2Si3(SO8)3,ok,ok,empty,empty,empty,ok,ok,ok,ok,ok,empty,empty,empty,ok
mp-2713698,Na4CaGe3(PO4)6,ok,ok,empty,empty,empty,ok,ok,ok,ok,ok,empty,empty,empty,ok
mp-2713699,Na2CaHfP2SO12,ok,ok,empty,empty,empty,ok,ok,ok,ok,ok,empty,empty,empty,ok
mp-2713700,Na4La3NbSi3(SO8)3,ok,ok,empty,empty,empty,ok,ok,ok,ok,ok,empty,empty,empty,ok
mp-2713702,Na4Ta2Zn2Si3(SO8)3,ok,ok,empty,empty,empty,ok,ok,ok,ok,ok,empty,empty,empty,ok
mp-2713703,Na4Ca2Ta2Si3(SO8)3,ok,ok,empty,empty,empty,ok,ok,ok,ok,ok,empty,empty,empty,ok
mp-2713704,Na2ZrIn(PO4)3,ok,ok,empty,empty,empty,ok,ok,ok,ok,ok,empty,empty,empty,ok
mp-2713705,Na18Ca20Ta4Si3(S11O48)3,ok,ok,empty,empty,empty,ok,ok,ok,ok,ok,empty,empty,empty,ok
mp-2713707,Na5Zn4PS5O24,ok,ok,empty,empty,empty,ok,ok,ok,ok,ok,empty,empty,empty,ok
mp-2713708,Na3Y2Mg2PS5O24,ok,ok,empty,empty,empty,ok,ok,ok,ok,ok,empty,empty,empty,ok
mp-2713709,Na3Sc2Zn2PS5O24,ok,ok,empty,empty,empty,ok,ok,ok,ok,ok,empty,empty,empty,ok
mp-2713710,Na2NbZn(PO4)3,ok,ok,empty,empty,empty,ok,ok,ok,ok,ok,empty,empty,empty,ok
mp-2713711,Na3Mg2Sc2PS5O24,ok,ok,empty,empty,empty,ok,ok,ok,ok,ok,empty,empty,empty,ok
mp-2713712,Na6Hf2Zn6SiS11O48,ok,ok,empty,empty,empty,ok,ok,ok,ok,ok,empty,empty,empty,ok
mp-2713713,Na4NbAl3Si3(SO8)3,ok,ok,empty,empty,empty,ok,ok,ok,ok,ok,empty,empty,empty,ok
mp-2713714,Na6Mg4Al4SiS11O48,ok,ok,empty,empty,empty,ok,ok,ok,ok,ok,empty,empty,empty,ok
mp-2713715,Na6Ca6Hf2SiS11O48,ok,ok,empty,empty,empty,ok,ok,ok,ok,ok,empty,empty,empty,ok
mp-2713716,Na2La2P2SO12,ok,ok,empty,empty,empty,ok,ok,ok,ok,ok,empty,empty,empty,ok
mp-2713717,Na2AlSn(PO4)3,ok,ok,empty,empty,empty,ok,ok,ok,ok,ok,empty,empty,empty,ok
mp-2713718,Na9Ta4Zn2Si6(PO12)3,ok,ok,empty,empty,empty,ok,ok,ok,ok,ok,empty,empty,empty,ok
mp-2713719,Na3ZrSi2GePO12,ok,ok,empty,empty,empty,ok,ok,ok,ok,ok,empty,empty,empty,ok
mp-2713720,Na4Sc2Ti2Si3(SO8)3,ok,ok,empty,empty,empty,ok,ok,ok,ok,ok,empty,empty,empty,ok
mp-2713722,Na18Ca16Ta8Si9(S3O16)9,ok,ok,empty,empty,empty,ok,ok,ok,ok,ok,empty,empty,empty,ok
mp-2713723,Na6Ca2Zn2SiS5O24,ok,ok,empty,empty,empty,ok,ok,ok,ok,ok,empty,empty,empty,ok
mp-2713726,NaTaGe3(PO4)6,ok,ok,empty,empty,empty,ok,ok,ok,ok,ok,empty,empty,empty,ok
mp-2713727,Na3Mg2Zr2P3(SO8)3,ok,ok,empty,empty,empty,ok,ok,ok,ok,ok,empty,empty,empty,ok
mp-2713728,NaZr3Ta(PO4)6,ok,ok,empty,empty,empty,ok,ok,ok,ok,ok,empty,empty,empty,ok
mp-2713735,Na6Ta2In2Si5SO24,ok,ok,empty,empty,empty,ok,ok,ok,ok,ok,empty,empty,empty,ok
mp-2713736,Na3Sc2Ga2P3(SO8)3,ok,ok,empty,empty,empty,ok,ok,ok,ok,ok,empty,empty,empty,ok
mp-2713737,Na3Mg2Ge2P3(SO8)3,ok,ok,empty,empty,empty,ok,ok,ok,ok,ok,empty,empty,empty,ok
mp-2713738,NaNb3ZnSi3(SO8)3,ok,ok,empty,empty,empty,ok,ok,ok,ok,ok,empty,empty,empty,ok
mp-2713739,Na3Ca2Hf2P3(SO8)3,ok,ok,empty,empty,empty,ok,ok,ok,ok,ok,empty,empty,empty,ok
mp-2713740,Na3Hf2Mg2P3(SO8)3,ok,ok,empty,empty,empty,ok,ok,ok,ok,ok,empty,empty,empty,ok
mp-2713745,Na9Mg8Ta4P9(SO8)9,ok,ok,empty,empty,empty,ok,ok,ok,ok,ok,empty,empty,empty,ok
mp-2713747,NaMgTa3(PO4)6,ok,ok,empty,empty,empty,ok,ok,ok,ok,ok,empty,empty,empty,ok
mp-2713748,Na2Nb5In3Si6(SO8)6,ok,ok,empty,empty,empty,ok,ok,ok,ok,ok,empty,empty,empty,ok
mp-2713750,Na2Ta5In3Si6(SO8)6,ok,ok,empty,empty,empty,ok,ok,ok,ok,ok,empty,empty,empty,ok
mp-2713751,Na6Zn4Si3Sn4(S3O16)3,ok,ok,empty,empty,empty,ok,ok,ok,ok,ok,empty,empty,empty,ok
mp-2713753,Na6La4Al4Si3(S3O16)3,ok,ok,empty,empty,empty,ok,ok,ok,ok,ok,empty,empty,empty,ok
mp-2713754,Na2Nb5Al3(PO4)12,ok,ok,empty,empty,empty,ok,ok,ok,ok,ok,empty,empty,empty,ok
mp-2713755,NaCaNb3(PO4)6,ok,ok,empty,empty,empty,ok,ok,ok,ok,ok,empty,empty,empty,ok
mp-2713756,Na3Zn2P(SO6)2,ok,ok,empty,empty,empty,ok,ok,ok,ok,ok,empty,empty,empty,ok
mp-2713758,Na6Ca4Si3Sn4(S3O16)3,ok,ok,empty,empty,empty,ok,ok,ok,ok,ok,empty,empty,empty,ok
mp-2713759,Na6Zr4Zn4Si3(S3O16)3,ok,ok,empty,empty,empty,ok,ok,ok,ok,ok,empty,empty,empty,ok
mp-2713760,Na6La2Ta2Si5SO24,ok,ok,empty,empty,empty,ok,ok,ok,ok,ok,empty,empty,empty,ok
mp-2713761,Na2Sc3Nb5(PO4)12,ok,ok,empty,empty,empty,ok,ok,ok,ok,ok,empty,empty,empty,ok
mp-2713762,Na6Nb2In2Si5SO24,ok,ok,empty,empty,empty,ok,ok,ok,ok,ok,empty,empty,empty,ok
mp-2713763,Na6La4Sc4Si3(S3O16)3,ok,ok,empty,empty,empty,ok,ok,ok,ok,ok,empty,empty,empty,ok
mp-2713765,NaTaSi3Ge3(SO8)3,ok,ok,empty,empty,empty,ok,ok,ok,ok,ok,empty,empty,empty,ok
mp-2713767,NaTi3NbSi3(SO8)3,ok,ok,empty,empty,empty,ok,ok,ok,ok,ok,empty,empty,empty,ok
mp-2713768,NaNbGa(PO4)3,ok,ok,empty,empty,empty,ok,ok,ok,ok,ok,empty,empty,empty,ok
mp-2713769,Na6Zn4Si3Ge4(S3O16)3,ok,ok,empty,empty,empty,ok,ok,ok,ok,ok,empty,empty,empty,ok
mp-2713770,Na18Ca4Ta8Si15(SO24)3,ok,ok,empty,empty,empty,ok,ok,ok,ok,ok,empty,empty,empty,ok
mp-2713772,Na6In4Ga4Si3(S3O16)3,ok,ok,empty,empty,empty,ok,ok,ok,ok,ok,empty,empty,empty,ok
mp-2713775,Na3Y2Al2P3(SO8)3,ok,ok,empty,empty,empty,ok,ok,ok,ok,ok,empty,empty,empty,ok
mp-2713776,Na3Sc2Al2P3(SO8)3,ok,ok,empty,empty,empty,ok,ok,ok,ok,ok,empty,empty,empty,ok
mp-2713777,Na6Si5Sn2Ge2SO24,ok,ok,empty,empty,empty,ok,ok,ok,ok,ok,empty,empty,empty,ok
mp-2713778,Na6Ta2Al2Si5SO24,ok,ok,empty,empty,empty,ok,ok,ok,ok,ok,empty,empty,empty,ok
mp-2713780,Na3CaMgP(SO6)2,ok,ok,empty,empty,empty,ok,ok,ok,ok,ok,empty,empty,empty,ok
mp-2713781,Na6Sc4Ga4Si3(S3O16)3,ok,ok,empty,empty,empty,ok,ok,ok,ok,ok,empty,empty,empty,ok
mp-2713785,Na2Nb5Al3Si6(SO8)6,ok,ok,empty,empty,empty,ok,ok,ok,ok,ok,empty,empty,empty,ok
mp-2713786,NaTi3Nb(PO4)6,ok,ok,empty,empty,empty,ok,ok,ok,ok,ok,empty,empty,empty,ok
mp-2713789,Na6Ga8Si3(S3O16)3,ok,ok,empty,empty,empty,ok,ok,ok,ok,ok,empty,empty,empty,ok
mp-2713791,Na3Y2In2P3(SO8)3,ok,ok,empty,empty,empty,ok,ok,ok,ok,ok,empty,empty,empty,ok
mp-2713793,Na6Ta2Ga2Si5SO24,ok,ok,empty,empty,empty,ok,ok,ok,ok,ok,empty,empty,empty,ok
mp-2713795,Na9Ca8Ta4P9(SO8)9,ok,ok,empty,empty,empty,ok,ok,ok,ok,ok,empty,empty,empty,ok
mp-2713796,Na6Al4Ga4Si3(S3O16)3,ok,ok,empty,empty,empty,ok,ok,ok,ok,ok,empty,empty,empty,ok
mp-2713798,Na3Zn2Ge2P3(SO8)3,ok,ok,empty,empty,empty,ok,ok,ok,ok,ok,empty,empty,empty,ok
mp-2713799,NaNbSn3(PO4)6,ok,ok,empty,empty,empty,ok,ok,ok,ok,ok,empty,empty,empty,ok
mp-2713801,NaZr3Nb(PO4)6,ok,ok,empty,empty,empty,ok,ok,ok,ok,ok,empty,empty,empty,ok
mp-2713804,Na6Zr2Si5Sn2SO24,ok,ok,empty,empty,empty,ok,ok,ok,ok,ok,empty,empty,empty,ok
mp-2713805,Na2Hf2Ti2Si3(SO8)3,ok,ok,empty,empty,empty,ok,ok,ok,ok,ok,empty,empty,empty,ok
mp-2713807,Na3Zn2Sn2P3(SO8)3,ok,ok,empty,empty,empty,ok,ok,ok,ok,ok,empty,empty,empty,ok
mp-2713809,Na6Hf2Zr2Si5SO24,ok,ok,empty,empty,empty,ok,ok,ok,ok,ok,empty,empty,empty,ok
mp-2713811,NaTiSn(PO4)3,ok,ok,empty,empty,empty,ok,ok,ok,ok,ok,empty,empty,empty,ok
mp-2713812,Na3Ti2Zn2P3(SO8)3,ok,ok,empty,empty,empty,ok,ok,ok,ok,ok,empty,empty,empty,ok
mp-2713813,NaZr3NbSi3(SO8)3,ok,ok,empty,empty,empty,ok,ok,ok,ok,ok,empty,empty,empty,ok
mp-2713814,NaMgNb3(PO4)6,ok,ok,empty,empty,empty,ok,ok,ok,ok,ok,empty,empty,empty,ok
mp-2713816,Na2Zr2Si3Ge2(SO8)3,ok,ok,empty,empty,empty,ok,ok,ok,ok,ok,empty,empty,empty,ok
mp-2713817,NaNbIn(PO4)3,ok,ok,empty,empty,empty,ok,ok,ok,ok,ok,empty,empty,empty,ok
mp-2713818,Na2La3Ta5Si6(SO8)6,ok,ok,empty,empty,empty,ok,ok,ok,ok,ok,empty,empty,empty,ok
mp-2713820,Na3Ca2P(SO6)2,ok,ok,empty,empty,empty,ok,ok,ok,ok,ok,empty,empty,empty,ok
mp-2713823,Na6Sc4In4Si3(S3O16)3,ok,ok,empty,empty,empty,ok,ok,ok,ok,ok,empty,empty,empty,ok
mp-2713825,NaTaTi3Si3(SO8)3,ok,ok,empty,empty,empty,ok,ok,ok,ok,ok,empty,empty,empty,ok
mp-2713826,Na3La2Sc2P3(SO8)3,ok,ok,empty,empty,empty,ok,ok,ok,ok,ok,empty,empty,empty,ok
mp-2713829,Na6Mg2Zn2SiS5O24,ok,ok,empty,empty,empty,ok,ok,ok,ok,ok,empty,empty,empty,ok
mp-2713830,Na3Mg2Sn2P3(SO8)3,ok,ok,empty,empty,empty,ok,ok,ok,ok,ok,empty,empty,empty,ok
mp-2713831,Na18Ta8Zn16Si9(S3O16)9,ok,ok,empty,empty,empty,ok,ok,ok,ok,ok,empty,empty,empty,ok
mp-2713832,NaHf3TaSi3(SO8)3,ok,ok,empty,empty,empty,ok,ok,ok,ok,ok,empty,empty,empty,ok
mp-2713833,Na6Mg4Si3Sn4(S3O16)3,ok,ok,empty,empty,empty,ok,ok,ok,ok,ok,empty,empty,empty,ok
mp-2713834,Na6Sc4Al4Si3(S3O16)3,ok,ok,empty,empty,empty,ok,ok,ok,ok,ok,empty,empty,empty,ok
mp-2713835,Na6Y2Ta2Si5SO24,ok,ok,empty,empty,empty,ok,ok,ok,ok,ok,empty,empty,empty,ok
mp-2713837,Na6In8Si3(S3O16)3,ok,ok,empty,empty,empty,ok,ok,ok,ok,ok,empty,empty,empty,ok
mp-2713838,Na6La2Nb2Si5SO24,ok,ok,empty,empty,empty,ok,ok,ok,ok,ok,empty,empty,empty,ok
mp-2713839,Na2Sc3Ta5(PO4)12,ok,ok,empty,empty,empty,ok,ok,ok,ok,ok,empty,empty,empty,ok
mp-2713842,NaNbSi3Ge3(SO8)3,ok,ok,empty,empty,empty,ok,ok,ok,ok,ok,empty,empty,empty,ok
mp-2713843,Na6Nb8Zn4Si9(SO8)9,ok,ok,empty,empty,empty,ok,ok,ok,ok,ok,empty,empty,empty,ok
mp-2713844,NaHfTi(PO4)3,ok,ok,empty,empty,empty,ok,ok,ok,ok,ok,empty,empty,empty,ok
mp-2713845,Na18Mg16Ta8Si9(S3O16)9,ok,ok,empty,empty,empty,ok,ok,ok,ok,ok,empty,empty,empty,ok
mp-2713846,Na2Sc3Ta5Si6(SO8)6,ok,ok,empty,empty,empty,ok,ok,ok,ok,ok,empty,empty,empty,ok
mp-2713848,Na6Y4Ga4Si3(S3O16)3,ok,ok,empty,empty,empty,ok,ok,ok,ok,ok,empty,empty,empty,ok
mp-2713849,Na6Zr4Si5SO24,ok,ok,empty,empty,empty,ok,ok,ok,ok,ok,empty,empty,empty,ok
mp-2713850,Na6Al8Si3(S3O16)3,ok,ok,empty,empty,empty,ok,ok,ok,ok,ok,empty,empty,empty,ok
mp-2713852,Na3Al2Ga2P3(SO8)3,ok,ok,empty,empty,empty,ok,ok,ok,ok,ok,empty,empty,empty,ok
mp-2713853,Na6La4In4Si3(S3O16)3,ok,ok,empty,empty,empty,ok,ok,ok,ok,ok,empty,empty,empty,ok
mp-2713854,Na6La4Y4Si3(S3O16)3,ok,ok,empty,empty,empty,ok,ok,ok,ok,ok,empty,empty,empty,ok
mp-2713857,Na2Y3Nb5Si6(SO8)6,ok,ok,empty,empty,empty,ok,ok,ok,ok,ok,empty,empty,empty,ok
mp-2713860,Na6Hf4Mg4Si3(S3O16)3,ok,ok,empty,empty,empty,ok,ok,ok,ok,ok,empty,empty,empty,ok
mp-2713862,Na3La2Al2P3(SO8)3,ok,ok,empty,empty,empty,ok,ok,ok,ok,ok,empty,empty,empty,ok
mp-2713864,Na3La2Ga2P3(SO8)3,ok,ok,empty,empty,empty,ok,ok,ok,ok,ok,empty,empty,empty,ok
mp-2713866,NaScNb(PO4)3,ok,ok,empty,empty,empty,ok,ok,ok,ok,ok,empty,empty,empty,ok
mp-2713867,NaCaTa3Si3(SO8)3,ok,ok,empty,empty,empty,ok,ok,ok,ok,ok,empty,empty,empty,ok
mp-2713869,Na2La3Nb5Si6(SO8)6,ok,ok,empty,empty,empty,ok,ok,ok,ok,ok,empty,empty,empty,ok
mp-2713870,Na6Sc2Ta2Si5SO24,ok,ok,empty,empty,empty,ok,ok,ok,ok,ok,empty,empty,empty,ok
mp-2713871,Na3Y4P3(SO8)3,ok,ok,empty,empty,empty,ok,ok,ok,ok,ok,empty,empty,empty,ok
mp-2713872,Na2Ta5Al3(PO4)12,ok,ok,empty,empty,empty,ok,ok,ok,ok,ok,empty,empty,empty,ok
mp-2713874,Na3Al4P3(SO8)3,ok,ok,empty,empty,empty,ok,ok,ok,ok,ok,empty,empty,empty,ok
mp-2713875,Na6Si5Sn4SO24,ok,ok,empty,empty,empty,ok,ok,ok,ok,ok,empty,empty,empty,ok
mp-2713877,Na3Sc2In2P3(SO8)3,ok,ok,empty,empty,empty,ok,ok,ok,ok,ok,empty,empty,empty,ok
mp-2713879,Na6Hf4Si5SO24,ok,ok,empty,empty,empty,ok,ok,ok,ok,ok,empty,empty,empty,ok
mp-2713881,Na3Mg2Ta4(PO4)9,ok,ok,empty,empty,empty,ok,ok,ok,ok,ok,empty,empty,empty,ok
mp-2713883,NaNb3Zn(PO4)6,ok,ok,empty,empty,empty,ok,ok,ok,ok,ok,empty,empty,empty,ok
mp-2713886,Na6Ca4Ti4Si3(S3O16)3,ok,ok,empty,empty,empty,ok,ok,ok,ok,ok,empty,empty,empty,ok
mp-2713889,Na6Zr2Ti2Si5SO24,ok,ok,empty,empty,empty,ok,ok,ok,ok,ok,empty,empty,empty,ok
mp-2713890,Na9Ca8Nb4P9(SO8)9,ok,ok,empty,empty,empty,ok,ok,ok,ok,ok,empty,empty,empty,ok
mp-2713891,Na3Ca2Nb4(PO4)9,ok,ok,empty,empty,empty,ok,ok,ok,ok,ok,empty,empty,empty,ok
mp-2713892,Na9Ta4Zn8P9(SO8)9,ok,ok,empty,empty,empty,ok,ok,ok,ok,ok,empty,empty,empty,ok
mp-2713893,Na2Y3Nb5(PO4)12,ok,ok,empty,empty,empty,ok,ok,ok,ok,ok,empty,empty,empty,ok
mp-2713894,NaMgNb3Si3(SO8)3,ok,ok,empty,empty,empty,ok,ok,ok,ok,ok,empty,empty,empty,ok
mp-2713895,Na6Y4In4Si3(S3O16)3,ok,ok,empty,empty,empty,ok,ok,ok,ok,ok,empty,empty,empty,ok
mp-2713897,Na3La2Y2P3(SO8)3,ok,ok,empty,empty,empty,ok,ok,ok,ok,ok,empty,empty,empty,ok
mp-2713898,Na18Ta8Zn4Si15(SO24)3,ok,ok,empty,empty,empty,ok,ok,ok,ok,ok,empty,empty,empty,ok
mp-2713899,Na6Zr2Si5Ge2SO24,ok,ok,empty,empty,empty,ok,ok,ok,ok,ok,empty,empty,empty,ok
mp-2713901,Na6Hf4Zn4Si3(S3O16)3,ok,ok,empty,empty,empty,ok,ok,ok,ok,ok,empty,empty,empty,ok
mp-2713902,Na18Nb8Zn4Si15(SO24)3,ok,ok,empty,empty,empty,ok,ok,ok,ok,ok,empty,empty,empty,ok
mp-2713906,NaNbGe3(PO4)6,ok,ok,empty,empty,empty,ok,ok,ok,ok,ok,empty,empty,empty,ok
mp-2713907,Na6Ti2Si5Sn2SO24,ok,ok,empty,empty,empty,ok,ok,ok,ok,ok,empty,empty,empty,ok
mp-2713908,Na6Ti4Si5SO24,ok,ok,empty,empty,empty,ok,ok,ok,ok,ok,empty,empty,empty,ok
mp-2713911,Na6Y4Sc4Si3(S3O16)3,ok,ok,empty,empty,empty,ok,ok,ok,ok,ok,empty,empty,empty,ok
mp-2713913,Na3La2In2P3(SO8)3,ok,ok,empty,empty,empty,ok,ok,ok,ok,ok,empty,empty,empty,ok
mp-2713915,Na2La3Nb5(PO4)12,ok,ok,empty,empty,empty,ok,ok,ok,ok,ok,empty,empty,empty,ok
mp-2713916,NaHf3Ta(PO4)6,ok,ok,empty,empty,empty,ok,ok,ok,ok,ok,empty,empty,empty,ok
mp-2713917,Na3Ga4P3(SO8)3,ok,ok,empty,empty,empty,ok,ok,ok,ok,ok,empty,empty,empty,ok
mp-2713919,Na6Hf2Si5Ge2SO24,ok,ok,empty,empty,empty,ok,ok,ok,ok,ok,empty,empty,empty,ok
mp-2713923,Na3Ca2Ta4(PO4)9,ok,ok,empty,empty,empty,ok,ok,ok,ok,ok,empty,empty,empty,ok
mp-2713924,Na2Nb5Ga3(PO4)12,ok,ok,empty,empty,empty,ok,ok,ok,ok,ok,empty,empty,empty,ok
mp-2713926,Na6Ti4Zn4Si3(S3O16)3,ok,ok,empty,empty,empty,ok,ok,ok,ok,ok,empty,empty,empty,ok
mp-2713928,Na3Y2Ga2P3(SO8)3,ok,ok,empty,empty,empty,ok,ok,ok,ok,ok,empty,empty,empty,ok
mp-2713930,Na6Zn4SiS5O24,ok,ok,empty,empty,empty,ok,ok,ok,ok,ok,empty,empty,empty,ok
mp-2713931,Na2Y3Ta5(PO4)12,ok,ok,empty,empty,empty,ok,ok,ok,ok,ok,empty,empty,empty,ok
mp-2713934,Na2Ta5Ga3Si6(SO8)6,ok,ok,empty,empty,empty,ok,ok,ok,ok,ok,empty,empty,empty,ok
mp-2713935,Na6Ca2Mg2SiS5O24,ok,ok,empty,empty,empty,ok,ok,ok,ok,ok,empty,empty,empty,ok
mp-2713936,Na3Sc4P3(SO8)3,ok,ok,empty,empty,empty,ok,ok,ok,ok,ok,empty,empty,empty,ok
mp-2713937,Na6Ti2Si5Ge2SO24,ok,ok,empty,empty,empty,ok,ok,ok,ok,ok,empty,empty,empty,ok
mp-2713938,Na6Nb2Ga2Si5SO24,ok,ok,empty,empty,empty,ok,ok,ok,ok,ok,empty,empty,empty,ok
mp-2713939,Na3Ca2Sn2P3(SO8)3,ok,ok,empty,empty,empty,ok,ok,ok,ok,ok,empty,empty,empty,ok
mp-2713940,Na3In2Ga2P3(SO8)3,ok,ok,empty,empty,empty,ok,ok,ok,ok,ok,empty,empty,empty,ok
mp-2713942,Na2Nb5In3(PO4)12,ok,ok,empty,empty,empty,ok,ok,ok,ok,ok,empty,empty,empty,ok
mp-2713943,Na2Y3Ta5Si6(SO8)6,ok,ok,empty,empty,empty,ok,ok,ok,ok,ok,empty,empty,empty,ok
mp-2713944,Na6La4Ga4Si3(S3O16)3,ok,ok,empty,empty,empty,ok,ok,ok,ok,ok,empty,empty,empty,ok
mp-2713945,Na3Ca2Ge2P3(SO8)3,ok,ok,empty,empty,empty,ok,ok,ok,ok,ok,empty,empty,empty,ok
mp-2713946,Na2Ta5Al3Si6(SO8)6,ok,ok,empty,empty,empty,ok,ok,ok,ok,ok,empty,empty,empty,ok
mp-2713947,Na6Y8Si3(S3O16)3,ok,ok,empty,empty,empty,ok,ok,ok,ok,ok,empty,empty,empty,ok
mp-2713948,Na3Ca2Ti2P3(SO8)3,ok,ok,empty,empty,empty,ok,ok,ok,ok,ok,empty,empty,empty,ok
mp-2713951,Na6Si5Ge4SO24,ok,ok,empty,empty,empty,ok,ok,ok,ok,ok,empty,empty,empty,ok
mp-2713952,Na6Nb2Al2Si5SO24,ok,ok,empty,empty,empty,ok,ok,ok,ok,ok,empty,empty,empty,ok
mp-2713953,NaTaTi3(PO4)6,ok,ok,empty,empty,empty,ok,ok,ok,ok,ok,empty,empty,empty,ok
mp-2713954,Na6Y4Al4Si3(S3O16)3,ok,ok,empty,empty,empty,ok,ok,ok,ok,ok,empty,empty,empty,ok
mp-2713957,Na2La3Ta5(PO4)12,ok,ok,empty,empty,empty,ok,ok,ok,ok,ok,empty,empty,empty,ok
mp-2713958,NaLaNb(PO4)3,ok,ok,empty,empty,empty,ok,ok,ok,ok,ok,empty,empty,empty,ok
mp-2713960,Na3Mg2Ti2P3(SO8)3,ok,ok,empty,empty,empty,ok,ok,ok,ok,ok,empty,empty,empty,ok
mp-2713961,Na6La8Si3(S3O16)3,ok,ok,empty,empty,empty,ok,ok,ok,ok,ok,empty,empty,empty,ok
mp-2713964,Na3Ca2Zr2P3(SO8)3,ok,ok,empty,empty,empty,ok,ok,ok,ok,ok,empty,empty,empty,ok
mp-2713965,NaMgTa3Si3(SO8)3,ok,ok,empty,empty,empty,ok,ok,ok,ok,ok,empty,empty,empty,ok
mp-2713966,Na3Al2In2P3(SO8)3,ok,ok,empty,empty,empty,ok,ok,ok,ok,ok,empty,empty,empty,ok
mp-2713967,Na6Mg4SiS5O24,ok,ok,empty,empty,empty,ok,ok,ok,ok,ok,empty,empty,empty,ok
mp-2713969,Na6Hf2Si5Sn2SO24,ok,ok,empty,empty,empty,ok,ok,ok,ok,ok,empty,empty,empty,ok
mp-2713970,Na3Y2Sc2P3(SO8)3,ok,ok,empty,empty,empty,ok,ok,ok,ok,ok,empty,empty,empty,ok
mp-2713974,Na6Hf2Ti2Si5SO24,ok,ok,empty,empty,empty,ok,ok,ok,ok,ok,empty,empty,empty,ok
mp-2713975,NaNbSi3Sn3(SO8)3,ok,ok,empty,empty,empty,ok,ok,ok,ok,ok,empty,empty,empty,ok
mp-2713976,Na2Ta2Al2Si3(SO8)3,ok,ok,empty,empty,empty,ok,ok,ok,ok,ok,empty,empty,empty,ok
mp-2713977,Na9Nb4Zn8P9(SO8)9,ok,ok,empty,empty,empty,ok,ok,ok,ok,ok,empty,empty,empty,ok
mp-2713979,Na3MgZnP(SO6)2,ok,ok,empty,empty,empty,ok,ok,ok,ok,ok,empty,empty,empty,ok
mp-2713980,NaTaSn3(PO4)6,ok,ok,empty,empty,empty,ok,ok,ok,ok,ok,empty,empty,empty,ok
mp-2713982,Na6Y2Nb2Si5SO24,ok,ok,empty,empty,empty,ok,ok,ok,ok,ok,empty,empty,empty,ok
mp-2713983,NaTa3Zn(PO4)6,ok,ok,empty,empty,empty,ok,ok,ok,ok,ok,empty,empty,empty,ok
mp-2713986,Na18Mg4Ta8Si15(SO24)3,ok,ok,empty,empty,empty,ok,ok,ok,ok,ok,empty,empty,empty,ok
mp-2713987,Na2Sc3Nb5Si6(SO8)6,ok,ok,empty,empty,empty,ok,ok,ok,ok,ok,empty,empty,empty,ok
mp-2713988,Na3Hf2Zn2P3(SO8)3,ok,ok,empty,empty,empty,ok,ok,ok,ok,ok,empty,empty,empty,ok
mp-2713989,Na2Ta5Ga3(PO4)12,ok,ok,empty,empty,empty,ok,ok,ok,ok,ok,empty,empty,empty,ok
mp-2713990,Na3Mg2P(SO6)2,ok,ok,empty,empty,empty,ok,ok,ok,ok,ok,empty,empty,empty,ok
mp-2713991,Na3Zr2Zn2P3(SO8)3,ok,ok,empty,empty,empty,ok,ok,ok,ok,ok,empty,empty,empty,ok
mp-2713992,Na6Ca4Si3Ge4(S3O16)3,ok,ok,empty,empty,empty,ok,ok,ok,ok,ok,empty,empty,empty,ok
mp-2713993,Na9Mg8Nb4P9(SO8)9,ok,ok,empty,empty,empty,ok,ok,ok,ok,ok,empty,empty,empty,ok
mp-2713994,NaLaTa(PO4)3,ok,ok,empty,empty,empty,ok,ok,ok,ok,ok,empty,empty,empty,ok
mp-2713995,Na6Ca4Hf4Si3(S3O16)3,ok,ok,empty,empty,empty,ok,ok,ok,ok,ok,empty,empty,empty,ok
mp-2713997,Na6Mg4Zr4Si3(S3O16)3,ok,ok,empty,empty,empty,ok,ok,ok,ok,ok,empty,empty,empty,ok
mp-2713999,Na18Mg4Nb8Si15(SO24)3,ok,ok,empty,empty,empty,ok,ok,ok,ok,ok,empty,empty,empty,ok
mp-2714001,Na6Ca4Zr4Si3(S3O16)3,ok,ok,empty,empty,empty,ok,ok,ok,ok,ok,empty,empty,empty,ok
mp-2714002,Na6Mg4Ti4Si3(S3O16)3,ok,ok,empty,empty,empty,ok,ok,ok,ok,ok,empty,empty,empty,ok
mp-2714004,NaCaTa3(PO4)6,ok,ok,empty,empty,empty,ok,ok,ok,ok,ok,empty,empty,empty,ok
mp-2714006,Na18Ca4Nb8Si15(SO24)3,ok,ok,empty,empty,empty,ok,ok,ok,ok,ok,empty,empty,empty,ok
mp-2714010,Na6Sc2Nb2Si5SO24,ok,ok,empty,empty,empty,ok,ok,ok,ok,ok,empty,empty,empty,ok
mp-2714013,Na2Nb5Ga3Si6(SO8)6,ok,ok,empty,empty,empty,ok,ok,ok,ok,ok,empty,empty,empty,ok
mp-2714014,Na3La4P3(SO8)3,ok,ok,empty,empty,empty,ok,ok,ok,ok,ok,empty,empty,empty,ok
mp-2714015,NaTaSi3Sn3(SO8)3,ok,ok,empty,empty,empty,ok,ok,ok,ok,ok,empty,empty,empty,ok
mp-2714016,NaHf3NbSi3(SO8)3,ok,ok,empty,empty,empty,ok,ok,ok,ok,ok,empty,empty,empty,ok
mp-2714017,NaHf3Nb(PO4)6,ok,ok,empty,empty,empty,ok,ok,ok,ok,ok,empty,empty,empty,ok
mp-2714019,NaZr3TaSi3(SO8)3,ok,ok,empty,empty,empty,ok,ok,ok,ok,ok,empty,empty,empty,ok
mp-2714020,NaTa3ZnSi3(SO8)3,ok,ok,empty,empty,empty,ok,ok,ok,ok,ok,empty,empty,empty,ok
mp-2714021,Na6Sc8Si3(S3O16)3,ok,ok,empty,empty,empty,ok,ok,ok,ok,ok,empty,empty,empty,ok
mp-2714022,Na2Ti4Zn4SiS11O48,ok,ok,empty,empty,empty,ok,ok,ok,ok,ok,empty,empty,empty,ok
mp-2714023,Na5Si3Ge4(PO8)3,ok,ok,empty,empty,empty,ok,ok,ok,ok,ok,empty,empty,empty,ok
mp-2714024,Na2Ca4Ti4SiS11O48,ok,ok,empty,empty,empty,ok,ok,ok,ok,ok,empty,empty,empty,ok
mp-2714025,NaZn2Sn2PS5O24,ok,ok,empty,empty,empty,ok,ok,ok,ok,ok,empty,empty,empty,ok
mp-2714026,Na7Y3ZnSi3(SO8)3,ok,ok,empty,empty,empty,ok,ok,ok,ok,ok,empty,empty,empty,ok
mp-2714027,Na3Mg5Ta(SO4)9,ok,ok,empty,empty,empty,ok,ok,ok,ok,ok,empty,empty,empty,ok
mp-2714028,Na10Hf8Si9(SO16)3,ok,ok,empty,empty,empty,ok,ok,ok,ok,ok,empty,empty,empty,ok
mp-2714029,NaCa2Zr2PS5O24,ok,ok,empty,empty,empty,ok,ok,ok,ok,ok,empty,empty,empty,ok
mp-2714030,Na2HfZn3(SO4)6,ok,ok,empty,empty,empty,ok,ok,ok,ok,ok,empty,empty,empty,ok
mp-2714032,Na10Si9Sn4Ge4(SO16)3,ok,ok,empty,empty,empty,ok,ok,ok,ok,ok,empty,empty,empty,ok
mp-2714033,Na7MgGa3(PO4)6,ok,ok,empty,empty,empty,ok,ok,ok,ok,ok,empty,empty,empty,ok
mp-2714034,Na7Ca3TaSi3(SO8)3,ok,ok,empty,empty,empty,ok,ok,ok,ok,ok,empty,empty,empty,ok
mp-2714035,NaY2In2PS5O24,ok,ok,empty,empty,empty,ok,ok,ok,ok,ok,empty,empty,empty,ok
mp-2714036,Na2HfMg3(SO4)6,ok,ok,empty,empty,empty,ok,ok,ok,ok,ok,empty,empty,empty,ok
mp-2714038,NaHfAlSi(SO6)2,ok,ok,empty,empty,empty,ok,ok,ok,ok,ok,empty,empty,empty,ok
mp-2714039,Na7Sc3ZnSi3(SO8)3,ok,ok,empty,empty,empty,ok,ok,ok,ok,ok,empty,empty,empty,ok
mp-2714040,Na7MgIn3(PO4)6,ok,ok,empty,empty,empty,ok,ok,ok,ok,ok,empty,empty,empty,ok
mp-2714041,Na14Ca5Sn3(PO4)12,ok,ok,empty,empty,empty,ok,ok,ok,ok,ok,empty,empty,empty,ok
mp-2714042,Na5Y3TaSiP5O24,ok,ok,empty,empty,empty,ok,ok,ok,ok,ok,empty,empty,empty,ok
mp-2714043,Na2Sc8SiS11O48,ok,ok,empty,empty,empty,ok,ok,ok,ok,ok,empty,empty,empty,ok
mp-2714044,NaCaAl(SO4)3,ok,ok,empty,empty,empty,ok,ok,ok,ok,ok,empty,empty,empty,ok
mp-2714045,Na5Sc2Ti2SiP5O24,ok,ok,empty,empty,empty,ok,ok,ok,ok,ok,empty,empty,empty,ok
mp-2714046,Na5NbGa3SiP5O24,ok,ok,empty,empty,empty,ok,ok,ok,ok,ok,empty,empty,empty,ok
mp-2714047,Na5MgTi3SiP5O24,ok,ok,empty,empty,empty,ok,ok,ok,ok,ok,empty,empty,empty,ok
mp-2714048,Na3Ta4Zn8P3(S5O24)3,ok,ok,empty,empty,empty,ok,ok,ok,ok,ok,empty,empty,empty,ok
mp-2714049,NaAl2Ga2PS5O24,ok,ok,empty,empty,empty,ok,ok,ok,ok,ok,empty,empty,empty,ok
mp-2714050,Na2Sc4Ga4SiS11O48,ok,ok,empty,empty,empty,ok,ok,ok,ok,ok,empty,empty,empty,ok
mp-2714051,Na14Ca5Hf3(PO4)12,ok,ok,empty,empty,empty,ok,ok,ok,ok,ok,empty,empty,empty,ok
mp-2714052,Na5Hf4Si3(PO8)3,ok,ok,empty,empty,empty,ok,ok,ok,ok,ok,empty,empty,empty,ok
mp-2714053,Na5Sc2Nb2Si3(PO8)3,ok,ok,empty,empty,empty,ok,ok,ok,ok,ok,empty,empty,empty,ok
mp-2714054,Na5Nb2Al2Si3(PO8)3,ok,ok,empty,empty,empty,ok,ok,ok,ok,ok,empty,empty,empty,ok
mp-2714055,Na7CaSc3(PO4)6,ok,ok,empty,empty,empty,ok,ok,ok,ok,ok,empty,empty,empty,ok
mp-2714056,Na5Ta2Al2Si3(PO8)3,ok,ok,empty,empty,empty,ok,ok,ok,ok,ok,empty,empty,empty,ok
mp-2714057,NaCa2Hf2PS5O24,ok,ok,empty,empty,empty,ok,ok,ok,ok,ok,empty,empty,empty,ok
mp-2714058,Na14Mg5Sn3(PO4)12,ok,ok,empty,empty,empty,ok,ok,ok,ok,ok,empty,empty,empty,ok
mp-2714059,Na7Ca3Ta(PO4)6,ok,ok,empty,empty,empty,ok,ok,ok,ok,ok,empty,empty,empty,empty
mp-2714060,NaMg2Zr2PS5O24,ok,ok,empty,empty,empty,ok,ok,ok,ok,ok,empty,empty,empty,empty
mp-2714061,Na10Zn2Si7Sn6S5O48,ok,ok,empty,empty,empty,ok,ok,ok,ok,ok,empty,empty,empty,empty
mp-2714062,NaAlZn(SO4)3,ok,ok,empty,empty,empty,ok,ok,ok,ok,ok,empty,empty,empty,empty
mp-2714064,NaY2Al2PS5O24,ok,ok,empty,empty,empty,ok,ok,ok,ok,ok,empty,empty,empty,empty
mp-2714065,Na10Hf4Ti4Si9(SO16)3,ok,ok,empty,empty,empty,ok,ok,ok,ok,ok,empty,empty,empty,empty
mp-2714066,Na5La2Nb2Si3(PO8)3,ok,ok,empty,empty,empty,ok,ok,ok,ok,ok,empty,empty,empty,empty
mp-2714067,Na5Zr4Si3(PO8)3,ok,ok,empty,empty,empty,ok,ok,ok,ok,ok,empty,empty,empty,empty
mp-2714068,Na14Zr3Zn5Si6(SO8)6,ok,ok,empty,empty,empty,ok,ok,ok,ok,ok,empty,empty,empty,empty
mp-2714069,Na2Al4In4SiS11O48,ok,ok,empty,empty,empty,ok,ok,ok,ok,ok,empty,empty,empty,empty
mp-2714070,Na7CaAl3(PO4)6,ok,ok,empty,empty,empty,ok,ok,ok,ok,ok,empty,empty,empty,empty
mp-2714071,Na14Mg5Ti3(PO4)12,ok,ok,empty,empty,empty,ok,ok,ok,ok,ok,empty,empty,empty,empty
mp-2714072,Na7Y3MgSi3(SO8)3,ok,ok,empty,empty,empty,ok,ok,ok,ok,ok,empty,empty,empty,empty
mp-2714073,Na7La3Zn(PO4)6,ok,ok,empty,empty,empty,ok,ok,ok,ok,ok,empty,empty,empty,empty
mp-2714074,Na5Si3Sn2Ge2(PO8)3,ok,ok,empty,empty,empty,ok,ok,ok,ok,ok,empty,empty,empty,empty
mp-2714075,NaIn4PS5O24,ok,ok,empty,empty,empty,ok,ok,ok,ok,ok,empty,empty,empty,empty
mp-2714076,Na7Ca3Nb(PO4)6,ok,ok,empty,empty,empty,ok,ok,ok,ok,ok,empty,empty,empty,empty
mp-2714077,NaYMg(SO4)3,ok,ok,empty,empty,empty,ok,ok,ok,ok,ok,empty,empty,empty,empty
mp-2714078,Na10Si9Sn8(SO16)3,ok,ok,empty,empty,empty,ok,ok,ok,ok,ok,empty,empty,empty,empty
mp-2714079,Na14Ca5Si6Ge3(SO8)6,ok,ok,empty,empty,empty,ok,ok,ok,ok,ok,empty,empty,empty,empty
mp-2714080,Na2Mg4Zr4SiS11O48,ok,ok,empty,empty,empty,ok,ok,ok,ok,ok,empty,empty,empty,empty
mp-2714082,NaZn2Ge2PS5O24,ok,ok,empty,empty,empty,ok,ok,ok,ok,ok,empty,empty,empty,empty
mp-2714083,NaAl2In2PS5O24,ok,ok,empty,empty,empty,ok,ok,ok,ok,ok,empty,empty,empty,empty
mp-2714084,Na10Zr8Si9(SO16)3,ok,ok,empty,empty,empty,ok,ok,ok,ok,ok,empty,empty,empty,empty
mp-2714085,Na2Hf4Zn4SiS11O48,ok,ok,empty,empty,empty,ok,ok,ok,ok,ok,empty,empty,empty,empty
mp-2714086,NaY2Sc2PS5O24,ok,ok,empty,empty,empty,ok,ok,ok,ok,ok,empty,empty,empty,empty
mp-2714087,Na2Ga8SiS11O48,ok,ok,empty,empty,empty,ok,ok,ok,ok,ok,empty,empty,empty,empty
mp-2714088,Na2Mg4Ti4SiS11O48,ok,ok,empty,empty,empty,ok,ok,ok,ok,ok,empty,empty,empty,empty
mp-2714089,NaLa2Al2PS5O24,ok,ok,empty,empty,empty,ok,ok,ok,ok,ok,empty,empty,empty,empty
mp-2714091,Na5Y2Ta2Si3(PO8)3,ok,ok,empty,empty,empty,ok,ok,ok,ok,ok,empty,empty,empty,empty
mp-2714092,Na3NbZn5(SO4)9,ok,ok,empty,empty,empty,ok,ok,ok,ok,ok,empty,empty,empty,empty
mp-2714093,Na14Ca5Si6Sn3(SO8)6,ok,ok,empty,empty,empty,ok,ok,ok,ok,ok,empty,empty,empty,empty
mp-2714094,NaLa2Y2PS5O24,ok,ok,empty,empty,empty,ok,ok,ok,ok,ok,empty,empty,empty,empty
mp-2714099,Na7MgAl3Si3(SO8)3,ok,ok,empty,empty,empty,ok,ok,ok,ok,ok,empty,empty,empty,empty
mp-2714100,Na10Sc6Ta2Si7S5O48,ok,ok,empty,empty,empty,ok,ok,ok,ok,ok,empty,empty,empty,empty
mp-2714101,Na7Mg3Nb(PO4)6,ok,ok,empty,empty,empty,ok,ok,ok,ok,ok,empty,empty,empty,empty
mp-2714102,Na5Zr2Si3Ge2(PO8)3,ok,ok,empty,empty,empty,ok,ok,ok,ok,ok,empty,empty,empty,empty
mp-2714103,Na10Ta4Ga4Si9(SO16)3,ok,ok,empty,empty,empty,ok,ok,ok,ok,ok,empty,empty,empty,empty
mp-2714105,Na10La4Ta4Si9(SO16)3,ok,ok,empty,empty,empty,ok,ok,ok,ok,ok,empty,empty,empty,empty
mp-2714107,Na5Y3NbSiP5O24,ok,ok,empty,empty,empty,ok,ok,ok,ok,ok,empty,empty,empty,empty
mp-2714108,Na14Ca5Ge3(PO4)12,ok,ok,empty,empty,empty,ok,ok,ok,ok,ok,empty,empty,empty,empty
mp-2714109,Na5MgSiGe3P5O24,ok,ok,empty,empty,empty,ok,ok,ok,ok,ok,empty,empty,empty,empty
mp-2714110,Na10Y4Ta4Si9(SO16)3,ok,ok,empty,empty,empty,ok,ok,ok,ok,ok,empty,empty,empty,empty
mp-2714111,Na14Hf3Mg5Si6(SO8)6,ok,ok,empty,empty,empty,ok,ok,ok,ok,ok,empty,empty,empty,empty
mp-2714113,NaMgGa(SO4)3,ok,ok,empty,empty,empty,ok,ok,ok,ok,ok,empty,empty,empty,empty
mp-2714114,Na5La2Zr2SiP5O24,ok,ok,empty,empty,empty,ok,ok,ok,ok,ok,empty,empty,empty,empty
mp-2714116,Na5Y2Nb2Si3(PO8)3,ok,ok,empty,empty,empty,ok,ok,ok,ok,ok,empty,empty,empty,empty
mp-2714118,Na7MgAl3(PO4)6,ok,ok,empty,empty,empty,ok,ok,ok,ok,ok,empty,empty,empty,empty
mp-2714119,Na14Zn5Ge3(PO4)12,ok,ok,empty,empty,empty,ok,ok,ok,ok,ok,empty,empty,empty,empty
mp-2714121,Na7ZnIn3Si3(SO8)3,ok,ok,empty,empty,empty,ok,ok,ok,ok,ok,empty,empty,empty,empty
mp-2714122,NaZnGa(SO4)3,ok,ok,empty,empty,empty,ok,ok,ok,ok,ok,empty,empty,empty,empty
mp-2714123,Na7CaY3(PO4)6,ok,ok,empty,empty,empty,ok,ok,ok,ok,ok,empty,empty,empty,empty
mp-2714124,NaGa4PS5O24,ok,ok,empty,empty,empty,ok,ok,ok,ok,ok,empty,empty,empty,empty
mp-2714125,Na10Nb4Ga4Si9(SO16)3,ok,ok,empty,empty,empty,ok,ok,ok,ok,ok,empty,empty,empty,empty
mp-2714126,Na2La8SiS11O48,ok,ok,empty,empty,empty,ok,ok,ok,ok,ok,empty,empty,empty,empty
mp-2714127,Na10Ta4Zn4Si7S5O48,ok,ok,empty,empty,empty,ok,ok,ok,ok,ok,empty,empty,empty,empty
mp-2714128,Na10Zr4Si9Sn4(SO16)3,ok,ok,empty,empty,empty,ok,ok,ok,ok,ok,empty,empty,empty,empty
mp-2714129,Na10Zr4Ti4Si9(SO16)3,ok,ok,empty,empty,empty,ok,ok,ok,ok,ok,empty,empty,empty,empty
mp-2714130,Na14Ca5Zr3Si6(SO8)6,ok,ok,empty,empty,empty,ok,ok,ok,ok,ok,empty,empty,empty,empty
mp-2714131,Na10Hf6Mg2Si7S5O48,ok,ok,empty,empty,empty,ok,ok,ok,ok,ok,empty,empty,empty,empty
mp-2714132,NaCaGa(SO4)3,ok,ok,empty,empty,empty,ok,ok,ok,ok,ok,empty,empty,empty,empty
mp-2714133,NaLa2In2PS5O24,ok,ok,empty,empty,empty,ok,ok,ok,ok,ok,empty,empty,empty,empty
mp-2714134,Na7NbZn3(PO4)6,ok,ok,empty,empty,empty,ok,ok,ok,ok,ok,empty,empty,empty,empty
mp-2714135,Na7CaLa3(PO4)6,ok,ok,empty,empty,empty,ok,ok,ok,ok,ok,empty,empty,empty,empty
mp-2714136,NaYZn(SO4)3,ok,ok,empty,empty,empty,ok,ok,ok,ok,ok,empty,empty,empty,empty
mp-2714137,Na10Si9Ge8(SO16)3,ok,ok,empty,empty,empty,ok,ok,ok,ok,ok,empty,empty,empty,empty
mp-2714138,NaLa2Sc2PS5O24,ok,ok,empty,empty,empty,ok,ok,ok,ok,ok,empty,empty,empty,empty
mp-2714139,Na5Zr2Ti2Si3(PO8)3,ok,ok,empty,empty,empty,ok,ok,ok,ok,ok,empty,empty,empty,empty
mp-2714140,Na5Nb2In2Si3(PO8)3,ok,ok,empty,empty,empty,ok,ok,ok,ok,ok,empty,empty,empty,empty
mp-2714141,Na10Hf4Zr4Si9(SO16)3,ok,ok,empty,empty,empty,ok,ok,ok,ok,ok,empty,empty,empty,empty
mp-2714142,NaCaSc(SO4)3,ok,ok,empty,empty,empty,ok,ok,ok,ok,ok,empty,empty,empty,empty
mp-2714146,Na14Zn5Sn3(PO4)12,ok,ok,empty,empty,empty,ok,ok,ok,ok,ok,empty,empty,empty,empty
mp-2714147,Na2La4Al4SiS11O48,ok,ok,empty,empty,empty,ok,ok,ok,ok,ok,empty,empty,empty,empty
mp-2714149,NaMgAl(SO4)3,ok,ok,empty,empty,empty,ok,ok,ok,ok,ok,empty,empty,empty,empty
mp-2714150,Na10Sc4Ta4Si9(SO16)3,ok,ok,empty,empty,empty,ok,ok,ok,ok,ok,empty,empty,empty,empty
mp-2714151,NaScZn(SO4)3,ok,ok,empty,empty,empty,ok,ok,ok,ok,ok,empty,empty,empty,empty
mp-2714152,Na2La4Sc4SiS11O48,ok,ok,empty,empty,empty,ok,ok,ok,ok,ok,empty,empty,empty,empty
mp-2714153,Na15Mg4Nb8Si9(PO8)9,ok,ok,empty,empty,empty,ok,ok,ok,ok,ok,empty,empty,empty,empty
mp-2714154,Na14Mg5Ge3(PO4)12,ok,ok,empty,empty,empty,ok,ok,ok,ok,ok,empty,empty,empty,empty
mp-2714155,NaYGeP2SO12,ok,ok,empty,empty,empty,ok,ok,ok,ok,ok,empty,empty,empty,empty
mp-2714156,Na14Mg5Si6Ge3(SO8)6,ok,ok,empty,empty,empty,ok,ok,ok,ok,ok,empty,empty,empty,empty
mp-2714157,Na14Ti3Zn5(PO4)12,ok,ok,empty,empty,empty,ok,ok,ok,ok,ok,empty,empty,empty,empty
mp-2714158,Na14Zn5Si6Sn3(SO8)6,ok,ok,empty,empty,empty,ok,ok,ok,ok,ok,empty,empty,empty,empty
mp-2714159,Na14Mg5Zr3Si6(SO8)6,ok,ok,empty,empty,empty,ok,ok,ok,ok,ok,empty,empty,empty,empty
mp-2714160,Na10Hf4Si9Sn4(SO16)3,ok,ok,empty,empty,empty,ok,ok,ok,ok,ok,empty,empty,empty,empty
mp-2714161,NaTa4Si3(PO8)3,ok,ok,empty,empty,empty,ok,ok,ok,ok,ok,empty,empty,empty,empty
mp-2714162,Na7ZnGa3(PO4)6,ok,ok,empty,empty,empty,ok,ok,ok,ok,ok,empty,empty,empty,empty
mp-2714163,Na3Mg5Nb(SO4)9,ok,ok,empty,empty,empty,ok,ok,ok,ok,ok,empty,empty,empty,empty
mp-2714164,NaLaMg(SO4)3,ok,ok,empty,empty,empty,ok,ok,ok,ok,ok,empty,empty,empty,empty
mp-2714165,Na7CaSc3Si3(SO8)3,ok,ok,empty,empty,empty,ok,ok,ok,ok,ok,empty,empty,empty,empty
mp-2714166,NaMg2Sn2PS5O24,ok,ok,empty,empty,empty,ok,ok,ok,ok,ok,empty,empty,empty,empty
mp-2714167,Na10Zn2Si7Ge6S5O48,ok,ok,empty,empty,empty,ok,ok,ok,ok,ok,empty,empty,empty,empty
mp-2714168,Na10Hf4Ga4Si7S5O48,ok,ok,empty,empty,empty,ok,ok,ok,ok,ok,empty,empty,empty,empty
mp-2714169,Na10Sc4Nb4Si9(SO16)3,ok,ok,empty,empty,empty,ok,ok,ok,ok,ok,empty,empty,empty,empty
mp-2714170,Na5Sc2SiGe2P5O24,ok,ok,empty,empty,empty,ok,ok,ok,ok,ok,empty,empty,empty,empty
mp-2714171,Na2Ca3Hf(SO4)6,ok,ok,empty,empty,empty,ok,ok,ok,ok,ok,empty,empty,empty,empty
mp-2714172,Na7Sc3Zn(PO4)6,ok,ok,empty,empty,empty,ok,ok,ok,ok,ok,empty,empty,empty,empty
mp-2714173,Na2Zr4Zn4SiS11O48,ok,ok,empty,empty,empty,ok,ok,ok,ok,ok,empty,empty,empty,empty
mp-2714174,Na10La4Si7Ge4S5O48,ok,ok,empty,empty,empty,ok,ok,ok,ok,ok,empty,empty,empty,empty
mp-2714175,NaNb4Si3(PO8)3,ok,ok,empty,empty,empty,ok,ok,ok,ok,ok,empty,empty,empty,empty
mp-2714176,Na2La3NbP4(SO12)2,ok,ok,empty,empty,empty,ok,ok,ok,ok,ok,empty,empty,empty,empty
mp-2714177,Na2CaTi3P4(SO12)2,ok,ok,empty,empty,empty,ok,ok,ok,ok,ok,empty,empty,empty,empty
mp-2714178,Na14Mg5Ti3Si6(SO8)6,ok,ok,empty,empty,empty,ok,ok,ok,ok,ok,empty,empty,empty,empty
mp-2714179,Na2Mg3Zr(SO4)6,ok,ok,empty,empty,empty,ok,ok,ok,ok,ok,empty,empty,empty,empty
mp-2714180,Na14Hf3Mg5(PO4)12,ok,ok,empty,empty,empty,ok,ok,ok,ok,ok,empty,empty,empty,empty
mp-2714182,Na15Ca4Nb8Si9(PO8)9,ok,ok,empty,empty,empty,ok,ok,ok,ok,ok,empty,empty,empty,empty
mp-2714183,Na10Hf4Si9Ge4(SO16)3,ok,ok,empty,empty,empty,ok,ok,ok,ok,ok,empty,empty,empty,empty
mp-2714184,Na15Ta8Zn4Si9(PO8)9,ok,ok,empty,empty,empty,ok,ok,ok,ok,ok,empty,empty,empty,empty
mp-2714185,Na7Al3ZnSi3(SO8)3,ok,ok,empty,empty,empty,ok,ok,ok,ok,ok,empty,empty,empty,empty
mp-2714186,Na5Sc2Ta2Si3(PO8)3,ok,ok,empty,empty,empty,ok,ok,ok,ok,ok,empty,empty,empty,empty
mp-2714187,NaSc2Al2PS5O24,ok,ok,empty,empty,empty,ok,ok,ok,ok,ok,empty,empty,empty,empty
mp-2714188,NaSc2Ga2PS5O24,ok,ok,empty,empty,empty,ok,ok,ok,ok,ok,empty,empty,empty,empty
mp-2714189,NaCaY(SO4)3,ok,ok,empty,empty,empty,ok,ok,ok,ok,ok,empty,empty,empty,empty
mp-2714190,Na7MgSc3Si3(SO8)3,ok,ok,empty,empty,empty,ok,ok,ok,ok,ok,empty,empty,empty,empty
mp-2714191,Na7CaAl3Si3(SO8)3,ok,ok,empty,empty,empty,ok,ok,ok,ok,ok,empty,empty,empty,empty
mp-2714192,Na14Mg5Zr3(PO4)12,ok,ok,empty,empty,empty,ok,ok,ok,ok,ok,empty,empty,empty,empty
mp-2714193,NaLa2Ga2PS5O24,ok,ok,empty,empty,empty,ok,ok,ok,ok,ok,empty,empty,empty,empty
mp-2714194,Na14Ca5Zr3(PO4)12,ok,ok,empty,empty,empty,ok,ok,ok,ok,ok,empty,empty,empty,empty
mp-2714195,NaZnIn(SO4)3,ok,ok,empty,empty,empty,ok,ok,ok,ok,ok,empty,empty,empty,empty
mp-2714196,Na14Hf3Zn5Si6(SO8)6,ok,ok,empty,empty,empty,ok,ok,ok,ok,ok,empty,empty,empty,empty
mp-2714197,NaHf2Zn2PS5O24,ok,ok,empty,empty,empty,ok,ok,ok,ok,ok,empty,empty,empty,empty
mp-2714198,Na14Ti3Zn5Si6(SO8)6,ok,ok,empty,empty,empty,ok,ok,ok,ok,ok,empty,empty,empty,empty
mp-2714199,Na30Mg8Nb16Si27(SO16)9,ok,ok,empty,empty,empty,ok,ok,ok,ok,ok,empty,empty,empty,empty
mp-2714200,Na3Ca5Ta(SO4)9,ok,ok,empty,empty,empty,ok,ok,ok,ok,ok,empty,empty,empty,empty
mp-2714201,Na30Ca8Ta16Si27(SO16)9,ok,ok,empty,empty,empty,ok,ok,ok,ok,ok,empty,empty,empty,empty
mp-2714204,Na5Y2Hf2SiP5O24,ok,ok,empty,empty,empty,ok,ok,ok,ok,ok,empty,empty,empty,empty
mp-2714205,Na2Y8SiS11O48,ok,ok,empty,empty,empty,ok,ok,ok,ok,ok,empty,empty,empty,empty
mp-2714206,Na7CaY3Si3(SO8)3,ok,ok,empty,empty,empty,ok,ok,ok,ok,ok,empty,empty,empty,empty
mp-2714207,Na2La4In4SiS11O48,ok,ok,empty,empty,empty,ok,ok,ok,ok,ok,empty,empty,empty,empty
mp-2714209,Na2Ta8Si9(SO16)3,ok,ok,empty,empty,empty,ok,ok,ok,ok,ok,empty,empty,empty,empty
mp-2714210,Na7CaGa3Si3(SO8)3,ok,ok,empty,empty,empty,ok,ok,ok,ok,ok,empty,empty,empty,empty
mp-2714211,Na10Zr4Si9Ge4(SO16)3,ok,ok,empty,empty,empty,ok,ok,ok,ok,ok,empty,empty,empty,empty
mp-2714213,Na10Nb4In4Si9(SO16)3,ok,ok,empty,empty,empty,ok,ok,ok,ok,ok,empty,empty,empty,empty
mp-2714214,Na10La4Nb4Si9(SO16)3,ok,ok,empty,empty,empty,ok,ok,ok,ok,ok,empty,empty,empty,empty
mp-2714215,Na3TaZn5(SO4)9,ok,ok,empty,empty,empty,ok,ok,ok,ok,ok,empty,empty,empty,empty
mp-2714217,Na2Sc4In4SiS11O48,ok,ok,empty,empty,empty,ok,ok,ok,ok,ok,empty,empty,empty,empty
mp-2714218,Na5Hf2Zr2Si3(PO8)3,ok,ok,empty,empty,empty,ok,ok,ok,ok,ok,empty,empty,empty,empty
mp-2714219,Na2Hf4Mg4SiS11O48,ok,ok,empty,empty,empty,ok,ok,ok,ok,ok,empty,empty,empty,empty
mp-2714220,Na2Y4Ga4SiS11O48,ok,ok,empty,empty,empty,ok,ok,ok,ok,ok,empty,empty,empty,empty
mp-2714221,Na10Ti4Si9Ge4(SO16)3,ok,ok,empty,empty,empty,ok,ok,ok,ok,ok,empty,empty,empty,empty
mp-2714222,Na30Ta16Zn8Si27(SO16)9,ok,ok,empty,empty,empty,ok,ok,ok,ok,ok,empty,empty,empty,empty
mp-2714223,Na3Ca8Ta4P3(S5O24)3,ok,ok,empty,empty,empty,ok,ok,ok,ok,ok,empty,empty,empty,empty
mp-2714224,Na5Ti4Si3(PO8)3,ok,ok,empty,empty,empty,ok,ok,ok,ok,ok,empty,empty,empty,empty
mp-2714225,Na5Zr2Si3Sn2(PO8)3,ok,ok,empty,empty,empty,ok,ok,ok,ok,ok,empty,empty,empty,empty
mp-2714226,NaMg2Ti2PS5O24,ok,ok,empty,empty,empty,ok,ok,ok,ok,ok,empty,empty,empty,empty
mp-2714227,Na2Nb8Si9(SO16)3,ok,ok,empty,empty,empty,ok,ok,ok,ok,ok,empty,empty,empty,empty
mp-2714228,Na7CaIn3(PO4)6,ok,ok,empty,empty,empty,ok,ok,ok,ok,ok,empty,empty,empty,empty
mp-2714229,Na2Y4Sc4SiS11O48,ok,ok,empty,empty,empty,ok,ok,ok,ok,ok,empty,empty,empty,empty
mp-2714231,NaCaLa(SO4)3,ok,ok,empty,empty,empty,ok,ok,ok,ok,ok,empty,empty,empty,empty
mp-2714232,Na10Ti4Si9Sn4(SO16)3,ok,ok,empty,empty,empty,ok,ok,ok,ok,ok,empty,empty,empty,empty
mp-2714234,Na7Mg3TaSi3(SO8)3,ok,ok,empty,empty,empty,ok,ok,ok,ok,ok,empty,empty,empty,empty
mp-2714235,Na10Y4Nb4Si9(SO16)3,ok,ok,empty,empty,empty,ok,ok,ok,ok,ok,empty,empty,empty,empty
mp-2714236,NaHf2Mg2PS5O24,ok,ok,empty,empty,empty,ok,ok,ok,ok,ok,empty,empty,empty,empty
mp-2714237,NaLaZn(SO4)3,ok,ok,empty,empty,empty,ok,ok,ok,ok,ok,empty,empty,empty,empty
mp-2714238,Na7ZnGa3Si3(SO8)3,ok,ok,empty,empty,empty,ok,ok,ok,ok,ok,empty,empty,empty,empty
mp-2714239,NaCa2Ti2PS5O24,ok,ok,empty,empty,empty,ok,ok,ok,ok,ok,empty,empty,empty,empty
mp-2714240,Na5Ti2Si3Sn2(PO8)3,ok,ok,empty,empty,empty,ok,ok,ok,ok,ok,empty,empty,empty,empty
mp-2714241,Na2Sc4Al4SiS11O48,ok,ok,empty,empty,empty,ok,ok,ok,ok,ok,empty,empty,empty,empty
mp-2714242,Na14Zn5Si6Ge3(SO8)6,ok,ok,empty,empty,empty,ok,ok,ok,ok,ok,empty,empty,empty,empty
mp-2714243,Na7CaGa3(PO4)6,ok,ok,empty,empty,empty,ok,ok,ok,ok,ok,empty,empty,empty,empty
mp-2714245,Na2Al8SiS11O48,ok,ok,empty,empty,empty,ok,ok,ok,ok,ok,empty,empty,empty,empty
mp-2714246,Na7MgSc3(PO4)6,ok,ok,empty,empty,empty,ok,ok,ok,ok,ok,empty,empty,empty,empty
mp-2714247,Na5NbAl3SiP5O24,ok,ok,empty,empty,empty,ok,ok,ok,ok,ok,empty,empty,empty,empty
mp-2714249,Na7MgGa3Si3(SO8)3,ok,ok,empty,empty,empty,ok,ok,ok,ok,ok,empty,empty,empty,empty
mp-2714250,Na7TaZn3(PO4)6,ok,ok,empty,empty,empty,ok,ok,ok,ok,ok,empty,empty,empty,empty
mp-2714251,Na30Mg8Ta16Si27(SO16)9,ok,ok,empty,empty,empty,ok,ok,ok,ok,ok,empty,empty,empty,empty
mp-2714252,NaTi2Zn2PS5O24,ok,ok,empty,empty,empty,ok,ok,ok,ok,ok,empty,empty,empty,empty
mp-2714253,NaLa4PS5O24,ok,ok,empty,empty,empty,ok,ok,ok,ok,ok,empty,empty,empty,empty
mp-2714254,Na14Ca5Ti3Si6(SO8)6,ok,ok,empty,empty,empty,ok,ok,ok,ok,ok,empty,empty,empty,empty
mp-2714255,Na2Al4Ga4SiS11O48,ok,ok,empty,empty,empty,ok,ok,ok,ok,ok,empty,empty,empty,empty
mp-2714256,Na15Ca4Ta8Si9(PO8)9,ok,ok,empty,empty,empty,ok,ok,ok,ok,ok,empty,empty,empty,empty
mp-2714257,Na5Ti2Si3Ge2(PO8)3,ok,ok,empty,empty,empty,ok,ok,ok,ok,ok,empty,empty,empty,empty
mp-2714258,Na2La4Y4SiS11O48,ok,ok,empty,empty,empty,ok,ok,ok,ok,ok,empty,empty,empty,empty
mp-2714259,NaSc4PS5O24,ok,ok,empty,empty,empty,ok,ok,ok,ok,ok,empty,empty,empty,empty
mp-2714260,Na7CaIn3Si3(SO8)3,ok,ok,empty,empty,empty,ok,ok,ok,ok,ok,empty,empty,empty,empty
mp-2714261,NaMgSc(SO4)3,ok,ok,empty,empty,empty,ok,ok,ok,ok,ok,empty,empty,empty,empty
mp-2714262,NaTa2Nb2Si3(PO8)3,ok,ok,empty,empty,empty,ok,ok,ok,ok,ok,empty,empty,empty,empty
mp-2714263,Na6Ta8Zn16Si3(S11O48)3,ok,ok,empty,empty,empty,ok,ok,ok,ok,ok,empty,empty,empty,empty
mp-2714264,Na3Ca5Nb(SO4)9,ok,ok,empty,empty,empty,ok,ok,ok,ok,ok,empty,empty,empty,empty
mp-2714266,Na2Ta4Nb4Si9(SO16)3,ok,ok,empty,empty,empty,ok,ok,ok,ok,ok,empty,empty,empty,empty
mp-2714267,Na14Zr3Zn5(PO4)12,ok,ok,empty,empty,empty,ok,ok,ok,ok,ok,empty,empty,empty,empty
mp-2714268,Na7Al3Zn(PO4)6,ok,ok,empty,empty,empty,ok,ok,ok,ok,ok,empty,empty,empty,empty
mp-2714269,Na5Si3Sn4(PO8)3,ok,ok,empty,empty,empty,ok,ok,ok,ok,ok,empty,empty,empty,empty
mp-2714270,Na14Ca5Hf3Si6(SO8)6,ok,ok,empty,empty,empty,ok,ok,ok,ok,ok,empty,empty,empty,empty
mp-2714271,Na5Hf2Si3Ge2(PO8)3,ok,ok,empty,empty,empty,ok,ok,ok,ok,ok,empty,empty,empty,empty
mp-2714272,Na5Zr2Al2SiP5O24,ok,ok,empty,empty,empty,ok,ok,ok,ok,ok,empty,empty,empty,empty
mp-2714273,Na2Y4Al4SiS11O48,ok,ok,empty,empty,empty,ok,ok,ok,ok,ok,empty,empty,empty,empty
mp-2714275,NaIn2Ga2PS5O24,ok,ok,empty,empty,empty,ok,ok,ok,ok,ok,empty,empty,empty,empty
mp-2714276,Na3Nb4Zn8P3(S5O24)3,ok,ok,empty,empty,empty,ok,ok,ok,ok,ok,empty,empty,empty,empty
mp-2714277,Na2Ca4Hf4SiS11O48,ok,ok,empty,empty,empty,ok,ok,ok,ok,ok,empty,empty,empty,empty
mp-2714278,Na7Y3Mg(PO4)6,ok,ok,empty,empty,empty,ok,ok,ok,ok,ok,empty,empty,empty,empty
mp-2714279,Na3Ca8Nb4P3(S5O24)3,ok,ok,empty,empty,empty,ok,ok,ok,ok,ok,empty,empty,empty,empty
mp-2714280,Na2In4Ga4SiS11O48,ok,ok,empty,empty,empty,ok,ok,ok,ok,ok,empty,empty,empty,empty
mp-2714281,NaYHfSi(SO6)2,ok,ok,empty,empty,empty,ok,ok,ok,ok,ok,empty,empty,empty,empty
mp-2714282,Na7TaZn3Si3(SO8)3,ok,ok,empty,empty,empty,ok,ok,ok,ok,ok,empty,empty,empty,empty
mp-2714283,Na3Mg8Ta4P3(S5O24)3,ok,ok,empty,empty,empty,ok,ok,ok,ok,ok,empty,empty,empty,empty
mp-2714284,Na15Nb8Zn4Si9(PO8)9,ok,ok,empty,empty,empty,ok,ok,ok,ok,ok,empty,empty,empty,empty
mp-2714285,Na5La2Ta2Si3(PO8)3,ok,ok,empty,empty,empty,ok,ok,ok,ok,ok,empty,empty,empty,empty
mp-2714286,Na7La3MgSi3(SO8)3,ok,ok,empty,empty,empty,ok,ok,ok,ok,ok,empty,empty,empty,empty
mp-2714287,Na5Hf2Ti2Si3(PO8)3,ok,ok,empty,empty,empty,ok,ok,ok,ok,ok,empty,empty,empty,empty
mp-2714288,Na10Ti8Si9(SO16)3,ok,ok,empty,empty,empty,ok,ok,ok,ok,ok,empty,empty,empty,empty
mp-2714289,Na5Hf2Si3Sn2(PO8)3,ok,ok,empty,empty,empty,ok,ok,ok,ok,ok,empty,empty,empty,empty
mp-2714291,NaY2Ga2PS5O24,ok,ok,empty,empty,empty,ok,ok,ok,ok,ok,empty,empty,empty,empty
mp-2714292,Na7Y3Zn(PO4)6,ok,ok,empty,empty,empty,ok,ok,ok,ok,ok,empty,empty,empty,empty
mp-2714293,NaAl4PS5O24,ok,ok,empty,empty,empty,ok,ok,ok,ok,ok,empty,empty,empty,empty
mp-2714294,NaMgIn(SO4)3,ok,ok,empty,empty,empty,ok,ok,ok,ok,ok,empty,empty,empty,empty
mp-2714295,NaSc2In2PS5O24,ok,ok,empty,empty,empty,ok,ok,ok,ok,ok,empty,empty,empty,empty
mp-2714296,Na2Ca4Zr4SiS11O48,ok,ok,empty,empty,empty,ok,ok,ok,ok,ok,empty,empty,empty,empty
mp-2714297,Na2MgSn3P4(SO12)2,ok,ok,empty,empty,empty,ok,ok,ok,ok,ok,empty,empty,empty,empty
mp-2714298,Na14Ca5Ti3(PO4)12,ok,ok,empty,empty,empty,ok,ok,ok,ok,ok,empty,empty,empty,empty
mp-2714299,Na2Ca3Zr(SO4)6,ok,ok,empty,empty,empty,ok,ok,ok,ok,ok,empty,empty,empty,empty
mp-2714300,Na5Hf2Sc2SiP5O24,ok,ok,empty,empty,empty,ok,ok,ok,ok,ok,empty,empty,empty,empty
mp-2714301,Na7ZnIn3(PO4)6,ok,ok,empty,empty,empty,ok,ok,ok,ok,ok,empty,empty,empty,empty
mp-2714303,Na2ZrZn3(SO4)6,ok,ok,empty,empty,empty,ok,ok,ok,ok,ok,empty,empty,empty,empty
mp-2714304,Na14Hf3Zn5(PO4)12,ok,ok,empty,empty,empty,ok,ok,ok,ok,ok,empty,empty,empty,empty
mp-2714305,Na5Ta2In2Si3(PO8)3,ok,ok,empty,empty,empty,ok,ok,ok,ok,ok,empty,empty,empty,empty
mp-2714306,Na5Ta2Ga2Si3(PO8)3,ok,ok,empty,empty,empty,ok,ok,ok,ok,ok,empty,empty,empty,empty
mp-2714307,Na30Nb16Zn8Si27(SO16)9,ok,ok,empty,empty,empty,ok,ok,ok,ok,ok,empty,empty,empty,empty
mp-2714308,Na3Mg8Nb4P3(S5O24)3,ok,ok,empty,empty,empty,ok,ok,ok,ok,ok,empty,empty,empty,empty
mp-2714309,Na7Mg3Ta(PO4)6,ok,ok,empty,empty,empty,ok,ok,ok,ok,ok,empty,empty,empty,empty
mp-2714310,Na15Mg4Ta8Si9(PO8)9,ok,ok,empty,empty,empty,ok,ok,ok,ok,ok,empty,empty,empty,empty
mp-2714311,Na30Ca8Nb16Si27(SO16)9,ok,ok,empty,empty,empty,ok,ok,ok,ok,ok,empty,empty,empty,empty
mp-2714312,Na2La4Ga4SiS11O48,ok,ok,empty,empty,empty,ok,ok,ok,ok,ok,empty,empty,empty,empty
mp-2714313,Na10Ta4Al4Si9(SO16)3,ok,ok,empty,empty,empty,ok,ok,ok,ok,ok,empty,empty,empty,empty
mp-2714315,NaY4PS5O24,ok,ok,empty,empty,empty,ok,ok,ok,ok,ok,empty,empty,empty,empty
mp-2714316,Na7La3ZnSi3(SO8)3,ok,ok,empty,empty,empty,ok,ok,ok,ok,ok,empty,empty,empty,empty
mp-2714317,Na14Mg5Si6Sn3(SO8)6,ok,ok,empty,empty,empty,ok,ok,ok,ok,ok,empty,empty,empty,empty
mp-2714318,Na5Nb2Ga2Si3(PO8)3,ok,ok,empty,empty,empty,ok,ok,ok,ok,ok,empty,empty,empty,empty
mp-2714319,Na10Nb4Al4Si9(SO16)3,ok,ok,empty,empty,empty,ok,ok,ok,ok,ok,empty,empty,empty,empty
mp-2714320,Na5NbIn3SiP5O24,ok,ok,empty,empty,empty,ok,ok,ok,ok,ok,empty,empty,empty,empty
mp-2714321,Na3Nb4Si5PO24,ok,ok,empty,empty,empty,ok,ok,ok,ok,ok,empty,empty,empty,empty
mp-2714322,Na4LaAlSi2SO12,ok,ok,empty,empty,empty,ok,ok,ok,ok,ok,empty,empty,empty,empty
mp-2714323,Na6CaZr3Si4(SO12)2,ok,ok,empty,empty,empty,ok,ok,ok,ok,ok,empty,empty,empty,empty
mp-2714324,Na3YZrSi2SO12,ok,ok,empty,empty,empty,ok,ok,ok,ok,ok,empty,empty,empty,empty
mp-2714325,Na21Nb8Zn4Si15(PO24)3,ok,ok,empty,empty,empty,ok,ok,ok,ok,ok,empty,empty,empty,empty
mp-2714326,Na14Zr4Si11Sn4SO48,ok,ok,empty,empty,empty,ok,ok,ok,ok,ok,empty,empty,empty,empty
mp-2714327,Na21Mg4Nb8Si15(PO24)3,ok,ok,empty,empty,empty,ok,ok,ok,ok,ok,empty,empty,empty,empty
mp-2714328,Na4ScAlSi2SO12,ok,ok,empty,empty,empty,ok,ok,ok,ok,ok,empty,empty,empty,empty
mp-2714330,NaMgSnP(SO6)2,ok,ok,empty,empty,empty,ok,ok,ok,ok,ok,empty,empty,empty,empty
mp-2714331,Na6NbGa3Si4(SO12)2,ok,ok,empty,empty,empty,ok,ok,ok,ok,ok,empty,empty,empty,empty
mp-2714332,Na2La4SiS5O24,ok,ok,empty,empty,empty,ok,ok,ok,ok,ok,empty,empty,empty,empty
mp-2714333,Na3AlSi2GeSO12,ok,ok,empty,empty,empty,ok,ok,ok,ok,ok,empty,empty,empty,empty
mp-2714335,Na4Sc2Si2SO12,ok,ok,empty,empty,empty,ok,ok,ok,ok,ok,empty,empty,empty,empty
mp-2714336,Na14Ti4Si11Sn4SO48,ok,ok,empty,empty,empty,ok,ok,ok,ok,ok,empty,empty,empty,empty
mp-2714337,Na14Si11Sn8SO48,ok,ok,empty,empty,empty,ok,ok,ok,ok,ok,empty,empty,empty,empty
mp-2714338,Na14Ta4Al4Si11SO48,ok,ok,empty,empty,empty,ok,ok,ok,ok,ok,empty,empty,empty,empty
mp-2714339,Na4CaHfSi(PO6)2,ok,ok,empty,empty,empty,ok,ok,ok,ok,ok,empty,empty,empty,empty
mp-2714340,Na3GaSi2SnSO12,ok,ok,empty,empty,empty,ok,ok,ok,ok,ok,empty,empty,empty,empty
mp-2714341,Na12Ca4Ta2Si3(PO6)6,ok,ok,empty,empty,empty,ok,ok,ok,ok,ok,empty,empty,empty,empty
mp-2714342,Na14Hf4Zr4Si11SO48,ok,ok,empty,empty,empty,ok,ok,ok,ok,ok,empty,empty,empty,empty
mp-2714343,Na3InSi2GeSO12,ok,ok,empty,empty,empty,ok,ok,ok,ok,ok,empty,empty,empty,empty
mp-2714344,NaYAlP(SO6)2,ok,ok,empty,empty,empty,ok,ok,ok,ok,ok,empty,empty,empty,empty
mp-2714345,Na7Ti2Si5Sn2PO24,ok,ok,empty,empty,empty,ok,ok,ok,ok,ok,empty,empty,empty,empty
mp-2714346,NaMgTiP(SO6)2,ok,ok,empty,empty,empty,ok,ok,ok,ok,ok,empty,empty,empty,empty
mp-2714347,Na7Zr2Si5Ge2PO24,ok,ok,empty,empty,empty,ok,ok,ok,ok,ok,empty,empty,empty,empty
mp-2714349,Na3Ta4Si5PO24,ok,ok,empty,empty,empty,ok,ok,ok,ok,ok,empty,empty,empty,empty
mp-2714350,NaMgZrP(SO6)2,ok,ok,empty,empty,empty,ok,ok,ok,ok,ok,empty,empty,empty,empty
mp-2714351,Na4LaAlSi(PO6)2,ok,ok,empty,empty,empty,ok,ok,ok,ok,ok,empty,empty,empty,empty
mp-2714352,Na6Ti3ZnSi4(SO12)2,ok,ok,empty,empty,empty,ok,ok,ok,ok,ok,empty,empty,empty,empty
mp-2714353,Na2Ca2Hf2SiS5O24,ok,ok,empty,empty,empty,ok,ok,ok,ok,ok,empty,empty,empty,empty
mp-2714354,Na4MgTiSi(PO6)2,ok,ok,empty,empty,empty,ok,ok,ok,ok,ok,empty,empty,empty,empty
mp-2714355,Na7Sc2Nb2Si5PO24,ok,ok,empty,empty,empty,ok,ok,ok,ok,ok,empty,empty,empty,empty
mp-2714357,Na4TiZnSi(PO6)2,ok,ok,empty,empty,empty,ok,ok,ok,ok,ok,empty,empty,empty,empty
mp-2714358,Na6TaGa3Si4(SO12)2,ok,ok,empty,empty,empty,ok,ok,ok,ok,ok,empty,empty,empty,empty
mp-2714360,Na4CaTiSi2SO12,ok,ok,empty,empty,empty,ok,ok,ok,ok,ok,empty,empty,empty,empty
mp-2714361,Na4ZrZnSi(PO6)2,ok,ok,empty,empty,empty,ok,ok,ok,ok,ok,empty,empty,empty,empty
mp-2714362,Na2Al4SiS5O24,ok,ok,empty,empty,empty,ok,ok,ok,ok,ok,empty,empty,empty,empty
mp-2714363,Na12Mg4Nb2Si6(SO12)3,ok,ok,empty,empty,empty,ok,ok,ok,ok,ok,empty,empty,empty,empty
mp-2714364,Na14Ta4In4Si11SO48,ok,ok,empty,empty,empty,ok,ok,ok,ok,ok,empty,empty,empty,empty
mp-2714365,Na12Nb2Zn4Si6(SO12)3,ok,ok,empty,empty,empty,ok,ok,ok,ok,ok,empty,empty,empty,empty
mp-2714366,Na3ScTiSi2SO12,ok,ok,empty,empty,empty,ok,ok,ok,ok,ok,empty,empty,empty,empty
mp-2714367,Na4ZnSiSn(PO6)2,ok,ok,empty,empty,empty,ok,ok,ok,ok,ok,empty,empty,empty,empty
mp-2714368,Na21Mg4Ta8Si15(PO24)3,ok,ok,empty,empty,empty,ok,ok,ok,ok,ok,empty,empty,empty,empty
mp-2714369,Na6TaAl3Si4(SO12)2,ok,ok,empty,empty,empty,ok,ok,ok,ok,ok,empty,empty,empty,empty
mp-2714370,NaAlInP(SO6)2,ok,ok,empty,empty,empty,ok,ok,ok,ok,ok,empty,empty,empty,empty
mp-2714371,Na7Nb2Ga2Si5PO24,ok,ok,empty,empty,empty,ok,ok,ok,ok,ok,empty,empty,empty,empty
mp-2714372,Na3TiAlSi2SO12,ok,ok,empty,empty,empty,ok,ok,ok,ok,ok,empty,empty,empty,empty
mp-2714373,Na3ZrAlSi2SO12,ok,ok,empty,empty,empty,ok,ok,ok,ok,ok,empty,empty,empty,empty
mp-2714374,Na4Y2Si2SO12,ok,ok,empty,empty,empty,ok,ok,ok,ok,ok,empty,empty,empty,empty
mp-2714375,NaSc2P(SO6)2,ok,ok,empty,empty,empty,ok,ok,ok,ok,ok,empty,empty,empty,empty
mp-2714376,Na2La2Al2SiS5O24,ok,ok,empty,empty,empty,ok,ok,ok,ok,ok,empty,empty,empty,empty
mp-2714377,NaMgGeP(SO6)2,ok,ok,empty,empty,empty,ok,ok,ok,ok,ok,empty,empty,empty,empty
mp-2714378,Na14Sc4Nb4Si11SO48,ok,ok,empty,empty,empty,ok,ok,ok,ok,ok,empty,empty,empty,empty
mp-2714379,Na42Mg8Ta16Si33(SO48)3,ok,ok,empty,empty,empty,ok,ok,ok,ok,ok,empty,empty,empty,empty
mp-2714380,Na2Sc2Al2SiS5O24,ok,ok,empty,empty,empty,ok,ok,ok,ok,ok,empty,empty,empty,empty
mp-2714381,Na7Nb2In2Si5PO24,ok,ok,empty,empty,empty,ok,ok,ok,ok,ok,empty,empty,empty,empty
mp-2714382,Na4CaSi2SnSO12,ok,ok,empty,empty,empty,ok,ok,ok,ok,ok,empty,empty,empty,empty
mp-2714384,Na4LaYSi2SO12,ok,ok,empty,empty,empty,ok,ok,ok,ok,ok,empty,empty,empty,empty
mp-2714385,NaInGaP(SO6)2,ok,ok,empty,empty,empty,ok,ok,ok,ok,ok,empty,empty,empty,empty
mp-2714386,Na14Zr8Si11SO48,ok,ok,empty,empty,empty,ok,ok,ok,ok,ok,empty,empty,empty,empty
mp-2714387,Na4MgSi2GeSO12,ok,ok,empty,empty,empty,ok,ok,ok,ok,ok,empty,empty,empty,empty
mp-2714388,Na14Ti4Si11Ge4SO48,ok,ok,empty,empty,empty,ok,ok,ok,ok,ok,empty,empty,empty,empty
mp-2714389,Na7Zr2Si5Sn2PO24,ok,ok,empty,empty,empty,ok,ok,ok,ok,ok,empty,empty,empty,empty
mp-2714390,Na3Ca4Ta2P3(SO6)6,ok,ok,empty,empty,empty,ok,ok,ok,ok,ok,empty,empty,empty,empty
mp-2714392,Na4Ga2Si2SO12,ok,ok,empty,empty,empty,ok,ok,ok,ok,ok,empty,empty,empty,empty
mp-2714393,Na42Mg8Nb16Si33(SO48)3,ok,ok,empty,empty,empty,ok,ok,ok,ok,ok,empty,empty,empty,empty
mp-2714394,Na3HfScSi2SO12,ok,ok,empty,empty,empty,ok,ok,ok,ok,ok,empty,empty,empty,empty
mp-2714395,NaAl2P(SO6)2,ok,ok,empty,empty,empty,ok,ok,ok,ok,ok,empty,empty,empty,empty
mp-2714396,Na7La2Ta2Si5PO24,ok,ok,empty,empty,empty,ok,ok,ok,ok,ok,empty,empty,empty,empty
mp-2714397,Na7Hf2Si5Sn2PO24,ok,ok,empty,empty,empty,ok,ok,ok,ok,ok,empty,empty,empty,empty
mp-2714398,Na3YSi2GeSO12,ok,ok,empty,empty,empty,ok,ok,ok,ok,ok,empty,empty,empty,empty
mp-2714399,Na2Y2Sc2SiS5O24,ok,ok,empty,empty,empty,ok,ok,ok,ok,ok,empty,empty,empty,empty
mp-2714400,NaLaScP(SO6)2,ok,ok,empty,empty,empty,ok,ok,ok,ok,ok,empty,empty,empty,empty
mp-2714401,Na3Ta2Zn4P3(SO6)6,ok,ok,empty,empty,empty,ok,ok,ok,ok,ok,empty,empty,empty,empty
mp-2714402,Na6TaIn3Si4(SO12)2,ok,ok,empty,empty,empty,ok,ok,ok,ok,ok,empty,empty,empty,empty
mp-2714403,Na7Hf4Si5PO24,ok,ok,empty,empty,empty,ok,ok,ok,ok,ok,empty,empty,empty,empty
mp-2714404,Na3MgNbSi2SO12,ok,ok,empty,empty,empty,ok,ok,ok,ok,ok,empty,empty,empty,empty
mp-2714405,Na14La4Ta4Si11SO48,ok,ok,empty,empty,empty,ok,ok,ok,ok,ok,empty,empty,empty,empty
mp-2714406,Na42Ta16Zn8Si33(SO48)3,ok,ok,empty,empty,empty,ok,ok,ok,ok,ok,empty,empty,empty,empty
mp-2714407,Na4MgZrSi(PO6)2,ok,ok,empty,empty,empty,ok,ok,ok,ok,ok,empty,empty,empty,empty
mp-2714408,Na2TaNb(SiO4)3,ok,ok,empty,empty,empty,ok,ok,ok,ok,ok,empty,empty,empty,empty
mp-2714409,Na6NbIn3Si4(SO12)2,ok,ok,empty,empty,empty,ok,ok,ok,ok,ok,empty,empty,empty,empty
mp-2714410,Na3YTiSi2SO12,ok,ok,empty,empty,empty,ok,ok,ok,ok,ok,empty,empty,empty,empty
mp-2714411,Na14Ca8Si3(S3O16)3,ok,ok,empty,empty,empty,ok,ok,ok,ok,ok,empty,empty,empty,empty
mp-2714412,Na4MgZrSi2SO12,ok,ok,empty,empty,empty,ok,ok,ok,ok,ok,empty,empty,empty,empty
mp-2714413,Na6La3TaSi4(SO12)2,ok,ok,empty,empty,empty,ok,ok,ok,ok,ok,empty,empty,empty,empty
mp-2714414,Na3Mg4Ta2P3(SO6)6,ok,ok,empty,empty,empty,ok,ok,ok,ok,ok,empty,empty,empty,empty
mp-2714415,Na6NbAl3Si4(SO12)2,ok,ok,empty,empty,empty,ok,ok,ok,ok,ok,empty,empty,empty,empty
mp-2714416,Na6CaHf3Si4(SO12)2,ok,ok,empty,empty,empty,ok,ok,ok,ok,ok,empty,empty,empty,empty
mp-2714417,Na4ZnSiGe(PO6)2,ok,ok,empty,empty,empty,ok,ok,ok,ok,ok,empty,empty,empty,empty
mp-2714418,Na14Nb4Ga4Si11SO48,ok,ok,empty,empty,empty,ok,ok,ok,ok,ok,empty,empty,empty,empty
mp-2714419,Na6Nb8Si11SO48,ok,ok,empty,empty,empty,ok,ok,ok,ok,ok,empty,empty,empty,empty
mp-2714420,Na6Y3NbSi4(SO12)2,ok,ok,empty,empty,empty,ok,ok,ok,ok,ok,empty,empty,empty,empty
mp-2714422,Na42Ca8Ta16Si33(SO48)3,ok,ok,empty,empty,empty,ok,ok,ok,ok,ok,empty,empty,empty,empty
mp-2714423,Na2Sc4SiS5O24,ok,ok,empty,empty,empty,ok,ok,ok,ok,ok,empty,empty,empty,empty
mp-2714424,Na4AlGaSi2SO12,ok,ok,empty,empty,empty,ok,ok,ok,ok,ok,empty,empty,empty,empty
mp-2714425,Na3LaSi2GeSO12,ok,ok,empty,empty,empty,ok,ok,ok,ok,ok,empty,empty,empty,empty
mp-2714426,NaYInP(SO6)2,ok,ok,empty,empty,empty,ok,ok,ok,ok,ok,empty,empty,empty,empty
mp-2714427,Na4YScSi(PO6)2,ok,ok,empty,empty,empty,ok,ok,ok,ok,ok,empty,empty,empty,empty
mp-2714428,Na14Ca4Zn4Si3(S3O16)3,ok,ok,empty,empty,empty,ok,ok,ok,ok,ok,empty,empty,empty,empty
mp-2714429,Na2Ta2(SiO4)3,ok,ok,empty,empty,empty,ok,ok,ok,ok,ok,empty,empty,empty,empty
mp-2714431,Na14Zr4Ti4Si11SO48,ok,ok,empty,empty,empty,ok,ok,ok,ok,ok,empty,empty,empty,empty
mp-2714432,Na2Nb2(SiO4)3,ok,ok,empty,empty,empty,ok,ok,ok,ok,ok,empty,empty,empty,empty
mp-2714433,Na6CaSi4Sn3(SO12)2,ok,ok,empty,empty,empty,ok,ok,ok,ok,ok,empty,empty,empty,empty
mp-2714434,Na7Zr4Si5PO24,ok,ok,empty,empty,empty,ok,ok,ok,ok,ok,empty,empty,empty,empty
mp-2714435,Na4ZrZnSi2SO12,ok,ok,empty,empty,empty,ok,ok,ok,ok,ok,empty,empty,empty,empty
mp-2714436,Na4LaYSi(PO6)2,ok,ok,empty,empty,empty,ok,ok,ok,ok,ok,empty,empty,empty,empty
mp-2714437,Na3GaSi2GeSO12,ok,ok,empty,empty,empty,ok,ok,ok,ok,ok,empty,empty,empty,empty
mp-2714438,Na4CaTiSi(PO6)2,ok,ok,empty,empty,empty,ok,ok,ok,ok,ok,empty,empty,empty,empty
mp-2714439,Na7Sc2Ta2Si5PO24,ok,ok,empty,empty,empty,ok,ok,ok,ok,ok,empty,empty,empty,empty
mp-2714440,Na14Ta4Ga4Si11SO48,ok,ok,empty,empty,empty,ok,ok,ok,ok,ok,empty,empty,empty,empty
mp-2714441,Na12Mg4Nb2Si3(PO6)6,ok,ok,empty,empty,empty,ok,ok,ok,ok,ok,empty,empty,empty,empty
mp-2714442,Na2La2Y2SiS5O24,ok,ok,empty,empty,empty,ok,ok,ok,ok,ok,empty,empty,empty,empty
mp-2714443,Na4MgSiSn(PO6)2,ok,ok,empty,empty,empty,ok,ok,ok,ok,ok,empty,empty,empty,empty
mp-2714444,Na7Nb2Al2Si5PO24,ok,ok,empty,empty,empty,ok,ok,ok,ok,ok,empty,empty,empty,empty
mp-2714445,NaYGaP(SO6)2,ok,ok,empty,empty,empty,ok,ok,ok,ok,ok,empty,empty,empty,empty
mp-2714446,Na14Y4Nb4Si11SO48,ok,ok,empty,empty,empty,ok,ok,ok,ok,ok,empty,empty,empty,empty
mp-2714447,Na12Ta2Zn4Si6(SO12)3,ok,ok,empty,empty,empty,ok,ok,ok,ok,ok,empty,empty,empty,empty
mp-2714448,Na14Si11Sn4Ge4SO48,ok,ok,empty,empty,empty,ok,ok,ok,ok,ok,empty,empty,empty,empty
mp-2714449,Na3InSi2SnSO12,ok,ok,empty,empty,empty,ok,ok,ok,ok,ok,empty,empty,empty,empty
mp-2714450,Na3TiInSi2SO12,ok,ok,empty,empty,empty,ok,ok,ok,ok,ok,empty,empty,empty,empty
mp-2714451,Na3HfInSi2SO12,ok,ok,empty,empty,empty,ok,ok,ok,ok,ok,empty,empty,empty,empty
mp-2714452,Na7Ti2Si5Ge2PO24,ok,ok,empty,empty,empty,ok,ok,ok,ok,ok,empty,empty,empty,empty
mp-2714453,Na3CaNbSi2SO12,ok,ok,empty,empty,empty,ok,ok,ok,ok,ok,empty,empty,empty,empty
mp-2714454,Na6MgZr3Si4(SO12)2,ok,ok,empty,empty,empty,ok,ok,ok,ok,ok,empty,empty,empty,empty
mp-2714455,Na7Ca4P3(SO8)3,ok,ok,empty,empty,empty,ok,ok,ok,ok,ok,empty,empty,empty,empty
mp-2714456,Na14Hf4Ti4Si11SO48,ok,ok,empty,empty,empty,ok,ok,ok,ok,ok,empty,empty,empty,empty
mp-2714457,Na4YAlSi2SO12,ok,ok,empty,empty,empty,ok,ok,ok,ok,ok,empty,empty,empty,empty
mp-2714458,Na21Ca4Nb8Si15(PO24)3,ok,ok,empty,empty,empty,ok,ok,ok,ok,ok,empty,empty,empty,empty
mp-2714459,Na42Ca8Nb16Si33(SO48)3,ok,ok,empty,empty,empty,ok,ok,ok,ok,ok,empty,empty,empty,empty
mp-2714460,Na4ScGaSi2SO12,ok,ok,empty,empty,empty,ok,ok,ok,ok,ok,empty,empty,empty,empty
mp-2714461,Na4ScInSi2SO12,ok,ok,empty,empty,empty,ok,ok,ok,ok,ok,empty,empty,empty,empty
mp-2714462,Na4HfZnSi2SO12,ok,ok,empty,empty,empty,ok,ok,ok,ok,ok,empty,empty,empty,empty
mp-2714463,Na7Ca2Zn2P3(SO8)3,ok,ok,empty,empty,empty,ok,ok,ok,ok,ok,empty,empty,empty,empty
mp-2714464,NaCaZrP(SO6)2,ok,ok,empty,empty,empty,ok,ok,ok,ok,ok,empty,empty,empty,empty
mp-2714465,Na4CaSiSn(PO6)2,ok,ok,empty,empty,empty,ok,ok,ok,ok,ok,empty,empty,empty,empty
mp-2714466,Na4LaGaSi(PO6)2,ok,ok,empty,empty,empty,ok,ok,ok,ok,ok,empty,empty,empty,empty
mp-2714467,Na6MgTi3Si4(SO12)2,ok,ok,empty,empty,empty,ok,ok,ok,ok,ok,empty,empty,empty,empty
mp-2714468,Na3TaZnSi2SO12,ok,ok,empty,empty,empty,ok,ok,ok,ok,ok,empty,empty,empty,empty
mp-2714469,Na3LaSi2SnSO12,ok,ok,empty,empty,empty,ok,ok,ok,ok,ok,empty,empty,empty,empty
mp-2714470,Na4AlInSi(PO6)2,ok,ok,empty,empty,empty,ok,ok,ok,ok,ok,empty,empty,empty,empty
mp-2714471,Na6MgSi4Sn3(SO12)2,ok,ok,empty,empty,empty,ok,ok,ok,ok,ok,empty,empty,empty,empty
mp-2714472,Na4ScGaSi(PO6)2,ok,ok,empty,empty,empty,ok,ok,ok,ok,ok,empty,empty,empty,empty
mp-2714473,Na4Sc2Si(PO6)2,ok,ok,empty,empty,empty,ok,ok,ok,ok,ok,empty,empty,empty,empty
mp-2714474,NaLaAlP(SO6)2,ok,ok,empty,empty,empty,ok,ok,ok,ok,ok,empty,empty,empty,empty
mp-2714475,Na7Si5Sn2Ge2PO24,ok,ok,empty,empty,empty,ok,ok,ok,ok,ok,empty,empty,empty,empty
mp-2714476,Na6Sc3NbSi4(SO12)2,ok,ok,empty,empty,empty,ok,ok,ok,ok,ok,empty,empty,empty,empty
mp-2714477,Na4HfMgSi2SO12,ok,ok,empty,empty,empty,ok,ok,ok,ok,ok,empty,empty,empty,empty
mp-2714478,Na6MgSi4Ge3(SO12)2,ok,ok,empty,empty,empty,ok,ok,ok,ok,ok,empty,empty,empty,empty
mp-2714479,Na7Hf2Ti2Si5PO24,ok,ok,empty,empty,empty,ok,ok,ok,ok,ok,empty,empty,empty,empty
mp-2714480,Na12Mg4Ta2Si6(SO12)3,ok,ok,empty,empty,empty,ok,ok,ok,ok,ok,empty,empty,empty,empty
mp-2714481,Na14Y4Ta4Si11SO48,ok,ok,empty,empty,empty,ok,ok,ok,ok,ok,empty,empty,empty,empty
mp-2714482,Na3TiGaSi2SO12,ok,ok,empty,empty,empty,ok,ok,ok,ok,ok,empty,empty,empty,empty
mp-2714483,Na4Al2Si2SO12,ok,ok,empty,empty,empty,ok,ok,ok,ok,ok,empty,empty,empty,empty
mp-2714484,Na4LaInSi2SO12,ok,ok,empty,empty,empty,ok,ok,ok,ok,ok,empty,empty,empty,empty
mp-2714485,Na3HfGaSi2SO12,ok,ok,empty,empty,empty,ok,ok,ok,ok,ok,empty,empty,empty,empty
mp-2714486,Na4La2Si2SO12,ok,ok,empty,empty,empty,ok,ok,ok,ok,ok,empty,empty,empty,empty
mp-2714488,Na4CaZrSi(PO6)2,ok,ok,empty,empty,empty,ok,ok,ok,ok,ok,empty,empty,empty,empty
mp-2714489,Na2Ca2Zr2SiS5O24,ok,ok,empty,empty,empty,ok,ok,ok,ok,ok,empty,empty,empty,empty
mp-2714490,Na12Nb2Zn4Si3(PO6)6,ok,ok,empty,empty,empty,ok,ok,ok,ok,ok,empty,empty,empty,empty
mp-2714491,Na3LaHfSi2SO12,ok,ok,empty,empty,empty,ok,ok,ok,ok,ok,empty,empty,empty,empty
mp-2714492,Na4YGaSi(PO6)2,ok,ok,empty,empty,empty,ok,ok,ok,ok,ok,empty,empty,empty,empty
mp-2714493,Na7Mg4P3(SO8)3,ok,ok,empty,empty,empty,ok,ok,ok,ok,ok,empty,empty,empty,empty
mp-2714495,NaHfMgP(SO6)2,ok,ok,empty,empty,empty,ok,ok,ok,ok,ok,empty,empty,empty,empty
mp-2714496,Na14Zr4Si11Ge4SO48,ok,ok,empty,empty,empty,ok,ok,ok,ok,ok,empty,empty,empty,empty
mp-2714497,Na7Y2Nb2Si5PO24,ok,ok,empty,empty,empty,ok,ok,ok,ok,ok,empty,empty,empty,empty
mp-2714498,Na21Ca4Ta8Si15(PO24)3,ok,ok,empty,empty,empty,ok,ok,ok,ok,ok,empty,empty,empty,empty
mp-2714499,Na3ScSi2SnSO12,ok,ok,empty,empty,empty,ok,ok,ok,ok,ok,empty,empty,empty,empty
mp-2714500,Na7Ta2In2Si5PO24,ok,ok,empty,empty,empty,ok,ok,ok,ok,ok,empty,empty,empty,empty
mp-2714501,Na14Si11Ge8SO48,ok,ok,empty,empty,empty,ok,ok,ok,ok,ok,empty,empty,empty,empty
mp-2714502,Na14Hf8Si11SO48,ok,ok,empty,empty,empty,ok,ok,ok,ok,ok,empty,empty,empty,empty
mp-2714503,NaZnSnP(SO6)2,ok,ok,empty,empty,empty,ok,ok,ok,ok,ok,empty,empty,empty,empty
mp-2714505,Na3LaZrSi2SO12,ok,ok,empty,empty,empty,ok,ok,ok,ok,ok,empty,empty,empty,empty
mp-2714506,Na6La3NbSi4(SO12)2,ok,ok,empty,empty,empty,ok,ok,ok,ok,ok,empty,empty,empty,empty
mp-2714507,Na4YScSi2SO12,ok,ok,empty,empty,empty,ok,ok,ok,ok,ok,empty,empty,empty,empty
mp-2714508,Na7Hf2Zr2Si5PO24,ok,ok,empty,empty,empty,ok,ok,ok,ok,ok,empty,empty,empty,empty
mp-2714509,Na42Nb16Zn8Si33(SO48)3,ok,ok,empty,empty,empty,ok,ok,ok,ok,ok,empty,empty,empty,empty
mp-2714510,Na4In2Si(PO6)2,ok,ok,empty,empty,empty,ok,ok,ok,ok,ok,empty,empty,empty,empty
mp-2714511,Na4AlInSi2SO12,ok,ok,empty,empty,empty,ok,ok,ok,ok,ok,empty,empty,empty,empty
mp-2714512,Na21Ta8Zn4Si15(PO24)3,ok,ok,empty,empty,empty,ok,ok,ok,ok,ok,empty,empty,empty,empty
mp-2714513,Na3NbZnSi2SO12,ok,ok,empty,empty,empty,ok,ok,ok,ok,ok,empty,empty,empty,empty
mp-2714514,Na6CaTi3Si4(SO12)2,ok,ok,empty,empty,empty,ok,ok,ok,ok,ok,empty,empty,empty,empty
mp-2714515,Na7Hf2Si5Ge2PO24,ok,ok,empty,empty,empty,ok,ok,ok,ok,ok,empty,empty,empty,empty
mp-2714516,Na6ZnSi4Ge3(SO12)2,ok,ok,empty,empty,empty,ok,ok,ok,ok,ok,empty,empty,empty,empty
mp-2714517,NaLaGaP(SO6)2,ok,ok,empty,empty,empty,ok,ok,ok,ok,ok,empty,empty,empty,empty
mp-2714518,Na4Al2Si(PO6)2,ok,ok,empty,empty,empty,ok,ok,ok,ok,ok,empty,empty,empty,empty
mp-2714519,Na4YInSi(PO6)2,ok,ok,empty,empty,empty,ok,ok,ok,ok,ok,empty,empty,empty,empty
mp-2714520,Na2Ca2Ti2SiS5O24,ok,ok,empty,empty,empty,ok,ok,ok,ok,ok,empty,empty,empty,empty
mp-2714521,Na4LaInSi(PO6)2,ok,ok,empty,empty,empty,ok,ok,ok,ok,ok,empty,empty,empty,empty
mp-2714522,Na4ScInSi(PO6)2,ok,ok,empty,empty,empty,ok,ok,ok,ok,ok,empty,empty,empty,empty
mp-2714523,Na14Mg8Si3(S3O16)3,ok,ok,empty,empty,empty,ok,ok,ok,ok,ok,empty,empty,empty,empty
mp-2714524,NaLaInP(SO6)2,ok,ok,empty,empty,empty,ok,ok,ok,ok,ok,empty,empty,empty,empty
mp-2714525,Na3ScSi2GeSO12,ok,ok,empty,empty,empty,ok,ok,ok,ok,ok,empty,empty,empty,empty
mp-2714526,Na14La4Nb4Si11SO48,ok,ok,empty,empty,empty,ok,ok,ok,ok,ok,empty,empty,empty,empty
mp-2714527,Na7Ti4Si5PO24,ok,ok,empty,empty,empty,ok,ok,ok,ok,ok,empty,empty,empty,empty
mp-2714528,Na4LaScSi(PO6)2,ok,ok,empty,empty,empty,ok,ok,ok,ok,ok,empty,empty,empty,empty
mp-2714529,Na4InGaSi2SO12,ok,ok,empty,empty,empty,ok,ok,ok,ok,ok,empty,empty,empty,empty
mp-2714530,Na4ZnSi2GeSO12,ok,ok,empty,empty,empty,ok,ok,ok,ok,ok,empty,empty,empty,empty
mp-2714531,Na6Hf3MgSi4(SO12)2,ok,ok,empty,empty,empty,ok,ok,ok,ok,ok,empty,empty,empty,empty
mp-2714532,Na12Ca4Nb2Si6(SO12)3,ok,ok,empty,empty,empty,ok,ok,ok,ok,ok,empty,empty,empty,empty
mp-2714533,Na6Y3TaSi4(SO12)2,ok,ok,empty,empty,empty,ok,ok,ok,ok,ok,empty,empty,empty,empty
mp-2714534,Na3HfAlSi2SO12,ok,ok,empty,empty,empty,ok,ok,ok,ok,ok,empty,empty,empty,empty
mp-2714535,Na3ZrScSi2SO12,ok,ok,empty,empty,empty,ok,ok,ok,ok,ok,empty,empty,empty,empty
mp-2714536,Na6ZnSi4Sn3(SO12)2,ok,ok,empty,empty,empty,ok,ok,ok,ok,ok,empty,empty,empty,empty
mp-2714537,Na6Zr3ZnSi4(SO12)2,ok,ok,empty,empty,empty,ok,ok,ok,ok,ok,empty,empty,empty,empty
mp-2714538,Na4Ga2Si(PO6)2,ok,ok,empty,empty,empty,ok,ok,ok,ok,ok,empty,empty,empty,empty
mp-2714539,Na4MgTiSi2SO12,ok,ok,empty,empty,empty,ok,ok,ok,ok,ok,empty,empty,empty,empty
mp-2714540,Na3YHfSi2SO12,ok,ok,empty,empty,empty,ok,ok,ok,ok,ok,empty,empty,empty,empty
mp-2714541,Na3Ca4Nb2P3(SO6)6,ok,ok,empty,empty,empty,ok,ok,ok,ok,ok,empty,empty,empty,empty
mp-2714542,Na12Ca4Nb2Si3(PO6)6,ok,ok,empty,empty,empty,ok,ok,ok,ok,ok,empty,empty,empty,empty
mp-2714543,Na7Y2Ta2Si5PO24,ok,ok,empty,empty,empty,ok,ok,ok,ok,ok,empty,empty,empty,empty
mp-2714544,NaY2P(SO6)2,ok,ok,empty,empty,empty,ok,ok,ok,ok,ok,empty,empty,empty,empty
mp-2714545,Na4YAlSi(PO6)2,ok,ok,empty,empty,empty,ok,ok,ok,ok,ok,empty,empty,empty,empty
mp-2714546,Na3MgTaSi2SO12,ok,ok,empty,empty,empty,ok,ok,ok,ok,ok,empty,empty,empty,empty
mp-2714547,Na2Y2Al2SiS5O24,ok,ok,empty,empty,empty,ok,ok,ok,ok,ok,empty,empty,empty,empty
mp-2714548,Na2Y4SiS5O24,ok,ok,empty,empty,empty,ok,ok,ok,ok,ok,empty,empty,empty,empty
mp-2714549,Na6Ca4SiS5O24,ok,ok,empty,empty,empty,ok,ok,ok,ok,ok,empty,empty,empty,empty
mp-2714550,Na4AlGaSi(PO6)2,ok,ok,empty,empty,empty,ok,ok,ok,ok,ok,empty,empty,empty,empty
mp-2714553,Na12Ca4Ta2Si6(SO12)3,ok,ok,empty,empty,empty,ok,ok,ok,ok,ok,empty,empty,empty,empty
mp-2714554,Na14Mg4Zn4Si3(S3O16)3,ok,ok,empty,empty,empty,ok,ok,ok,ok,ok,empty,empty,empty,empty
mp-2714555,Na14Ca4Mg4Si3(S3O16)3,ok,ok,empty,empty,empty,ok,ok,ok,ok,ok,empty,empty,empty,empty
mp-2714556,Na4InGaSi(PO6)2,ok,ok,empty,empty,empty,ok,ok,ok,ok,ok,empty,empty,empty,empty
mp-2714558,Na4Y2Si(PO6)2,ok,ok,empty,empty,empty,ok,ok,ok,ok,ok,empty,empty,empty,empty
mp-2714559,Na14Nb4Al4Si11SO48,ok,ok,empty,empty,empty,ok,ok,ok,ok,ok,empty,empty,empty,empty
mp-2714560,Na6Ta4Nb4Si11SO48,ok,ok,empty,empty,empty,ok,ok,ok,ok,ok,empty,empty,empty,empty
mp-2714561,Na3CaZnP(SO6)2,ok,ok,empty,empty,empty,ok,ok,ok,ok,ok,empty,empty,empty,empty
mp-2714562,Na3AlSi2SnSO12,ok,ok,empty,empty,empty,ok,ok,ok,ok,ok,empty,empty,empty,empty
mp-2714563,Na14Ti8Si11SO48,ok,ok,empty,empty,empty,ok,ok,ok,ok,ok,empty,empty,empty,empty
mp-2714564,Na6CaSi4Ge3(SO12)2,ok,ok,empty,empty,empty,ok,ok,ok,ok,ok,empty,empty,empty,empty
mp-2714565,NaCaTiP(SO6)2,ok,ok,empty,empty,empty,ok,ok,ok,ok,ok,empty,empty,empty,empty
mp-2714566,Na4YInSi2SO12,ok,ok,empty,empty,empty,ok,ok,ok,ok,ok,empty,empty,empty,empty
mp-2714567,Na3ZrInSi2SO12,ok,ok,empty,empty,empty,ok,ok,ok,ok,ok,empty,empty,empty,empty
mp-2714568,Na4CaSi2GeSO12,ok,ok,empty,empty,empty,ok,ok,ok,ok,ok,empty,empty,empty,empty
mp-2714569,Na4CaHfSi2SO12,ok,ok,empty,empty,empty,ok,ok,ok,ok,ok,empty,empty,empty,empty
mp-2714570,Na4ZnSi2SnSO12,ok,ok,empty,empty,empty,ok,ok,ok,ok,ok,empty,empty,empty,empty
mp-2714571,Na7Ta2Ga2Si5PO24,ok,ok,empty,empty,empty,ok,ok,ok,ok,ok,empty,empty,empty,empty
mp-2714572,Na14Hf4Si11Sn4SO48,ok,ok,empty,empty,empty,ok,ok,ok,ok,ok,empty,empty,empty,empty
mp-2714573,Na2Ga4SiS5O24,ok,ok,empty,empty,empty,ok,ok,ok,ok,ok,empty,empty,empty,empty
mp-2714574,NaYScP(SO6)2,ok,ok,empty,empty,empty,ok,ok,ok,ok,ok,empty,empty,empty,empty
mp-2714575,Na2Al2Ga2SiS5O24,ok,ok,empty,empty,empty,ok,ok,ok,ok,ok,empty,empty,empty,empty
mp-2714576,Na6Sc3TaSi4(SO12)2,ok,ok,empty,empty,empty,ok,ok,ok,ok,ok,empty,empty,empty,empty
mp-2714577,Na3Ta2Nb2Si5PO24,ok,ok,empty,empty,empty,ok,ok,ok,ok,ok,empty,empty,empty,empty
mp-2714578,Na14Sc4Ta4Si11SO48,ok,ok,empty,empty,empty,ok,ok,ok,ok,ok,empty,empty,empty,empty
mp-2714579,Na3LaTiSi2SO12,ok,ok,empty,empty,empty,ok,ok,ok,ok,ok,empty,empty,empty,empty
mp-2714580,Na3CaTaSi2SO12,ok,ok,empty,empty,empty,ok,ok,ok,ok,ok,empty,empty,empty,empty
mp-2714581,Na6Ta8Si11SO48,ok,ok,empty,empty,empty,ok,ok,ok,ok,ok,empty,empty,empty,empty
mp-2714582,NaLaYP(SO6)2,ok,ok,empty,empty,empty,ok,ok,ok,ok,ok,empty,empty,empty,empty
mp-2714583,Na7Ta2Al2Si5PO24,ok,ok,empty,empty,empty,ok,ok,ok,ok,ok,empty,empty,empty,empty
mp-2714584,Na3YSi2SnSO12,ok,ok,empty,empty,empty,ok,ok,ok,ok,ok,empty,empty,empty,empty
mp-2714585,NaTiZnP(SO6)2,ok,ok,empty,empty,empty,ok,ok,ok,ok,ok,empty,empty,empty,empty
mp-2714586,NaHfZnP(SO6)2,ok,ok,empty,empty,empty,ok,ok,ok,ok,ok,empty,empty,empty,empty
mp-2714588,Na12Mg4Ta2Si3(PO6)6,ok,ok,empty,empty,empty,ok,ok,ok,ok,ok,empty,empty,empty,empty
mp-2714589,Na14Nb4In4Si11SO48,ok,ok,empty,empty,empty,ok,ok,ok,ok,ok,empty,empty,empty,empty
mp-2714590,Na4LaScSi2SO12,ok,ok,empty,empty,empty,ok,ok,ok,ok,ok,empty,empty,empty,empty
mp-2714591,Na7Si5Sn4PO24,ok,ok,empty,empty,empty,ok,ok,ok,ok,ok,empty,empty,empty,empty
mp-2714592,Na4HfMgSi(PO6)2,ok,ok,empty,empty,empty,ok,ok,ok,ok,ok,empty,empty,empty,empty
mp-2714593,Na14Zn8Si3(S3O16)3,ok,ok,empty,empty,empty,ok,ok,ok,ok,ok,empty,empty,empty,empty
mp-2714594,Na4MgSiGe(PO6)2,ok,ok,empty,empty,empty,ok,ok,ok,ok,ok,empty,empty,empty,empty
mp-2714595,NaScAlP(SO6)2,ok,ok,empty,empty,empty,ok,ok,ok,ok,ok,empty,empty,empty,empty
mp-2714596,Na4In2Si2SO12,ok,ok,empty,empty,empty,ok,ok,ok,ok,ok,empty,empty,empty,empty
mp-2714597,Na4TiZnSi2SO12,ok,ok,empty,empty,empty,ok,ok,ok,ok,ok,empty,empty,empty,empty
mp-2714598,Na14Hf4Si11Ge4SO48,ok,ok,empty,empty,empty,ok,ok,ok,ok,ok,empty,empty,empty,empty
mp-2714599,Na7Ca2Mg2P3(SO8)3,ok,ok,empty,empty,empty,ok,ok,ok,ok,ok,empty,empty,empty,empty
mp-2714600,Na4MgSi2SnSO12,ok,ok,empty,empty,empty,ok,ok,ok,ok,ok,empty,empty,empty,empty
mp-2714601,Na4HfZnSi(PO6)2,ok,ok,empty,empty,empty,ok,ok,ok,ok,ok,empty,empty,empty,empty
mp-2714602,Na7La2Nb2Si5PO24,ok,ok,empty,empty,empty,ok,ok,ok,ok,ok,empty,empty,empty,empty
mp-2714603,Na2Sc2In2SiS5O24,ok,ok,empty,empty,empty,ok,ok,ok,ok,ok,empty,empty,empty,empty
mp-2714604,NaCaSnP(SO6)2,ok,ok,empty,empty,empty,ok,ok,ok,ok,ok,empty,empty,empty,empty
mp-2714606,Na7Zn4P3(SO8)3,ok,ok,empty,empty,empty,ok,ok,ok,ok,ok,empty,empty,empty,empty
mp-2714607,NaScInP(SO6)2,ok,ok,empty,empty,empty,ok,ok,ok,ok,ok,empty,empty,empty,empty
mp-2714608,Na4CaZrSi2SO12,ok,ok,empty,empty,empty,ok,ok,ok,ok,ok,empty,empty,empty,empty
mp-2714609,Na2Mg2Ti2SiS5O24,ok,ok,empty,empty,empty,ok,ok,ok,ok,ok,empty,empty,empty,empty
mp-2714610,Na7Mg2Zn2P3(SO8)3,ok,ok,empty,empty,empty,ok,ok,ok,ok,ok,empty,empty,empty,empty
mp-2714611,Na12Ta2Zn4Si3(PO6)6,ok,ok,empty,empty,empty,ok,ok,ok,ok,ok,empty,empty,empty,empty
mp-2714612,Na2Ti2Zn2SiS5O24,ok,ok,empty,empty,empty,ok,ok,ok,ok,ok,empty,empty,empty,empty
mp-2714613,Na6Hf3ZnSi4(SO12)2,ok,ok,empty,empty,empty,ok,ok,ok,ok,ok,empty,empty,empty,empty
mp-2714614,Na3ZrGaSi2SO12,ok,ok,empty,empty,empty,ok,ok,ok,ok,ok,empty,empty,empty,empty
mp-2714615,Na2Zr2Zn2SiS5O24,ok,ok,empty,empty,empty,ok,ok,ok,ok,ok,empty,empty,empty,empty
mp-2714616,Na7Zr2Ti2Si5PO24,ok,ok,empty,empty,empty,ok,ok,ok,ok,ok,empty,empty,empty,empty
mp-2714617,Na4YGaSi2SO12,ok,ok,empty,empty,empty,ok,ok,ok,ok,ok,empty,empty,empty,empty
mp-2714618,Na7Si5Ge4PO24,ok,ok,empty,empty,empty,ok,ok,ok,ok,ok,empty,empty,empty,empty
mp-2714619,Na4ScAlSi(PO6)2,ok,ok,empty,empty,empty,ok,ok,ok,ok,ok,empty,empty,empty,empty
mp-2714621,Na14Mg2Si9Ge6(SO16)3,ok,ok,empty,empty,empty,ok,ok,ok,ok,ok,empty,empty,empty,empty
mp-2714622,Na6Nb3Ga5Si6(SO8)6,ok,ok,empty,empty,empty,ok,ok,ok,ok,ok,empty,empty,empty,empty
mp-2714623,Na7Ti2Al2Si3(PO8)3,ok,ok,empty,empty,empty,ok,ok,ok,ok,ok,empty,empty,empty,empty
mp-2714624,Na6Sc5Ta3(PO4)12,ok,ok,empty,empty,empty,ok,ok,ok,ok,ok,empty,empty,empty,empty
mp-2714625,Na5Mg2Al2P3(SO8)3,ok,ok,empty,empty,empty,ok,ok,ok,ok,ok,empty,empty,empty,empty
mp-2714627,Na7Hf3ZnSi3(PO8)3,ok,ok,empty,empty,empty,ok,ok,ok,ok,ok,empty,empty,empty,empty
mp-2714628,Na3Ti3GaSi3(SO8)3,ok,ok,empty,empty,empty,ok,ok,ok,ok,ok,empty,empty,empty,empty
mp-2714629,Na6CaSi6Ge7(SO8)6,ok,ok,empty,empty,empty,ok,ok,ok,ok,ok,empty,empty,empty,empty
mp-2714630,NaCaSc3(SO4)6,ok,ok,empty,empty,empty,ok,ok,ok,ok,ok,empty,empty,empty,empty
mp-2714631,Na14Ti4In4Si9(SO16)3,ok,ok,empty,empty,empty,ok,ok,ok,ok,ok,empty,empty,empty,empty
mp-2714632,Na5Ca2Ga2P3(SO8)3,ok,ok,empty,empty,empty,ok,ok,ok,ok,ok,empty,empty,empty,empty
mp-2714633,Na7MgTi3Si3(PO8)3,ok,ok,empty,empty,empty,ok,ok,ok,ok,ok,empty,empty,empty,empty
mp-2714634,Na7Al2Si3Ge2(PO8)3,ok,ok,empty,empty,empty,ok,ok,ok,ok,ok,empty,empty,empty,empty
mp-2714635,Na14Ca2Si9Sn6(SO16)3,ok,ok,empty,empty,empty,ok,ok,ok,ok,ok,empty,empty,empty,empty
mp-2714636,Na2Mg5Ge3(SO4)12,ok,ok,empty,empty,empty,ok,ok,ok,ok,ok,empty,empty,empty,empty
mp-2714637,Na3LaSi3Sn3(SO8)3,ok,ok,empty,empty,empty,ok,ok,ok,ok,ok,empty,empty,empty,empty
mp-2714638,Na6MgSn7(PO4)12,ok,ok,empty,empty,empty,ok,ok,ok,ok,ok,empty,empty,empty,empty
mp-2714639,Na7Hf2Sc2Si3(PO8)3,ok,ok,empty,empty,empty,ok,ok,ok,ok,ok,empty,empty,empty,empty
mp-2714640,NaTaZn3(SO4)6,ok,ok,empty,empty,empty,ok,ok,ok,ok,ok,empty,empty,empty,empty
mp-2714641,Na3YZr3Si3(SO8)3,ok,ok,empty,empty,empty,ok,ok,ok,ok,ok,empty,empty,empty,empty
mp-2714642,Na2Mg5Sn3(SO4)12,ok,ok,empty,empty,empty,ok,ok,ok,ok,ok,empty,empty,empty,empty
mp-2714643,Na3YTi3(PO4)6,ok,ok,empty,empty,empty,ok,ok,ok,ok,ok,empty,empty,empty,empty
mp-2714644,Na3Hf3AlSi3(SO8)3,ok,ok,empty,empty,empty,ok,ok,ok,ok,ok,empty,empty,empty,empty
mp-2714645,Na5HfMg3P3(SO8)3,ok,ok,empty,empty,empty,ok,ok,ok,ok,ok,empty,empty,empty,empty
mp-2714646,Na14Mg2Ti6Si9(SO16)3,ok,ok,empty,empty,empty,ok,ok,ok,ok,ok,empty,empty,empty,empty
mp-2714647,Na9Mg5Ta7(PO4)18,ok,ok,empty,empty,empty,ok,ok,ok,ok,ok,empty,empty,empty,empty
mp-2714648,Na6Ti7ZnSi6(SO8)6,ok,ok,empty,empty,empty,ok,ok,ok,ok,ok,empty,empty,empty,empty
mp-2714649,Na7Y2Si3Sn2(PO8)3,ok,ok,empty,empty,empty,ok,ok,ok,ok,ok,empty,empty,empty,empty
mp-2714650,Na30Mg20Ta4Si9(S3O16)9,ok,ok,empty,empty,empty,ok,ok,ok,ok,ok,empty,empty,empty,empty
mp-2714651,Na6MgTi7(PO4)12,ok,ok,empty,empty,empty,ok,ok,ok,ok,ok,empty,empty,empty,empty
mp-2714652,Na2MgZn(SO4)3,ok,ok,empty,empty,empty,ok,ok,ok,ok,ok,empty,empty,empty,empty
mp-2714653,Na14Ca2Zr6Si9(SO16)3,ok,ok,empty,empty,empty,ok,ok,ok,ok,ok,empty,empty,empty,empty
mp-2714654,Na14Hf4In4Si9(SO16)3,ok,ok,empty,empty,empty,ok,ok,ok,ok,ok,empty,empty,empty,empty
mp-2714655,Na3YHf3(PO4)6,ok,ok,empty,empty,empty,ok,ok,ok,ok,ok,empty,empty,empty,empty
mp-2714656,Na2Mg5Ti3(SO4)12,ok,ok,empty,empty,empty,ok,ok,ok,ok,ok,empty,empty,empty,empty
mp-2714657,Na9Ca5Ta7(PO4)18,ok,ok,empty,empty,empty,ok,ok,ok,ok,ok,empty,empty,empty,empty
mp-2714658,Na5Zn3GeP3(SO8)3,ok,ok,empty,empty,empty,ok,ok,ok,ok,ok,empty,empty,empty,empty
mp-2714659,Na14In4Si9Sn4(SO16)3,ok,ok,empty,empty,empty,ok,ok,ok,ok,ok,empty,empty,empty,empty
mp-2714660,Na7Y3TaSi3(PO8)3,ok,ok,empty,empty,empty,ok,ok,ok,ok,ok,empty,empty,empty,empty
mp-2714662,Na5Ca2In2P3(SO8)3,ok,ok,empty,empty,empty,ok,ok,ok,ok,ok,empty,empty,empty,empty
mp-2714663,Na3Ti3Ga(PO4)6,ok,ok,empty,empty,empty,ok,ok,ok,ok,ok,empty,empty,empty,empty
mp-2714664,Na10Ti2Zn6Si3(S3O16)3,ok,ok,empty,empty,empty,ok,ok,ok,ok,ok,empty,empty,empty,empty
mp-2714665,Na3LaHf3(PO4)6,ok,ok,empty,empty,empty,ok,ok,ok,ok,ok,empty,empty,empty,empty
mp-2714666,Na3Zr3ScSi3(SO8)3,ok,ok,empty,empty,empty,ok,ok,ok,ok,ok,empty,empty,empty,empty
mp-2714667,Na10La4Zn4Si3(S3O16)3,ok,ok,empty,empty,empty,ok,ok,ok,ok,ok,empty,empty,empty,empty
mp-2714668,Na30Ca20Nb4Si9(S3O16)9,ok,ok,empty,empty,empty,ok,ok,ok,ok,ok,empty,empty,empty,empty
mp-2714669,Na15Ta2Zn10P9(SO8)9,ok,ok,empty,empty,empty,ok,ok,ok,ok,ok,empty,empty,empty,empty
mp-2714670,Na6Nb3In5Si6(SO8)6,ok,ok,empty,empty,empty,ok,ok,ok,ok,ok,empty,empty,empty,empty
mp-2714671,Na9Nb7Zn5Si9(SO8)9,ok,ok,empty,empty,empty,ok,ok,ok,ok,ok,empty,empty,empty,empty
mp-2714672,Na6Sc5Ta3Si6(SO8)6,ok,ok,empty,empty,empty,ok,ok,ok,ok,ok,empty,empty,empty,empty
mp-2714673,Na3Ti3AlSi3(SO8)3,ok,ok,empty,empty,empty,ok,ok,ok,ok,ok,empty,empty,empty,empty
mp-2714674,Na14Ca2Si9Ge6(SO16)3,ok,ok,empty,empty,empty,ok,ok,ok,ok,ok,empty,empty,empty,empty
mp-2714675,Na6CaZr7Si6(SO8)6,ok,ok,empty,empty,empty,ok,ok,ok,ok,ok,empty,empty,empty,empty
mp-2714676,Na10Ca4Sc4Si3(S3O16)3,ok,ok,empty,empty,empty,ok,ok,ok,ok,ok,empty,empty,empty,empty
mp-2714677,Na14Zr4Sc4Si9(SO16)3,ok,ok,empty,empty,empty,ok,ok,ok,ok,ok,empty,empty,empty,empty
mp-2714678,Na3YSn3(PO4)6,ok,ok,empty,empty,empty,ok,ok,ok,ok,ok,empty,empty,empty,empty
mp-2714679,Na7Hf3MgSi3(PO8)3,ok,ok,empty,empty,empty,ok,ok,ok,ok,ok,empty,empty,empty,empty
mp-2714680,Na10Zn4Ga4Si3(S3O16)3,ok,ok,empty,empty,empty,ok,ok,ok,ok,ok,empty,empty,empty,empty
mp-2714681,Na6Sc5Nb3Si6(SO8)6,ok,ok,empty,empty,empty,ok,ok,ok,ok,ok,empty,empty,empty,empty
mp-2714682,Na5TiZn3P3(SO8)3,ok,ok,empty,empty,empty,ok,ok,ok,ok,ok,empty,empty,empty,empty
mp-2714683,Na3AlGe3(PO4)6,ok,ok,empty,empty,empty,ok,ok,ok,ok,ok,empty,empty,empty,empty
mp-2714684,Na7Hf2Ga2Si3(PO8)3,ok,ok,empty,empty,empty,ok,ok,ok,ok,ok,empty,empty,empty,empty
mp-2714685,Na10Mg4Al4Si3(S3O16)3,ok,ok,empty,empty,empty,ok,ok,ok,ok,ok,empty,empty,empty,empty
mp-2714686,Na7La2Ti2Si3(PO8)3,ok,ok,empty,empty,empty,ok,ok,ok,ok,ok,empty,empty,empty,empty
mp-2714687,Na2Ti3Zn5(SO4)12,ok,ok,empty,empty,empty,ok,ok,ok,ok,ok,empty,empty,empty,empty
mp-2714688,Na6ZnSi6Sn7(SO8)6,ok,ok,empty,empty,empty,ok,ok,ok,ok,ok,empty,empty,empty,empty
mp-2714689,NaZnGa3(SO4)6,ok,ok,empty,empty,empty,ok,ok,ok,ok,ok,empty,empty,empty,empty
mp-2714690,Na14Zr4Al4Si9(SO16)3,ok,ok,empty,empty,empty,ok,ok,ok,ok,ok,empty,empty,empty,empty
mp-2714691,NaCaIn3(SO4)6,ok,ok,empty,empty,empty,ok,ok,ok,ok,ok,empty,empty,empty,empty
mp-2714692,Na5Mg2Sc2P3(SO8)3,ok,ok,empty,empty,empty,ok,ok,ok,ok,ok,empty,empty,empty,empty
mp-2714693,Na10Y4Mg4Si3(S3O16)3,ok,ok,empty,empty,empty,ok,ok,ok,ok,ok,empty,empty,empty,empty
mp-2714694,Na2Zn2(SO4)3,ok,ok,empty,empty,empty,ok,ok,ok,ok,ok,empty,empty,empty,empty
mp-2714695,Na6MgZr7Si6(SO8)6,ok,ok,empty,empty,empty,ok,ok,ok,ok,ok,empty,empty,empty,empty
mp-2714696,Na3AlSn3(PO4)6,ok,ok,empty,empty,empty,ok,ok,ok,ok,ok,empty,empty,empty,empty
mp-2714697,Na7CaZr3Si3(PO8)3,ok,ok,empty,empty,empty,ok,ok,ok,ok,ok,empty,empty,empty,empty
mp-2714698,Na3LaSn3(PO4)6,ok,ok,empty,empty,empty,ok,ok,ok,ok,ok,empty,empty,empty,empty
mp-2714699,Na3YSi3Ge3(SO8)3,ok,ok,empty,empty,empty,ok,ok,ok,ok,ok,empty,empty,empty,empty
mp-2714700,Na7Mg2Ta2Si3(PO8)3,ok,ok,empty,empty,empty,ok,ok,ok,ok,ok,empty,empty,empty,empty
mp-2714701,Na5HfZn3P3(SO8)3,ok,ok,empty,empty,empty,ok,ok,ok,ok,ok,empty,empty,empty,empty
mp-2714703,NaLa3Zn(SO4)6,ok,ok,empty,empty,empty,ok,ok,ok,ok,ok,empty,empty,empty,empty
mp-2714704,Na3Hf3InSi3(SO8)3,ok,ok,empty,empty,empty,ok,ok,ok,ok,ok,empty,empty,empty,empty
mp-2714705,Na9Mg5Nb7Si9(SO8)9,ok,ok,empty,empty,empty,ok,ok,ok,ok,ok,empty,empty,empty,empty
mp-2714706,Na6Ti7Zn(PO4)12,ok,ok,empty,empty,empty,ok,ok,ok,ok,ok,empty,empty,empty,empty
mp-2714707,NaAl3Zn(SO4)6,ok,ok,empty,empty,empty,ok,ok,ok,ok,ok,empty,empty,empty,empty
mp-2714708,Na10La4Mg4Si3(S3O16)3,ok,ok,empty,empty,empty,ok,ok,ok,ok,ok,empty,empty,empty,empty
mp-2714709,Na7MgSi3Sn3(PO8)3,ok,ok,empty,empty,empty,ok,ok,ok,ok,ok,empty,empty,empty,empty
mp-2714710,Na7Y3NbSi3(PO8)3,ok,ok,empty,empty,empty,ok,ok,ok,ok,ok,empty,empty,empty,empty
mp-2714711,Na2Ca5Ti3(SO4)12,ok,ok,empty,empty,empty,ok,ok,ok,ok,ok,empty,empty,empty,empty
mp-2714712,Na5Mg3ZrP3(SO8)3,ok,ok,empty,empty,empty,ok,ok,ok,ok,ok,empty,empty,empty,empty
mp-2714713,Na14Hf4Ga4Si9(SO16)3,ok,ok,empty,empty,empty,ok,ok,ok,ok,ok,empty,empty,empty,empty
mp-2714714,Na9Ca5Nb7Si9(SO8)9,ok,ok,empty,empty,empty,ok,ok,ok,ok,ok,empty,empty,empty,empty
mp-2714715,Na6Ta3Ga5(PO4)12,ok,ok,empty,empty,empty,ok,ok,ok,ok,ok,empty,empty,empty,empty
mp-2714716,Na2Hf3Mg5(SO4)12,ok,ok,empty,empty,empty,ok,ok,ok,ok,ok,empty,empty,empty,empty
mp-2714717,Na14Ti6Zn2Si9(SO16)3,ok,ok,empty,empty,empty,ok,ok,ok,ok,ok,empty,empty,empty,empty
mp-2714718,Na6MgTi7Si6(SO8)6,ok,ok,empty,empty,empty,ok,ok,ok,ok,ok,empty,empty,empty,empty
mp-2714719,Na3YHf3Si3(SO8)3,ok,ok,empty,empty,empty,ok,ok,ok,ok,ok,empty,empty,empty,empty
mp-2714720,Na5Mg3GeP3(SO8)3,ok,ok,empty,empty,empty,ok,ok,ok,ok,ok,empty,empty,empty,empty
mp-2714721,Na5Ca2Al2P3(SO8)3,ok,ok,empty,empty,empty,ok,ok,ok,ok,ok,empty,empty,empty,empty
mp-2714722,NaMgGa3(SO4)6,ok,ok,empty,empty,empty,ok,ok,ok,ok,ok,empty,empty,empty,empty
mp-2714723,Na3LaHf3Si3(SO8)3,ok,ok,empty,empty,empty,ok,ok,ok,ok,ok,empty,empty,empty,empty
mp-2714724,Na2CaMg(SO4)3,ok,ok,empty,empty,empty,ok,ok,ok,ok,ok,empty,empty,empty,empty
mp-2714725,Na6CaGe7(PO4)12,ok,ok,empty,empty,empty,ok,ok,ok,ok,ok,empty,empty,empty,empty
mp-2714726,Na10Mg4In4Si3(S3O16)3,ok,ok,empty,empty,empty,ok,ok,ok,ok,ok,empty,empty,empty,empty
mp-2714727,Na6Hf7ZnSi6(SO8)6,ok,ok,empty,empty,empty,ok,ok,ok,ok,ok,empty,empty,empty,empty
mp-2714728,Na7La2Hf2Si3(PO8)3,ok,ok,empty,empty,empty,ok,ok,ok,ok,ok,empty,empty,empty,empty
mp-2714729,Na6ZnSn7(PO4)12,ok,ok,empty,empty,empty,ok,ok,ok,ok,ok,empty,empty,empty,empty
mp-2714730,Na7Y2Ti2Si3(PO8)3,ok,ok,empty,empty,empty,ok,ok,ok,ok,ok,empty,empty,empty,empty
mp-2714731,Na3YSi3Sn3(SO8)3,ok,ok,empty,empty,empty,ok,ok,ok,ok,ok,empty,empty,empty,empty
mp-2714732,Na3LaTi3(PO4)6,ok,ok,empty,empty,empty,ok,ok,ok,ok,ok,empty,empty,empty,empty
mp-2714733,Na7Ga2Si3Sn2(PO8)3,ok,ok,empty,empty,empty,ok,ok,ok,ok,ok,empty,empty,empty,empty
mp-2714734,Na14Mg2Zr6Si9(SO16)3,ok,ok,empty,empty,empty,ok,ok,ok,ok,ok,empty,empty,empty,empty
mp-2714735,Na7Sc3TaSi3(PO8)3,ok,ok,empty,empty,empty,ok,ok,ok,ok,ok,empty,empty,empty,empty
mp-2714736,NaLa3Mg(SO4)6,ok,ok,empty,empty,empty,ok,ok,ok,ok,ok,empty,empty,empty,empty
mp-2714737,Na6Nb3Al5(PO4)12,ok,ok,empty,empty,empty,ok,ok,ok,ok,ok,empty,empty,empty,empty
mp-2714738,Na9Ta7Zn5Si9(SO8)9,ok,ok,empty,empty,empty,ok,ok,ok,ok,ok,empty,empty,empty,empty
mp-2714739,Na14Nb4Zn4Si9(SO16)3,ok,ok,empty,empty,empty,ok,ok,ok,ok,ok,empty,empty,empty,empty
mp-2714740,Na7Ca2Nb2Si3(PO8)3,ok,ok,empty,empty,empty,ok,ok,ok,ok,ok,empty,empty,empty,empty
mp-2714741,Na3ScTi3Si3(SO8)3,ok,ok,empty,empty,empty,ok,ok,ok,ok,ok,empty,empty,empty,empty
mp-2714742,Na14Y6Nb2Si9(SO16)3,ok,ok,empty,empty,empty,ok,ok,ok,ok,ok,empty,empty,empty,empty
mp-2714743,Na7Y2Zr2Si3(PO8)3,ok,ok,empty,empty,empty,ok,ok,ok,ok,ok,empty,empty,empty,empty
mp-2714744,Na2Zr3Zn5(SO4)12,ok,ok,empty,empty,empty,ok,ok,ok,ok,ok,empty,empty,empty,empty
mp-2714745,Na3Ti3In(PO4)6,ok,ok,empty,empty,empty,ok,ok,ok,ok,ok,empty,empty,empty,empty
mp-2714746,Na6Sc5Nb3(PO4)12,ok,ok,empty,empty,empty,ok,ok,ok,ok,ok,empty,empty,empty,empty
mp-2714747,NaCaAl3(SO4)6,ok,ok,empty,empty,empty,ok,ok,ok,ok,ok,empty,empty,empty,empty
mp-2714748,Na30Mg20Nb4Si9(S3O16)9,ok,ok,empty,empty,empty,ok,ok,ok,ok,ok,empty,empty,empty,empty
mp-2714749,Na6Y5Ta3Si6(SO8)6,ok,ok,empty,empty,empty,ok,ok,ok,ok,ok,empty,empty,empty,empty
mp-2714750,Na14Nb2Ga6Si9(SO16)3,ok,ok,empty,empty,empty,ok,ok,ok,ok,ok,empty,empty,empty,empty
mp-2714751,Na7Ti2Ga2Si3(PO8)3,ok,ok,empty,empty,empty,ok,ok,ok,ok,ok,empty,empty,empty,empty
mp-2714752,Na3Hf3In(PO4)6,ok,ok,empty,empty,empty,ok,ok,ok,ok,ok,empty,empty,empty,empty
mp-2714755,NaMgAl3(SO4)6,ok,ok,empty,empty,empty,ok,ok,ok,ok,ok,empty,empty,empty,empty
mp-2714756,Na30Ta4Zn20Si9(S3O16)9,ok,ok,empty,empty,empty,ok,ok,ok,ok,ok,empty,empty,empty,empty
mp-2714757,NaCaY3(SO4)6,ok,ok,empty,empty,empty,ok,ok,ok,ok,ok,empty,empty,empty,empty
mp-2714758,Na5Zn2Ga2P3(SO8)3,ok,ok,empty,empty,empty,ok,ok,ok,ok,ok,empty,empty,empty,empty
mp-2714759,Na5Zn2In2P3(SO8)3,ok,ok,empty,empty,empty,ok,ok,ok,ok,ok,empty,empty,empty,empty
mp-2714760,Na10Hf2Zn6Si3(S3O16)3,ok,ok,empty,empty,empty,ok,ok,ok,ok,ok,empty,empty,empty,empty
mp-2714761,Na14Nb2In6Si9(SO16)3,ok,ok,empty,empty,empty,ok,ok,ok,ok,ok,empty,empty,empty,empty
mp-2714762,Na3LaGe3(PO4)6,ok,ok,empty,empty,empty,ok,ok,ok,ok,ok,empty,empty,empty,empty
mp-2714763,Na3YZr3(PO4)6,ok,ok,empty,empty,empty,ok,ok,ok,ok,ok,empty,empty,empty,empty
mp-2714764,Na14Y6Ta2Si9(SO16)3,ok,ok,empty,empty,empty,ok,ok,ok,ok,ok,empty,empty,empty,empty
mp-2714765,Na5Ca2La2P3(SO8)3,ok,ok,empty,empty,empty,ok,ok,ok,ok,ok,empty,empty,empty,empty
mp-2714766,Na3Zr3AlSi3(SO8)3,ok,ok,empty,empty,empty,ok,ok,ok,ok,ok,empty,empty,empty,empty
mp-2714767,Na6CaSn7(PO4)12,ok,ok,empty,empty,empty,ok,ok,ok,ok,ok,empty,empty,empty,empty
mp-2714768,Na9Mg5Nb7(PO4)18,ok,ok,empty,empty,empty,ok,ok,ok,ok,ok,empty,empty,empty,empty
mp-2714769,Na14Y4Si9Sn4(SO16)3,ok,ok,empty,empty,empty,ok,ok,ok,ok,ok,empty,empty,empty,empty
mp-2714771,Na7MgZr3Si3(PO8)3,ok,ok,empty,empty,empty,ok,ok,ok,ok,ok,empty,empty,empty,empty
mp-2714772,Na14Ca2Hf6Si9(SO16)3,ok,ok,empty,empty,empty,ok,ok,ok,ok,ok,empty,empty,empty,empty
mp-2714773,Na14Ta4Zn4Si9(SO16)3,ok,ok,empty,empty,empty,ok,ok,ok,ok,ok,empty,empty,empty,empty
mp-2714774,Na3InGe3(PO4)6,ok,ok,empty,empty,empty,ok,ok,ok,ok,ok,empty,empty,empty,empty
mp-2714775,Na2Ca5Zr3(SO4)12,ok,ok,empty,empty,empty,ok,ok,ok,ok,ok,empty,empty,empty,empty
mp-2714776,Na7In2Si3Ge2(PO8)3,ok,ok,empty,empty,empty,ok,ok,ok,ok,ok,empty,empty,empty,empty
mp-2714777,Na5Ca2Sc2P3(SO8)3,ok,ok,empty,empty,empty,ok,ok,ok,ok,ok,empty,empty,empty,empty
mp-2714778,Na3Zr3GaSi3(SO8)3,ok,ok,empty,empty,empty,ok,ok,ok,ok,ok,empty,empty,empty,empty
mp-2714779,Na3AlSi3Sn3(SO8)3,ok,ok,empty,empty,empty,ok,ok,ok,ok,ok,empty,empty,empty,empty
mp-2714780,Na10Ca4Y4Si3(S3O16)3,ok,ok,empty,empty,empty,ok,ok,ok,ok,ok,empty,empty,empty,empty
mp-2714781,Na3GaSn3(PO4)6,ok,ok,empty,empty,empty,ok,ok,ok,ok,ok,empty,empty,empty,empty
mp-2714782,NaMgIn3(SO4)6,ok,ok,empty,empty,empty,ok,ok,ok,ok,ok,empty,empty,empty,empty
mp-2714784,Na10Ca4Ga4Si3(S3O16)3,ok,ok,empty,empty,empty,ok,ok,ok,ok,ok,empty,empty,empty,empty
mp-2714786,Na14Y4Zr4Si9(SO16)3,ok,ok,empty,empty,empty,ok,ok,ok,ok,ok,empty,empty,empty,empty
mp-2714787,Na14Mg2Si9Sn6(SO16)3,ok,ok,empty,empty,empty,ok,ok,ok,ok,ok,empty,empty,empty,empty
mp-2714788,Na7Y2Si3Ge2(PO8)3,ok,ok,empty,empty,empty,ok,ok,ok,ok,ok,empty,empty,empty,empty
mp-2714789,Na6CaTi7Si6(SO8)6,ok,ok,empty,empty,empty,ok,ok,ok,ok,ok,empty,empty,empty,empty
mp-2714790,Na3Hf3ScSi3(SO8)3,ok,ok,empty,empty,empty,ok,ok,ok,ok,ok,empty,empty,empty,empty
mp-2714791,NaCaGa3(SO4)6,ok,ok,empty,empty,empty,ok,ok,ok,ok,ok,empty,empty,empty,empty
mp-2714792,Na6Ta3Al5Si6(SO8)6,ok,ok,empty,empty,empty,ok,ok,ok,ok,ok,empty,empty,empty,empty
mp-2714793,Na3Ti3Al(PO4)6,ok,ok,empty,empty,empty,ok,ok,ok,ok,ok,empty,empty,empty,empty
mp-2714794,Na7Al2Si3Sn2(PO8)3,ok,ok,empty,empty,empty,ok,ok,ok,ok,ok,empty,empty,empty,empty
mp-2714796,Na3GaSi3Ge3(SO8)3,ok,ok,empty,empty,empty,ok,ok,ok,ok,ok,empty,empty,empty,empty
mp-2714797,Na7La2Si3Ge2(PO8)3,ok,ok,empty,empty,empty,ok,ok,ok,ok,ok,empty,empty,empty,empty
mp-2714798,Na6CaZr7(PO4)12,ok,ok,empty,empty,empty,ok,ok,ok,ok,ok,empty,empty,empty,empty
mp-2714799,Na14Hf6Zn2Si9(SO16)3,ok,ok,empty,empty,empty,ok,ok,ok,ok,ok,empty,empty,empty,empty
mp-2714800,Na7NbAl3Si3(PO8)3,ok,ok,empty,empty,empty,ok,ok,ok,ok,ok,empty,empty,empty,empty
mp-2714801,Na7Mg2Nb2Si3(PO8)3,ok,ok,empty,empty,empty,ok,ok,ok,ok,ok,empty,empty,empty,empty
mp-2714802,Na5Mg2In2P3(SO8)3,ok,ok,empty,empty,empty,ok,ok,ok,ok,ok,empty,empty,empty,empty
mp-2714803,Na15Ca10Nb2P9(SO8)9,ok,ok,empty,empty,empty,ok,ok,ok,ok,ok,empty,empty,empty,empty
mp-2714804,Na10Mg4Ga4Si3(S3O16)3,ok,ok,empty,empty,empty,ok,ok,ok,ok,ok,empty,empty,empty,empty
mp-2714805,Na3ScTi3(PO4)6,ok,ok,empty,empty,empty,ok,ok,ok,ok,ok,empty,empty,empty,empty
mp-2714806,Na3Zr3InSi3(SO8)3,ok,ok,empty,empty,empty,ok,ok,ok,ok,ok,empty,empty,empty,empty
mp-2714807,Na14Mg4Nb4Si9(SO16)3,ok,ok,empty,empty,empty,ok,ok,ok,ok,ok,empty,empty,empty,empty
mp-2714808,Na10Sc4Zn4Si3(S3O16)3,ok,ok,empty,empty,empty,ok,ok,ok,ok,ok,empty,empty,empty,empty
mp-2714809,Na5Mg2Ga2P3(SO8)3,ok,ok,empty,empty,empty,ok,ok,ok,ok,ok,empty,empty,empty,empty
mp-2714810,Na14Ta2Al6Si9(SO16)3,ok,ok,empty,empty,empty,ok,ok,ok,ok,ok,empty,empty,empty,empty
mp-2714812,Na9Ca5Nb7(PO4)18,ok,ok,empty,empty,empty,ok,ok,ok,ok,ok,empty,empty,empty,empty
mp-2714813,Na15Nb2Zn10P9(SO8)9,ok,ok,empty,empty,empty,ok,ok,ok,ok,ok,empty,empty,empty,empty
mp-2714814,Na6La5Nb3(PO4)12,ok,ok,empty,empty,empty,ok,ok,ok,ok,ok,empty,empty,empty,empty
mp-2714815,Na14Ca2Ti6Si9(SO16)3,ok,ok,empty,empty,empty,ok,ok,ok,ok,ok,empty,empty,empty,empty
mp-2714816,Na5ZrZn3P3(SO8)3,ok,ok,empty,empty,empty,ok,ok,ok,ok,ok,empty,empty,empty,empty
mp-2714817,Na10Al4Zn4Si3(S3O16)3,ok,ok,empty,empty,empty,ok,ok,ok,ok,ok,empty,empty,empty,empty
mp-2714818,Na3GaGe3(PO4)6,ok,ok,empty,empty,empty,ok,ok,ok,ok,ok,empty,empty,empty,empty
mp-2714819,Na2Mg2(SO4)3,ok,ok,empty,empty,empty,ok,ok,ok,ok,ok,empty,empty,empty,empty
mp-2714820,Na15Ca10Ta2P9(SO8)9,ok,ok,empty,empty,empty,ok,ok,ok,ok,ok,empty,empty,empty,empty
mp-2714821,Na10Mg4Sc4Si3(S3O16)3,ok,ok,empty,empty,empty,ok,ok,ok,ok,ok,empty,empty,empty,empty
mp-2714822,Na6Ta3Ga5Si6(SO8)6,ok,ok,empty,empty,empty,ok,ok,ok,ok,ok,empty,empty,empty,empty
mp-2714823,Na6Zr7Zn(PO4)12,ok,ok,empty,empty,empty,ok,ok,ok,ok,ok,empty,empty,empty,empty
mp-2714824,Na10Zr2Zn6Si3(S3O16)3,ok,ok,empty,empty,empty,ok,ok,ok,ok,ok,empty,empty,empty,empty
mp-2714825,Na6La5Ta3(PO4)12,ok,ok,empty,empty,empty,ok,ok,ok,ok,ok,empty,empty,empty,empty
mp-2714826,Na5Sc2Zn2P3(SO8)3,ok,ok,empty,empty,empty,ok,ok,ok,ok,ok,empty,empty,empty,empty
mp-2714827,Na7MgSi3Ge3(PO8)3,ok,ok,empty,empty,empty,ok,ok,ok,ok,ok,empty,empty,empty,empty
mp-2714828,Na15Mg10Ta2P9(SO8)9,ok,ok,empty,empty,empty,ok,ok,ok,ok,ok,empty,empty,empty,empty
mp-2714829,Na6La5Nb3Si6(SO8)6,ok,ok,empty,empty,empty,ok,ok,ok,ok,ok,empty,empty,empty,empty
mp-2714831,Na5Zn3SnP3(SO8)3,ok,ok,empty,empty,empty,ok,ok,ok,ok,ok,empty,empty,empty,empty
mp-2714832,Na10Ca4La4Si3(S3O16)3,ok,ok,empty,empty,empty,ok,ok,ok,ok,ok,empty,empty,empty,empty
mp-2714833,Na7TaGa3Si3(PO8)3,ok,ok,empty,empty,empty,ok,ok,ok,ok,ok,empty,empty,empty,empty
mp-2714834,NaY3Mg(SO4)6,ok,ok,empty,empty,empty,ok,ok,ok,ok,ok,empty,empty,empty,empty
mp-2714835,Na10Y4Zn4Si3(S3O16)3,ok,ok,empty,empty,empty,ok,ok,ok,ok,ok,empty,empty,empty,empty
mp-2714836,Na6Ta3Al5(PO4)12,ok,ok,empty,empty,empty,ok,ok,ok,ok,ok,empty,empty,empty,empty
mp-2714837,Na5Ca3HfP3(SO8)3,ok,ok,empty,empty,empty,ok,ok,ok,ok,ok,empty,empty,empty,empty
mp-2714838,NaZnIn3(SO4)6,ok,ok,empty,empty,empty,ok,ok,ok,ok,ok,empty,empty,empty,empty
mp-2714839,Na3YTi3Si3(SO8)3,ok,ok,empty,empty,empty,ok,ok,ok,ok,ok,empty,empty,empty,empty
mp-2714840,Na5Mg3TiP3(SO8)3,ok,ok,empty,empty,empty,ok,ok,ok,ok,ok,empty,empty,empty,empty
mp-2714841,Na2Hf3Zn5(SO4)12,ok,ok,empty,empty,empty,ok,ok,ok,ok,ok,empty,empty,empty,empty
mp-2714842,Na7Ti3ZnSi3(PO8)3,ok,ok,empty,empty,empty,ok,ok,ok,ok,ok,empty,empty,empty,empty
mp-2714843,Na14Y4Ti4Si9(SO16)3,ok,ok,empty,empty,empty,ok,ok,ok,ok,ok,empty,empty,empty,empty
mp-2714844,Na14Zr6Zn2Si9(SO16)3,ok,ok,empty,empty,empty,ok,ok,ok,ok,ok,empty,empty,empty,empty
mp-2714845,Na30Ca20Ta4Si9(S3O16)9,ok,ok,empty,empty,empty,ok,ok,ok,ok,ok,empty,empty,empty,empty
mp-2714846,Na14Ta2Ga6Si9(SO16)3,ok,ok,empty,empty,empty,ok,ok,ok,ok,ok,empty,empty,empty,empty
mp-2714847,Na2Zn5Ge3(SO4)12,ok,ok,empty,empty,empty,ok,ok,ok,ok,ok,empty,empty,empty,empty
mp-2714848,Na7In2Si3Sn2(PO8)3,ok,ok,empty,empty,empty,ok,ok,ok,ok,ok,empty,empty,empty,empty
mp-2714849,Na14Sc4Si9Ge4(SO16)3,ok,ok,empty,empty,empty,ok,ok,ok,ok,ok,empty,empty,empty,empty
mp-2714850,Na5Ca2Y2P3(SO8)3,ok,ok,empty,empty,empty,ok,ok,ok,ok,ok,empty,empty,empty,empty
mp-2714851,Na6Hf7MgSi6(SO8)6,ok,ok,empty,empty,empty,ok,ok,ok,ok,ok,empty,empty,empty,empty
mp-2714852,NaMgSc3(SO4)6,ok,ok,empty,empty,empty,ok,ok,ok,ok,ok,empty,empty,empty,empty
mp-2714854,Na30Nb4Zn20Si9(S3O16)9,ok,ok,empty,empty,empty,ok,ok,ok,ok,ok,empty,empty,empty,empty
mp-2714855,Na5Y2Mg2P3(SO8)3,ok,ok,empty,empty,empty,ok,ok,ok,ok,ok,empty,empty,empty,empty
mp-2714856,Na5Mg3SnP3(SO8)3,ok,ok,empty,empty,empty,ok,ok,ok,ok,ok,empty,empty,empty,empty
mp-2714857,Na14Sc6Nb2Si9(SO16)3,ok,ok,empty,empty,empty,ok,ok,ok,ok,ok,empty,empty,empty,empty
mp-2714858,Na7Ca2Ta2Si3(PO8)3,ok,ok,empty,empty,empty,ok,ok,ok,ok,ok,empty,empty,empty,empty
mp-2714859,Na15Mg10Nb2P9(SO8)9,ok,ok,empty,empty,empty,ok,ok,ok,ok,ok,empty,empty,empty,empty
mp-2714860,Na14Zn2Si9Ge6(SO16)3,ok,ok,empty,empty,empty,ok,ok,ok,ok,ok,empty,empty,empty,empty
mp-2714861,Na10Mg6Si3Ge2(S3O16)3,ok,ok,empty,empty,empty,ok,ok,ok,ok,ok,empty,empty,empty,empty
mp-2714862,Na7Sc2Si3Ge2(PO8)3,ok,ok,empty,empty,empty,ok,ok,ok,ok,ok,empty,empty,empty,empty
mp-2714863,Na6CaHf7(PO4)12,ok,ok,empty,empty,empty,ok,ok,ok,ok,ok,empty,empty,empty,empty
mp-2714864,Na5Ca3TiP3(SO8)3,ok,ok,empty,empty,empty,ok,ok,ok,ok,ok,empty,empty,empty,empty
mp-2714865,Na14Y4Hf4Si9(SO16)3,ok,ok,empty,empty,empty,ok,ok,ok,ok,ok,empty,empty,empty,empty
mp-2714866,Na10Zn6Si3Sn2(S3O16)3,ok,ok,empty,empty,empty,ok,ok,ok,ok,ok,empty,empty,empty,empty
mp-2714867,Na6Ta3In5(PO4)12,ok,ok,empty,empty,empty,ok,ok,ok,ok,ok,empty,empty,empty,empty
mp-2714868,Na3Hf3Al(PO4)6,ok,ok,empty,empty,empty,ok,ok,ok,ok,ok,empty,empty,empty,empty
mp-2714869,NaCaLa3(SO4)6,ok,ok,empty,empty,empty,ok,ok,ok,ok,ok,empty,empty,empty,empty
mp-2714870,Na6Y5Nb3Si6(SO8)6,ok,ok,empty,empty,empty,ok,ok,ok,ok,ok,empty,empty,empty,empty
mp-2714871,Na6CaSi6Sn7(SO8)6,ok,ok,empty,empty,empty,ok,ok,ok,ok,ok,empty,empty,empty,empty
mp-2714872,Na5La2Zn2P3(SO8)3,ok,ok,empty,empty,empty,ok,ok,ok,ok,ok,empty,empty,empty,empty
mp-2714873,Na6MgZr7(PO4)12,ok,ok,empty,empty,empty,ok,ok,ok,ok,ok,empty,empty,empty,empty
mp-2714874,Na6CaHf7Si6(SO8)6,ok,ok,empty,empty,empty,ok,ok,ok,ok,ok,empty,empty,empty,empty
mp-2714875,Na2Ca5Ge3(SO4)12,ok,ok,empty,empty,empty,ok,ok,ok,ok,ok,empty,empty,empty,empty
mp-2714876,Na7Hf2In2Si3(PO8)3,ok,ok,empty,empty,empty,ok,ok,ok,ok,ok,empty,empty,empty,empty
mp-2714877,Na14Ca4Ta4Si9(SO16)3,ok,ok,empty,empty,empty,ok,ok,ok,ok,ok,empty,empty,empty,empty
mp-2714878,Na14La4Si9Sn4(SO16)3,ok,ok,empty,empty,empty,ok,ok,ok,ok,ok,empty,empty,empty,empty
mp-2714879,Na3Hf3GaSi3(SO8)3,ok,ok,empty,empty,empty,ok,ok,ok,ok,ok,empty,empty,empty,empty
mp-2714880,Na10Ca6Hf2Si3(S3O16)3,ok,ok,empty,empty,empty,ok,ok,ok,ok,ok,empty,empty,empty,empty
mp-2714881,Na10Zn4In4Si3(S3O16)3,ok,ok,empty,empty,empty,ok,ok,ok,ok,ok,empty,empty,empty,empty
mp-2714882,Na2CaZn(SO4)3,ok,ok,empty,empty,empty,ok,ok,ok,ok,ok,empty,empty,empty,empty
mp-2714883,Na10Ca4Al4Si3(S3O16)3,ok,ok,empty,empty,empty,ok,ok,ok,ok,ok,empty,empty,empty,empty
mp-2714884,Na10Mg6Zr2Si3(S3O16)3,ok,ok,empty,empty,empty,ok,ok,ok,ok,ok,empty,empty,empty,empty
mp-2714885,NaSc3Zn(SO4)6,ok,ok,empty,empty,empty,ok,ok,ok,ok,ok,empty,empty,empty,empty
mp-2714886,Na2Mg5Zr3(SO4)12,ok,ok,empty,empty,empty,ok,ok,ok,ok,ok,empty,empty,empty,empty
mp-2714887,Na14Nb2Al6Si9(SO16)3,ok,ok,empty,empty,empty,ok,ok,ok,ok,ok,empty,empty,empty,empty
mp-2714888,Na3YGe3(PO4)6,ok,ok,empty,empty,empty,ok,ok,ok,ok,ok,empty,empty,empty,empty
mp-2714889,NaY3Zn(SO4)6,ok,ok,empty,empty,empty,ok,ok,ok,ok,ok,empty,empty,empty,empty
mp-2714890,Na2Ca2(SO4)3,ok,ok,empty,empty,empty,ok,ok,ok,ok,ok,empty,empty,empty,empty
mp-2714891,Na3LaTi3Si3(SO8)3,ok,ok,empty,empty,empty,ok,ok,ok,ok,ok,empty,empty,empty,empty
mp-2714892,Na2Zn5Sn3(SO4)12,ok,ok,empty,empty,empty,ok,ok,ok,ok,ok,empty,empty,empty,empty
mp-2714893,Na6MgSi6Ge7(SO8)6,ok,ok,empty,empty,empty,ok,ok,ok,ok,ok,empty,empty,empty,empty
mp-2714894,Na5Ca3SnP3(SO8)3,ok,ok,empty,empty,empty,ok,ok,ok,ok,ok,empty,empty,empty,empty
mp-2714895,Na3Zr3Sc(PO4)6,ok,ok,empty,empty,empty,ok,ok,ok,ok,ok,empty,empty,empty,empty
mp-2714896,Na10Mg6Si3Sn2(S3O16)3,ok,ok,empty,empty,empty,ok,ok,ok,ok,ok,empty,empty,empty,empty
mp-2714897,Na6MgGe7(PO4)12,ok,ok,empty,empty,empty,ok,ok,ok,ok,ok,empty,empty,empty,empty
mp-2714898,Na5Ca3GeP3(SO8)3,ok,ok,empty,empty,empty,ok,ok,ok,ok,ok,empty,empty,empty,empty
mp-2714899,Na7Zr2Sc2Si3(PO8)3,ok,ok,empty,empty,empty,ok,ok,ok,ok,ok,empty,empty,empty,empty
mp-2714900,Na5Al2Zn2P3(SO8)3,ok,ok,empty,empty,empty,ok,ok,ok,ok,ok,empty,empty,empty,empty
mp-2714901,Na10Ca6Zr2Si3(S3O16)3,ok,ok,empty,empty,empty,ok,ok,ok,ok,ok,empty,empty,empty,empty
mp-2714902,Na14La4Ti4Si9(SO16)3,ok,ok,empty,empty,empty,ok,ok,ok,ok,ok,empty,empty,empty,empty
mp-2714903,Na10Zn6Si3Ge2(S3O16)3,ok,ok,empty,empty,empty,ok,ok,ok,ok,ok,empty,empty,empty,empty
mp-2714904,Na3AlSi3Ge3(SO8)3,ok,ok,empty,empty,empty,ok,ok,ok,ok,ok,empty,empty,empty,empty
mp-2714905,Na14Ca4Nb4Si9(SO16)3,ok,ok,empty,empty,empty,ok,ok,ok,ok,ok,empty,empty,empty,empty
mp-2714906,Na7Sc2Ti2Si3(PO8)3,ok,ok,empty,empty,empty,ok,ok,ok,ok,ok,empty,empty,empty,empty
mp-2714907,Na5Y2Zn2P3(SO8)3,ok,ok,empty,empty,empty,ok,ok,ok,ok,ok,empty,empty,empty,empty
mp-2714908,Na7CaTi3Si3(PO8)3,ok,ok,empty,empty,empty,ok,ok,ok,ok,ok,empty,empty,empty,empty
mp-2714909,Na5La2Mg2P3(SO8)3,ok,ok,empty,empty,empty,ok,ok,ok,ok,ok,empty,empty,empty,empty
mp-2714910,Na7La2Si3Sn2(PO8)3,ok,ok,empty,empty,empty,ok,ok,ok,ok,ok,empty,empty,empty,empty
mp-2714911,Na9Ca5Ta7Si9(SO8)9,ok,ok,empty,empty,empty,ok,ok,ok,ok,ok,empty,empty,empty,empty
mp-2714912,Na5Ca3ZrP3(SO8)3,ok,ok,empty,empty,empty,ok,ok,ok,ok,ok,empty,empty,empty,empty
mp-2714914,Na10Hf2Mg6Si3(S3O16)3,ok,ok,empty,empty,empty,ok,ok,ok,ok,ok,empty,empty,empty,empty
mp-2714915,Na2Ca5Hf3(SO4)12,ok,ok,empty,empty,empty,ok,ok,ok,ok,ok,empty,empty,empty,empty
mp-2714916,Na6Y5Nb3(PO4)12,ok,ok,empty,empty,empty,ok,ok,ok,ok,ok,empty,empty,empty,empty
mp-2714917,Na3LaZr3Si3(SO8)3,ok,ok,empty,empty,empty,ok,ok,ok,ok,ok,empty,empty,empty,empty
mp-2714918,Na14Zn2Si9Sn6(SO16)3,ok,ok,empty,empty,empty,ok,ok,ok,ok,ok,empty,empty,empty,empty
mp-2714919,Na14Hf4Al4Si9(SO16)3,ok,ok,empty,empty,empty,ok,ok,ok,ok,ok,empty,empty,empty,empty
mp-2714920,Na3Ti3InSi3(SO8)3,ok,ok,empty,empty,empty,ok,ok,ok,ok,ok,empty,empty,empty,empty
mp-2714921,Na8Mg3Si3Sn(SO8)3,ok,ok,empty,empty,empty,ok,ok,ok,ok,ok,empty,empty,empty,empty
mp-2714922,Na5Al2In2P5SO24,ok,ok,empty,empty,empty,ok,ok,ok,ok,ok,empty,empty,empty,empty
mp-2714923,Na7NbIn3Si3(PO8)3,ok,ok,empty,empty,empty,ok,ok,ok,ok,ok,empty,empty,empty,empty
mp-2714924,Na10Zn4Si5Sn4S7O48,ok,ok,empty,empty,empty,ok,ok,ok,ok,ok,empty,empty,empty,empty
mp-2714925,Na6Ca7Ti(SO4)12,ok,ok,empty,empty,empty,ok,ok,ok,ok,ok,empty,empty,empty,empty
mp-2714926,Na4Nb3GaSi5SO24,ok,ok,empty,empty,empty,ok,ok,ok,ok,ok,empty,empty,empty,empty
mp-2714928,Na4LaMg(PO4)3,ok,ok,empty,empty,empty,ok,ok,ok,ok,ok,empty,empty,empty,empty
mp-2714929,Na3LaMg3(SO4)6,ok,ok,empty,empty,empty,ok,ok,ok,ok,ok,empty,empty,empty,empty
mp-2714930,Na10Mg4Zr4Si5S7O48,ok,ok,empty,empty,empty,ok,ok,ok,ok,ok,empty,empty,empty,empty
mp-2714931,Na5Y4P5SO24,ok,ok,empty,empty,empty,ok,ok,ok,ok,ok,empty,empty,empty,empty
mp-2714932,Na4ZnGa(PO4)3,ok,ok,empty,empty,empty,ok,ok,ok,ok,ok,empty,empty,empty,empty
mp-2714933,Na4LaTa3Si4(PO12)2,ok,ok,empty,empty,empty,ok,ok,ok,ok,ok,empty,empty,empty,empty
mp-2714935,Na14La6Nb2Si9(SO16)3,ok,ok,empty,empty,empty,ok,ok,ok,ok,ok,empty,empty,empty,empty
mp-2714936,Na8ZrZn3(PO4)6,ok,ok,empty,empty,empty,ok,ok,ok,ok,ok,empty,empty,empty,empty
mp-2714937,Na3Ca3Y(SO4)6,ok,ok,empty,empty,empty,ok,ok,ok,ok,ok,empty,empty,empty,empty
mp-2714938,Na2HfNbSi2PO12,ok,ok,empty,empty,empty,ok,ok,ok,ok,ok,empty,empty,empty,empty
mp-2714939,Na4Nb2Si5Sn2SO24,ok,ok,empty,empty,empty,ok,ok,ok,ok,ok,empty,empty,empty,empty
mp-2714940,Na7CaHf3Si3(PO8)3,ok,ok,empty,empty,empty,ok,ok,ok,ok,ok,empty,empty,empty,empty
mp-2714941,Na15Ta4Zn8P15(SO24)3,ok,ok,empty,empty,empty,ok,ok,ok,ok,ok,empty,empty,empty,empty
mp-2714942,Na3Ca3Ga(SO4)6,ok,ok,empty,empty,empty,ok,ok,ok,ok,ok,empty,empty,empty,empty
mp-2714943,Na12Nb10Zn2Si15(SO24)3,ok,ok,empty,empty,empty,ok,ok,ok,ok,ok,empty,empty,empty,empty
mp-2714944,Na8Ca3ZrSi3(SO8)3,ok,ok,empty,empty,empty,ok,ok,ok,ok,ok,empty,empty,empty,empty
mp-2714945,Na2HfTaSi2PO12,ok,ok,empty,empty,empty,ok,ok,ok,ok,ok,empty,empty,empty,empty
mp-2714946,Na14Zr4In4Si9(SO16)3,ok,ok,empty,empty,empty,ok,ok,ok,ok,ok,empty,empty,empty,empty
mp-2714947,Na10In8Si5S7O48,ok,ok,empty,empty,empty,ok,ok,ok,ok,ok,empty,empty,empty,empty
mp-2714948,Na8HfMg3Si3(SO8)3,ok,ok,empty,empty,empty,ok,ok,ok,ok,ok,empty,empty,empty,empty
mp-2714949,Na3Zn3In(SO4)6,ok,ok,empty,empty,empty,ok,ok,ok,ok,ok,empty,empty,empty,empty
mp-2714950,Na15Ca8Ta4P15(SO24)3,ok,ok,empty,empty,empty,ok,ok,ok,ok,ok,empty,empty,empty,empty
mp-2714951,Na8HfZn3(PO4)6,ok,ok,empty,empty,empty,ok,ok,ok,ok,ok,empty,empty,empty,empty
mp-2714952,Na8Ca3TiSi3(SO8)3,ok,ok,empty,empty,empty,ok,ok,ok,ok,ok,empty,empty,empty,empty
mp-2714953,Na8Ca3Hf(PO4)6,ok,ok,empty,empty,empty,ok,ok,ok,ok,ok,empty,empty,empty,empty
mp-2714954,Na7Zr3ZnSi3(PO8)3,ok,ok,empty,empty,empty,ok,ok,ok,ok,ok,empty,empty,empty,empty
mp-2714955,Na8Zn3Si3Ge(SO8)3,ok,ok,empty,empty,empty,ok,ok,ok,ok,ok,empty,empty,empty,empty
mp-2714956,Na5Ca2Ti2P5SO24,ok,ok,empty,empty,empty,ok,ok,ok,ok,ok,empty,empty,empty,empty
mp-2714958,Na5Hf2Mg2P5SO24,ok,ok,empty,empty,empty,ok,ok,ok,ok,ok,empty,empty,empty,empty
mp-2714959,Na8Ca2Ga2Si3(SO8)3,ok,ok,empty,empty,empty,ok,ok,ok,ok,ok,empty,empty,empty,empty
mp-2714960,Na7TaIn3Si3(PO8)3,ok,ok,empty,empty,empty,ok,ok,ok,ok,ok,empty,empty,empty,empty
mp-2714961,Na5Sc2Ga2P5SO24,ok,ok,empty,empty,empty,ok,ok,ok,ok,ok,empty,empty,empty,empty
mp-2714962,Na5Zr2Zn2P5SO24,ok,ok,empty,empty,empty,ok,ok,ok,ok,ok,empty,empty,empty,empty
mp-2714963,Na4MgSc(PO4)3,ok,ok,empty,empty,empty,ok,ok,ok,ok,ok,empty,empty,empty,empty
mp-2714964,Na10Ca4Ti4Si5S7O48,ok,ok,empty,empty,empty,ok,ok,ok,ok,ok,empty,empty,empty,empty
mp-2714965,Na12Ca5Nb(PO4)9,ok,ok,empty,empty,empty,ok,ok,ok,ok,ok,empty,empty,empty,empty
mp-2714966,Na12TaZn5(PO4)9,ok,ok,empty,empty,empty,ok,ok,ok,ok,ok,empty,empty,empty,empty
mp-2714967,Na5Y2In2P5SO24,ok,ok,empty,empty,empty,ok,ok,ok,ok,ok,empty,empty,empty,empty
mp-2714968,Na7Sc2Si3Sn2(PO8)3,ok,ok,empty,empty,empty,ok,ok,ok,ok,ok,empty,empty,empty,empty
mp-2714969,Na6Nb5ZnSi6(PO12)3,ok,ok,empty,empty,empty,ok,ok,ok,ok,ok,empty,empty,empty,empty
mp-2714970,Na24Mg10Nb2Si9(SO8)9,ok,ok,empty,empty,empty,ok,ok,ok,ok,ok,empty,empty,empty,empty
mp-2714971,Na6TiZn7(SO4)12,ok,ok,empty,empty,empty,ok,ok,ok,ok,ok,empty,empty,empty,empty
mp-2714972,Na4LaNb3Si4(PO12)2,ok,ok,empty,empty,empty,ok,ok,ok,ok,ok,empty,empty,empty,empty
mp-2714973,Na9Ca11Nb(SO4)18,ok,ok,empty,empty,empty,ok,ok,ok,ok,ok,empty,empty,empty,empty
mp-2714974,Na5La2Ga2P5SO24,ok,ok,empty,empty,empty,ok,ok,ok,ok,ok,empty,empty,empty,empty
mp-2714975,Na5Ti2Zn2P5SO24,ok,ok,empty,empty,empty,ok,ok,ok,ok,ok,empty,empty,empty,empty
mp-2714976,Na4Nb3GaSi4(PO12)2,ok,ok,empty,empty,empty,ok,ok,ok,ok,ok,empty,empty,empty,empty
mp-2714977,Na5La2Y2P5SO24,ok,ok,empty,empty,empty,ok,ok,ok,ok,ok,empty,empty,empty,empty
mp-2714978,Na6Mg7Ti(SO4)12,ok,ok,empty,empty,empty,ok,ok,ok,ok,ok,empty,empty,empty,empty
mp-2714979,Na6Mg7Ge(SO4)12,ok,ok,empty,empty,empty,ok,ok,ok,ok,ok,empty,empty,empty,empty
mp-2714980,Na14La6Ta2Si9(SO16)3,ok,ok,empty,empty,empty,ok,ok,ok,ok,ok,empty,empty,empty,empty
mp-2714981,Na6Ca7Ge(SO4)12,ok,ok,empty,empty,empty,ok,ok,ok,ok,ok,empty,empty,empty,empty
mp-2714982,Na6Ta5ZnSi6(PO12)3,ok,ok,empty,empty,empty,ok,ok,ok,ok,ok,empty,empty,empty,empty
mp-2714983,Na8Zn3Ge(PO4)6,ok,ok,empty,empty,empty,ok,ok,ok,ok,ok,empty,empty,empty,empty
mp-2714984,Na30Ta8Zn16Si15(S7O48)3,ok,ok,empty,empty,empty,ok,ok,ok,ok,ok,empty,empty,empty,empty
mp-2714985,Na8Mg3ZrSi3(SO8)3,ok,ok,empty,empty,empty,ok,ok,ok,ok,ok,empty,empty,empty,empty
mp-2714986,Na4ZnIn(PO4)3,ok,ok,empty,empty,empty,ok,ok,ok,ok,ok,empty,empty,empty,empty
mp-2714987,Na3Ca3Al(SO4)6,ok,ok,empty,empty,empty,ok,ok,ok,ok,ok,empty,empty,empty,empty
mp-2714988,Na7ZnSi3Ge3(PO8)3,ok,ok,empty,empty,empty,ok,ok,ok,ok,ok,empty,empty,empty,empty
mp-2714989,Na4Zr2Ta2Si5SO24,ok,ok,empty,empty,empty,ok,ok,ok,ok,ok,empty,empty,empty,empty
mp-2714990,Na5La2Sc2P5SO24,ok,ok,empty,empty,empty,ok,ok,ok,ok,ok,empty,empty,empty,empty
mp-2714991,Na10Al8Si5S7O48,ok,ok,empty,empty,empty,ok,ok,ok,ok,ok,empty,empty,empty,empty
mp-2714992,Na5La2In2P5SO24,ok,ok,empty,empty,empty,ok,ok,ok,ok,ok,empty,empty,empty,empty
mp-2714993,Na10Sc8Si5S7O48,ok,ok,empty,empty,empty,ok,ok,ok,ok,ok,empty,empty,empty,empty
mp-2714994,Na7Zr2Al2Si3(PO8)3,ok,ok,empty,empty,empty,ok,ok,ok,ok,ok,empty,empty,empty,empty
mp-2714995,Na7Ti2In2Si3(PO8)3,ok,ok,empty,empty,empty,ok,ok,ok,ok,ok,empty,empty,empty,empty
mp-2714996,Na7Nb2Zn2Si3(PO8)3,ok,ok,empty,empty,empty,ok,ok,ok,ok,ok,empty,empty,empty,empty
mp-2714997,Na10Ca4Zr4Si5S7O48,ok,ok,empty,empty,empty,ok,ok,ok,ok,ok,empty,empty,empty,empty
mp-2714998,Na2TaTiSi2PO12,ok,ok,empty,empty,empty,ok,ok,ok,ok,ok,empty,empty,empty,empty
mp-2714999,Na12Mg2Ta10Si15(SO24)3,ok,ok,empty,empty,empty,ok,ok,ok,ok,ok,empty,empty,empty,empty
mp-2715000,Na10Sc4Ga4Si5S7O48,ok,ok,empty,empty,empty,ok,ok,ok,ok,ok,empty,empty,empty,empty
mp-2715001,Na4Nb2Si5Ge2SO24,ok,ok,empty,empty,empty,ok,ok,ok,ok,ok,empty,empty,empty,empty
mp-2715002,Na14Y4Si9Ge4(SO16)3,ok,ok,empty,empty,empty,ok,ok,ok,ok,ok,empty,empty,empty,empty
mp-2715003,Na10Sc4In4Si5S7O48,ok,ok,empty,empty,empty,ok,ok,ok,ok,ok,empty,empty,empty,empty
mp-2715004,Na5Al4P5SO24,ok,ok,empty,empty,empty,ok,ok,ok,ok,ok,empty,empty,empty,empty
mp-2715005,Na4LaTa3Si5SO24,ok,ok,empty,empty,empty,ok,ok,ok,ok,ok,empty,empty,empty,empty
mp-2715006,Na4ScTa3Si4(PO12)2,ok,ok,empty,empty,empty,ok,ok,ok,ok,ok,empty,empty,empty,empty
mp-2715007,Na8Ca2Al2Si3(SO8)3,ok,ok,empty,empty,empty,ok,ok,ok,ok,ok,empty,empty,empty,empty
mp-2715008,Na5Zn2Ge2P5SO24,ok,ok,empty,empty,empty,ok,ok,ok,ok,ok,empty,empty,empty,empty
mp-2715009,Na12Ca2Ta10Si15(SO24)3,ok,ok,empty,empty,empty,ok,ok,ok,ok,ok,empty,empty,empty,empty
mp-2715010,Na5Ga4P5SO24,ok,ok,empty,empty,empty,ok,ok,ok,ok,ok,empty,empty,empty,empty
mp-2715011,Na10La4In4Si5S7O48,ok,ok,empty,empty,empty,ok,ok,ok,ok,ok,empty,empty,empty,empty
mp-2715012,Na6Mg7Zr(SO4)12,ok,ok,empty,empty,empty,ok,ok,ok,ok,ok,empty,empty,empty,empty
mp-2715013,Na4AlZn(PO4)3,ok,ok,empty,empty,empty,ok,ok,ok,ok,ok,empty,empty,empty,empty
mp-2715015,Na8Sc2Zn2Si3(SO8)3,ok,ok,empty,empty,empty,ok,ok,ok,ok,ok,empty,empty,empty,empty
mp-2715016,Na8Mg3TiSi3(SO8)3,ok,ok,empty,empty,empty,ok,ok,ok,ok,ok,empty,empty,empty,empty
mp-2715017,Na3AlZn3(SO4)6,ok,ok,empty,empty,empty,ok,ok,ok,ok,ok,empty,empty,empty,empty
mp-2715018,Na3Mg3Sc(SO4)6,ok,ok,empty,empty,empty,ok,ok,ok,ok,ok,empty,empty,empty,empty
mp-2715019,Na4ScZn(PO4)3,ok,ok,empty,empty,empty,ok,ok,ok,ok,ok,empty,empty,empty,empty
mp-2715020,Na5Y2Sc2P5SO24,ok,ok,empty,empty,empty,ok,ok,ok,ok,ok,empty,empty,empty,empty
mp-2715021,Na5Ca2Hf2P5SO24,ok,ok,empty,empty,empty,ok,ok,ok,ok,ok,empty,empty,empty,empty
mp-2715022,Na30Ca16Ta8Si15(S7O48)3,ok,ok,empty,empty,empty,ok,ok,ok,ok,ok,empty,empty,empty,empty
mp-2715023,Na3Mg3Al(SO4)6,ok,ok,empty,empty,empty,ok,ok,ok,ok,ok,empty,empty,empty,empty
mp-2715024,Na10Hf4Mg4Si5S7O48,ok,ok,empty,empty,empty,ok,ok,ok,ok,ok,empty,empty,empty,empty
mp-2715025,Na30Mg16Ta8Si15(S7O48)3,ok,ok,empty,empty,empty,ok,ok,ok,ok,ok,empty,empty,empty,empty
mp-2715026,Na14Ti4Ga4Si9(SO16)3,ok,ok,empty,empty,empty,ok,ok,ok,ok,ok,empty,empty,empty,empty
mp-2715027,Na8Mg3Sn(PO4)6,ok,ok,empty,empty,empty,ok,ok,ok,ok,ok,empty,empty,empty,empty
mp-2715028,Na7Zr2Ga2Si3(PO8)3,ok,ok,empty,empty,empty,ok,ok,ok,ok,ok,empty,empty,empty,empty
mp-2715029,Na5Mg2Zr2P5SO24,ok,ok,empty,empty,empty,ok,ok,ok,ok,ok,empty,empty,empty,empty
mp-2715030,Na7CaSi3Ge3(PO8)3,ok,ok,empty,empty,empty,ok,ok,ok,ok,ok,empty,empty,empty,empty
mp-2715031,Na4MgAl(PO4)3,ok,ok,empty,empty,empty,ok,ok,ok,ok,ok,empty,empty,empty,empty
mp-2715032,Na5Mg2Ge2P5SO24,ok,ok,empty,empty,empty,ok,ok,ok,ok,ok,empty,empty,empty,empty
mp-2715033,Na8HfZn3Si3(SO8)3,ok,ok,empty,empty,empty,ok,ok,ok,ok,ok,empty,empty,empty,empty
mp-2715034,Na10Y4Sc4Si5S7O48,ok,ok,empty,empty,empty,ok,ok,ok,ok,ok,empty,empty,empty,empty
mp-2715035,Na8Ca2Sc2Si3(SO8)3,ok,ok,empty,empty,empty,ok,ok,ok,ok,ok,empty,empty,empty,empty
mp-2715036,Na4CaY(PO4)3,ok,ok,empty,empty,empty,ok,ok,ok,ok,ok,empty,empty,empty,empty
mp-2715037,Na24Ta2Zn10Si9(SO8)9,ok,ok,empty,empty,empty,ok,ok,ok,ok,ok,empty,empty,empty,empty
mp-2715038,Na8Mg2Sc2Si3(SO8)3,ok,ok,empty,empty,empty,ok,ok,ok,ok,ok,empty,empty,empty,empty
mp-2715039,Na4ScTa3Si5SO24,ok,ok,empty,empty,empty,ok,ok,ok,ok,ok,empty,empty,empty,empty
mp-2715040,Na4ScNb3Si4(PO12)2,ok,ok,empty,empty,empty,ok,ok,ok,ok,ok,empty,empty,empty,empty
mp-2715041,Na12Mg5Ta(PO4)9,ok,ok,empty,empty,empty,ok,ok,ok,ok,ok,empty,empty,empty,empty
mp-2715042,Na4Ta3GaSi5SO24,ok,ok,empty,empty,empty,ok,ok,ok,ok,ok,empty,empty,empty,empty
mp-2715043,Na8Ca3Ge(PO4)6,ok,ok,empty,empty,empty,ok,ok,ok,ok,ok,empty,empty,empty,empty
mp-2715044,Na7ZnSi3Sn3(PO8)3,ok,ok,empty,empty,empty,ok,ok,ok,ok,ok,empty,empty,empty,empty
mp-2715045,Na10Zr4Zn4Si5S7O48,ok,ok,empty,empty,empty,ok,ok,ok,ok,ok,empty,empty,empty,empty
mp-2715046,Na8Ca3Zr(PO4)6,ok,ok,empty,empty,empty,ok,ok,ok,ok,ok,empty,empty,empty,empty
mp-2715047,Na6Ca7Hf(SO4)12,ok,ok,empty,empty,empty,ok,ok,ok,ok,ok,empty,empty,empty,empty
mp-2715048,Na5Al2Ga2P5SO24,ok,ok,empty,empty,empty,ok,ok,ok,ok,ok,empty,empty,empty,empty
mp-2715049,Na10Hf4Zn4Si5S7O48,ok,ok,empty,empty,empty,ok,ok,ok,ok,ok,empty,empty,empty,empty
mp-2715050,Na8Zn3Si3Sn(SO8)3,ok,ok,empty,empty,empty,ok,ok,ok,ok,ok,empty,empty,empty,empty
mp-2715052,Na4Ta3InSi4(PO12)2,ok,ok,empty,empty,empty,ok,ok,ok,ok,ok,empty,empty,empty,empty
mp-2715053,Na4Ta2Si5Ge2SO24,ok,ok,empty,empty,empty,ok,ok,ok,ok,ok,empty,empty,empty,empty
mp-2715054,Na12NbZn5(PO4)9,ok,ok,empty,empty,empty,ok,ok,ok,ok,ok,empty,empty,empty,empty
mp-2715055,Na14Zr4Ga4Si9(SO16)3,ok,ok,empty,empty,empty,ok,ok,ok,ok,ok,empty,empty,empty,empty
mp-2715056,Na15Ca8Nb4P15(SO24)3,ok,ok,empty,empty,empty,ok,ok,ok,ok,ok,empty,empty,empty,empty
mp-2715057,Na4Ta3AlSi5SO24,ok,ok,empty,empty,empty,ok,ok,ok,ok,ok,empty,empty,empty,empty
mp-2715058,Na8Ca3Ti(PO4)6,ok,ok,empty,empty,empty,ok,ok,ok,ok,ok,empty,empty,empty,empty
mp-2715059,Na5Hf2Zn2P5SO24,ok,ok,empty,empty,empty,ok,ok,ok,ok,ok,empty,empty,empty,empty
mp-2715060,Na3Ca3Sc(SO4)6,ok,ok,empty,empty,empty,ok,ok,ok,ok,ok,empty,empty,empty,empty
mp-2715061,Na8Ca3Si3Ge(SO8)3,ok,ok,empty,empty,empty,ok,ok,ok,ok,ok,empty,empty,empty,empty
mp-2715062,Na12Ta10Zn2Si15(SO24)3,ok,ok,empty,empty,empty,ok,ok,ok,ok,ok,empty,empty,empty,empty
mp-2715063,Na8Zn3Sn(PO4)6,ok,ok,empty,empty,empty,ok,ok,ok,ok,ok,empty,empty,empty,empty
mp-2715064,Na4YTa3Si4(PO12)2,ok,ok,empty,empty,empty,ok,ok,ok,ok,ok,empty,empty,empty,empty
mp-2715065,Na6Zn7Sn(SO4)12,ok,ok,empty,empty,empty,ok,ok,ok,ok,ok,empty,empty,empty,empty
mp-2715066,Na24Nb2Zn10Si9(SO8)9,ok,ok,empty,empty,empty,ok,ok,ok,ok,ok,empty,empty,empty,empty
mp-2715067,Na3YZn3(SO4)6,ok,ok,empty,empty,empty,ok,ok,ok,ok,ok,empty,empty,empty,empty
mp-2715068,Na10La8Si5S7O48,ok,ok,empty,empty,empty,ok,ok,ok,ok,ok,empty,empty,empty,empty
mp-2715069,Na10Ga8Si5S7O48,ok,ok,empty,empty,empty,ok,ok,ok,ok,ok,empty,empty,empty,empty
mp-2715070,Na3YMg3(SO4)6,ok,ok,empty,empty,empty,ok,ok,ok,ok,ok,empty,empty,empty,empty
mp-2715071,Na4Ta3GaSi4(PO12)2,ok,ok,empty,empty,empty,ok,ok,ok,ok,ok,empty,empty,empty,empty
mp-2715072,Na7La3NbSi3(PO8)3,ok,ok,empty,empty,empty,ok,ok,ok,ok,ok,empty,empty,empty,empty
mp-2715073,Na5La2Al2P5SO24,ok,ok,empty,empty,empty,ok,ok,ok,ok,ok,empty,empty,empty,empty
mp-2715074,Na6Ca7Sn(SO4)12,ok,ok,empty,empty,empty,ok,ok,ok,ok,ok,empty,empty,empty,empty
mp-2715075,Na10Y4Al4Si5S7O48,ok,ok,empty,empty,empty,ok,ok,ok,ok,ok,empty,empty,empty,empty
mp-2715076,Na10Ti4Zn4Si5S7O48,ok,ok,empty,empty,empty,ok,ok,ok,ok,ok,empty,empty,empty,empty
mp-2715077,Na4Zr2Nb2Si5SO24,ok,ok,empty,empty,empty,ok,ok,ok,ok,ok,empty,empty,empty,empty
mp-2715078,Na3Ca3La(SO4)6,ok,ok,empty,empty,empty,ok,ok,ok,ok,ok,empty,empty,empty,empty
mp-2715079,Na3Mg3Ga(SO4)6,ok,ok,empty,empty,empty,ok,ok,ok,ok,ok,empty,empty,empty,empty
mp-2715080,Na5Mg2Sn2P5SO24,ok,ok,empty,empty,empty,ok,ok,ok,ok,ok,empty,empty,empty,empty
mp-2715081,Na4CaGa(PO4)3,ok,ok,empty,empty,empty,ok,ok,ok,ok,ok,empty,empty,empty,empty
mp-2715082,Na5Sc4P5SO24,ok,ok,empty,empty,empty,ok,ok,ok,ok,ok,empty,empty,empty,empty
mp-2715083,Na5Ca2Sn2P5SO24,ok,ok,empty,empty,empty,ok,ok,ok,ok,ok,empty,empty,empty,empty
mp-2715084,Na14Hf4Sc4Si9(SO16)3,ok,ok,empty,empty,empty,ok,ok,ok,ok,ok,empty,empty,empty,empty
mp-2715085,Na10Ca4Hf4Si5S7O48,ok,ok,empty,empty,empty,ok,ok,ok,ok,ok,empty,empty,empty,empty
mp-2715086,Na4ScNb3Si5SO24,ok,ok,empty,empty,empty,ok,ok,ok,ok,ok,empty,empty,empty,empty
mp-2715088,Na8Ca3Sn(PO4)6,ok,ok,empty,empty,empty,ok,ok,ok,ok,ok,empty,empty,empty,empty
mp-2715090,Na4CaLa(PO4)3,ok,ok,empty,empty,empty,ok,ok,ok,ok,ok,empty,empty,empty,empty
mp-2715091,Na6Mg7Sn(SO4)12,ok,ok,empty,empty,empty,ok,ok,ok,ok,ok,empty,empty,empty,empty
mp-2715092,Na8Mg3Zr(PO4)6,ok,ok,empty,empty,empty,ok,ok,ok,ok,ok,empty,empty,empty,empty
mp-2715093,Na4Ti2Nb2Si5SO24,ok,ok,empty,empty,empty,ok,ok,ok,ok,ok,empty,empty,empty,empty
mp-2715094,Na12Ca2Nb10Si15(SO24)3,ok,ok,empty,empty,empty,ok,ok,ok,ok,ok,empty,empty,empty,empty
mp-2715095,Na8Al2Zn2Si3(SO8)3,ok,ok,empty,empty,empty,ok,ok,ok,ok,ok,empty,empty,empty,empty
mp-2715096,Na10La4Al4Si5S7O48,ok,ok,empty,empty,empty,ok,ok,ok,ok,ok,empty,empty,empty,empty
mp-2715097,Na4Nb3AlSi4(PO12)2,ok,ok,empty,empty,empty,ok,ok,ok,ok,ok,empty,empty,empty,empty
mp-2715098,Na4CaSc(PO4)3,ok,ok,empty,empty,empty,ok,ok,ok,ok,ok,empty,empty,empty,empty
mp-2715099,Na5In4P5SO24,ok,ok,empty,empty,empty,ok,ok,ok,ok,ok,empty,empty,empty,empty
mp-2715100,Na6CaTa5Si6(PO12)3,ok,ok,empty,empty,empty,ok,ok,ok,ok,ok,empty,empty,empty,empty
mp-2715101,Na8Ca2Y2Si3(SO8)3,ok,ok,empty,empty,empty,ok,ok,ok,ok,ok,empty,empty,empty,empty
mp-2715102,Na12Mg2Nb10Si15(SO24)3,ok,ok,empty,empty,empty,ok,ok,ok,ok,ok,empty,empty,empty,empty
mp-2715104,Na8Mg2Ga2Si3(SO8)3,ok,ok,empty,empty,empty,ok,ok,ok,ok,ok,empty,empty,empty,empty
mp-2715105,Na9NbZn11(SO4)18,ok,ok,empty,empty,empty,ok,ok,ok,ok,ok,empty,empty,empty,empty
mp-2715106,Na30Nb8Zn16Si15(S7O48)3,ok,ok,empty,empty,empty,ok,ok,ok,ok,ok,empty,empty,empty,empty
mp-2715107,Na14Ti4Al4Si9(SO16)3,ok,ok,empty,empty,empty,ok,ok,ok,ok,ok,empty,empty,empty,empty
mp-2715108,Na2NbSi2SnPO12,ok,ok,empty,empty,empty,ok,ok,ok,ok,ok,empty,empty,empty,empty
mp-2715109,Na8TiZn3Si3(SO8)3,ok,ok,empty,empty,empty,ok,ok,ok,ok,ok,empty,empty,empty,empty
mp-2715110,Na10Al4Ga4Si5S7O48,ok,ok,empty,empty,empty,ok,ok,ok,ok,ok,empty,empty,empty,empty
mp-2715111,Na14Sc4Si9Sn4(SO16)3,ok,ok,empty,empty,empty,ok,ok,ok,ok,ok,empty,empty,empty,empty
mp-2715112,Na4YTa3Si5SO24,ok,ok,empty,empty,empty,ok,ok,ok,ok,ok,empty,empty,empty,empty
mp-2715114,Na24Ca10Nb2Si9(SO8)9,ok,ok,empty,empty,empty,ok,ok,ok,ok,ok,empty,empty,empty,empty
mp-2715115,Na7Sc3NbSi3(PO8)3,ok,ok,empty,empty,empty,ok,ok,ok,ok,ok,empty,empty,empty,empty
mp-2715116,Na10Y8Si5S7O48,ok,ok,empty,empty,empty,ok,ok,ok,ok,ok,empty,empty,empty,empty
mp-2715117,Na7Ta2Zn2Si3(PO8)3,ok,ok,empty,empty,empty,ok,ok,ok,ok,ok,empty,empty,empty,empty
mp-2715118,Na5Ca2Ge2P5SO24,ok,ok,empty,empty,empty,ok,ok,ok,ok,ok,empty,empty,empty,empty
mp-2715119,Na4Hf2Nb2Si5SO24,ok,ok,empty,empty,empty,ok,ok,ok,ok,ok,empty,empty,empty,empty
mp-2715120,Na6Ca7Zr(SO4)12,ok,ok,empty,empty,empty,ok,ok,ok,ok,ok,empty,empty,empty,empty
mp-2715121,Na7Zr2In2Si3(PO8)3,ok,ok,empty,empty,empty,ok,ok,ok,ok,ok,empty,empty,empty,empty
mp-2715122,Na4Nb3AlSi5SO24,ok,ok,empty,empty,empty,ok,ok,ok,ok,ok,empty,empty,empty,empty
mp-2715123,Na6Zn7Ge(SO4)12,ok,ok,empty,empty,empty,ok,ok,ok,ok,ok,empty,empty,empty,empty
mp-2715124,Na5In2Ga2P5SO24,ok,ok,empty,empty,empty,ok,ok,ok,ok,ok,empty,empty,empty,empty
mp-2715125,Na5Y2Al2P5SO24,ok,ok,empty,empty,empty,ok,ok,ok,ok,ok,empty,empty,empty,empty
mp-2715126,Na4LaNb3Si5SO24,ok,ok,empty,empty,empty,ok,ok,ok,ok,ok,empty,empty,empty,empty
mp-2715127,Na14Al4Si9Sn4(SO16)3,ok,ok,empty,empty,empty,ok,ok,ok,ok,ok,empty,empty,empty,empty
mp-2715128,Na7La2Zr2Si3(PO8)3,ok,ok,empty,empty,empty,ok,ok,ok,ok,ok,empty,empty,empty,empty
mp-2715129,Na10In4Ga4Si5S7O48,ok,ok,empty,empty,empty,ok,ok,ok,ok,ok,empty,empty,empty,empty
mp-2715130,Na6MgNb5Si6(PO12)3,ok,ok,empty,empty,empty,ok,ok,ok,ok,ok,empty,empty,empty,empty
mp-2715131,Na3LaZn3(SO4)6,ok,ok,empty,empty,empty,ok,ok,ok,ok,ok,empty,empty,empty,empty
mp-2715132,Na8Mg3Ge(PO4)6,ok,ok,empty,empty,empty,ok,ok,ok,ok,ok,empty,empty,empty,empty
mp-2715133,Na2TaSi2GePO12,ok,ok,empty,empty,empty,ok,ok,ok,ok,ok,empty,empty,empty,empty
mp-2715134,Na5Mg2Ti2P5SO24,ok,ok,empty,empty,empty,ok,ok,ok,ok,ok,empty,empty,empty,empty
mp-2715135,Na8Ca2La2Si3(SO8)3,ok,ok,empty,empty,empty,ok,ok,ok,ok,ok,empty,empty,empty,empty
mp-2715137,Na4YZn(PO4)3,ok,ok,empty,empty,empty,ok,ok,ok,ok,ok,empty,empty,empty,empty
mp-2715138,Na5Ca2Zr2P5SO24,ok,ok,empty,empty,empty,ok,ok,ok,ok,ok,empty,empty,empty,empty
mp-2715139,Na4Ta2Si5Sn2SO24,ok,ok,empty,empty,empty,ok,ok,ok,ok,ok,empty,empty,empty,empty
mp-2715140,Na4Ta3AlSi4(PO12)2,ok,ok,empty,empty,empty,ok,ok,ok,ok,ok,empty,empty,empty,empty
mp-2715142,Na14Sc4Ti4Si9(SO16)3,ok,ok,empty,empty,empty,ok,ok,ok,ok,ok,empty,empty,empty,empty
mp-2715143,Na15Mg8Ta4P15(SO24)3,ok,ok,empty,empty,empty,ok,ok,ok,ok,ok,empty,empty,empty,empty
mp-2715144,Na8Mg3Ti(PO4)6,ok,ok,empty,empty,empty,ok,ok,ok,ok,ok,empty,empty,empty,empty
mp-2715145,Na3Zn3Ga(SO4)6,ok,ok,empty,empty,empty,ok,ok,ok,ok,ok,empty,empty,empty,empty
mp-2715146,Na5Zn2Sn2P5SO24,ok,ok,empty,empty,empty,ok,ok,ok,ok,ok,empty,empty,empty,empty
mp-2715147,Na6ZrZn7(SO4)12,ok,ok,empty,empty,empty,ok,ok,ok,ok,ok,empty,empty,empty,empty
mp-2715148,Na9TaZn11(SO4)18,ok,ok,empty,empty,empty,ok,ok,ok,ok,ok,empty,empty,empty,empty
mp-2715149,Na2TaSi2SnPO12,ok,ok,empty,empty,empty,ok,ok,ok,ok,ok,empty,empty,empty,empty
mp-2715150,Na10Sc4Al4Si5S7O48,ok,ok,empty,empty,empty,ok,ok,ok,ok,ok,empty,empty,empty,empty
mp-2715151,Na8Mg3Si3Ge(SO8)3,ok,ok,empty,empty,empty,ok,ok,ok,ok,ok,empty,empty,empty,empty
mp-2715152,Na10Mg4Ti4Si5S7O48,ok,ok,empty,empty,empty,ok,ok,ok,ok,ok,empty,empty,empty,empty
mp-2715153,Na30Ca16Nb8Si15(S7O48)3,ok,ok,empty,empty,empty,ok,ok,ok,ok,ok,empty,empty,empty,empty
mp-2715154,Na4MgGa(PO4)3,ok,ok,empty,empty,empty,ok,ok,ok,ok,ok,empty,empty,empty,empty
mp-2715155,Na15Nb4Zn8P15(SO24)3,ok,ok,empty,empty,empty,ok,ok,ok,ok,ok,empty,empty,empty,empty
mp-2715156,Na9Mg11Ta(SO4)18,ok,ok,empty,empty,empty,ok,ok,ok,ok,ok,empty,empty,empty,empty
mp-2715157,Na8Y2Mg2Si3(SO8)3,ok,ok,empty,empty,empty,ok,ok,ok,ok,ok,empty,empty,empty,empty
mp-2715158,Na2NbSi2GePO12,ok,ok,empty,empty,empty,ok,ok,ok,ok,ok,empty,empty,empty,empty
mp-2715161,Na4Ta2Ti2Si5SO24,ok,ok,empty,empty,empty,ok,ok,ok,ok,ok,empty,empty,empty,empty
mp-2715162,Na7Ga2Si3Ge2(PO8)3,ok,ok,empty,empty,empty,ok,ok,ok,ok,ok,empty,empty,empty,empty
mp-2715163,Na8Zn2Ga2Si3(SO8)3,ok,ok,empty,empty,empty,ok,ok,ok,ok,ok,empty,empty,empty,empty
mp-2715164,Na24Mg10Ta2Si9(SO8)9,ok,ok,empty,empty,empty,ok,ok,ok,ok,ok,empty,empty,empty,empty
mp-2715165,Na10Y4In4Si5S7O48,ok,ok,empty,empty,empty,ok,ok,ok,ok,ok,empty,empty,empty,empty
mp-2715166,Na6HfMg7(SO4)12,ok,ok,empty,empty,empty,ok,ok,ok,ok,ok,empty,empty,empty,empty
mp-2715167,Na10La4Y4Si5S7O48,ok,ok,empty,empty,empty,ok,ok,ok,ok,ok,empty,empty,empty,empty
mp-2715168,Na8Ca3Si3Sn(SO8)3,ok,ok,empty,empty,empty,ok,ok,ok,ok,ok,empty,empty,empty,empty
mp-2715169,Na14Hf6Mg2Si9(SO16)3,ok,ok,empty,empty,empty,ok,ok,ok,ok,ok,empty,empty,empty,empty
mp-2715170,Na7CaSi3Sn3(PO8)3,ok,ok,empty,empty,empty,ok,ok,ok,ok,ok,empty,empty,empty,empty
mp-2715171,Na7Hf2Al2Si3(PO8)3,ok,ok,empty,empty,empty,ok,ok,ok,ok,ok,empty,empty,empty,empty
mp-2715172,Na4LaZn(PO4)3,ok,ok,empty,empty,empty,ok,ok,ok,ok,ok,empty,empty,empty,empty
mp-2715173,Na14La4Zr4Si9(SO16)3,ok,ok,empty,empty,empty,ok,ok,ok,ok,ok,empty,empty,empty,empty
mp-2715174,Na12Ca5Ta(PO4)9,ok,ok,empty,empty,empty,ok,ok,ok,ok,ok,empty,empty,empty,empty
mp-2715175,Na14Sc6Ta2Si9(SO16)3,ok,ok,empty,empty,empty,ok,ok,ok,ok,ok,empty,empty,empty,empty
mp-2715176,Na4Nb3InSi5SO24,ok,ok,empty,empty,empty,ok,ok,ok,ok,ok,empty,empty,empty,empty
mp-2715177,Na4YNb3Si4(PO12)2,ok,ok,empty,empty,empty,ok,ok,ok,ok,ok,empty,empty,empty,empty
mp-2715178,Na4Hf2Ta2Si5SO24,ok,ok,empty,empty,empty,ok,ok,ok,ok,ok,empty,empty,empty,empty
mp-2715179,Na14Mg4Ta4Si9(SO16)3,ok,ok,empty,empty,empty,ok,ok,ok,ok,ok,empty,empty,empty,empty
mp-2715180,Na7Y2Hf2Si3(PO8)3,ok,ok,empty,empty,empty,ok,ok,ok,ok,ok,empty,empty,empty,empty
mp-2715181,Na14Ga4Si9Sn4(SO16)3,ok,ok,empty,empty,empty,ok,ok,ok,ok,ok,empty,empty,empty,empty
mp-2715182,Na4CaIn(PO4)3,ok,ok,empty,empty,empty,ok,ok,ok,ok,ok,empty,empty,empty,empty
mp-2715183,Na4YNb3Si5SO24,ok,ok,empty,empty,empty,ok,ok,ok,ok,ok,empty,empty,empty,empty
mp-2715184,Na10La4Sc4Si5S7O48,ok,ok,empty,empty,empty,ok,ok,ok,ok,ok,empty,empty,empty,empty
mp-2715185,Na8Y2Zn2Si3(SO8)3,ok,ok,empty,empty,empty,ok,ok,ok,ok,ok,empty,empty,empty,empty
mp-2715186,Na8La2Zn2Si3(SO8)3,ok,ok,empty,empty,empty,ok,ok,ok,ok,ok,empty,empty,empty,empty
mp-2715187,Na15Mg8Nb4P15(SO24)3,ok,ok,empty,empty,empty,ok,ok,ok,ok,ok,empty,empty,empty,empty
mp-2715188,Na7NbGa3Si3(PO8)3,ok,ok,empty,empty,empty,ok,ok,ok,ok,ok,empty,empty,empty,empty
mp-2715189,Na5Y2Ga2P5SO24,ok,ok,empty,empty,empty,ok,ok,ok,ok,ok,empty,empty,empty,empty
mp-2715190,Na7La3TaSi3(PO8)3,ok,ok,empty,empty,empty,ok,ok,ok,ok,ok,empty,empty,empty,empty
mp-2715191,Na5Sc2Al2P5SO24,ok,ok,empty,empty,empty,ok,ok,ok,ok,ok,empty,empty,empty,empty
mp-2715192,Na8Ca3HfSi3(SO8)3,ok,ok,empty,empty,empty,ok,ok,ok,ok,ok,empty,empty,empty,empty
mp-2715193,Na2ZrTaSi2PO12,ok,ok,empty,empty,empty,ok,ok,ok,ok,ok,empty,empty,empty,empty
mp-2715194,Na14Ga4Si9Ge4(SO16)3,ok,ok,empty,empty,empty,ok,ok,ok,ok,ok,empty,empty,empty,empty
mp-2715195,Na14Al4Si9Ge4(SO16)3,ok,ok,empty,empty,empty,ok,ok,ok,ok,ok,empty,empty,empty,empty
mp-2715196,Na10Al4In4Si5S7O48,ok,ok,empty,empty,empty,ok,ok,ok,ok,ok,empty,empty,empty,empty
mp-2715197,Na24Ca10Ta2Si9(SO8)9,ok,ok,empty,empty,empty,ok,ok,ok,ok,ok,empty,empty,empty,empty
mp-2715198,Na30Mg16Nb8Si15(S7O48)3,ok,ok,empty,empty,empty,ok,ok,ok,ok,ok,empty,empty,empty,empty
mp-2715199,Na14In4Si9Ge4(SO16)3,ok,ok,empty,empty,empty,ok,ok,ok,ok,ok,empty,empty,empty,empty
mp-2715200,Na8TiZn3(PO4)6,ok,ok,empty,empty,empty,ok,ok,ok,ok,ok,empty,empty,empty,empty
mp-2715201,Na8Mg2Al2Si3(SO8)3,ok,ok,empty,empty,empty,ok,ok,ok,ok,ok,empty,empty,empty,empty
mp-2715202,Na9Ca11Ta(SO4)18,ok,ok,empty,empty,empty,ok,ok,ok,ok,ok,empty,empty,empty,empty
mp-2715204,Na10Y4Ga4Si5S7O48,ok,ok,empty,empty,empty,ok,ok,ok,ok,ok,empty,empty,empty,empty
mp-2715205,Na4MgIn(PO4)3,ok,ok,empty,empty,empty,ok,ok,ok,ok,ok,empty,empty,empty,empty
mp-2715206,Na10La4Ga4Si5S7O48,ok,ok,empty,empty,empty,ok,ok,ok,ok,ok,empty,empty,empty,empty
mp-2715207,Na8Ca2In2Si3(SO8)3,ok,ok,empty,empty,empty,ok,ok,ok,ok,ok,empty,empty,empty,empty
mp-2715208,Na7TaAl3Si3(PO8)3,ok,ok,empty,empty,empty,ok,ok,ok,ok,ok,empty,empty,empty,empty
mp-2715209,Na8La2Mg2Si3(SO8)3,ok,ok,empty,empty,empty,ok,ok,ok,ok,ok,empty,empty,empty,empty
mp-2715210,Na8HfMg3(PO4)6,ok,ok,empty,empty,empty,ok,ok,ok,ok,ok,empty,empty,empty,empty
mp-2715211,Na8ZrZn3Si3(SO8)3,ok,ok,empty,empty,empty,ok,ok,ok,ok,ok,empty,empty,empty,empty
mp-2715212,Na3Mg3In(SO4)6,ok,ok,empty,empty,empty,ok,ok,ok,ok,ok,empty,empty,empty,empty
mp-2715213,Na14La4Hf4Si9(SO16)3,ok,ok,empty,empty,empty,ok,ok,ok,ok,ok,empty,empty,empty,empty
mp-2715214,Na4CaAl(PO4)3,ok,ok,empty,empty,empty,ok,ok,ok,ok,ok,empty,empty,empty,empty
mp-2715215,Na3ScZn3(SO4)6,ok,ok,empty,empty,empty,ok,ok,ok,ok,ok,empty,empty,empty,empty
mp-2715216,Na8Mg2In2Si3(SO8)3,ok,ok,empty,empty,empty,ok,ok,ok,ok,ok,empty,empty,empty,empty
mp-2715217,Na6HfZn7(SO4)12,ok,ok,empty,empty,empty,ok,ok,ok,ok,ok,empty,empty,empty,empty
mp-2715218,Na6CaNb5Si6(PO12)3,ok,ok,empty,empty,empty,ok,ok,ok,ok,ok,empty,empty,empty,empty
mp-2715219,Na12Mg5Nb(PO4)9,ok,ok,empty,empty,empty,ok,ok,ok,ok,ok,empty,empty,empty,empty
mp-2715220,Na4YMg(PO4)3,ok,ok,empty,empty,empty,ok,ok,ok,ok,ok,empty,empty,empty,empty
mp-2715221,Na6MgTa5Si6(PO12)3,ok,ok,empty,empty,empty,ok,ok,ok,ok,ok,empty,empty,empty,empty
mp-2715222,Na3HfNb(SiO4)3,ok,ok,empty,empty,empty,ok,ok,ok,ok,ok,empty,empty,empty,empty
mp-2715223,Na6YNb3(SiO4)6,ok,ok,empty,empty,empty,ok,ok,ok,ok,ok,empty,empty,empty,empty
mp-2715224,Na3YHfSi(PO6)2,ok,ok,empty,empty,empty,ok,ok,ok,ok,ok,empty,empty,empty,empty
mp-2715225,Na3CaTaSi(PO6)2,ok,ok,empty,empty,empty,ok,ok,ok,ok,ok,empty,empty,empty,empty
mp-2715226,Na3YTiSi(PO6)2,ok,ok,empty,empty,empty,ok,ok,ok,ok,ok,empty,empty,empty,empty
mp-2715227,Na3ZrInSi(PO6)2,ok,ok,empty,empty,empty,ok,ok,ok,ok,ok,empty,empty,empty,empty
mp-2715228,Na3Ga2(PO4)3,ok,ok,empty,empty,empty,ok,ok,ok,ok,ok,empty,empty,empty,empty
mp-2715229,Na3ZnSn(PO4)3,ok,ok,empty,empty,empty,ok,ok,ok,ok,ok,empty,empty,empty,empty
mp-2715230,Na3YSc(PO4)3,ok,ok,empty,empty,empty,ok,ok,ok,ok,ok,empty,empty,empty,empty
mp-2715231,Na3HfSi2SnPO12,ok,ok,empty,empty,empty,ok,ok,ok,ok,ok,empty,empty,empty,empty
mp-2715232,Na3TiZn(PO4)3,ok,ok,empty,empty,empty,ok,ok,ok,ok,ok,empty,empty,empty,empty
mp-2715233,Na3AlSiGe(PO6)2,ok,ok,empty,empty,empty,ok,ok,ok,ok,ok,empty,empty,empty,empty
mp-2715234,Na6Sc3TaSi2(PO6)4,ok,ok,empty,empty,empty,ok,ok,ok,ok,ok,empty,empty,empty,empty
mp-2715235,Na6MgZr3Si2(PO6)4,ok,ok,empty,empty,empty,ok,ok,ok,ok,ok,empty,empty,empty,empty
mp-2715236,Na6Sc3NbSi2(PO6)4,ok,ok,empty,empty,empty,ok,ok,ok,ok,ok,empty,empty,empty,empty
mp-2715237,Na3TiNb(SiO4)3,ok,ok,empty,empty,empty,ok,ok,ok,ok,ok,empty,empty,empty,empty
mp-2715238,Na3HfInSi(PO6)2,ok,ok,empty,empty,empty,ok,ok,ok,ok,ok,empty,empty,empty,empty
mp-2715239,Na6ZnSi2Ge3(PO6)4,ok,ok,empty,empty,empty,ok,ok,ok,ok,ok,empty,empty,empty,empty
mp-2715240,Na3Al2(PO4)3,ok,ok,empty,empty,empty,ok,ok,ok,ok,ok,empty,empty,empty,empty
mp-2715242,Na3MgSn(PO4)3,ok,ok,empty,empty,empty,ok,ok,ok,ok,ok,empty,empty,empty,empty
mp-2715243,Na3CaSn(PO4)3,ok,ok,empty,empty,empty,ok,ok,ok,ok,ok,empty,empty,empty,empty
mp-2715244,Na6CaSi2Ge3(PO6)4,ok,ok,empty,empty,empty,ok,ok,ok,ok,ok,empty,empty,empty,empty
mp-2715245,Na3HfInSi(PO6)2,ok,ok,empty,empty,empty,ok,ok,ok,ok,ok,empty,empty,empty,empty
mp-2715246,Na6CaZr3Si2(PO6)4,ok,ok,empty,empty,empty,ok,ok,ok,ok,ok,empty,empty,empty,empty
mp-2715247,Na9Ca4Nb2(PO4)9,ok,ok,empty,empty,empty,ok,ok,ok,ok,ok,empty,empty,empty,empty
mp-2715248,Na3NbGaSi2PO12,ok,ok,empty,empty,empty,ok,ok,ok,ok,ok,empty,empty,empty,empty
mp-2715249,Na3YSiGe(PO6)2,ok,ok,empty,empty,empty,ok,ok,ok,ok,ok,empty,empty,empty,empty
mp-2715250,Na6TaIn3Si2(PO6)4,ok,ok,empty,empty,empty,ok,ok,ok,ok,ok,empty,empty,empty,empty
mp-2715251,Na6Nb3Ga(SiO4)6,ok,ok,empty,empty,empty,ok,ok,ok,ok,ok,empty,empty,empty,empty
mp-2715252,Na3TaInSi2PO12,ok,ok,empty,empty,empty,ok,ok,ok,ok,ok,empty,empty,empty,empty
mp-2715253,Na6TaGa3Si2(PO6)4,ok,ok,empty,empty,empty,ok,ok,ok,ok,ok,empty,empty,empty,empty
mp-2715254,Na3YAl(PO4)3,ok,ok,empty,empty,empty,ok,ok,ok,ok,ok,empty,empty,empty,empty
mp-2715255,Na3HfAlSi(PO6)2,ok,ok,empty,empty,empty,ok,ok,ok,ok,ok,empty,empty,empty,empty
mp-2715256,Na3ZrZn(PO4)3,ok,ok,empty,empty,empty,ok,ok,ok,ok,ok,empty,empty,empty,empty
mp-2715257,Na3CaTi(PO4)3,ok,ok,empty,empty,empty,ok,ok,ok,ok,ok,empty,empty,empty,empty
mp-2715258,Na6YTa3(SiO4)6,ok,ok,empty,empty,empty,ok,ok,ok,ok,ok,empty,empty,empty,empty
mp-2715259,Na3La2(PO4)3,ok,ok,empty,empty,empty,ok,ok,ok,ok,ok,empty,empty,empty,empty
mp-2715260,Na3LaSiSn(PO6)2,ok,ok,empty,empty,empty,ok,ok,ok,ok,ok,empty,empty,empty,empty
mp-2715261,Na3Si2Ge2PO12,ok,ok,empty,empty,empty,ok,ok,ok,ok,ok,empty,empty,empty,empty
mp-2715262,Na3Al2(PO4)3,ok,ok,empty,empty,empty,ok,ok,ok,ok,ok,empty,empty,empty,empty
mp-2715263,Na6Ta3Ga(SiO4)6,ok,ok,empty,empty,empty,ok,ok,ok,ok,ok,empty,empty,empty,empty
mp-2715264,Na3NbSi3GeO12,ok,ok,empty,empty,empty,ok,ok,ok,ok,ok,empty,empty,empty,empty
mp-2715265,Na9MgNb5(SiO4)9,ok,ok,empty,empty,empty,ok,ok,ok,ok,ok,empty,empty,empty,empty
mp-2715266,Na9Ca2Ta4Si6(PO12)3,ok,ok,empty,empty,empty,ok,ok,ok,ok,ok,empty,empty,empty,empty
mp-2715267,Na3YTiSi(PO6)2,ok,ok,empty,empty,empty,ok,ok,ok,ok,ok,empty,empty,empty,empty
mp-2715268,Na3ZrTa(SiO4)3,ok,ok,empty,empty,empty,ok,ok,ok,ok,ok,empty,empty,empty,empty
mp-2715269,Na6CaSi2Sn3(PO6)4,ok,ok,empty,empty,empty,ok,ok,ok,ok,ok,empty,empty,empty,empty
mp-2715270,Na3ZrInSi(PO6)2,ok,ok,empty,empty,empty,ok,ok,ok,ok,ok,empty,empty,empty,empty
mp-2715271,Na3LaNbSi2PO12,ok,ok,empty,empty,empty,ok,ok,ok,ok,ok,empty,empty,empty,empty
mp-2715272,Na3LaSc(PO4)3,ok,ok,empty,empty,empty,ok,ok,ok,ok,ok,empty,empty,empty,empty
mp-2715273,Na9Ca2Nb4Si6(PO12)3,ok,ok,empty,empty,empty,ok,ok,ok,ok,ok,empty,empty,empty,empty
mp-2715274,Na9CaNb5(SiO4)9,ok,ok,empty,empty,empty,ok,ok,ok,ok,ok,empty,empty,empty,empty
mp-2715275,Na6YTa3(SiO4)6,ok,ok,empty,empty,empty,ok,ok,ok,ok,ok,empty,empty,empty,empty
mp-2715276,Na6La3TaSi2(PO6)4,ok,ok,empty,empty,empty,ok,ok,ok,ok,ok,empty,empty,empty,empty
mp-2715277,Na6Zr3ZnSi2(PO6)4,ok,ok,empty,empty,empty,ok,ok,ok,ok,ok,empty,empty,empty,empty
mp-2715278,Na6TaIn3Si2(PO6)4,ok,ok,empty,empty,empty,ok,ok,ok,ok,ok,empty,empty,empty,empty
mp-2715279,Na3LaGa(PO4)3,ok,ok,empty,empty,empty,ok,ok,ok,ok,ok,empty,empty,empty,empty
mp-2715280,Na6Y3TaSi2(PO6)4,ok,ok,empty,empty,empty,ok,ok,ok,ok,ok,empty,empty,empty,empty
mp-2715281,Na3ScTaSi2PO12,ok,ok,empty,empty,empty,ok,ok,ok,ok,ok,empty,empty,empty,empty
mp-2715282,Na3TaSi3SnO12,ok,ok,empty,empty,empty,ok,ok,ok,ok,ok,empty,empty,empty,empty
mp-2715283,Na6Nb3Ga(SiO4)6,ok,ok,empty,empty,empty,ok,ok,ok,ok,ok,empty,empty,empty,empty
mp-2715284,Na3TaGaSi2PO12,ok,ok,empty,empty,empty,ok,ok,ok,ok,ok,empty,empty,empty,empty
mp-2715285,Na3ScSiGe(PO6)2,ok,ok,empty,empty,empty,ok,ok,ok,ok,ok,empty,empty,empty,empty
mp-2715286,Na6Nb3Al(SiO4)6,ok,ok,empty,empty,empty,ok,ok,ok,ok,ok,empty,empty,empty,empty
mp-2715287,Na3HfTa(SiO4)3,ok,ok,empty,empty,empty,ok,ok,ok,ok,ok,empty,empty,empty,empty
mp-2715288,Na3ScIn(PO4)3,ok,ok,empty,empty,empty,ok,ok,ok,ok,ok,empty,empty,empty,empty
mp-2715289,Na3YIn(PO4)3,ok,ok,empty,empty,empty,ok,ok,ok,ok,ok,empty,empty,empty,empty
mp-2715290,Na9CaNb5(SiO4)9,ok,ok,empty,empty,empty,ok,ok,ok,ok,ok,empty,empty,empty,empty
mp-2715291,Na3CaNbSi(PO6)2,ok,ok,empty,empty,empty,ok,ok,ok,ok,ok,empty,empty,empty,empty
mp-2715292,Na3AlSiSn(PO6)2,ok,ok,empty,empty,empty,ok,ok,ok,ok,ok,empty,empty,empty,empty
mp-2715293,Na3LaIn(PO4)3,ok,ok,empty,empty,empty,ok,ok,ok,ok,ok,empty,empty,empty,empty
mp-2715294,Na6La3NbSi2(PO6)4,ok,ok,empty,empty,empty,ok,ok,ok,ok,ok,empty,empty,empty,empty
mp-2715295,Na3YSiGe(PO6)2,ok,ok,empty,empty,empty,ok,ok,ok,ok,ok,empty,empty,empty,empty
mp-2715296,Na6La3NbSi2(PO6)4,ok,ok,empty,empty,empty,ok,ok,ok,ok,ok,empty,empty,empty,empty
mp-2715297,Na3HfTa(SiO4)3,ok,ok,empty,empty,empty,ok,ok,ok,ok,ok,empty,empty,empty,empty
mp-2715298,Na3LaAl(PO4)3,ok,ok,empty,empty,empty,ok,ok,ok,ok,ok,empty,empty,empty,empty
mp-2715299,Na6Nb3In(SiO4)6,ok,ok,empty,empty,empty,ok,ok,ok,ok,ok,empty,empty,empty,empty
mp-2715300,Na3HfZrSi2PO12,ok,ok,empty,empty,empty,ok,ok,ok,ok,ok,empty,empty,empty,empty
mp-2715301,Na9Mg4Nb2(PO4)9,ok,ok,empty,empty,empty,ok,ok,ok,ok,ok,empty,empty,empty,empty
mp-2715302,Na6Sc3NbSi2(PO6)4,ok,ok,empty,empty,empty,ok,ok,ok,ok,ok,empty,empty,empty,empty
mp-2715303,Na6LaTa3(SiO4)6,ok,ok,empty,empty,empty,ok,ok,ok,ok,ok,empty,empty,empty,empty
mp-2715304,Na6CaSi2Ge3(PO6)4,ok,ok,empty,empty,empty,ok,ok,ok,ok,ok,empty,empty,empty,empty
mp-2715305,Na3YHfSi(PO6)2,ok,ok,empty,empty,empty,ok,ok,ok,ok,ok,empty,empty,empty,empty
mp-2715306,Na6MgSi2Ge3(PO6)4,ok,ok,empty,empty,empty,ok,ok,ok,ok,ok,empty,empty,empty,empty
mp-2715307,Na6CaHf3Si2(PO6)4,ok,ok,empty,empty,empty,ok,ok,ok,ok,ok,empty,empty,empty,empty
mp-2715308,Na3MgTaSi(PO6)2,ok,ok,empty,empty,empty,ok,ok,ok,ok,ok,empty,empty,empty,empty
mp-2715309,Na3ScTaSi2PO12,ok,ok,empty,empty,empty,ok,ok,ok,ok,ok,empty,empty,empty,empty
mp-2715310,Na3Ga2(PO4)3,ok,ok,empty,empty,empty,ok,ok,ok,ok,ok,empty,empty,empty,empty
mp-2715312,Na6TaAl3Si2(PO6)4,ok,ok,empty,empty,empty,ok,ok,ok,ok,ok,empty,empty,empty,empty
mp-2715313,Na9Nb2Zn4(PO4)9,ok,ok,empty,empty,empty,ok,ok,ok,ok,ok,empty,empty,empty,empty
mp-2715314,Na3LaHfSi(PO6)2,ok,ok,empty,empty,empty,ok,ok,ok,ok,ok,empty,empty,empty,empty
mp-2715315,Na9Nb2Zn4(PO4)9,ok,ok,empty,empty,empty,ok,ok,ok,ok,ok,empty,empty,empty,empty
mp-2715316,Na3NbSi3SnO12,ok,ok,empty,empty,empty,ok,ok,ok,ok,ok,empty,empty,empty,empty
mp-2715317,Na3GaSiSn(PO6)2,ok,ok,empty,empty,empty,ok,ok,ok,ok,ok,empty,empty,empty,empty
mp-2715318,Na3ScGa(PO4)3,ok,ok,empty,empty,empty,ok,ok,ok,ok,ok,empty,empty,empty,empty
mp-2715319,Na3HfTiSi2PO12,ok,ok,empty,empty,empty,ok,ok,ok,ok,ok,empty,empty,empty,empty
mp-2715320,Na6Hf3ZnSi2(PO6)4,ok,ok,empty,empty,empty,ok,ok,ok,ok,ok,empty,empty,empty,empty
mp-2715321,Na3YTaSi2PO12,ok,ok,empty,empty,empty,ok,ok,ok,ok,ok,empty,empty,empty,empty
mp-2715322,Na6LaTa3(SiO4)6,ok,ok,empty,empty,empty,ok,ok,ok,ok,ok,empty,empty,empty,empty
mp-2715323,Na6CaZr3Si2(PO6)4,ok,ok,empty,empty,empty,ok,ok,ok,ok,ok,empty,empty,empty,empty
mp-2715324,Na3TaGaSi2PO12,ok,ok,empty,empty,empty,ok,ok,ok,ok,ok,empty,empty,empty,empty
mp-2715325,Na6Ti3ZnSi2(PO6)4,ok,ok,empty,empty,empty,ok,ok,ok,ok,ok,empty,empty,empty,empty
mp-2715326,Na3YSc(PO4)3,ok,ok,empty,empty,empty,ok,ok,ok,ok,ok,empty,empty,empty,empty
mp-2715327,Na6ScNb3(SiO4)6,ok,ok,empty,empty,empty,ok,ok,ok,ok,ok,empty,empty,empty,empty
mp-2715328,Na3CaZr(PO4)3,ok,ok,empty,empty,empty,ok,ok,ok,ok,ok,empty,empty,empty,empty
mp-2715329,Na6Ta3Al(SiO4)6,ok,ok,empty,empty,empty,ok,ok,ok,ok,ok,empty,empty,empty,empty
mp-2715330,Na3LaZrSi(PO6)2,ok,ok,empty,empty,empty,ok,ok,ok,ok,ok,empty,empty,empty,empty
mp-2715331,Na3AlGa(PO4)3,ok,ok,empty,empty,empty,ok,ok,ok,ok,ok,empty,empty,empty,empty
mp-2715332,Na3TiInSi(PO6)2,ok,ok,empty,empty,empty,ok,ok,ok,ok,ok,empty,empty,empty,empty
mp-2715333,Na3NbSi3SnO12,ok,ok,empty,empty,empty,ok,ok,ok,ok,ok,empty,empty,empty,empty
mp-2715334,Na3ZrZn(PO4)3,ok,ok,empty,empty,empty,ok,ok,ok,ok,ok,empty,empty,empty,empty
mp-2715335,Na3NbAlSi2PO12,ok,ok,empty,empty,empty,ok,ok,ok,ok,ok,empty,empty,empty,empty
mp-2715336,Na9Mg4Nb2(PO4)9,ok,ok,empty,empty,empty,ok,ok,ok,ok,ok,empty,empty,empty,empty
mp-2715337,Na3ScTiSi(PO6)2,ok,ok,empty,empty,empty,ok,ok,ok,ok,ok,empty,empty,empty,empty
mp-2715338,Na9Mg4Ta2(PO4)9,ok,ok,empty,empty,empty,ok,ok,ok,ok,ok,empty,empty,empty,empty
mp-2715339,Na3ZrAlSi(PO6)2,ok,ok,empty,empty,empty,ok,ok,ok,ok,ok,empty,empty,empty,empty
mp-2715340,Na3InSiGe(PO6)2,ok,ok,empty,empty,empty,ok,ok,ok,ok,ok,empty,empty,empty,empty
mp-2715341,Na6TaAl3Si2(PO6)4,ok,ok,empty,empty,empty,ok,ok,ok,ok,ok,empty,empty,empty,empty
mp-2715342,Na3HfGaSi(PO6)2,ok,ok,empty,empty,empty,ok,ok,ok,ok,ok,empty,empty,empty,empty
mp-2715343,Na9Ca2Ta4Si6(PO12)3,ok,ok,empty,empty,empty,ok,ok,ok,ok,ok,empty,empty,empty,empty
mp-2715344,Na6MgSi2Sn3(PO6)4,ok,ok,empty,empty,empty,ok,ok,ok,ok,ok,empty,empty,empty,empty
mp-2715345,Na3ScTiSi(PO6)2,ok,ok,empty,empty,empty,ok,ok,ok,ok,ok,empty,empty,empty,empty
mp-2715346,Na6Ta3In(SiO4)6,ok,ok,empty,empty,empty,ok,ok,ok,ok,ok,empty,empty,empty,empty
mp-2715347,Na6Ta3In(SiO4)6,ok,ok,empty,empty,empty,ok,ok,ok,ok,ok,empty,empty,empty,empty
mp-2715348,Na6CaSi2Sn3(PO6)4,ok,ok,empty,empty,empty,ok,ok,ok,ok,ok,empty,empty,empty,empty
mp-2715349,Na3ZrNb(SiO4)3,ok,ok,empty,empty,empty,ok,ok,ok,ok,ok,empty,empty,empty,empty
mp-2715350,Na3Si2SnGePO12,ok,ok,empty,empty,empty,ok,ok,ok,ok,ok,empty,empty,empty,empty
mp-2715351,Na3AlSiGe(PO6)2,ok,ok,empty,empty,empty,ok,ok,ok,ok,ok,empty,empty,empty,empty
mp-2715352,Na3ZnGe(PO4)3,ok,ok,empty,empty,empty,ok,ok,ok,ok,ok,empty,empty,empty,empty
mp-2715353,Na6MgSi2Ge3(PO6)4,ok,ok,empty,empty,empty,ok,ok,ok,ok,ok,empty,empty,empty,empty
mp-2715354,Na6NbGa3Si2(PO6)4,ok,ok,empty,empty,empty,ok,ok,ok,ok,ok,empty,empty,empty,empty
mp-2715355,Na3ZrScSi(PO6)2,ok,ok,empty,empty,empty,ok,ok,ok,ok,ok,empty,empty,empty,empty
mp-2715356,Na9Mg4Ta2(PO4)9,ok,ok,empty,empty,empty,ok,ok,ok,ok,ok,empty,empty,empty,empty
mp-2715357,Na3LaTiSi(PO6)2,ok,ok,empty,empty,empty,ok,ok,ok,ok,ok,empty,empty,empty,empty
mp-2715358,Na6MgTi3Si2(PO6)4,ok,ok,empty,empty,empty,ok,ok,ok,ok,ok,empty,empty,empty,empty
mp-2715359,Na3Y2(PO4)3,ok,ok,empty,empty,empty,ok,ok,ok,ok,ok,empty,empty,empty,empty
mp-2715360,Na9Ca2Nb4Si6(PO12)3,ok,ok,empty,empty,empty,ok,ok,ok,ok,ok,empty,empty,empty,empty
mp-2715361,Na3TiGaSi(PO6)2,ok,ok,empty,empty,empty,ok,ok,ok,ok,ok,empty,empty,empty,empty
mp-2715362,Na3LaSc(PO4)3,ok,ok,empty,empty,empty,ok,ok,ok,empty,ok,empty,empty,empty,empty
mp-2715363,Na3YGa(PO4)3,ok,ok,empty,empty,empty,ok,ok,ok,ok,ok,empty,empty,empty,empty
mp-2715364,Na6La3TaSi2(PO6)4,ok,ok,empty,empty,empty,ok,ok,ok,ok,ok,empty,empty,empty,empty
mp-2715365,Na9Ca4Nb2(PO4)9,ok,ok,empty,empty,empty,ok,ok,ok,ok,ok,empty,empty,empty,empty
mp-2715366,Na3LaIn(PO4)3,ok,ok,empty,empty,empty,ok,ok,ok,ok,ok,empty,empty,empty,empty
mp-2715367,Na6Nb3In(SiO4)6,ok,ok,empty,empty,empty,ok,ok,ok,ok,ok,empty,empty,empty,empty
mp-2715368,Na9MgNb5(SiO4)9,ok,ok,empty,empty,empty,ok,ok,ok,ok,ok,empty,empty,empty,empty
mp-2715369,Na3YSiSn(PO6)2,ok,ok,empty,empty,empty,ok,ok,ok,ok,ok,empty,empty,empty,empty
mp-2715370,Na6CaTi3Si2(PO6)4,ok,ok,empty,empty,empty,ok,ok,ok,ok,ok,empty,empty,empty,empty
mp-2715371,Na3LaAl(PO4)3,ok,ok,empty,empty,empty,ok,ok,ok,ok,ok,empty,empty,empty,empty
mp-2715372,Na9CaTa5(SiO4)9,ok,ok,empty,empty,empty,ok,ok,ok,ok,ok,empty,empty,empty,empty
mp-2715373,Na9Nb5Zn(SiO4)9,ok,ok,empty,empty,empty,ok,ok,ok,ok,ok,empty,empty,empty,empty
mp-2715374,Na3HfMg(PO4)3,ok,ok,empty,empty,empty,ok,ok,ok,ok,ok,empty,empty,empty,empty
mp-2715375,Na3TiSi2GePO12,ok,ok,empty,empty,empty,ok,ok,ok,ok,ok,empty,empty,empty,empty
mp-2715376,Na3InSiSn(PO6)2,ok,ok,empty,empty,empty,ok,ok,ok,ok,ok,empty,empty,empty,empty
mp-2715377,Na3HfScSi(PO6)2,ok,ok,empty,empty,empty,ok,ok,ok,ok,ok,empty,empty,empty,empty
mp-2715378,Na3NbSi3GeO12,ok,ok,empty,empty,empty,ok,ok,ok,ok,ok,empty,empty,empty,empty
mp-2715379,Na6Hf3MgSi2(PO6)4,ok,ok,empty,empty,empty,ok,ok,ok,ok,ok,empty,empty,empty,empty
mp-2715380,Na6Sc3TaSi2(PO6)4,ok,ok,empty,empty,empty,ok,ok,ok,ok,ok,empty,empty,empty,empty
mp-2715381,Na3YTaSi2PO12,ok,ok,empty,empty,empty,ok,ok,ok,ok,ok,empty,empty,empty,empty
mp-2715382,Na9Ca4Ta2(PO4)9,ok,ok,empty,empty,empty,ok,ok,ok,ok,ok,empty,empty,empty,empty
mp-2715383,Na6NbIn3Si2(PO6)4,ok,ok,empty,empty,empty,ok,ok,ok,ok,ok,empty,empty,empty,empty
mp-2715384,Na3ScAl(PO4)3,ok,ok,empty,empty,empty,ok,ok,ok,ok,ok,empty,empty,empty,empty
mp-2715385,Na3Si2SnGePO12,ok,ok,empty,empty,empty,ok,ok,ok,ok,ok,empty,empty,empty,empty
mp-2715386,Na3MgNbSi(PO6)2,ok,ok,empty,empty,empty,ok,ok,ok,ok,ok,empty,empty,empty,empty
mp-2715387,Na3YZrSi(PO6)2,ok,ok,empty,empty,empty,ok,ok,ok,ok,ok,empty,empty,empty,empty
mp-2715388,Na3AlSiSn(PO6)2,ok,ok,empty,empty,empty,ok,ok,ok,ok,ok,empty,empty,empty,empty
mp-2715389,Na6LaNb3(SiO4)6,ok,ok,empty,empty,empty,ok,ok,ok,ok,ok,empty,empty,empty,empty
mp-2715390,Na9MgTa5(SiO4)9,ok,ok,empty,empty,empty,ok,ok,ok,ok,ok,empty,empty,empty,empty
mp-2715391,Na9MgTa5(SiO4)9,ok,ok,empty,empty,empty,ok,ok,ok,ok,ok,empty,empty,empty,empty
mp-2715392,Na6NbAl3Si2(PO6)4,ok,ok,empty,empty,empty,ok,ok,ok,ok,ok,empty,empty,empty,empty
mp-2715393,Na9Ta5Zn(SiO4)9,ok,ok,empty,empty,empty,ok,ok,ok,ok,ok,empty,empty,empty,empty
mp-2715394,Na3CaGe(PO4)3,ok,ok,empty,empty,empty,ok,ok,ok,ok,ok,empty,empty,empty,empty
mp-2715395,Na3HfZn(PO4)3,ok,ok,empty,empty,empty,ok,ok,ok,ok,ok,empty,empty,empty,empty
mp-2715396,Na3InGa(PO4)3,ok,ok,empty,empty,empty,ok,ok,ok,ok,ok,empty,empty,empty,empty
mp-2715397,Na6MgTi3Si2(PO6)4,ok,ok,empty,empty,empty,ok,ok,ok,ok,ok,empty,empty,empty,empty
mp-2715398,Na3LaZrSi(PO6)2,ok,ok,empty,empty,empty,ok,ok,ok,ok,ok,empty,empty,empty,empty
mp-2715399,Na3CaHf(PO4)3,ok,ok,empty,empty,empty,ok,ok,ok,ok,ok,empty,empty,empty,empty
mp-2715400,Na6ZnSi2Sn3(PO6)4,ok,ok,empty,empty,empty,ok,ok,ok,ok,ok,empty,empty,empty,empty
mp-2715401,Na3GaSiGe(PO6)2,ok,ok,empty,empty,empty,ok,ok,ok,ok,ok,empty,empty,empty,empty
mp-2715402,Na3HfGaSi(PO6)2,ok,ok,empty,empty,empty,ok,ok,ok,ok,ok,empty,empty,empty,empty
mp-2715403,Na3YIn(PO4)3,ok,ok,empty,empty,empty,ok,ok,ok,ok,ok,empty,empty,empty,empty
mp-2715404,Na3HfMg(PO4)3,ok,ok,empty,empty,empty,ok,ok,ok,ok,ok,empty,empty,empty,empty
mp-2715405,Na3TiAlSi(PO6)2,ok,ok,empty,empty,empty,ok,ok,ok,ok,ok,empty,empty,empty,empty
mp-2715406,Na3TaSi3GeO12,ok,ok,empty,empty,empty,ok,ok,ok,ok,ok,empty,empty,empty,empty
mp-2715407,Na6Hf3MgSi2(PO6)4,ok,ok,empty,empty,empty,ok,ok,ok,ok,ok,empty,empty,empty,empty
mp-2715408,Na3LaHfSi(PO6)2,ok,ok,empty,empty,empty,ok,ok,ok,ok,ok,empty,empty,empty,empty
mp-2715409,Na3HfScSi(PO6)2,ok,ok,empty,empty,empty,ok,ok,ok,ok,ok,empty,empty,empty,empty
mp-2715410,Na3ZrNb(SiO4)3,ok,ok,empty,empty,empty,ok,ok,ok,ok,ok,empty,empty,empty,empty
mp-2715411,Na6ScNb3(SiO4)6,ok,ok,empty,empty,empty,ok,ok,ok,ok,ok,empty,empty,empty,empty
mp-2715412,Na3LaY(PO4)3,ok,ok,empty,empty,empty,ok,ok,ok,ok,ok,empty,empty,empty,empty
mp-2715413,Na3Sc2(PO4)3,ok,ok,empty,empty,empty,ok,ok,ok,ok,ok,empty,empty,empty,empty
mp-2715414,Na3TaZnSi(PO6)2,ok,ok,empty,empty,empty,ok,ok,ok,ok,ok,empty,empty,empty,empty
mp-2715415,Na3CaTi(PO4)3,ok,ok,empty,empty,empty,ok,ok,ok,ok,ok,empty,empty,empty,empty
mp-2715416,Na3AlIn(PO4)3,ok,ok,empty,empty,empty,ok,ok,ok,ok,ok,empty,empty,empty,empty
mp-2715417,Na3YZrSi(PO6)2,ok,ok,empty,empty,empty,ok,ok,ok,ok,ok,empty,empty,empty,empty
mp-2715418,Na3CaNbSi(PO6)2,ok,ok,empty,empty,empty,ok,ok,ok,ok,ok,empty,empty,empty,empty
mp-2715419,Na6MgSi2Sn3(PO6)4,ok,ok,empty,empty,empty,ok,ok,ok,ok,ok,empty,empty,empty,empty
mp-2715420,Na6ZnSi2Sn3(PO6)4,ok,ok,empty,empty,empty,ok,ok,ok,ok,ok,empty,empty,empty,empty
mp-2715421,Na6Y3TaSi2(PO6)4,ok,ok,empty,empty,empty,ok,ok,ok,ok,ok,empty,empty,empty,empty
mp-2715422,Na3ScAl(PO4)3,ok,ok,empty,empty,empty,ok,ok,ok,ok,ok,empty,empty,empty,empty
mp-2715423,Na3Y2(PO4)3,ok,ok,empty,empty,empty,ok,ok,ok,ok,ok,empty,empty,empty,empty
mp-2715424,Na6Zr3ZnSi2(PO6)4,ok,ok,empty,empty,empty,ok,ok,ok,ok,ok,empty,empty,empty,empty
mp-2715425,Na3TaSi3SnO12,ok,ok,empty,empty,empty,ok,ok,ok,ok,ok,empty,empty,empty,empty
mp-2715426,Na6Ti3ZnSi2(PO6)4,ok,ok,empty,empty,empty,ok,ok,ok,ok,ok,empty,empty,empty,empty
mp-2715427,Na6Ta3Ga(SiO4)6,ok,ok,empty,empty,empty,ok,ok,ok,ok,ok,empty,empty,empty,empty
mp-2715428,Na3TiZn(PO4)3,ok,ok,empty,empty,empty,ok,ok,ok,ok,ok,empty,empty,empty,empty
mp-2715429,Na3ZnGe(PO4)3,ok,ok,empty,empty,empty,ok,ok,ok,ok,ok,empty,empty,empty,empty
mp-2715430,Na6ScTa3(SiO4)6,ok,ok,empty,empty,empty,ok,ok,ok,ok,ok,empty,empty,empty,empty
mp-2715431,Na3InSiGe(PO6)2,ok,ok,empty,empty,empty,ok,ok,ok,ok,ok,empty,empty,empty,empty
mp-2715432,Na3CaTaSi(PO6)2,ok,ok,empty,empty,empty,ok,ok,ok,ok,ok,empty,empty,empty,empty
mp-2715433,Na3InSiSn(PO6)2,ok,ok,empty,empty,empty,ok,ok,ok,ok,ok,empty,empty,empty,empty
mp-2715434,Na3MgTi(PO4)3,ok,ok,empty,empty,empty,ok,ok,ok,ok,ok,empty,empty,empty,empty
mp-2715435,Na3MgGe(PO4)3,ok,ok,empty,empty,empty,ok,ok,ok,ok,ok,empty,empty,empty,empty
mp-2715436,Na6CaTi3Si2(PO6)4,ok,ok,empty,empty,empty,ok,ok,ok,ok,ok,empty,empty,empty,empty
mp-2715437,Na6Ta3Al(SiO4)6,ok,ok,empty,empty,empty,ok,ok,ok,ok,ok,empty,empty,empty,empty
mp-2715438,Na3LaSiSn(PO6)2,ok,ok,empty,empty,empty,ok,ok,ok,ok,ok,empty,empty,empty,empty
mp-2715439,Na3TaTi(SiO4)3,ok,ok,empty,empty,empty,ok,ok,ok,ok,ok,empty,empty,empty,empty
mp-2715440,Na3YSiSn(PO6)2,ok,ok,empty,empty,empty,ok,ok,ok,ok,ok,empty,empty,empty,empty
mp-2715441,Na3NbZnSi(PO6)2,ok,ok,empty,empty,empty,ok,ok,ok,ok,ok,empty,empty,empty,empty
mp-2715442,Na6TaGa3Si2(PO6)4,ok,ok,empty,empty,empty,ok,ok,ok,ok,ok,empty,empty,empty,empty
mp-2715443,Na3HfZn(PO4)3,ok,ok,empty,empty,empty,ok,ok,ok,ok,ok,empty,empty,empty,empty
mp-2715444,Na3MgZr(PO4)3,ok,ok,empty,empty,empty,ok,ok,ok,ok,ok,empty,empty,empty,empty
mp-2715445,Na3MgZr(PO4)3,ok,ok,empty,empty,empty,ok,ok,ok,ok,ok,empty,empty,empty,empty
mp-2715446,Na3MgTi(PO4)3,ok,ok,empty,empty,empty,ok,ok,ok,ok,ok,empty,empty,empty,empty
mp-2715447,Na3TaZnSi(PO6)2,ok,ok,empty,empty,empty,ok,ok,ok,ok,ok,empty,empty,empty,empty
mp-2715448,Na3TiInSi(PO6)2,ok,ok,empty,empty,empty,ok,ok,ok,ok,ok,empty,empty,empty,empty
mp-2715449,Na6Y3NbSi2(PO6)4,ok,ok,empty,empty,empty,ok,ok,ok,ok,ok,empty,empty,empty,empty
mp-2715450,Na6MgZr3Si2(PO6)4,ok,ok,empty,empty,empty,ok,ok,ok,ok,ok,empty,empty,empty,empty
mp-2715451,Na6Y3NbSi2(PO6)4,ok,ok,empty,empty,empty,ok,ok,ok,ok,ok,empty,empty,empty,empty
mp-2715452,Na6NbAl3Si2(PO6)4,ok,ok,empty,empty,empty,ok,ok,ok,ok,ok,empty,empty,empty,empty
mp-2715453,Na3Si2Ge2PO12,ok,ok,empty,empty,empty,ok,ok,ok,ok,ok,empty,empty,empty,empty
mp-2715454,Na3NbZnSi(PO6)2,ok,ok,empty,empty,empty,ok,ok,ok,ok,ok,empty,empty,empty,empty
mp-2715455,Na6LaNb3(SiO4)6,ok,ok,empty,empty,empty,ok,ok,ok,ok,ok,empty,empty,empty,empty
mp-2715456,Na9Ta2Zn4(PO4)9,ok,ok,empty,empty,empty,ok,ok,ok,ok,ok,empty,empty,empty,empty
mp-2715457,Na6ScTa3(SiO4)6,ok,ok,empty,empty,empty,ok,ok,ok,ok,ok,empty,empty,empty,empty
mp-2715458,Na3TaSi3GeO12,ok,ok,empty,empty,empty,ok,ok,ok,ok,ok,empty,empty,empty,empty
mp-2715459,Na3In2(PO4)3,ok,ok,empty,empty,empty,ok,ok,ok,ok,ok,empty,empty,empty,empty
mp-2715460,Na9Ca4Ta2(PO4)9,ok,ok,empty,empty,empty,ok,ok,ok,ok,ok,empty,empty,empty,empty
mp-2715461,Na3La2(PO4)3,ok,ok,empty,empty,empty,ok,ok,ok,ok,ok,empty,empty,empty,empty
mp-2715462,Na6CaHf3Si2(PO6)4,ok,ok,empty,empty,empty,ok,ok,ok,ok,ok,empty,empty,empty,empty
mp-2715463,Na3In2(PO4)3,ok,ok,empty,empty,empty,ok,ok,ok,ok,ok,empty,empty,empty,empty
mp-2715464,Na3ZrGaSi(PO6)2,ok,ok,empty,empty,empty,ok,ok,ok,ok,ok,empty,empty,empty,empty
mp-2715465,Na3InGa(PO4)3,ok,ok,empty,empty,empty,ok,ok,ok,ok,ok,empty,empty,empty,empty
mp-2715466,Na3AlIn(PO4)3,ok,ok,empty,empty,empty,ok,ok,ok,ok,ok,empty,empty,empty,empty
mp-2715467,Na3HfSi2GePO12,ok,ok,empty,empty,empty,ok,ok,ok,ok,ok,empty,empty,empty,empty
mp-2715468,Na3HfZrSi2PO12,ok,ok,empty,empty,empty,ok,ok,ok,ok,ok,empty,empty,empty,empty
mp-2715469,Na6NbIn3Si2(PO6)4,ok,ok,empty,empty,empty,ok,ok,ok,ok,ok,empty,empty,empty,empty
mp-2715470,Na3LaGa(PO4)3,ok,ok,empty,empty,empty,ok,ok,ok,ok,ok,empty,empty,empty,empty
mp-2715471,Na3CaZr(PO4)3,ok,ok,empty,empty,empty,ok,ok,ok,ok,ok,empty,empty,empty,empty
mp-2715472,Na3ZrScSi(PO6)2,ok,ok,empty,empty,empty,ok,ok,ok,ok,ok,empty,empty,empty,empty
mp-2715473,Na9Ta2Zn4(PO4)9,ok,ok,empty,empty,empty,ok,ok,ok,ok,ok,empty,empty,empty,empty
mp-2715474,Na3Si2Sn2PO12,ok,ok,empty,empty,empty,ok,ok,ok,ok,ok,empty,empty,empty,empty
mp-2715475,Na3TaTi(SiO4)3,ok,ok,empty,empty,empty,ok,ok,ok,ok,ok,empty,empty,empty,empty
mp-2715476,Na3MgTaSi(PO6)2,ok,ok,empty,empty,empty,ok,ok,ok,ok,ok,empty,empty,empty,empty
mp-2715477,Na3HfAlSi(PO6)2,ok,ok,empty,empty,empty,ok,ok,ok,ok,ok,empty,empty,empty,empty
mp-2715478,Na3TiNb(SiO4)3,ok,ok,empty,empty,empty,ok,ok,ok,ok,ok,empty,empty,empty,empty
mp-2715479,Na3MgSn(PO4)3,ok,ok,empty,empty,empty,ok,ok,ok,ok,ok,empty,empty,empty,empty
mp-2715480,Na9CaTa5(SiO4)9,ok,ok,empty,empty,empty,ok,ok,ok,ok,ok,empty,empty,empty,empty
mp-2715481,Na3HfNb(SiO4)3,ok,ok,empty,empty,empty,ok,ok,ok,ok,ok,empty,empty,empty,empty
mp-2715482,Na3YAl(PO4)3,ok,ok,empty,empty,empty,ok,ok,ok,ok,ok,empty,empty,empty,empty
mp-2715483,Na3CaGe(PO4)3,ok,ok,empty,empty,empty,ok,ok,ok,ok,ok,empty,empty,empty,empty
mp-2715484,Na6NbGa3Si2(PO6)4,ok,ok,empty,empty,empty,ok,ok,ok,ok,ok,empty,empty,empty,empty
mp-2715485,Na3HfSi2SnPO12,ok,ok,empty,empty,empty,ok,ok,ok,ok,ok,empty,empty,empty,empty
mp-2715486,Na3GaSiSn(PO6)2,ok,ok,empty,empty,empty,ok,ok,ok,ok,ok,empty,empty,empty,empty
mp-2715487,Na3Si2Sn2PO12,ok,ok,empty,empty,empty,ok,ok,ok,ok,ok,empty,empty,empty,empty
mp-2715488,Na9Nb5Zn(SiO4)9,ok,ok,empty,empty,empty,ok,ok,ok,ok,ok,empty,empty,empty,empty
mp-2715489,Na6YNb3(SiO4)6,ok,ok,empty,empty,empty,ok,ok,ok,ok,ok,empty,empty,empty,empty
mp-2715490,Na3ScGa(PO4)3,ok,ok,empty,empty,empty,ok,ok,ok,ok,ok,empty,empty,empty,empty
mp-2715491,Na3MgNbSi(PO6)2,ok,ok,empty,empty,empty,ok,ok,ok,ok,ok,empty,empty,empty,empty
mp-2715492,Na3ZnSn(PO4)3,ok,ok,empty,empty,empty,ok,ok,ok,ok,ok,empty,empty,empty,empty
mp-2715493,Na3CaHf(PO4)3,ok,ok,empty,empty,empty,ok,ok,ok,ok,ok,empty,empty,empty,empty
mp-2715494,Na3ZrTa(SiO4)3,ok,ok,empty,empty,empty,ok,ok,ok,ok,ok,empty,empty,empty,empty
mp-2715495,Na3LaNbSi2PO12,ok,ok,empty,empty,empty,ok,ok,ok,ok,ok,empty,empty,empty,empty
mp-2715496,Na3ZrGaSi(PO6)2,ok,ok,empty,empty,empty,ok,ok,ok,ok,ok,empty,empty,empty,empty
mp-2715497,Na3HfSi2GePO12,ok,ok,empty,empty,empty,ok,ok,ok,ok,ok,empty,empty,empty,empty
mp-2715498,Na3ZrAlSi(PO6)2,ok,ok,empty,empty,empty,ok,ok,ok,ok,ok,empty,empty,empty,empty
mp-2715499,Na3LaTiSi(PO6)2,ok,ok,empty,empty,empty,ok,ok,ok,ok,ok,empty,empty,empty,empty
mp-2715500,Na3NbGaSi2PO12,ok,ok,empty,empty,empty,ok,ok,ok,ok,ok,empty,empty,empty,empty
mp-2715501,Na3ScSiSn(PO6)2,ok,ok,empty,empty,empty,ok,ok,ok,ok,ok,empty,empty,empty,empty
mp-2715502,Na3HfTiSi2PO12,ok,ok,empty,empty,empty,ok,ok,ok,ok,ok,empty,empty,empty,empty
mp-2715503,Na3ScSiGe(PO6)2,ok,ok,empty,empty,empty,ok,ok,ok,ok,ok,empty,empty,empty,empty
mp-2715504,Na3AlGa(PO4)3,ok,ok,empty,empty,empty,ok,ok,ok,ok,ok,empty,empty,empty,empty
mp-2715505,Na3TiGaSi(PO6)2,ok,ok,empty,empty,empty,ok,ok,ok,ok,ok,empty,empty,empty,empty
mp-2715506,Na6Hf3ZnSi2(PO6)4,ok,ok,empty,empty,empty,ok,ok,ok,ok,ok,empty,empty,empty,empty
mp-2715507,Na9Ta5Zn(SiO4)9,ok,ok,empty,empty,empty,ok,ok,ok,ok,ok,empty,empty,empty,empty
mp-2715508,Na3LaSiGe(PO6)2,ok,ok,empty,empty,empty,ok,ok,ok,ok,ok,empty,empty,empty,empty
mp-2715509,Na3CaSn(PO4)3,ok,ok,empty,empty,empty,ok,ok,ok,ok,ok,empty,empty,empty,empty
mp-2715510,Na3NbAlSi2PO12,ok,ok,empty,empty,empty,ok,ok,ok,ok,ok,empty,empty,empty,empty
mp-2715511,Na6ZnSi2Ge3(PO6)4,ok,ok,empty,empty,empty,ok,ok,ok,ok,ok,empty,empty,empty,empty
mp-2715512,Na3GaSiGe(PO6)2,ok,ok,empty,empty,empty,ok,ok,ok,ok,ok,empty,empty,empty,empty
mp-2715513,Na3MgGe(PO4)3,ok,ok,empty,empty,empty,ok,ok,ok,ok,ok,empty,empty,empty,empty
mp-2715514,Na3ScSiSn(PO6)2,ok,ok,empty,empty,empty,ok,ok,ok,ok,ok,empty,empty,empty,empty
mp-2715515,Na3ScIn(PO4)3,ok,ok,empty,empty,empty,ok,ok,ok,ok,ok,empty,empty,empty,empty
mp-2715516,Na3YGa(PO4)3,ok,ok,empty,empty,empty,ok,ok,ok,ok,ok,empty,empty,empty,empty
mp-2715517,Na3TiAlSi(PO6)2,ok,ok,empty,empty,empty,ok,ok,ok,ok,ok,empty,empty,empty,empty
mp-2715518,Na3Sc2(PO4)3,ok,ok,empty,empty,empty,ok,ok,ok,ok,ok,empty,empty,empty,empty
mp-2715519,Na3TiSi2GePO12,ok,ok,empty,empty,empty,ok,ok,ok,ok,ok,empty,empty,empty,empty
mp-2715520,Na6Nb3Al(SiO4)6,ok,ok,empty,empty,empty,ok,ok,ok,ok,ok,empty,empty,empty,empty
mp-2715521,Na4HfScSi2PO12,ok,ok,empty,empty,empty,ok,ok,ok,ok,ok,empty,empty,empty,empty
mp-2715522,Na4YSi2GePO12,ok,ok,empty,empty,empty,ok,ok,ok,ok,ok,empty,empty,empty,empty
mp-2715523,Na14Ca4Zr4Si7S5O48,ok,ok,empty,empty,empty,ok,ok,ok,ok,ok,empty,empty,empty,empty
mp-2715524,Na2Sc2Ta6Si7S5O48,ok,ok,empty,empty,empty,ok,ok,ok,ok,ok,empty,empty,empty,empty
mp-2715525,Na7Al2Ga2SiP5O24,ok,ok,empty,empty,empty,ok,ok,ok,ok,ok,empty,empty,empty,empty
mp-2715526,NaTaSi2GeSO12,ok,ok,empty,empty,empty,ok,ok,ok,ok,ok,empty,empty,empty,empty
mp-2715527,Na2Ta6In2Si7S5O48,ok,ok,empty,empty,empty,ok,ok,ok,ok,ok,empty,empty,empty,empty
mp-2715528,NaTaSi2SnSO12,ok,ok,empty,empty,empty,ok,ok,ok,ok,ok,empty,empty,empty,empty
mp-2715529,Na8Al2Si5Sn2SO24,ok,ok,empty,empty,empty,ok,ok,ok,ok,ok,empty,empty,empty,empty
mp-2715531,Na8Y2Zr2Si5SO24,ok,ok,empty,empty,empty,ok,ok,ok,ok,ok,empty,empty,empty,empty
mp-2715532,Na7Ca2SiSn2P5O24,ok,ok,empty,empty,empty,ok,ok,ok,ok,ok,empty,empty,empty,empty
mp-2715533,Na14Y8Si7S5O48,ok,ok,empty,empty,empty,ok,ok,ok,ok,ok,empty,empty,empty,empty
mp-2715534,Na8MgZr3Si5SO24,ok,ok,empty,empty,empty,ok,ok,ok,ok,ok,empty,empty,empty,empty
mp-2715535,Na42Mg16Ta8Si21(S5O48)3,ok,ok,empty,empty,empty,ok,ok,ok,ok,ok,empty,empty,empty,empty
mp-2715536,Na14Ca4Si7Sn4S5O48,ok,ok,empty,empty,empty,ok,ok,ok,ok,ok,empty,empty,empty,empty
mp-2715537,Na2Nb4Si7Sn4S5O48,ok,ok,empty,empty,empty,ok,ok,ok,ok,ok,empty,empty,empty,empty
mp-2715538,Na2Nb3AlSi4(SO12)2,ok,ok,empty,empty,empty,ok,ok,ok,ok,ok,empty,empty,empty,empty
mp-2715539,Na7Sc2In2SiP5O24,ok,ok,empty,empty,empty,ok,ok,ok,ok,ok,empty,empty,empty,empty
mp-2715541,Na2ScNb3Si4(SO12)2,ok,ok,empty,empty,empty,ok,ok,ok,ok,ok,empty,empty,empty,empty
mp-2715542,Na4TaZnSi2PO12,ok,ok,empty,empty,empty,ok,ok,ok,ok,ok,empty,empty,empty,empty
mp-2715543,Na7Mg2Zr2SiP5O24,ok,ok,empty,empty,empty,ok,ok,ok,ok,ok,empty,empty,empty,empty
mp-2715544,Na4YTiSi2PO12,ok,ok,empty,empty,empty,ok,ok,ok,ok,ok,empty,empty,empty,empty
mp-2715545,NaLaTa3SiP5O24,ok,ok,empty,empty,empty,ok,ok,ok,ok,ok,empty,empty,empty,empty
mp-2715546,NaNb3GaSiP5O24,ok,ok,empty,empty,empty,ok,ok,ok,ok,ok,empty,empty,empty,empty
mp-2715547,NaZrTaSi2SO12,ok,ok,empty,empty,empty,ok,ok,ok,ok,ok,empty,empty,empty,empty
mp-2715549,Na8ZnSi4Ge3(PO12)2,ok,ok,empty,empty,empty,ok,ok,ok,ok,ok,empty,empty,empty,empty
mp-2715550,Na8Hf3ZnSi4(PO12)2,ok,ok,empty,empty,empty,ok,ok,ok,ok,ok,empty,empty,empty,empty
mp-2715551,Na6Nb20Zn4Si21(S5O48)3,ok,ok,empty,empty,empty,ok,ok,ok,ok,ok,empty,empty,empty,empty
mp-2715552,NaTa2SiSn2P5O24,ok,ok,empty,empty,empty,ok,ok,ok,ok,ok,empty,empty,empty,empty
mp-2715553,Na2Ta4Si7Sn4S5O48,ok,ok,empty,empty,empty,ok,ok,ok,ok,ok,empty,empty,empty,empty
mp-2715554,Na3MgNb5Si3(PO6)6,ok,ok,empty,empty,empty,ok,ok,ok,ok,ok,empty,empty,empty,empty
mp-2715555,NaYNb3SiP5O24,ok,ok,empty,empty,empty,ok,ok,ok,ok,ok,empty,empty,empty,empty
mp-2715556,Na7Hf2Mg2SiP5O24,ok,ok,empty,empty,empty,ok,ok,ok,ok,ok,empty,empty,empty,empty
mp-2715557,Na2Nb3InSi2(PO6)4,ok,ok,empty,empty,empty,ok,ok,ok,ok,ok,empty,empty,empty,empty
mp-2715558,Na2Hf2Mg2SiS5O24,ok,ok,empty,empty,empty,ok,ok,ok,ok,ok,empty,empty,empty,empty
mp-2715559,Na21Ca8Ta4Si3(P5O24)3,ok,ok,empty,empty,empty,ok,ok,ok,ok,ok,empty,empty,empty,empty
mp-2715560,Na14Mg4Ti4Si7S5O48,ok,ok,empty,empty,empty,ok,ok,ok,ok,ok,empty,empty,empty,empty
mp-2715561,Na8Ti2In2Si5SO24,ok,ok,empty,empty,empty,ok,ok,ok,ok,ok,empty,empty,empty,empty
mp-2715562,NaGa2P(SO6)2,ok,ok,empty,empty,empty,ok,ok,ok,ok,ok,empty,empty,empty,empty
mp-2715563,NaNbSiSn(PO6)2,ok,ok,empty,empty,empty,ok,ok,ok,ok,ok,empty,empty,empty,empty
mp-2715564,NaZrZnP(SO6)2,ok,ok,empty,empty,empty,ok,ok,ok,ok,ok,empty,empty,empty,empty
mp-2715567,Na8MgSi4Ge3(PO12)2,ok,ok,empty,empty,empty,ok,ok,ok,ok,ok,empty,empty,empty,empty
mp-2715568,NaZrTaSi(PO6)2,ok,ok,empty,empty,empty,ok,ok,ok,ok,ok,empty,empty,empty,empty
mp-2715569,Na2Hf2Zn2SiS5O24,ok,ok,empty,empty,empty,ok,ok,ok,ok,ok,empty,empty,empty,empty
mp-2715570,Na7Y2Ga2SiP5O24,ok,ok,empty,empty,empty,ok,ok,ok,ok,ok,empty,empty,empty,empty
mp-2715571,Na4YZrSi2PO12,ok,ok,empty,empty,empty,ok,ok,ok,ok,ok,empty,empty,empty,empty
mp-2715572,Na8La2Hf2Si5SO24,ok,ok,empty,empty,empty,ok,ok,ok,ok,ok,empty,empty,empty,empty
mp-2715573,Na8CaTi3Si4(PO12)2,ok,ok,empty,empty,empty,ok,ok,ok,ok,ok,empty,empty,empty,empty
mp-2715574,Na2Y2Nb6Si7S5O48,ok,ok,empty,empty,empty,ok,ok,ok,ok,ok,empty,empty,empty,empty
mp-2715575,Na14Mg4Zr4Si7S5O48,ok,ok,empty,empty,empty,ok,ok,ok,ok,ok,empty,empty,empty,empty
mp-2715576,Na14Hf4Zn4Si7S5O48,ok,ok,empty,empty,empty,ok,ok,ok,ok,ok,empty,empty,empty,empty
mp-2715577,Na2La2Ga2SiS5O24,ok,ok,empty,empty,empty,ok,ok,ok,ok,ok,empty,empty,empty,empty
mp-2715578,Na8Sc2Si5Sn2SO24,ok,ok,empty,empty,empty,ok,ok,ok,ok,ok,empty,empty,empty,empty
mp-2715579,Na2Nb3InSi4(SO12)2,ok,ok,empty,empty,empty,ok,ok,ok,ok,ok,empty,empty,empty,empty
mp-2715580,NaLa2P(SO6)2,ok,ok,empty,empty,empty,ok,ok,ok,ok,ok,empty,empty,empty,empty
mp-2715581,Na8La2Zr2Si5SO24,ok,ok,empty,empty,empty,ok,ok,ok,ok,ok,empty,empty,empty,empty
mp-2715582,NaZrNbSi(PO6)2,ok,ok,empty,empty,empty,ok,ok,ok,ok,ok,empty,empty,empty,empty
mp-2715583,Na7Al4SiP5O24,ok,ok,empty,empty,empty,ok,ok,ok,ok,ok,empty,empty,empty,empty
mp-2715584,Na2Ta3AlSi2(PO6)4,ok,ok,empty,empty,empty,ok,ok,ok,ok,ok,empty,empty,empty,empty
mp-2715585,Na2Y2Ga2SiS5O24,ok,ok,empty,empty,empty,ok,ok,ok,ok,ok,empty,empty,empty,empty
mp-2715586,Na4LaZrSi2PO12,ok,ok,empty,empty,empty,ok,ok,ok,ok,ok,empty,empty,empty,empty
mp-2715587,NaNbSi2SnSO12,ok,ok,empty,empty,empty,ok,ok,ok,ok,ok,empty,empty,empty,empty
mp-2715588,Na3Ta5ZnSi3(PO6)6,ok,ok,empty,empty,empty,ok,ok,ok,ok,ok,empty,empty,empty,empty
mp-2715589,Na2Zr4Nb4Si7S5O48,ok,ok,empty,empty,empty,ok,ok,ok,ok,ok,empty,empty,empty,empty
mp-2715590,Na3CaNb5Si3(PO6)6,ok,ok,empty,empty,empty,ok,ok,ok,ok,ok,empty,empty,empty,empty
mp-2715591,Na2Sc2Nb6Si7S5O48,ok,ok,empty,empty,empty,ok,ok,ok,ok,ok,empty,empty,empty,empty
mp-2715592,Na7Zn2SiGe2P5O24,ok,ok,empty,empty,empty,ok,ok,ok,ok,ok,empty,empty,empty,empty
mp-2715593,Na7Mg2Ti2SiP5O24,ok,ok,empty,empty,empty,ok,ok,ok,ok,ok,empty,empty,empty,empty
mp-2715594,Na2Nb6Ga2Si7S5O48,ok,ok,empty,empty,empty,ok,ok,ok,ok,ok,empty,empty,empty,empty
mp-2715595,Na14In4Ga4Si7S5O48,ok,ok,empty,empty,empty,ok,ok,ok,ok,ok,empty,empty,empty,empty
mp-2715596,Na8Hf3MgSi4(PO12)2,ok,ok,empty,empty,empty,ok,ok,ok,ok,ok,empty,empty,empty,empty
mp-2715597,Na4ScSi2GePO12,ok,ok,empty,empty,empty,ok,ok,ok,ok,ok,empty,empty,empty,empty
mp-2715598,Na7Y2Sc2SiP5O24,ok,ok,empty,empty,empty,ok,ok,ok,ok,ok,empty,empty,empty,empty
mp-2715599,NaTa3AlSiP5O24,ok,ok,empty,empty,empty,ok,ok,ok,ok,ok,empty,empty,empty,empty
mp-2715600,Na2LaNb3Si4(SO12)2,ok,ok,empty,empty,empty,ok,ok,ok,ok,ok,empty,empty,empty,empty
mp-2715601,Na8Ga2Si5Ge2SO24,ok,ok,empty,empty,empty,ok,ok,ok,ok,ok,empty,empty,empty,empty
mp-2715602,Na3Ta10Zn2Si3(P5O24)3,ok,ok,empty,empty,empty,ok,ok,ok,ok,ok,empty,empty,empty,empty
mp-2715603,NaTaTiSi2SO12,ok,ok,empty,empty,empty,ok,ok,ok,ok,ok,empty,empty,empty,empty
mp-2715604,Na14Y4Al4Si7S5O48,ok,ok,empty,empty,empty,ok,ok,ok,ok,ok,empty,empty,empty,empty
mp-2715605,Na2Y2Ta6Si7S5O48,ok,ok,empty,empty,empty,ok,ok,ok,ok,ok,empty,empty,empty,empty
mp-2715606,Na2Ta3GaSi2(PO6)4,ok,ok,empty,empty,empty,ok,ok,ok,ok,ok,empty,empty,empty,empty
mp-2715607,Na7Ca2Ti2SiP5O24,ok,ok,empty,empty,empty,ok,ok,ok,ok,ok,empty,empty,empty,empty
mp-2715608,NaScNb3SiP5O24,ok,ok,empty,empty,empty,ok,ok,ok,ok,ok,empty,empty,empty,empty
mp-2715609,Na2YTa3Si4(SO12)2,ok,ok,empty,empty,empty,ok,ok,ok,ok,ok,empty,empty,empty,empty
mp-2715610,Na7Sc2Al2SiP5O24,ok,ok,empty,empty,empty,ok,ok,ok,ok,ok,empty,empty,empty,empty
mp-2715611,Na8CaSi5Sn3SO24,ok,ok,empty,empty,empty,ok,ok,ok,ok,ok,empty,empty,empty,empty
mp-2715612,NaTaSiSn(PO6)2,ok,ok,empty,empty,empty,ok,ok,ok,ok,ok,empty,empty,empty,empty
mp-2715613,Na14Al4Ga4Si7S5O48,ok,ok,empty,empty,empty,ok,ok,ok,ok,ok,empty,empty,empty,empty
mp-2715614,Na2Hf4Nb4Si7S5O48,ok,ok,empty,empty,empty,ok,ok,ok,ok,ok,empty,empty,empty,empty
mp-2715615,Na3Nb5ZnSi3(PO6)6,ok,ok,empty,empty,empty,ok,ok,ok,ok,ok,empty,empty,empty,empty
mp-2715616,NaScGaP(SO6)2,ok,ok,empty,empty,empty,ok,ok,ok,ok,ok,empty,empty,empty,empty
mp-2715617,Na2LaTa3Si2(PO6)4,ok,ok,empty,empty,empty,ok,ok,ok,ok,ok,empty,empty,empty,empty
mp-2715618,Na8Mg2Ta2Si5SO24,ok,ok,empty,empty,empty,ok,ok,ok,ok,ok,empty,empty,empty,empty
mp-2715619,Na8Al2Si5Ge2SO24,ok,ok,empty,empty,empty,ok,ok,ok,ok,ok,empty,empty,empty,empty
mp-2715620,Na8La3NbSi4(PO12)2,ok,ok,empty,empty,empty,ok,ok,ok,ok,ok,empty,empty,empty,empty
mp-2715621,Na7Y2In2SiP5O24,ok,ok,empty,empty,empty,ok,ok,ok,ok,ok,empty,empty,empty,empty
mp-2715622,Na2Ta4Ti4Si7S5O48,ok,ok,empty,empty,empty,ok,ok,ok,ok,ok,empty,empty,empty,empty
mp-2715623,Na8MgTi3Si5SO24,ok,ok,empty,empty,empty,ok,ok,ok,ok,ok,empty,empty,empty,empty
mp-2715624,NaNb3AlSiP5O24,ok,ok,empty,empty,empty,ok,ok,ok,ok,ok,empty,empty,empty,empty
mp-2715625,Na14Zn4Si7Sn4S5O48,ok,ok,empty,empty,empty,ok,ok,ok,ok,ok,empty,empty,empty,empty
mp-2715626,Na7Y2Al2SiP5O24,ok,ok,empty,empty,empty,ok,ok,ok,ok,ok,empty,empty,empty,empty
mp-2715627,Na3CaTa5Si3(PO6)6,ok,ok,empty,empty,empty,ok,ok,ok,ok,ok,empty,empty,empty,empty
mp-2715628,NaHfNbSi(PO6)2,ok,ok,empty,empty,empty,ok,ok,ok,ok,ok,empty,empty,empty,empty
mp-2715629,Na21Mg8Nb4Si3(P5O24)3,ok,ok,empty,empty,empty,ok,ok,ok,ok,ok,empty,empty,empty,empty
mp-2715630,Na7Ti2Zn2SiP5O24,ok,ok,empty,empty,empty,ok,ok,ok,ok,ok,empty,empty,empty,empty
mp-2715631,Na14La4Al4Si7S5O48,ok,ok,empty,empty,empty,ok,ok,ok,ok,ok,empty,empty,empty,empty
mp-2715632,Na7La2Al2SiP5O24,ok,ok,empty,empty,empty,ok,ok,ok,ok,ok,empty,empty,empty,empty
mp-2715633,Na8Sc3TaSi5SO24,ok,ok,empty,empty,empty,ok,ok,ok,ok,ok,empty,empty,empty,empty
mp-2715634,Na8Y3TaSi5SO24,ok,ok,empty,empty,empty,ok,ok,ok,ok,ok,empty,empty,empty,empty
mp-2715635,Na7Ca2Zr2SiP5O24,ok,ok,empty,empty,empty,ok,ok,ok,ok,ok,empty,empty,empty,empty
mp-2715636,Na3Nb10Zn2Si3(P5O24)3,ok,ok,empty,empty,empty,ok,ok,ok,ok,ok,empty,empty,empty,empty
mp-2715637,Na8La3NbSi5SO24,ok,ok,empty,empty,empty,ok,ok,ok,ok,ok,empty,empty,empty,empty
mp-2715638,Na7In4SiP5O24,ok,ok,empty,empty,empty,ok,ok,ok,ok,ok,empty,empty,empty,empty
mp-2715639,Na8Hf3ZnSi5SO24,ok,ok,empty,empty,empty,ok,ok,ok,ok,ok,empty,empty,empty,empty
mp-2715640,Na7Ca2Hf2SiP5O24,ok,ok,empty,empty,empty,ok,ok,ok,ok,ok,empty,empty,empty,empty
mp-2715641,Na14Sc4In4Si7S5O48,ok,ok,empty,empty,empty,ok,ok,ok,ok,ok,empty,empty,empty,empty
mp-2715642,NaHf2Ta2SiP5O24,ok,ok,empty,empty,empty,ok,ok,ok,ok,ok,empty,empty,empty,empty
mp-2715643,Na4LaSi2SnPO12,ok,ok,empty,empty,empty,ok,ok,ok,ok,ok,empty,empty,empty,empty
mp-2715644,Na6Ca4Ta20Si21(S5O48)3,ok,ok,empty,empty,empty,ok,ok,ok,ok,ok,empty,empty,empty,empty
mp-2715645,NaNb2SiSn2P5O24,ok,ok,empty,empty,empty,ok,ok,ok,ok,ok,empty,empty,empty,empty
mp-2715646,Na2ScTa3Si2(PO6)4,ok,ok,empty,empty,empty,ok,ok,ok,ok,ok,empty,empty,empty,empty
mp-2715647,Na14Al8Si7S5O48,ok,ok,empty,empty,empty,ok,ok,ok,ok,ok,empty,empty,empty,empty
mp-2715648,Na8TaIn3Si4(PO12)2,ok,ok,empty,empty,empty,ok,ok,ok,ok,ok,empty,empty,empty,empty
mp-2715649,Na2Ta3GaSi4(SO12)2,ok,ok,empty,empty,empty,ok,ok,ok,ok,ok,empty,empty,empty,empty
mp-2715650,NaHfTaSi2SO12,ok,ok,empty,empty,empty,ok,ok,ok,ok,ok,empty,empty,empty,empty
mp-2715651,Na8Hf2Sc2Si5SO24,ok,ok,empty,empty,empty,ok,ok,ok,ok,ok,empty,empty,empty,empty
mp-2715652,Na8TaAl3Si5SO24,ok,ok,empty,empty,empty,ok,ok,ok,ok,ok,empty,empty,empty,empty
mp-2715654,Na8Zr2Ga2Si5SO24,ok,ok,empty,empty,empty,ok,ok,ok,ok,ok,empty,empty,empty,empty
mp-2715655,Na14Mg4Si7Ge4S5O48,ok,ok,empty,empty,empty,ok,ok,ok,ok,ok,empty,empty,empty,empty
mp-2715656,Na8ZnSi5Ge3SO24,ok,ok,empty,empty,empty,ok,ok,ok,ok,ok,empty,empty,empty,empty
mp-2715657,Na14Ca4Ti4Si7S5O48,ok,ok,empty,empty,empty,ok,ok,ok,ok,ok,empty,empty,empty,empty
mp-2715658,Na7Sc4SiP5O24,ok,ok,empty,empty,empty,ok,ok,ok,ok,ok,empty,empty,empty,empty
mp-2715659,Na14La4Ga4Si7S5O48,ok,ok,empty,empty,empty,ok,ok,ok,ok,ok,empty,empty,empty,empty
mp-2715660,Na7Zn2SiSn2P5O24,ok,ok,empty,empty,empty,ok,ok,ok,ok,ok,empty,empty,empty,empty
mp-2715661,Na14Zr4Zn4Si7S5O48,ok,ok,empty,empty,empty,ok,ok,ok,ok,ok,empty,empty,empty,empty
mp-2715662,Na6Ca4Nb20Si21(S5O48)3,ok,ok,empty,empty,empty,ok,ok,ok,ok,ok,empty,empty,empty,empty
mp-2715663,Na8TaGa3Si5SO24,ok,ok,empty,empty,empty,ok,ok,ok,ok,ok,empty,empty,empty,empty
mp-2715664,Na3MgNb5Si6(SO12)3,ok,ok,empty,empty,empty,ok,ok,ok,ok,ok,empty,empty,empty,empty
mp-2715665,Na8Ti2Al2Si5SO24,ok,ok,empty,empty,empty,ok,ok,ok,ok,ok,empty,empty,empty,empty
mp-2715666,Na2ScTa3Si4(SO12)2,ok,ok,empty,empty,empty,ok,ok,ok,ok,ok,empty,empty,empty,empty
mp-2715667,Na2La2Ta6Si7S5O48,ok,ok,empty,empty,empty,ok,ok,ok,ok,ok,empty,empty,empty,empty
mp-2715669,Na14In8Si7S5O48,ok,ok,empty,empty,empty,ok,ok,ok,ok,ok,empty,empty,empty,empty
mp-2715670,Na42Ca16Nb8Si21(S5O48)3,ok,ok,empty,empty,empty,ok,ok,ok,ok,ok,empty,empty,empty,empty
mp-2715671,NaTaSiGe(PO6)2,ok,ok,empty,empty,empty,ok,ok,ok,ok,ok,empty,empty,empty,empty
mp-2715672,Na14Zn4Si7Ge4S5O48,ok,ok,empty,empty,empty,ok,ok,ok,ok,ok,empty,empty,empty,empty
mp-2715673,NaLaNb3SiP5O24,ok,ok,empty,empty,empty,ok,ok,ok,ok,ok,empty,empty,empty,empty
mp-2715674,Na2Hf4Ta4Si7S5O48,ok,ok,empty,empty,empty,ok,ok,ok,ok,ok,empty,empty,empty,empty
mp-2715675,NaHfTaSi(PO6)2,ok,ok,empty,empty,empty,ok,ok,ok,ok,ok,empty,empty,empty,empty
mp-2715676,Na8Ta2Zn2Si5SO24,ok,ok,empty,empty,empty,ok,ok,ok,ok,ok,empty,empty,empty,empty
mp-2715677,NaTa2Ti2SiP5O24,ok,ok,empty,empty,empty,ok,ok,ok,ok,ok,empty,empty,empty,empty
mp-2715678,Na8Sc3TaSi4(PO12)2,ok,ok,empty,empty,empty,ok,ok,ok,ok,ok,empty,empty,empty,empty
mp-2715679,Na2Ta3InSi2(PO6)4,ok,ok,empty,empty,empty,ok,ok,ok,ok,ok,empty,empty,empty,empty
mp-2715680,Na8Sc3NbSi4(PO12)2,ok,ok,empty,empty,empty,ok,ok,ok,ok,ok,empty,empty,empty,empty
mp-2715682,NaTaTiSi(PO6)2,ok,ok,empty,empty,empty,ok,ok,ok,ok,ok,empty,empty,empty,empty
mp-2715683,Na7La2Ga2SiP5O24,ok,ok,empty,empty,empty,ok,ok,ok,ok,ok,empty,empty,empty,empty
mp-2715684,Na4YSi2SnPO12,ok,ok,empty,empty,empty,ok,ok,ok,ok,ok,empty,empty,empty,empty
mp-2715685,Na8CaZr3Si4(PO12)2,ok,ok,empty,empty,empty,ok,ok,ok,ok,ok,empty,empty,empty,empty
mp-2715686,Na14Ca4Hf4Si7S5O48,ok,ok,empty,empty,empty,ok,ok,ok,ok,ok,empty,empty,empty,empty
mp-2715687,Na7Al2In2SiP5O24,ok,ok,empty,empty,empty,ok,ok,ok,ok,ok,empty,empty,empty,empty
mp-2715688,Na2Zr4Ta4Si7S5O48,ok,ok,empty,empty,empty,ok,ok,ok,ok,ok,empty,empty,empty,empty
mp-2715689,Na8Y2Si5Sn2SO24,ok,ok,empty,empty,empty,ok,ok,ok,ok,ok,empty,empty,empty,empty
mp-2715690,Na4HfAlSi2PO12,ok,ok,empty,empty,empty,ok,ok,ok,ok,ok,empty,empty,empty,empty
mp-2715691,Na3CaTa5Si6(SO12)3,ok,ok,empty,empty,empty,ok,ok,ok,ok,ok,empty,empty,empty,empty
mp-2715692,Na7Mg2SiGe2P5O24,ok,ok,empty,empty,empty,ok,ok,ok,ok,ok,empty,empty,empty,empty
mp-2715693,NaYTa3SiP5O24,ok,ok,empty,empty,empty,ok,ok,ok,ok,ok,empty,empty,empty,empty
mp-2715694,Na4MgTaSi2PO12,ok,ok,empty,empty,empty,ok,ok,ok,ok,ok,empty,empty,empty,empty
mp-2715696,Na2Ta3AlSi4(SO12)2,ok,ok,empty,empty,empty,ok,ok,ok,ok,ok,empty,empty,empty,empty
mp-2715697,Na2YNb3Si4(SO12)2,ok,ok,empty,empty,empty,ok,ok,ok,ok,ok,empty,empty,empty,empty
mp-2715698,Na2Nb3GaSi4(SO12)2,ok,ok,empty,empty,empty,ok,ok,ok,ok,ok,empty,empty,empty,empty
mp-2715699,Na8Sc3NbSi5SO24,ok,ok,empty,empty,empty,ok,ok,ok,ok,ok,empty,empty,empty,empty
mp-2715700,Na8Ti3ZnSi4(PO12)2,ok,ok,empty,empty,empty,ok,ok,ok,ok,ok,empty,empty,empty,empty
mp-2715701,Na2LaNb3Si2(PO6)4,ok,ok,empty,empty,empty,ok,ok,ok,ok,ok,empty,empty,empty,empty
mp-2715702,Na6Ta4Zn8Si3(S5O24)3,ok,ok,empty,empty,empty,ok,ok,ok,ok,ok,empty,empty,empty,empty
mp-2715703,Na3Nb5ZnSi6(SO12)3,ok,ok,empty,empty,empty,ok,ok,ok,ok,ok,empty,empty,empty,empty
mp-2715704,NaZr2Ta2SiP5O24,ok,ok,empty,empty,empty,ok,ok,ok,ok,ok,empty,empty,empty,empty
mp-2715705,Na3MgTa5Si6(SO12)3,ok,ok,empty,empty,empty,ok,ok,ok,ok,ok,empty,empty,empty,empty
mp-2715706,Na7Ga4SiP5O24,ok,ok,empty,empty,empty,ok,ok,ok,ok,ok,empty,empty,empty,empty
mp-2715707,Na3Mg2Nb10Si3(P5O24)3,ok,ok,empty,empty,empty,ok,ok,ok,ok,ok,empty,empty,empty,empty
mp-2715708,Na2Ta4Si7Ge4S5O48,ok,ok,empty,empty,empty,ok,ok,ok,ok,ok,empty,empty,empty,empty
mp-2715711,Na3Ta5ZnSi6(SO12)3,ok,ok,empty,empty,empty,ok,ok,ok,ok,ok,empty,empty,empty,empty
mp-2715712,Na4CaTaSi2PO12,ok,ok,empty,empty,empty,ok,ok,ok,ok,ok,empty,empty,empty,empty
mp-2715713,Na8MgSi5Ge3SO24,ok,ok,empty,empty,empty,ok,ok,ok,ok,ok,empty,empty,empty,empty
mp-2715714,Na2YTa3Si2(PO6)4,ok,ok,empty,empty,empty,ok,ok,ok,ok,ok,empty,empty,empty,empty
mp-2715716,Na8Mg2Nb2Si5SO24,ok,ok,empty,empty,empty,ok,ok,ok,ok,ok,empty,empty,empty,empty
mp-2715717,Na4InSi2GePO12,ok,ok,empty,empty,empty,ok,ok,ok,ok,ok,empty,empty,empty,empty
mp-2715718,Na8CaHf3Si4(PO12)2,ok,ok,empty,empty,empty,ok,ok,ok,ok,ok,empty,empty,empty,empty
mp-2715719,Na8Hf2Al2Si5SO24,ok,ok,empty,empty,empty,ok,ok,ok,ok,ok,empty,empty,empty,empty
mp-2715720,Na2Nb3AlSi2(PO6)4,ok,ok,empty,empty,empty,ok,ok,ok,ok,ok,empty,empty,empty,empty
mp-2715721,Na14La4Sc4Si7S5O48,ok,ok,empty,empty,empty,ok,ok,ok,ok,ok,empty,empty,empty,empty
mp-2715722,NaHfNbSi2SO12,ok,ok,empty,empty,empty,ok,ok,ok,ok,ok,empty,empty,empty,empty
mp-2715723,Na14Sc4Ga4Si7S5O48,ok,ok,empty,empty,empty,ok,ok,ok,ok,ok,empty,empty,empty,empty
mp-2715724,Na4TiAlSi2PO12,ok,ok,empty,empty,empty,ok,ok,ok,ok,ok,empty,empty,empty,empty
mp-2715725,Na2La2Sc2SiS5O24,ok,ok,empty,empty,empty,ok,ok,ok,ok,ok,empty,empty,empty,empty
mp-2715726,Na8La2Si5Sn2SO24,ok,ok,empty,empty,empty,ok,ok,ok,ok,ok,empty,empty,empty,empty
mp-2715727,Na4LaTiSi2PO12,ok,ok,empty,empty,empty,ok,ok,ok,ok,ok,empty,empty,empty,empty
mp-2715729,NaTa2SiGe2P5O24,ok,ok,empty,empty,empty,ok,ok,ok,ok,ok,empty,empty,empty,empty
mp-2715730,Na8NbGa3Si5SO24,ok,ok,empty,empty,empty,ok,ok,ok,ok,ok,empty,empty,empty,empty
mp-2715731,Na7Zr2Zn2SiP5O24,ok,ok,empty,empty,empty,ok,ok,ok,ok,ok,empty,empty,empty,empty
mp-2715732,Na4GaSi2GePO12,ok,ok,empty,empty,empty,ok,ok,ok,ok,ok,empty,empty,empty,empty
mp-2715733,Na2Nb3GaSi2(PO6)4,ok,ok,empty,empty,empty,ok,ok,ok,ok,ok,empty,empty,empty,empty
mp-2715734,NaNbSi2GeSO12,ok,ok,empty,empty,empty,ok,ok,ok,ok,ok,empty,empty,empty,empty
mp-2715735,Na2Mg2Zr2SiS5O24,ok,ok,empty,empty,empty,ok,ok,ok,ok,ok,empty,empty,empty,empty
mp-2715736,Na2ScNb3Si2(PO6)4,ok,ok,empty,empty,empty,ok,ok,ok,ok,ok,empty,empty,empty,empty
mp-2715737,Na6Ta20Zn4Si21(S5O48)3,ok,ok,empty,empty,empty,ok,ok,ok,ok,ok,empty,empty,empty,empty
mp-2715738,NaNbSiGe(PO6)2,ok,ok,empty,empty,empty,ok,ok,ok,ok,ok,empty,empty,empty,empty
mp-2715739,Na7Sc2Ga2SiP5O24,ok,ok,empty,empty,empty,ok,ok,ok,ok,ok,empty,empty,empty,empty
mp-2715740,Na14La8Si7S5O48,ok,ok,empty,empty,empty,ok,ok,ok,ok,ok,empty,empty,empty,empty
mp-2715741,Na7Hf2Zn2SiP5O24,ok,ok,empty,empty,empty,ok,ok,ok,ok,ok,empty,empty,empty,empty
mp-2715742,Na8Zr2Al2Si5SO24,ok,ok,empty,empty,empty,ok,ok,ok,ok,ok,empty,empty,empty,empty
mp-2715743,Na2Sc2Ga2SiS5O24,ok,ok,empty,empty,empty,ok,ok,ok,ok,ok,empty,empty,empty,empty
mp-2715744,Na21Ta4Zn8Si3(P5O24)3,ok,ok,empty,empty,empty,ok,ok,ok,ok,ok,empty,empty,empty,empty
mp-2715745,Na8Ca2Ta2Si5SO24,ok,ok,empty,empty,empty,ok,ok,ok,ok,ok,empty,empty,empty,empty
mp-2715746,Na21Ca8Nb4Si3(P5O24)3,ok,ok,empty,empty,empty,ok,ok,ok,ok,ok,empty,empty,empty,empty
mp-2715747,Na42Ta8Zn16Si21(S5O48)3,ok,ok,empty,empty,empty,ok,ok,ok,ok,ok,empty,empty,empty,empty
mp-2715748,NaHf2Nb2SiP5O24,ok,ok,empty,empty,empty,ok,ok,ok,ok,ok,empty,empty,empty,empty
mp-2715749,NaTa3InSiP5O24,ok,ok,empty,empty,empty,ok,ok,ok,ok,ok,empty,empty,empty,empty
mp-2715750,Na14La4Y4Si7S5O48,ok,ok,empty,empty,empty,ok,ok,ok,ok,ok,empty,empty,empty,empty
mp-2715751,NaCaHfP(SO6)2,ok,ok,empty,empty,empty,ok,ok,ok,ok,ok,empty,empty,empty,empty
mp-2715752,Na8Y3NbSi4(PO12)2,ok,ok,empty,empty,empty,ok,ok,ok,ok,ok,empty,empty,empty,empty
mp-2715753,Na8ZnSi5Sn3SO24,ok,ok,empty,empty,empty,ok,ok,ok,ok,ok,empty,empty,empty,empty
mp-2715754,Na4NbZnSi2PO12,ok,ok,empty,empty,empty,ok,ok,ok,ok,ok,empty,empty,empty,empty
mp-2715755,Na7La2Sc2SiP5O24,ok,ok,empty,empty,empty,ok,ok,ok,ok,ok,empty,empty,empty,empty
mp-2715756,Na4LaHfSi2PO12,ok,ok,empty,empty,empty,ok,ok,ok,ok,ok,empty,empty,empty,empty
mp-2715757,Na14Mg4Si7Sn4S5O48,ok,ok,empty,empty,empty,ok,ok,ok,ok,ok,empty,empty,empty,empty
mp-2715758,Na8Sc2Ti2Si5SO24,ok,ok,empty,empty,empty,ok,ok,ok,ok,ok,empty,empty,empty,empty
mp-2715759,Na14Ti4Zn4Si7S5O48,ok,ok,empty,empty,empty,ok,ok,ok,ok,ok,empty,empty,empty,empty
mp-2715760,Na8Y2Hf2Si5SO24,ok,ok,empty,empty,empty,ok,ok,ok,ok,ok,empty,empty,empty,empty
mp-2715761,Na7La2In2SiP5O24,ok,ok,empty,empty,empty,ok,ok,ok,ok,ok,empty,empty,empty,empty
mp-2715762,Na14Ca4Si7Ge4S5O48,ok,ok,empty,empty,empty,ok,ok,ok,ok,ok,empty,empty,empty,empty
mp-2715763,Na14Sc4Al4Si7S5O48,ok,ok,empty,empty,empty,ok,ok,ok,ok,ok,empty,empty,empty,empty
mp-2715764,Na4MgNbSi2PO12,ok,ok,empty,empty,empty,ok,ok,ok,ok,ok,empty,empty,empty,empty
mp-2715765,NaAlGaP(SO6)2,ok,ok,empty,empty,empty,ok,ok,ok,ok,ok,empty,empty,empty,empty
mp-2715766,Na14Sc8Si7S5O48,ok,ok,empty,empty,empty,ok,ok,ok,ok,ok,empty,empty,empty,empty
mp-2715767,NaTi2Nb2SiP5O24,ok,ok,empty,empty,empty,ok,ok,ok,ok,ok,empty,empty,empty,empty
mp-2715768,Na7In2Ga2SiP5O24,ok,ok,empty,empty,empty,ok,ok,ok,ok,ok,empty,empty,empty,empty
mp-2715770,NaZr2Nb2SiP5O24,ok,ok,empty,empty,empty,ok,ok,ok,ok,ok,empty,empty,empty,empty
mp-2715771,Na8Zr3ZnSi5SO24,ok,ok,empty,empty,empty,ok,ok,ok,ok,ok,empty,empty,empty,empty
mp-2715772,Na4GaSi2SnPO12,ok,ok,empty,empty,empty,ok,ok,ok,ok,ok,empty,empty,empty,empty
mp-2715773,Na2Nb4Si7Ge4S5O48,ok,ok,empty,empty,empty,ok,ok,ok,ok,ok,empty,empty,empty,empty
mp-2715774,Na8MgSi4Sn3(PO12)2,ok,ok,empty,empty,empty,ok,ok,ok,ok,ok,empty,empty,empty,empty
mp-2715775,Na21Nb4Zn8Si3(P5O24)3,ok,ok,empty,empty,empty,ok,ok,ok,ok,ok,empty,empty,empty,empty
mp-2715776,Na2Ta6Ga2Si7S5O48,ok,ok,empty,empty,empty,ok,ok,ok,ok,ok,empty,empty,empty,empty
mp-2715777,Na3Nb2Zn4P3(SO6)6,ok,ok,empty,empty,empty,ok,ok,ok,ok,ok,empty,empty,empty,empty
mp-2715778,Na2YNb3Si2(PO6)4,ok,ok,empty,empty,empty,ok,ok,ok,ok,ok,empty,empty,empty,empty
mp-2715779,Na8In2Si5Ge2SO24,ok,ok,empty,empty,empty,ok,ok,ok,ok,ok,empty,empty,empty,empty
mp-2715780,Na14Y4In4Si7S5O48,ok,ok,empty,empty,empty,ok,ok,ok,ok,ok,empty,empty,empty,empty
mp-2715781,Na14Hf4Mg4Si7S5O48,ok,ok,empty,empty,empty,ok,ok,ok,ok,ok,empty,empty,empty,empty
mp-2715782,Na2Nb6In2Si7S5O48,ok,ok,empty,empty,empty,ok,ok,ok,ok,ok,empty,empty,empty,empty
mp-2715783,NaTiNbSi(PO6)2,ok,ok,empty,empty,empty,ok,ok,ok,ok,ok,empty,empty,empty,empty
mp-2715785,Na2La2Nb6Si7S5O48,ok,ok,empty,empty,empty,ok,ok,ok,ok,ok,empty,empty,empty,empty
mp-2715786,Na21Mg8Ta4Si3(P5O24)3,ok,ok,empty,empty,empty,ok,ok,ok,ok,ok,empty,empty,empty,empty
mp-2715787,Na2Ti4Nb4Si7S5O48,ok,ok,empty,empty,empty,ok,ok,ok,ok,ok,empty,empty,empty,empty
mp-2715788,Na7La4SiP5O24,ok,ok,empty,empty,empty,ok,ok,ok,ok,ok,empty,empty,empty,empty
mp-2715789,Na3MgTa5Si3(PO6)6,ok,ok,empty,empty,empty,ok,ok,ok,ok,ok,empty,empty,empty,empty
mp-2715790,Na7Y4SiP5O24,ok,ok,empty,empty,empty,ok,ok,ok,ok,ok,empty,empty,empty,empty
mp-2715791,Na4ZrInSi2PO12,ok,ok,empty,empty,empty,ok,ok,ok,ok,ok,empty,empty,empty,empty
mp-2715793,Na7Mg2SiSn2P5O24,ok,ok,empty,empty,empty,ok,ok,ok,ok,ok,empty,empty,empty,empty
mp-2715794,Na4InSi2SnPO12,ok,ok,empty,empty,empty,ok,ok,ok,ok,ok,empty,empty,empty,empty
mp-2715795,Na14Ga8Si7S5O48,ok,ok,empty,empty,empty,ok,ok,ok,ok,ok,empty,empty,empty,empty
mp-2715796,Na3Mg2Ta10Si3(P5O24)3,ok,ok,empty,empty,empty,ok,ok,ok,ok,ok,empty,empty,empty,empty
mp-2715797,Na6Mg4Ta20Si21(S5O48)3,ok,ok,empty,empty,empty,ok,ok,ok,ok,ok,empty,empty,empty,empty
mp-2715799,Na4ZrScSi2PO12,ok,ok,empty,empty,empty,ok,ok,ok,ok,ok,empty,empty,empty,empty
mp-2715800,Na8CaSi4Sn3(PO12)2,ok,ok,empty,empty,empty,ok,ok,ok,ok,ok,empty,empty,empty,empty
mp-2715801,Na2Nb6Al2Si7S5O48,ok,ok,empty,empty,empty,ok,ok,ok,ok,ok,empty,empty,empty,empty
mp-2715802,NaNb2SiGe2P5O24,ok,ok,empty,empty,empty,ok,ok,ok,ok,ok,empty,empty,empty,empty
mp-2715803,Na8NbAl3Si5SO24,ok,ok,empty,empty,empty,ok,ok,ok,ok,ok,empty,empty,empty,empty
mp-2715804,NaZrNbSi2SO12,ok,ok,empty,empty,empty,ok,ok,ok,ok,ok,empty,empty,empty,empty
mp-2715805,Na3Ca2Ta10Si3(P5O24)3,ok,ok,empty,empty,empty,ok,ok,ok,ok,ok,empty,empty,empty,empty
mp-2715806,Na2LaTa3Si4(SO12)2,ok,ok,empty,empty,empty,ok,ok,ok,ok,ok,empty,empty,empty,empty
mp-2715807,NaTa3GaSiP5O24,ok,ok,empty,empty,empty,ok,ok,ok,ok,ok,empty,empty,empty,empty
mp-2715808,Na3Ca2Nb10Si3(P5O24)3,ok,ok,empty,empty,empty,ok,ok,ok,ok,ok,empty,empty,empty,empty
mp-2715809,Na6Mg4Nb20Si21(S5O48)3,ok,ok,empty,empty,empty,ok,ok,ok,ok,ok,empty,empty,empty,empty
mp-2715810,NaTiNbSi2SO12,ok,ok,empty,empty,empty,ok,ok,ok,ok,ok,empty,empty,empty,empty
mp-2715811,NaNb3InSiP5O24,ok,ok,empty,empty,empty,ok,ok,ok,ok,ok,empty,empty,empty,empty
mp-2715812,Na3Mg4Nb2P3(SO6)6,ok,ok,empty,empty,empty,ok,ok,ok,ok,ok,empty,empty,empty,empty
mp-2715813,Na2Ta6Al2Si7S5O48,ok,ok,empty,empty,empty,ok,ok,ok,ok,ok,empty,empty,empty,empty
mp-2715814,NaScTa3SiP5O24,ok,ok,empty,empty,empty,ok,ok,ok,ok,ok,empty,empty,empty,empty
mp-2715815,Na42Ca16Ta8Si21(S5O48)3,ok,ok,empty,empty,empty,ok,ok,ok,ok,ok,empty,empty,empty,empty
mp-2715816,Na14Y4Sc4Si7S5O48,ok,ok,empty,empty,empty,ok,ok,ok,ok,ok,empty,empty,empty,empty
mp-2715817,Na14Y4Ga4Si7S5O48,ok,ok,empty,empty,empty,ok,ok,ok,ok,ok,empty,empty,empty,empty
mp-2715818,Na14La4In4Si7S5O48,ok,ok,empty,empty,empty,ok,ok,ok,ok,ok,empty,empty,empty,empty
mp-2715819,NaZnGeP(SO6)2,ok,ok,empty,empty,empty,ok,ok,ok,ok,ok,empty,empty,empty,empty
mp-2715820,Na3CaNb5Si6(SO12)3,ok,ok,empty,empty,empty,ok,ok,ok,ok,ok,empty,empty,empty,empty
mp-2715821,Na4TiGaSi2PO12,ok,ok,empty,empty,empty,ok,ok,ok,ok,ok,empty,empty,empty,empty
mp-2715822,Na10Y6Ta2Si7S5O48,ok,ok,empty,empty,empty,ok,ok,ok,ok,ok,empty,empty,empty,empty
mp-2715823,Na5Sc3TaSiP5O24,ok,ok,empty,empty,empty,ok,ok,ok,ok,ok,empty,empty,empty,empty
mp-2715824,Na5La2SiGe2P5O24,ok,ok,empty,empty,empty,ok,ok,ok,ok,ok,empty,empty,empty,empty
mp-2715825,Na3TaIn3P5SO24,ok,ok,empty,empty,empty,ok,ok,ok,ok,ok,empty,empty,empty,empty
mp-2715826,Na10Hf4In4Si7S5O48,ok,ok,empty,empty,empty,ok,ok,ok,ok,ok,empty,empty,empty,empty
mp-2715827,Na3Al2Ge2P5SO24,ok,ok,empty,empty,empty,ok,ok,ok,ok,ok,empty,empty,empty,empty
mp-2715828,Na5Sc2SiSn2P5O24,ok,ok,empty,empty,empty,ok,ok,ok,ok,ok,empty,empty,empty,empty
mp-2715829,Na6Hf6Zn2Si5S7O48,ok,ok,empty,empty,empty,ok,ok,ok,ok,ok,empty,empty,empty,empty
mp-2715830,Na7Ca2In2P5SO24,ok,ok,empty,empty,empty,ok,ok,ok,ok,ok,empty,empty,empty,empty
mp-2715831,Na10Ti4Ga4Si7S5O48,ok,ok,empty,empty,empty,ok,ok,ok,ok,ok,empty,empty,empty,empty
mp-2715832,Na10Sc4Ti4Si7S5O48,ok,ok,empty,empty,empty,ok,ok,ok,ok,ok,empty,empty,empty,empty
mp-2715833,Na5Hf3ZnSiP5O24,ok,ok,empty,empty,empty,ok,ok,ok,ok,ok,empty,empty,empty,empty
mp-2715834,Na3Ga2Ge2P5SO24,ok,ok,empty,empty,empty,ok,ok,ok,ok,ok,empty,empty,empty,empty
mp-2715835,Na3NbAl3P5SO24,ok,ok,empty,empty,empty,ok,ok,ok,ok,ok,empty,empty,empty,empty
mp-2715836,Na10Hf4Sc4Si7S5O48,ok,ok,empty,empty,empty,ok,ok,ok,ok,ok,empty,empty,empty,empty
mp-2715837,Na10In4Si7Ge4S5O48,ok,ok,empty,empty,empty,ok,ok,ok,ok,ok,empty,empty,empty,empty
mp-2715838,Na6Y4Si5Sn4S7O48,ok,ok,empty,empty,empty,ok,ok,ok,ok,ok,empty,empty,empty,empty
mp-2715839,Na6Y4Si5Ge4S7O48,ok,ok,empty,empty,empty,ok,ok,ok,ok,ok,empty,empty,empty,empty
mp-2715840,Na6Zr4Al4Si5S7O48,ok,ok,empty,empty,empty,ok,ok,ok,ok,ok,empty,empty,empty,empty
mp-2715841,Na7Mg3SnP5SO24,ok,ok,empty,empty,empty,ok,ok,ok,ok,ok,empty,empty,empty,empty
mp-2715843,Na3Al2Sn2P5SO24,ok,ok,empty,empty,empty,ok,ok,ok,ok,ok,empty,empty,empty,empty
mp-2715844,Na6Y4Hf4Si5S7O48,ok,ok,empty,empty,empty,ok,ok,ok,ok,ok,empty,empty,empty,empty
mp-2715845,Na7Al2Zn2P5SO24,ok,ok,empty,empty,empty,ok,ok,ok,ok,ok,empty,empty,empty,empty
mp-2715846,Na10Ti4Al4Si7S5O48,ok,ok,empty,empty,empty,ok,ok,ok,ok,ok,empty,empty,empty,empty
mp-2715847,Na10Ca4Nb4Si7S5O48,ok,ok,empty,empty,empty,ok,ok,ok,ok,ok,empty,empty,empty,empty
mp-2715848,Na14Al4Zn4Si5S7O48,ok,ok,empty,empty,empty,ok,ok,ok,ok,ok,empty,empty,empty,empty
mp-2715849,Na5CaTi3SiP5O24,ok,ok,empty,empty,empty,ok,ok,ok,ok,ok,empty,empty,empty,empty
mp-2715850,Na6La4Hf4Si5S7O48,ok,ok,empty,empty,empty,ok,ok,ok,ok,ok,empty,empty,empty,empty
mp-2715851,Na6La4Zr4Si5S7O48,ok,ok,empty,empty,empty,ok,ok,ok,ok,ok,empty,empty,empty,empty
mp-2715852,Na7Mg3ZrP5SO24,ok,ok,empty,empty,empty,ok,ok,ok,ok,ok,empty,empty,empty,empty
mp-2715853,Na14Ca4Y4Si5S7O48,ok,ok,empty,empty,empty,ok,ok,ok,ok,ok,empty,empty,empty,empty
mp-2715855,Na10Ca2Ti6Si7S5O48,ok,ok,empty,empty,empty,ok,ok,ok,ok,ok,empty,empty,empty,empty
mp-2715856,Na3Mg2Ta2P5SO24,ok,ok,empty,empty,empty,ok,ok,ok,ok,ok,empty,empty,empty,empty
mp-2715857,Na14Ca4Ga4Si5S7O48,ok,ok,empty,empty,empty,ok,ok,ok,ok,ok,empty,empty,empty,empty
mp-2715858,Na5Mg2Nb2SiP5O24,ok,ok,empty,empty,empty,ok,ok,ok,ok,ok,empty,empty,empty,empty
mp-2715859,Na3Sc3TaP5SO24,ok,ok,empty,empty,empty,ok,ok,ok,ok,ok,empty,empty,empty,empty
mp-2715860,Na7HfZn3P5SO24,ok,ok,empty,empty,empty,ok,ok,ok,ok,ok,empty,empty,empty,empty
mp-2715861,Na21Ca10Ta2P15(SO24)3,ok,ok,empty,empty,empty,ok,ok,ok,ok,ok,empty,empty,empty,empty
mp-2715862,Na6La4Ti4Si5S7O48,ok,ok,empty,empty,empty,ok,ok,ok,ok,ok,empty,empty,empty,empty
mp-2715863,Na7Zn2In2P5SO24,ok,ok,empty,empty,empty,ok,ok,ok,ok,ok,empty,empty,empty,empty
mp-2715864,Na6Ta2In6Si5S7O48,ok,ok,empty,empty,empty,ok,ok,ok,ok,ok,empty,empty,empty,empty
mp-2715865,Na10Nb2In6Si7S5O48,ok,ok,empty,empty,empty,ok,ok,ok,ok,ok,empty,empty,empty,empty
mp-2715866,Na3MgTi3P5SO24,ok,ok,empty,empty,empty,ok,ok,ok,ok,ok,empty,empty,empty,empty
mp-2715867,Na3Hf2Al2P5SO24,ok,ok,empty,empty,empty,ok,ok,ok,ok,ok,empty,empty,empty,empty
mp-2715868,Na3Y2Ge2P5SO24,ok,ok,empty,empty,empty,ok,ok,ok,ok,ok,empty,empty,empty,empty
mp-2715869,Na14Mg4Al4Si5S7O48,ok,ok,empty,empty,empty,ok,ok,ok,ok,ok,empty,empty,empty,empty
mp-2715870,Na5Nb2Zn2SiP5O24,ok,ok,empty,empty,empty,ok,ok,ok,ok,ok,empty,empty,empty,empty
mp-2715871,Na3Ca2Ta2P5SO24,ok,ok,empty,empty,empty,ok,ok,ok,ok,ok,empty,empty,empty,empty
mp-2715872,Na3CaGe3P5SO24,ok,ok,empty,empty,empty,ok,ok,ok,ok,ok,empty,empty,empty,empty
mp-2715873,Na14Ca4Al4Si5S7O48,ok,ok,empty,empty,empty,ok,ok,ok,ok,ok,empty,empty,empty,empty
mp-2715874,Na10Zr4In4Si7S5O48,ok,ok,empty,empty,empty,ok,ok,ok,ok,ok,empty,empty,empty,empty
mp-2715875,Na10Mg4Nb4Si7S5O48,ok,ok,empty,empty,empty,ok,ok,ok,ok,ok,empty,empty,empty,empty
mp-2715876,Na14Y4Mg4Si5S7O48,ok,ok,empty,empty,empty,ok,ok,ok,ok,ok,empty,empty,empty,empty
mp-2715877,Na5Ga2SiGe2P5O24,ok,ok,empty,empty,empty,ok,ok,ok,ok,ok,empty,empty,empty,empty
mp-2715878,Na6Mg2Zr6Si5S7O48,ok,ok,empty,empty,empty,ok,ok,ok,ok,ok,empty,empty,empty,empty
mp-2715879,Na10Sc6Nb2Si7S5O48,ok,ok,empty,empty,empty,ok,ok,ok,ok,ok,empty,empty,empty,empty
mp-2715880,Na7Ca3GeP5SO24,ok,ok,empty,empty,empty,ok,ok,ok,ok,ok,empty,empty,empty,empty
mp-2715881,Na5Mg2Ta2SiP5O24,ok,ok,empty,empty,empty,ok,ok,ok,ok,ok,empty,empty,empty,empty
mp-2715882,Na10Ca4Ta4Si7S5O48,ok,ok,empty,empty,empty,ok,ok,ok,ok,ok,empty,empty,empty,empty
mp-2715883,Na3Ti2In2P5SO24,ok,ok,empty,empty,empty,ok,ok,ok,ok,ok,empty,empty,empty,empty
mp-2715884,Na10Y4Si7Ge4S5O48,ok,ok,empty,empty,empty,ok,ok,ok,ok,ok,empty,empty,empty,empty
mp-2715885,Na3Ta2Zn2P5SO24,ok,ok,empty,empty,empty,ok,ok,ok,ok,ok,empty,empty,empty,empty
mp-2715886,Na3Sc2Ge2P5SO24,ok,ok,empty,empty,empty,ok,ok,ok,ok,ok,empty,empty,empty,empty
mp-2715887,Na5Hf3MgSiP5O24,ok,ok,empty,empty,empty,ok,ok,ok,ok,ok,empty,empty,empty,empty
mp-2715888,Na10Y4Ti4Si7S5O48,ok,ok,empty,empty,empty,ok,ok,ok,ok,ok,empty,empty,empty,empty
mp-2715889,Na14Y4Zn4Si5S7O48,ok,ok,empty,empty,empty,ok,ok,ok,ok,ok,empty,empty,empty,empty
mp-2715890,Na3Zr2In2P5SO24,ok,ok,empty,empty,empty,ok,ok,ok,ok,ok,empty,empty,empty,empty
mp-2715891,Na3MgSn3P5SO24,ok,ok,empty,empty,empty,ok,ok,ok,ok,ok,empty,empty,empty,empty
mp-2715892,Na5ZnSiSn3P5O24,ok,ok,empty,empty,empty,ok,ok,ok,ok,ok,empty,empty,empty,empty
mp-2715893,Na14Ca4Sc4Si5S7O48,ok,ok,empty,empty,empty,ok,ok,ok,ok,ok,empty,empty,empty,empty
mp-2715894,Na6Zr4Sc4Si5S7O48,ok,ok,empty,empty,empty,ok,ok,ok,ok,ok,empty,empty,empty,empty
mp-2715895,Na10Ta2In6Si7S5O48,ok,ok,empty,empty,empty,ok,ok,ok,ok,ok,empty,empty,empty,empty
mp-2715896,Na42Ca20Nb4Si15(S7O48)3,ok,ok,empty,empty,empty,ok,ok,ok,ok,ok,empty,empty,empty,empty
mp-2715897,Na5CaZr3SiP5O24,ok,ok,empty,empty,empty,ok,ok,ok,ok,ok,empty,empty,empty,empty
mp-2715898,Na6In4Si5Sn4S7O48,ok,ok,empty,empty,empty,ok,ok,ok,ok,ok,empty,empty,empty,empty
mp-2715899,Na10Hf6Zn2Si7S5O48,ok,ok,empty,empty,empty,ok,ok,ok,ok,ok,empty,empty,empty,empty
mp-2715900,Na7Ca2Ga2P5SO24,ok,ok,empty,empty,empty,ok,ok,ok,ok,ok,empty,empty,empty,empty
mp-2715901,Na6Y4Ti4Si5S7O48,ok,ok,empty,empty,empty,ok,ok,ok,ok,ok,empty,empty,empty,empty
mp-2715902,Na3TaGa3P5SO24,ok,ok,empty,empty,empty,ok,ok,ok,ok,ok,empty,empty,empty,empty
mp-2715903,Na3ZnGe3P5SO24,ok,ok,empty,empty,empty,ok,ok,ok,ok,ok,empty,empty,empty,empty
mp-2715904,Na5Hf2Al2SiP5O24,ok,ok,empty,empty,empty,ok,ok,ok,ok,ok,empty,empty,empty,empty
mp-2715905,Na5TaAl3SiP5O24,ok,ok,empty,empty,empty,ok,ok,ok,ok,ok,empty,empty,empty,empty
mp-2715906,Na14Ca6Ti2Si5S7O48,ok,ok,empty,empty,empty,ok,ok,ok,ok,ok,empty,empty,empty,empty
mp-2715907,Na5Hf2In2SiP5O24,ok,ok,empty,empty,empty,ok,ok,ok,ok,ok,empty,empty,empty,empty
mp-2715908,Na3CaZr3P5SO24,ok,ok,empty,empty,empty,ok,ok,ok,ok,ok,empty,empty,empty,empty
mp-2715909,Na7Mg2Al2P5SO24,ok,ok,empty,empty,empty,ok,ok,ok,ok,ok,empty,empty,empty,empty
mp-2715910,Na7La2Zn2P5SO24,ok,ok,empty,empty,empty,ok,ok,ok,ok,ok,empty,empty,empty,empty
mp-2715911,Na5Y2Zr2SiP5O24,ok,ok,empty,empty,empty,ok,ok,ok,ok,ok,empty,empty,empty,empty
mp-2715912,Na10Ca2Si7Ge6S5O48,ok,ok,empty,empty,empty,ok,ok,ok,ok,ok,empty,empty,empty,empty
mp-2715913,Na3Zr3ZnP5SO24,ok,ok,empty,empty,empty,ok,ok,ok,ok,ok,empty,empty,empty,empty
mp-2715915,Na3Ti3ZnP5SO24,ok,ok,empty,empty,empty,ok,ok,ok,ok,ok,empty,empty,empty,empty
mp-2715916,Na5Y2SiSn2P5O24,ok,ok,empty,empty,empty,ok,ok,ok,ok,ok,empty,empty,empty,empty
mp-2715917,Na7Ca2Y2P5SO24,ok,ok,empty,empty,empty,ok,ok,ok,ok,ok,empty,empty,empty,empty
mp-2715918,Na14Mg4In4Si5S7O48,ok,ok,empty,empty,empty,ok,ok,ok,ok,ok,empty,empty,empty,empty
mp-2715919,Na10Sc4Si7Ge4S5O48,ok,ok,empty,empty,empty,ok,ok,ok,ok,ok,empty,empty,empty,empty
mp-2715920,Na5Ca2Nb2SiP5O24,ok,ok,empty,empty,empty,ok,ok,ok,ok,ok,empty,empty,empty,empty
mp-2715921,Na3TaAl3P5SO24,ok,ok,empty,empty,empty,ok,ok,ok,ok,ok,empty,empty,empty,empty
mp-2715922,Na10Al4Si7Ge4S5O48,ok,ok,empty,empty,empty,ok,ok,ok,ok,ok,empty,empty,empty,empty
mp-2715923,Na5La3NbSiP5O24,ok,ok,empty,empty,empty,ok,ok,ok,ok,ok,empty,empty,empty,empty
mp-2715924,Na6Ga4Si5Ge4S7O48,ok,ok,empty,empty,empty,ok,ok,ok,ok,ok,empty,empty,empty,empty
mp-2715925,Na6Y4Zr4Si5S7O48,ok,ok,empty,empty,empty,ok,ok,ok,ok,ok,empty,empty,empty,empty
mp-2715927,Na10Sc4Si7Sn4S5O48,ok,ok,empty,empty,empty,ok,ok,ok,ok,ok,empty,empty,empty,empty
mp-2715928,Na10Mg2Ti6Si7S5O48,ok,ok,empty,empty,empty,ok,ok,ok,ok,ok,empty,empty,empty,empty
mp-2715929,Na5Zr2Ga2SiP5O24,ok,ok,empty,empty,empty,ok,ok,ok,ok,ok,empty,empty,empty,empty
mp-2715930,Na10Zr6Zn2Si7S5O48,ok,ok,empty,empty,empty,ok,ok,ok,ok,ok,empty,empty,empty,empty
mp-2715931,Na42Mg20Ta4Si15(S7O48)3,ok,ok,empty,empty,empty,ok,ok,ok,ok,ok,empty,empty,empty,empty
mp-2715932,Na14Hf2Zn6Si5S7O48,ok,ok,empty,empty,empty,ok,ok,ok,ok,ok,empty,empty,empty,empty
mp-2715933,Na10La4Hf4Si7S5O48,ok,ok,empty,empty,empty,ok,ok,ok,ok,ok,empty,empty,empty,empty
mp-2715934,Na3CaSn3P5SO24,ok,ok,empty,empty,empty,ok,ok,ok,ok,ok,empty,empty,empty,empty
mp-2715935,Na14Sc4Zn4Si5S7O48,ok,ok,empty,empty,empty,ok,ok,ok,ok,ok,empty,empty,empty,empty
mp-2715936,Na5In2SiGe2P5O24,ok,ok,empty,empty,empty,ok,ok,ok,ok,ok,empty,empty,empty,empty
mp-2715938,Na10Ga4Si7Sn4S5O48,ok,ok,empty,empty,empty,ok,ok,ok,ok,ok,empty,empty,empty,empty
mp-2715939,Na3Y3NbP5SO24,ok,ok,empty,empty,empty,ok,ok,ok,ok,ok,empty,empty,empty,empty
mp-2715940,Na3Y3TaP5SO24,ok,ok,empty,empty,empty,ok,ok,ok,ok,ok,empty,empty,empty,empty
mp-2715941,Na14La4Zn4Si5S7O48,ok,ok,empty,empty,empty,ok,ok,ok,ok,ok,empty,empty,empty,empty
mp-2715942,Na14Mg4Sc4Si5S7O48,ok,ok,empty,empty,empty,ok,ok,ok,ok,ok,empty,empty,empty,empty
mp-2715944,Na6Al4Si5Ge4S7O48,ok,ok,empty,empty,empty,ok,ok,ok,ok,ok,empty,empty,empty,empty
mp-2715945,Na10Nb4Zn4Si7S5O48,ok,ok,empty,empty,empty,ok,ok,ok,ok,ok,empty,empty,empty,empty
mp-2715946,Na5MgSiSn3P5O24,ok,ok,empty,empty,empty,ok,ok,ok,ok,ok,empty,empty,empty,empty
mp-2715947,Na10Ga4Si7Ge4S5O48,ok,ok,empty,empty,empty,ok,ok,ok,ok,ok,empty,empty,empty,empty
mp-2715948,Na6Mg2Ti6Si5S7O48,ok,ok,empty,empty,empty,ok,ok,ok,ok,ok,empty,empty,empty,empty
mp-2715949,Na6Sc4Ti4Si5S7O48,ok,ok,empty,empty,empty,ok,ok,ok,ok,ok,empty,empty,empty,empty
mp-2715950,Na3CaHf3P5SO24,ok,ok,empty,empty,empty,ok,ok,ok,ok,ok,empty,empty,empty,empty
mp-2715951,Na21Nb2Zn10P15(SO24)3,ok,ok,empty,empty,empty,ok,ok,ok,ok,ok,empty,empty,empty,empty
mp-2715952,Na7Ca2Sc2P5SO24,ok,ok,empty,empty,empty,ok,ok,ok,ok,ok,empty,empty,empty,empty
mp-2715953,Na6Ti4Ga4Si5S7O48,ok,ok,empty,empty,empty,ok,ok,ok,ok,ok,empty,empty,empty,empty
mp-2715954,Na5Zr3ZnSiP5O24,ok,ok,empty,empty,empty,ok,ok,ok,ok,ok,empty,empty,empty,empty
mp-2715956,Na6Zr4In4Si5S7O48,ok,ok,empty,empty,empty,ok,ok,ok,ok,ok,empty,empty,empty,empty
mp-2715957,Na10Ti4In4Si7S5O48,ok,ok,empty,empty,empty,ok,ok,ok,ok,ok,empty,empty,empty,empty
mp-2715958,Na3La2Ge2P5SO24,ok,ok,empty,empty,empty,ok,ok,ok,ok,ok,empty,empty,empty,empty
mp-2715959,Na3Ti2Al2P5SO24,ok,ok,empty,empty,empty,ok,ok,ok,ok,ok,empty,empty,empty,empty
mp-2715960,Na6Y6Ta2Si5S7O48,ok,ok,empty,empty,empty,ok,ok,ok,ok,ok,empty,empty,empty,empty
mp-2715961,Na10Zr4Sc4Si7S5O48,ok,ok,empty,empty,empty,ok,ok,ok,ok,ok,empty,empty,empty,empty
mp-2715962,Na7Mg2In2P5SO24,ok,ok,empty,empty,empty,ok,ok,ok,ok,ok,empty,empty,empty,empty
mp-2715963,Na14Zn4Ga4Si5S7O48,ok,ok,empty,empty,empty,ok,ok,ok,ok,ok,empty,empty,empty,empty
mp-2715964,Na6Nb2Al6Si5S7O48,ok,ok,empty,empty,empty,ok,ok,ok,ok,ok,empty,empty,empty,empty
mp-2715965,Na10Nb2Al6Si7S5O48,ok,ok,empty,empty,empty,ok,ok,ok,ok,ok,empty,empty,empty,empty
mp-2715966,Na10La4Ti4Si7S5O48,ok,ok,empty,empty,empty,ok,ok,ok,ok,ok,empty,empty,empty,empty
mp-2715967,Na3NbIn3P5SO24,ok,ok,empty,empty,empty,ok,ok,ok,ok,ok,empty,empty,empty,empty
mp-2715968,Na10Y4Si7Sn4S5O48,ok,ok,empty,empty,empty,ok,ok,ok,ok,ok,empty,empty,empty,empty
mp-2715969,Na5Y2Ti2SiP5O24,ok,ok,empty,empty,empty,ok,ok,ok,ok,ok,empty,empty,empty,empty
mp-2715970,Na10Hf4Al4Si7S5O48,ok,ok,empty,empty,empty,ok,ok,ok,ok,ok,empty,empty,empty,empty
mp-2715971,Na5Ca2Ta2SiP5O24,ok,ok,empty,empty,empty,ok,ok,ok,ok,ok,empty,empty,empty,empty
mp-2715973,Na10La6Nb2Si7S5O48,ok,ok,empty,empty,empty,ok,ok,ok,ok,ok,empty,empty,empty,empty
mp-2715974,Na5Y2SiGe2P5O24,ok,ok,empty,empty,empty,ok,ok,ok,ok,ok,empty,empty,empty,empty
mp-2715975,Na7TiZn3P5SO24,ok,ok,empty,empty,empty,ok,ok,ok,ok,ok,empty,empty,empty,empty
mp-2715976,Na6Nb4Zn4Si5S7O48,ok,ok,empty,empty,empty,ok,ok,ok,ok,ok,empty,empty,empty,empty
mp-2715977,Na7ZrZn3P5SO24,ok,ok,empty,empty,empty,ok,ok,ok,ok,ok,empty,empty,empty,empty
mp-2715978,Na21Mg10Nb2P15(SO24)3,ok,ok,empty,empty,empty,ok,ok,ok,ok,ok,empty,empty,empty,empty
mp-2715979,Na5Zr2In2SiP5O24,ok,ok,empty,empty,empty,ok,ok,ok,ok,ok,empty,empty,empty,empty
mp-2715981,Na3Ca2Nb2P5SO24,ok,ok,empty,empty,empty,ok,ok,ok,ok,ok,empty,empty,empty,empty
mp-2715982,Na3In2Sn2P5SO24,ok,ok,empty,empty,empty,ok,ok,ok,ok,ok,empty,empty,empty,empty
mp-2715983,Na6Sc6Ta2Si5S7O48,ok,ok,empty,empty,empty,ok,ok,ok,ok,ok,empty,empty,empty,empty
mp-2715985,Na14Mg6Zr2Si5S7O48,ok,ok,empty,empty,empty,ok,ok,ok,ok,ok,empty,empty,empty,empty
mp-2715986,Na6Al4Si5Sn4S7O48,ok,ok,empty,empty,empty,ok,ok,ok,ok,ok,empty,empty,empty,empty
mp-2715987,Na6Nb2Ga6Si5S7O48,ok,ok,empty,empty,empty,ok,ok,ok,ok,ok,empty,empty,empty,empty
mp-2715988,Na10Ca2Hf6Si7S5O48,ok,ok,empty,empty,empty,ok,ok,ok,ok,ok,empty,empty,empty,empty
mp-2715989,Na3Zr2Al2P5SO24,ok,ok,empty,empty,empty,ok,ok,ok,ok,ok,empty,empty,empty,empty
mp-2715990,Na3Sc2Sn2P5SO24,ok,ok,empty,empty,empty,ok,ok,ok,ok,ok,empty,empty,empty,empty
mp-2715991,Na7Y2Zn2P5SO24,ok,ok,empty,empty,empty,ok,ok,ok,ok,ok,empty,empty,empty,empty
mp-2715992,Na6Ti4In4Si5S7O48,ok,ok,empty,empty,empty,ok,ok,ok,ok,ok,empty,empty,empty,empty
mp-2715993,Na3Hf2Sc2P5SO24,ok,ok,empty,empty,empty,ok,ok,ok,ok,ok,empty,empty,empty,empty
mp-2715994,Na5Sc3NbSiP5O24,ok,ok,empty,empty,empty,ok,ok,ok,ok,ok,empty,empty,empty,empty
mp-2715996,Na14Ti2Zn6Si5S7O48,ok,ok,empty,empty,empty,ok,ok,ok,ok,ok,empty,empty,empty,empty
mp-2715997,Na5ZnSiGe3P5O24,ok,ok,empty,empty,empty,ok,ok,ok,ok,ok,empty,empty,empty,empty
mp-2715998,Na7Mg2Sc2P5SO24,ok,ok,empty,empty,empty,ok,ok,ok,ok,ok,empty,empty,empty,empty
mp-2715999,Na7Y2Mg2P5SO24,ok,ok,empty,empty,empty,ok,ok,ok,ok,ok,empty,empty,empty,empty
mp-2716000,Na3CaTi3P5SO24,ok,ok,empty,empty,empty,ok,ok,ok,ok,ok,empty,empty,empty,empty
mp-2716002,Na10Nb2Ga6Si7S5O48,ok,ok,empty,empty,empty,ok,ok,ok,ok,ok,empty,empty,empty,empty
mp-2716003,Na5In2SiSn2P5O24,ok,ok,empty,empty,empty,ok,ok,ok,ok,ok,empty,empty,empty,empty
mp-2716004,Na6Ca2Zr6Si5S7O48,ok,ok,empty,empty,empty,ok,ok,ok,ok,ok,empty,empty,empty,empty
mp-2716005,Na3Y2Hf2P5SO24,ok,ok,empty,empty,empty,ok,ok,ok,ok,ok,empty,empty,empty,empty
mp-2716006,Na3La2Ti2P5SO24,ok,ok,empty,empty,empty,ok,ok,ok,ok,ok,empty,empty,empty,empty
mp-2716007,Na5Ga2SiSn2P5O24,ok,ok,empty,empty,empty,ok,ok,ok,ok,ok,empty,empty,empty,empty
mp-2716008,Na21Ta2Zn10P15(SO24)3,ok,ok,empty,empty,empty,ok,ok,ok,ok,ok,empty,empty,empty,empty
mp-2716009,Na3Hf3MgP5SO24,ok,ok,empty,empty,empty,ok,ok,ok,ok,ok,empty,empty,empty,empty
mp-2716010,Na7Zn3SnP5SO24,ok,ok,empty,empty,empty,ok,ok,ok,ok,ok,empty,empty,empty,empty
mp-2716011,Na6Ti6Zn2Si5S7O48,ok,ok,empty,empty,empty,ok,ok,ok,ok,ok,empty,empty,empty,empty
mp-2716012,Na3La3NbP5SO24,ok,ok,empty,empty,empty,ok,ok,ok,ok,ok,empty,empty,empty,empty
mp-2716013,Na6Zn2Si5Ge6S7O48,ok,ok,empty,empty,empty,ok,ok,ok,ok,ok,empty,empty,empty,empty
mp-2716014,Na10Zr4Ga4Si7S5O48,ok,ok,empty,empty,empty,ok,ok,ok,ok,ok,empty,empty,empty,empty
mp-2716015,Na42Ta4Zn20Si15(S7O48)3,ok,ok,empty,empty,empty,ok,ok,ok,ok,ok,empty,empty,empty,empty
mp-2716016,Na6Hf4Al4Si5S7O48,ok,ok,empty,empty,empty,ok,ok,ok,ok,ok,empty,empty,empty,empty
mp-2716017,Na10Mg2Si7Sn6S5O48,ok,ok,empty,empty,empty,ok,ok,ok,ok,ok,empty,empty,empty,empty
mp-2716018,Na5Ti2Ga2SiP5O24,ok,ok,empty,empty,empty,ok,ok,ok,ok,ok,empty,empty,empty,empty
mp-2716019,Na10Ti6Zn2Si7S5O48,ok,ok,empty,empty,empty,ok,ok,ok,ok,ok,empty,empty,empty,empty
mp-2716020,Na14Zn6Si5Sn2S7O48,ok,ok,empty,empty,empty,ok,ok,ok,ok,ok,empty,empty,empty,empty
mp-2716021,Na3Hf2Ga2P5SO24,ok,ok,empty,empty,empty,ok,ok,ok,ok,ok,empty,empty,empty,empty
mp-2716022,Na10Al4Si7Sn4S5O48,ok,ok,empty,empty,empty,ok,ok,ok,ok,ok,empty,empty,empty,empty
mp-2716023,Na10Y4Zr4Si7S5O48,ok,ok,empty,empty,empty,ok,ok,ok,ok,ok,empty,empty,empty,empty
mp-2716024,Na7Ca3ZrP5SO24,ok,ok,empty,empty,empty,ok,ok,ok,ok,ok,empty,empty,empty,empty
mp-2716025,Na10Mg4Ta4Si7S5O48,ok,ok,empty,empty,empty,ok,ok,ok,ok,ok,empty,empty,empty,empty
mp-2716026,Na5CaSiGe3P5O24,ok,ok,empty,empty,empty,ok,ok,ok,ok,ok,empty,empty,empty,empty
mp-2716027,Na3MgGe3P5SO24,ok,ok,empty,empty,empty,ok,ok,ok,ok,ok,empty,empty,empty,empty
mp-2716028,Na6Hf4Ga4Si5S7O48,ok,ok,empty,empty,empty,ok,ok,ok,ok,ok,empty,empty,empty,empty
mp-2716029,Na10Ca2Si7Sn6S5O48,ok,ok,empty,empty,empty,ok,ok,ok,ok,ok,empty,empty,empty,empty
mp-2716030,Na3La2Hf2P5SO24,ok,ok,empty,empty,empty,ok,ok,ok,ok,ok,empty,empty,empty,empty
mp-2716031,Na3Zr2Ga2P5SO24,ok,ok,empty,empty,empty,ok,ok,ok,ok,ok,empty,empty,empty,empty
mp-2716032,Na7Ca2La2P5SO24,ok,ok,empty,empty,empty,ok,ok,ok,ok,ok,empty,empty,empty,empty
mp-2716033,Na5Ti2In2SiP5O24,ok,ok,empty,empty,empty,ok,ok,ok,ok,ok,empty,empty,empty,empty
mp-2716034,Na5Al2SiSn2P5O24,ok,ok,empty,empty,empty,ok,ok,ok,ok,ok,empty,empty,empty,empty
mp-2716035,Na6Sc4Si5Sn4S7O48,ok,ok,empty,empty,empty,ok,ok,ok,ok,ok,empty,empty,empty,empty
mp-2716036,Na7Mg2Ga2P5SO24,ok,ok,empty,empty,empty,ok,ok,ok,ok,ok,empty,empty,empty,empty
mp-2716039,Na10In4Si7Sn4S5O48,ok,ok,empty,empty,empty,ok,ok,ok,ok,ok,empty,empty,empty,empty
mp-2716040,Na5Zr2Sc2SiP5O24,ok,ok,empty,empty,empty,ok,ok,ok,ok,ok,empty,empty,empty,empty
mp-2716041,Na3ZnSn3P5SO24,ok,ok,empty,empty,empty,ok,ok,ok,ok,ok,empty,empty,empty,empty
mp-2716042,Na42Mg20Nb4Si15(S7O48)3,ok,ok,empty,empty,empty,ok,ok,ok,ok,ok,empty,empty,empty,empty
mp-2716043,Na7Zn2Ga2P5SO24,ok,ok,empty,empty,empty,ok,ok,ok,ok,ok,empty,empty,empty,empty
mp-2716044,Na5Ti2Al2SiP5O24,ok,ok,empty,empty,empty,ok,ok,ok,ok,ok,empty,empty,empty,empty
mp-2716045,Na6Hf6Mg2Si5S7O48,ok,ok,empty,empty,empty,ok,ok,ok,ok,ok,empty,empty,empty,empty
mp-2716046,Na6Ca4Ta4Si5S7O48,ok,ok,empty,empty,empty,ok,ok,ok,ok,ok,empty,empty,empty,empty
mp-2716047,Na6La6Ta2Si5S7O48,ok,ok,empty,empty,empty,ok,ok,ok,ok,ok,empty,empty,empty,empty
mp-2716048,Na6Sc4Si5Ge4S7O48,ok,ok,empty,empty,empty,ok,ok,ok,ok,ok,empty,empty,empty,empty
mp-2716049,Na6Hf4Sc4Si5S7O48,ok,ok,empty,empty,empty,ok,ok,ok,ok,ok,empty,empty,empty,empty
mp-2716050,Na3La2Zr2P5SO24,ok,ok,empty,empty,empty,ok,ok,ok,ok,ok,empty,empty,empty,empty
mp-2716051,Na3Sc2Ti2P5SO24,ok,ok,empty,empty,empty,ok,ok,ok,ok,ok,empty,empty,empty,empty
mp-2716052,Na10Ta2Ga6Si7S5O48,ok,ok,empty,empty,empty,ok,ok,ok,ok,ok,empty,empty,empty,empty
mp-2716053,Na5Hf2Ga2SiP5O24,ok,ok,empty,empty,empty,ok,ok,ok,ok,ok,empty,empty,empty,empty
mp-2716054,Na6Zr6Zn2Si5S7O48,ok,ok,empty,empty,empty,ok,ok,ok,ok,ok,empty,empty,empty,empty
mp-2716055,Na7La2Mg2P5SO24,ok,ok,empty,empty,empty,ok,ok,ok,ok,ok,empty,empty,empty,empty
mp-2716056,Na7Zn3GeP5SO24,ok,ok,empty,empty,empty,ok,ok,ok,ok,ok,empty,empty,empty,empty
mp-2716057,Na5MgZr3SiP5O24,ok,ok,empty,empty,empty,ok,ok,ok,ok,ok,empty,empty,empty,empty
mp-2716058,Na14Ca6Hf2Si5S7O48,ok,ok,empty,empty,empty,ok,ok,ok,ok,ok,empty,empty,empty,empty
mp-2716060,Na6Ca2Hf6Si5S7O48,ok,ok,empty,empty,empty,ok,ok,ok,ok,ok,empty,empty,empty,empty
mp-2716061,Na3NbGa3P5SO24,ok,ok,empty,empty,empty,ok,ok,ok,ok,ok,empty,empty,empty,empty
mp-2716062,Na6Mg4Ta4Si5S7O48,ok,ok,empty,empty,empty,ok,ok,ok,ok,ok,empty,empty,empty,empty
mp-2716063,Na3Y2Zr2P5SO24,ok,ok,empty,empty,empty,ok,ok,ok,ok,ok,empty,empty,empty,empty
mp-2716065,Na10La4Zr4Si7S5O48,ok,ok,empty,empty,empty,ok,ok,ok,ok,ok,empty,empty,empty,empty
mp-2716066,Na3Ti2Ga2P5SO24,ok,ok,empty,empty,empty,ok,ok,ok,ok,ok,empty,empty,empty,empty
mp-2716067,Na6Ta4Zn4Si5S7O48,ok,ok,empty,empty,empty,ok,ok,ok,ok,ok,empty,empty,empty,empty
mp-2716068,Na14Mg4Ga4Si5S7O48,ok,ok,empty,empty,empty,ok,ok,ok,ok,ok,empty,empty,empty,empty
mp-2716069,Na3MgZr3P5SO24,ok,ok,empty,empty,empty,ok,ok,ok,ok,ok,empty,empty,empty,empty
mp-2716070,Na5Ta2Zn2SiP5O24,ok,ok,empty,empty,empty,ok,ok,ok,ok,ok,empty,empty,empty,empty
mp-2716071,Na3Sc3NbP5SO24,ok,ok,empty,empty,empty,ok,ok,ok,ok,ok,empty,empty,empty,ok
mp-2716072,Na14Ca6Zr2Si5S7O48,ok,ok,empty,empty,empty,ok,ok,ok,ok,ok,empty,empty,empty,ok
mp-2716073,Na3Y2Ti2P5SO24,ok,ok,empty,empty,empty,ok,ok,ok,ok,ok,empty,empty,empty,ok
mp-2716075,Na7Ca3HfP5SO24,ok,ok,empty,empty,empty,ok,ok,ok,ok,ok,empty,empty,empty,ok
mp-2716076,Na14Hf2Mg6Si5S7O48,ok,ok,empty,empty,empty,ok,ok,ok,ok,ok,empty,empty,empty,ok
mp-2716077,Na5TaGa3SiP5O24,ok,ok,empty,empty,empty,ok,ok,ok,ok,ok,empty,empty,empty,ok
mp-2716078,Na3Hf3ZnP5SO24,ok,ok,empty,empty,empty,ok,ok,ok,ok,ok,empty,empty,empty,ok
mp-2716079,Na5La2Ti2SiP5O24,ok,ok,empty,empty,empty,ok,ok,ok,ok,ok,empty,empty,empty,ok
mp-2716080,Na7Ca3SnP5SO24,ok,ok,empty,empty,empty,ok,ok,ok,ok,ok,empty,empty,empty,ok
mp-2716081,Na5La2SiSn2P5O24,ok,ok,empty,empty,empty,ok,ok,ok,ok,ok,empty,empty,empty,ok
mp-2716082,Na7Ca3TiP5SO24,ok,ok,empty,empty,empty,ok,ok,ok,ok,ok,empty,empty,empty,ok
mp-2716083,Na42Ca20Ta4Si15(S7O48)3,ok,ok,empty,empty,empty,ok,ok,ok,ok,ok,empty,empty,empty,ok
mp-2716085,Na3Ga2Sn2P5SO24,ok,ok,empty,empty,empty,ok,ok,ok,ok,ok,empty,empty,empty,ok
mp-2716087,Na10Mg2Si7Ge6S5O48,ok,ok,empty,empty,empty,ok,ok,ok,ok,ok,empty,empty,empty,ok
mp-2716088,Na3La3TaP5SO24,ok,ok,empty,empty,empty,ok,ok,ok,ok,ok,empty,empty,empty,ok
mp-2716090,Na10Y4Hf4Si7S5O48,ok,ok,empty,empty,empty,ok,ok,ok,ok,ok,empty,empty,empty,ok
mp-2716091,Na14Zr2Zn6Si5S7O48,ok,ok,empty,empty,empty,ok,ok,ok,ok,ok,empty,empty,empty,ok
mp-2716092,Na21Mg10Ta2P15(SO24)3,ok,ok,empty,empty,empty,ok,ok,ok,ok,ok,empty,empty,empty,ok
mp-2716093,Na3Y2Sn2P5SO24,ok,ok,empty,empty,empty,ok,ok,ok,ok,ok,empty,empty,empty,ok
mp-2716094,Na6La4Si5Sn4S7O48,ok,ok,empty,empty,empty,ok,ok,ok,ok,ok,empty,empty,empty,ok
mp-2716095,Na6Ta2Al6Si5S7O48,ok,ok,empty,empty,empty,ok,ok,ok,ok,ok,empty,empty,empty,ok
mp-2716096,Na5CaSiSn3P5O24,ok,ok,empty,empty,empty,ok,ok,ok,ok,ok,empty,empty,empty,ok
mp-2716097,Na10Ca2Zr6Si7S5O48,ok,ok,empty,empty,empty,ok,ok,ok,ok,ok,empty,empty,empty,ok
mp-2716098,Na5Ti3ZnSiP5O24,ok,ok,empty,empty,empty,ok,ok,ok,ok,ok,empty,empty,empty,ok
mp-2716099,Na10Zr4Al4Si7S5O48,ok,ok,empty,empty,empty,ok,ok,ok,ok,ok,empty,empty,empty,ok
mp-2716100,Na7Mg3GeP5SO24,ok,ok,empty,empty,empty,ok,ok,ok,ok,ok,empty,empty,empty,ok
mp-2716102,Na10Mg2Zr6Si7S5O48,ok,ok,empty,empty,empty,ok,ok,ok,ok,ok,empty,empty,empty,ok
mp-2716103,Na6Ga4Si5Sn4S7O48,ok,ok,empty,empty,empty,ok,ok,ok,ok,ok,empty,empty,empty,ok
mp-2716104,Na10La6Ta2Si7S5O48,ok,ok,empty,empty,empty,ok,ok,ok,ok,ok,empty,empty,empty,ok
mp-2716105,Na5Al2SiGe2P5O24,ok,ok,empty,empty,empty,ok,ok,ok,ok,ok,empty,empty,empty,ok
mp-2716106,Na3Nb2Zn2P5SO24,ok,ok,empty,empty,empty,ok,ok,ok,ok,ok,empty,empty,empty,ok
mp-2716107,Na3Mg2Nb2P5SO24,ok,ok,empty,empty,empty,ok,ok,ok,ok,ok,empty,empty,empty,ok
mp-2716108,Na6Ti4Al4Si5S7O48,ok,ok,empty,empty,empty,ok,ok,ok,ok,ok,empty,empty,empty,ok
mp-2716109,Na10Y6Nb2Si7S5O48,ok,ok,empty,empty,empty,ok,ok,ok,ok,ok,empty,empty,empty,ok
mp-2716110,Na7Sc2Zn2P5SO24,ok,ok,empty,empty,empty,ok,ok,ok,ok,ok,empty,empty,empty,ok
mp-2716111,Na6Zr4Ga4Si5S7O48,ok,ok,empty,empty,empty,ok,ok,ok,ok,ok,empty,empty,empty,ok
mp-2716112,Na10Ta2Al6Si7S5O48,ok,ok,empty,empty,empty,ok,ok,ok,ok,ok,empty,empty,empty,ok
mp-2716113,Na3La2Sn2P5SO24,ok,ok,empty,empty,empty,ok,ok,ok,ok,ok,empty,empty,empty,ok
mp-2716114,Na6Ta2Ga6Si5S7O48,ok,ok,empty,empty,empty,ok,ok,ok,ok,ok,empty,empty,empty,ok
mp-2716115,Na3Zr2Sc2P5SO24,ok,ok,empty,empty,empty,ok,ok,ok,ok,ok,empty,empty,empty,ok
mp-2716116,Na3Hf2In2P5SO24,ok,ok,empty,empty,empty,ok,ok,ok,ok,ok,empty,empty,empty,ok
mp-2716117,Na5CaHf3SiP5O24,ok,ok,empty,empty,empty,ok,ok,ok,ok,ok,empty,empty,empty,ok
mp-2716118,Na6Hf4In4Si5S7O48,ok,ok,empty,empty,empty,ok,ok,ok,ok,ok,empty,empty,empty,ok
mp-2716119,Na14Ca4In4Si5S7O48,ok,ok,empty,empty,empty,ok,ok,ok,ok,ok,empty,empty,empty,ok
mp-2716121,NaZr4P5SO24,ok,ok,empty,empty,empty,ok,ok,ok,ok,ok,empty,empty,empty,ok
mp-2716122,Na2Zr8Si5S7O48,ok,ok,empty,empty,empty,ok,ok,ok,ok,ok,empty,empty,empty,ok
mp-2716123,NaNb2Ga2P5SO24,ok,ok,empty,empty,empty,ok,ok,ok,ok,ok,empty,empty,empty,ok
mp-2716124,Na3Ta8Zn4P15(SO24)3,ok,ok,empty,empty,empty,ok,ok,ok,ok,ok,empty,empty,empty,ok
mp-2716125,Na4ZrGaSi2PO12,ok,ok,empty,empty,empty,ok,ok,ok,ok,ok,empty,empty,empty,ok
mp-2716127,Na2La4Nb4Si5S7O48,ok,ok,empty,empty,empty,ok,ok,ok,ok,ok,empty,empty,empty,ok
mp-2716128,NaTi2Ge2P5SO24,ok,ok,empty,empty,empty,ok,ok,ok,ok,ok,empty,empty,empty,ok
mp-2716129,Na6Al2In2Si3(SO8)3,ok,ok,empty,empty,empty,ok,ok,ok,ok,ok,empty,empty,empty,ok
mp-2716130,Na2Y4Ta4Si5S7O48,ok,ok,empty,empty,empty,ok,ok,ok,ok,ok,empty,empty,empty,ok
mp-2716131,Na6La2Y2Si3(SO8)3,ok,ok,empty,empty,empty,ok,ok,ok,ok,ok,empty,empty,empty,ok
mp-2716132,Na4YHfSi2PO12,ok,ok,empty,empty,empty,ok,ok,ok,ok,ok,empty,empty,empty,ok
mp-2716133,Na2Ta4Al4Si5S7O48,ok,ok,empty,empty,empty,ok,ok,ok,ok,ok,empty,empty,empty,ok
mp-2716134,Na8TaIn3Si5SO24,ok,ok,empty,empty,empty,ok,ok,ok,ok,ok,empty,empty,empty,ok
mp-2716135,Na8CaHf3Si5SO24,ok,ok,empty,empty,empty,ok,ok,ok,ok,ok,empty,empty,empty,ok
mp-2716136,Na3Ca4Ta8P15(SO24)3,ok,ok,empty,empty,empty,ok,ok,ok,ok,ok,empty,empty,empty,ok
mp-2716137,Na6Sc2Al2Si3(SO8)3,ok,ok,empty,empty,empty,ok,ok,ok,ok,ok,empty,empty,empty,ok
mp-2716138,Na6Al4Si3(SO8)3,ok,ok,empty,empty,empty,ok,ok,ok,ok,ok,empty,empty,empty,ok
mp-2716139,Na2Si5Sn4Ge4S7O48,ok,ok,empty,empty,empty,ok,ok,ok,ok,ok,empty,empty,empty,ok
mp-2716141,Na18Ca8Ta4Si9(SO8)9,ok,ok,empty,empty,empty,ok,ok,ok,ok,ok,empty,empty,empty,ok
mp-2716142,Na4ScTiSi2PO12,ok,ok,empty,empty,empty,ok,ok,ok,ok,ok,empty,empty,empty,ok
mp-2716143,Na8CaSi4Ge3(PO12)2,ok,ok,empty,empty,empty,ok,ok,ok,ok,ok,empty,empty,empty,ok
mp-2716144,Na2Ti8Si5S7O48,ok,ok,empty,empty,empty,ok,ok,ok,ok,ok,empty,empty,empty,ok
mp-2716145,Na6Ca8Ta16Si15(S7O48)3,ok,ok,empty,empty,empty,ok,ok,ok,ok,ok,empty,empty,empty,ok
mp-2716147,Na8TaAl3Si4(PO12)2,ok,ok,empty,empty,empty,ok,ok,ok,ok,ok,empty,empty,empty,ok
mp-2716148,Na8Hf2Ga2Si5SO24,ok,ok,empty,empty,empty,ok,ok,ok,ok,ok,empty,empty,empty,ok
mp-2716149,Na6Y4Si3(SO8)3,ok,ok,empty,empty,empty,ok,ok,ok,ok,ok,empty,empty,empty,ok
mp-2716150,Na2Ta4Ga4Si5S7O48,ok,ok,empty,empty,empty,ok,ok,ok,ok,ok,empty,empty,empty,ok
mp-2716151,Na2Hf8Si5S7O48,ok,ok,empty,empty,empty,ok,ok,ok,ok,ok,empty,empty,empty,ok
mp-2716152,Na2Hf4Si5Ge4S7O48,ok,ok,empty,empty,empty,ok,ok,ok,ok,ok,empty,empty,empty,ok
mp-2716153,Na2Zr4Si5Ge4S7O48,ok,ok,empty,empty,empty,ok,ok,ok,ok,ok,empty,empty,empty,ok
mp-2716154,Na6Ca2Zr2Si3(SO8)3,ok,ok,empty,empty,empty,ok,ok,ok,ok,ok,empty,empty,empty,ok
mp-2716155,Na8ZnSi4Sn3(PO12)2,ok,ok,empty,empty,empty,ok,ok,ok,ok,ok,empty,empty,empty,ok
mp-2716156,Na8NbAl3Si4(PO12)2,ok,ok,empty,empty,empty,ok,ok,ok,ok,ok,empty,empty,empty,ok
mp-2716157,NaSn2Ge2P5SO24,ok,ok,empty,empty,empty,ok,ok,ok,ok,ok,empty,empty,empty,ok
mp-2716158,Na2Ti4Si5Ge4S7O48,ok,ok,empty,empty,empty,ok,ok,ok,ok,ok,empty,empty,empty,ok
mp-2716159,Na6La2In2Si3(SO8)3,ok,ok,empty,empty,empty,ok,ok,ok,ok,ok,empty,empty,empty,ok
mp-2716160,Na2Sc4Ta4Si5S7O48,ok,ok,empty,empty,empty,ok,ok,ok,ok,ok,empty,empty,empty,ok
mp-2716161,Na8Y2Si5Ge2SO24,ok,ok,empty,empty,empty,ok,ok,ok,ok,ok,empty,empty,empty,ok
mp-2716162,NaTa2Al2P5SO24,ok,ok,empty,empty,empty,ok,ok,ok,ok,ok,empty,empty,empty,ok
mp-2716163,Na8La3TaSi4(PO12)2,ok,ok,empty,empty,empty,ok,ok,ok,ok,ok,empty,empty,empty,ok
mp-2716164,Na2Y4Nb4Si5S7O48,ok,ok,empty,empty,empty,ok,ok,ok,ok,ok,empty,empty,empty,ok
mp-2716165,Na2Nb4In4Si5S7O48,ok,ok,empty,empty,empty,ok,ok,ok,ok,ok,empty,empty,empty,ok
mp-2716166,Na8Y2Ti2Si5SO24,ok,ok,empty,empty,empty,ok,ok,ok,ok,ok,empty,empty,empty,ok
mp-2716167,Na8Ti3ZnSi5SO24,ok,ok,empty,empty,empty,ok,ok,ok,ok,ok,empty,empty,empty,ok
mp-2716168,Na4ScSi2SnPO12,ok,ok,empty,empty,empty,ok,ok,ok,ok,ok,empty,empty,empty,ok
mp-2716169,Na8Y3TaSi4(PO12)2,ok,ok,empty,empty,empty,ok,ok,ok,ok,ok,empty,empty,empty,ok
mp-2716170,NaTi4P5SO24,ok,ok,empty,empty,empty,ok,ok,ok,ok,ok,empty,empty,empty,ok
mp-2716171,Na8Ca2Nb2Si5SO24,ok,ok,empty,empty,empty,ok,ok,ok,ok,ok,empty,empty,empty,ok
mp-2716172,Na8Nb2Zn2Si5SO24,ok,ok,empty,empty,empty,ok,ok,ok,ok,ok,empty,empty,empty,ok
mp-2716176,Na8Zr3ZnSi4(PO12)2,ok,ok,empty,empty,empty,ok,ok,ok,ok,ok,empty,empty,empty,ok
mp-2716177,Na8NbIn3Si5SO24,ok,ok,empty,empty,empty,ok,ok,ok,ok,ok,empty,empty,empty,ok
mp-2716178,Na8In2Si5Sn2SO24,ok,ok,empty,empty,empty,ok,ok,ok,ok,ok,empty,empty,empty,ok
mp-2716179,Na2Nb4Ga4Si5S7O48,ok,ok,empty,empty,empty,ok,ok,ok,ok,ok,empty,empty,empty,ok
mp-2716180,Na6Sc2Ga2Si3(SO8)3,ok,ok,empty,empty,empty,ok,ok,ok,ok,ok,empty,empty,empty,ok
mp-2716181,NaZr2Ge2P5SO24,ok,ok,empty,empty,empty,ok,ok,ok,ok,ok,empty,empty,empty,ok
mp-2716182,Na4LaSi2GePO12,ok,ok,empty,empty,empty,ok,ok,ok,ok,ok,empty,empty,empty,ok
mp-2716183,Na2Ti4Si5Sn4S7O48,ok,ok,empty,empty,empty,ok,ok,ok,ok,ok,empty,empty,empty,ok
mp-2716185,Na2Zr4Ti4Si5S7O48,ok,ok,empty,empty,empty,ok,ok,ok,ok,ok,empty,empty,empty,ok
mp-2716186,NaHf2Zr2P5SO24,ok,ok,empty,empty,empty,ok,ok,ok,ok,ok,empty,empty,empty,ok
mp-2716187,Na2Nb4Al4Si5S7O48,ok,ok,empty,empty,empty,ok,ok,ok,ok,ok,empty,empty,empty,ok
mp-2716188,NaTa2Ga2P5SO24,ok,ok,empty,empty,empty,ok,ok,ok,ok,ok,empty,empty,empty,ok
mp-2716189,NaSc2Ta2P5SO24,ok,ok,empty,empty,empty,ok,ok,ok,ok,ok,empty,empty,empty,ok
mp-2716190,Na6Hf2Mg2Si3(SO8)3,ok,ok,empty,empty,empty,ok,ok,ok,ok,ok,empty,empty,empty,ok
mp-2716191,Na8CaTi3Si5SO24,ok,ok,empty,empty,empty,ok,ok,ok,ok,ok,empty,empty,empty,ok
mp-2716192,Na2Si5Ge8S7O48,ok,ok,empty,empty,empty,ok,ok,ok,ok,ok,empty,empty,empty,ok
mp-2716193,Na4AlSi2SnPO12,ok,ok,empty,empty,empty,ok,ok,ok,ok,ok,empty,empty,empty,ok
mp-2716194,Na6Sc2In2Si3(SO8)3,ok,ok,empty,empty,empty,ok,ok,ok,ok,ok,empty,empty,empty,ok
mp-2716195,Na8Zr2In2Si5SO24,ok,ok,empty,empty,empty,ok,ok,ok,ok,ok,empty,empty,empty,ok
mp-2716196,Na6Ga4Si3(SO8)3,ok,ok,empty,empty,empty,ok,ok,ok,ok,ok,empty,empty,empty,ok
mp-2716197,Na8MgSi5Sn3SO24,ok,ok,empty,empty,empty,ok,ok,ok,ok,ok,empty,empty,empty,ok
mp-2716198,Na6Ca2Hf2Si3(SO8)3,ok,ok,empty,empty,empty,ok,ok,ok,ok,ok,empty,empty,empty,ok
mp-2716199,Na2Hf4Si5Sn4S7O48,ok,ok,empty,empty,empty,ok,ok,ok,ok,ok,empty,empty,empty,ok
mp-2716200,Na6La2Ga2Si3(SO8)3,ok,ok,empty,empty,empty,ok,ok,ok,ok,ok,empty,empty,empty,ok
mp-2716201,Na6La2Sc2Si3(SO8)3,ok,ok,empty,empty,empty,ok,ok,ok,ok,ok,empty,empty,empty,ok
mp-2716202,NaNb2Al2P5SO24,ok,ok,empty,empty,empty,ok,ok,ok,ok,ok,empty,empty,empty,ok
mp-2716203,NaTa2In2P5SO24,ok,ok,empty,empty,empty,ok,ok,ok,ok,ok,empty,empty,empty,ok
mp-2716204,Na3Mg4Nb8P15(SO24)3,ok,ok,empty,empty,empty,ok,ok,ok,ok,ok,empty,empty,empty,ok
mp-2716205,Na6Y2Al2Si3(SO8)3,ok,ok,empty,empty,empty,ok,ok,ok,ok,ok,empty,empty,empty,ok
mp-2716206,Na3Nb8Zn4P15(SO24)3,ok,ok,empty,empty,empty,ok,ok,ok,ok,ok,empty,empty,empty,ok
mp-2716207,Na6Ta16Zn8Si15(S7O48)3,ok,ok,empty,empty,empty,ok,ok,ok,ok,ok,empty,empty,empty,ok
mp-2716208,Na2Sc4Nb4Si5S7O48,ok,ok,empty,empty,empty,ok,ok,ok,ok,ok,empty,empty,empty,ok
mp-2716210,Na3Ca4Nb8P15(SO24)3,ok,ok,empty,empty,empty,ok,ok,ok,ok,ok,empty,empty,empty,ok
mp-2716211,Na6In2Ga2Si3(SO8)3,ok,ok,empty,empty,empty,ok,ok,ok,ok,ok,empty,empty,empty,ok
mp-2716212,Na2Ta4In4Si5S7O48,ok,ok,empty,empty,empty,ok,ok,ok,ok,ok,empty,empty,empty,ok
mp-2716213,Na8MgTi3Si4(PO12)2,ok,ok,empty,empty,empty,ok,ok,ok,ok,ok,empty,empty,empty,ok
mp-2716214,Na18Mg8Ta4Si9(SO8)9,ok,ok,empty,empty,empty,ok,ok,ok,ok,ok,empty,empty,empty,ok
mp-2716215,NaTi2Sn2P5SO24,ok,ok,empty,empty,empty,ok,ok,ok,ok,ok,empty,empty,empty,ok
mp-2716216,NaSc2Nb2P5SO24,ok,ok,empty,empty,empty,ok,ok,ok,ok,ok,empty,empty,empty,ok
mp-2716217,NaHf4P5SO24,ok,ok,empty,empty,empty,ok,ok,ok,ok,ok,empty,empty,empty,ok
mp-2716218,Na6Mg8Ta16Si15(S7O48)3,ok,ok,empty,empty,empty,ok,ok,ok,ok,ok,empty,empty,empty,ok
mp-2716220,NaHf2Sn2P5SO24,ok,ok,empty,empty,empty,ok,ok,ok,ok,ok,empty,empty,empty,ok
mp-2716222,Na6Y2Sc2Si3(SO8)3,ok,ok,empty,empty,empty,ok,ok,ok,ok,ok,empty,empty,empty,ok
mp-2716223,Na4AlSi2GePO12,ok,ok,empty,empty,empty,ok,ok,ok,ok,ok,empty,empty,empty,ok
mp-2716224,Na6Mg8Nb16Si15(S7O48)3,ok,ok,empty,empty,empty,ok,ok,ok,ok,ok,empty,empty,empty,ok
mp-2716225,Na8Ga2Si5Sn2SO24,ok,ok,empty,empty,empty,ok,ok,ok,ok,ok,empty,empty,empty,ok
mp-2716226,Na8Hf3MgSi5SO24,ok,ok,empty,empty,empty,ok,ok,ok,ok,ok,empty,empty,empty,ok
mp-2716227,Na4TiInSi2PO12,ok,ok,empty,empty,empty,ok,ok,ok,ok,ok,empty,empty,empty,ok
mp-2716228,NaY2Ta2P5SO24,ok,ok,empty,empty,empty,ok,ok,ok,ok,ok,empty,empty,empty,ok
mp-2716229,Na6Y2In2Si3(SO8)3,ok,ok,empty,empty,empty,ok,ok,ok,ok,ok,empty,empty,empty,ok
mp-2716230,Na6Al2Ga2Si3(SO8)3,ok,ok,empty,empty,empty,ok,ok,ok,ok,ok,empty,empty,empty,ok
mp-2716231,NaHf2Ti2P5SO24,ok,ok,empty,empty,empty,ok,ok,ok,ok,ok,empty,empty,empty,ok
mp-2716232,Na2Zr4Si5Sn4S7O48,ok,ok,empty,empty,empty,ok,ok,ok,ok,ok,empty,empty,empty,ok
mp-2716233,Na2Si5Sn8S7O48,ok,ok,empty,empty,empty,ok,ok,ok,ok,ok,empty,empty,empty,ok
mp-2716234,Na2Hf4Ti4Si5S7O48,ok,ok,empty,empty,empty,ok,ok,ok,ok,ok,empty,empty,empty,ok
mp-2716235,Na4HfInSi2PO12,ok,ok,empty,empty,empty,ok,ok,ok,ok,ok,empty,empty,empty,ok
mp-2716236,Na4ZrAlSi2PO12,ok,ok,empty,empty,empty,ok,ok,ok,ok,ok,empty,empty,empty,ok
mp-2716237,Na8MgZr3Si4(PO12)2,ok,ok,empty,empty,empty,ok,ok,ok,ok,ok,empty,empty,empty,ok
mp-2716238,Na3Mg4Ta8P15(SO24)3,ok,ok,empty,empty,empty,ok,ok,ok,ok,ok,empty,empty,empty,ok
mp-2716239,NaHf2Ge2P5SO24,ok,ok,empty,empty,empty,ok,ok,ok,ok,ok,empty,empty,empty,ok
mp-2716240,NaLa2Nb2P5SO24,ok,ok,empty,empty,empty,ok,ok,ok,ok,ok,empty,empty,empty,ok
mp-2716241,Na8NbGa3Si4(PO12)2,ok,ok,empty,empty,empty,ok,ok,ok,ok,ok,empty,empty,empty,ok
mp-2716242,Na6Sc4Si3(SO8)3,ok,ok,empty,empty,empty,ok,ok,ok,ok,ok,empty,empty,empty,ok
mp-2716243,Na8CaZr3Si5SO24,ok,ok,empty,empty,empty,ok,ok,ok,ok,ok,empty,empty,empty,ok
mp-2716244,Na8Sc2Si5Ge2SO24,ok,ok,empty,empty,empty,ok,ok,ok,ok,ok,empty,empty,empty,ok
mp-2716245,NaZr2Ti2P5SO24,ok,ok,empty,empty,empty,ok,ok,ok,ok,ok,empty,empty,empty,ok
mp-2716246,Na8NbIn3Si4(PO12)2,ok,ok,empty,empty,empty,ok,ok,ok,ok,ok,empty,empty,empty,ok
mp-2716247,Na8Zr2Sc2Si5SO24,ok,ok,empty,empty,empty,ok,ok,ok,ok,ok,empty,empty,empty,ok
mp-2716249,NaZr2Sn2P5SO24,ok,ok,empty,empty,empty,ok,ok,ok,ok,ok,empty,empty,empty,ok
mp-2716251,Na6Hf2Zn2Si3(SO8)3,ok,ok,empty,empty,empty,ok,ok,ok,ok,ok,empty,empty,empty,ok
mp-2716252,Na8Hf2In2Si5SO24,ok,ok,empty,empty,empty,ok,ok,ok,ok,ok,empty,empty,empty,ok
mp-2716253,Na6Nb16Zn8Si15(S7O48)3,ok,ok,empty,empty,empty,ok,ok,ok,ok,ok,empty,empty,empty,ok
mp-2716254,Na18Ta4Zn8Si9(SO8)9,ok,ok,empty,empty,empty,ok,ok,ok,ok,ok,empty,empty,empty,ok
mp-2716255,Na8TaGa3Si4(PO12)2,ok,ok,empty,empty,empty,ok,ok,ok,ok,ok,empty,empty,empty,ok
mp-2716256,Na8Ti2Ga2Si5SO24,ok,ok,empty,empty,empty,ok,ok,ok,ok,ok,empty,empty,empty,ok
mp-2716257,Na4CaNbSi2PO12,ok,ok,empty,empty,empty,ok,ok,ok,ok,ok,empty,empty,empty,ok
mp-2716258,Na4HfGaSi2PO12,ok,ok,empty,empty,empty,ok,ok,ok,ok,ok,empty,empty,empty,ok
mp-2716260,NaSn4P5SO24,ok,ok,empty,empty,empty,ok,ok,ok,ok,ok,empty,empty,empty,ok
mp-2716261,NaGe4P5SO24,ok,ok,empty,empty,empty,ok,ok,ok,ok,ok,empty,empty,empty,ok
mp-2716262,Na6La4Si3(SO8)3,ok,ok,empty,empty,empty,ok,ok,ok,ok,ok,empty,empty,empty,ok
mp-2716263,NaY2Nb2P5SO24,ok,ok,empty,empty,empty,ok,ok,ok,ok,ok,empty,empty,empty,ok
mp-2716264,Na8Y3NbSi5SO24,ok,ok,empty,empty,empty,ok,ok,ok,ok,ok,empty,empty,empty,ok
mp-2716265,Na2Hf4Zr4Si5S7O48,ok,ok,empty,empty,empty,ok,ok,ok,ok,ok,empty,empty,empty,ok
mp-2716266,Na6Y2Ga2Si3(SO8)3,ok,ok,empty,empty,empty,ok,ok,ok,ok,ok,empty,empty,empty,ok
mp-2716267,Na6La2Al2Si3(SO8)3,ok,ok,empty,empty,empty,ok,ok,ok,ok,ok,empty,empty,empty,ok
mp-2716268,Na6Mg2Zr2Si3(SO8)3,ok,ok,empty,empty,empty,ok,ok,ok,ok,ok,empty,empty,empty,ok
mp-2716269,NaLa2Ta2P5SO24,ok,ok,empty,empty,empty,ok,ok,ok,ok,ok,empty,empty,empty,ok
mp-2716271,Na6Ca8Nb16Si15(S7O48)3,ok,ok,empty,empty,empty,ok,ok,ok,ok,ok,empty,empty,empty,ok
mp-2716272,Na8CaSi5Ge3SO24,ok,ok,empty,empty,empty,ok,ok,ok,ok,ok,empty,empty,empty,ok
mp-2716273,Na8La2Ti2Si5SO24,ok,ok,empty,empty,empty,ok,ok,ok,ok,ok,empty,empty,empty,ok
mp-2716274,Na6Zr2Zn2Si3(SO8)3,ok,ok,empty,empty,empty,ok,ok,ok,ok,ok,empty,empty,empty,ok
mp-2716276,Na2La4Ta4Si5S7O48,ok,ok,empty,empty,empty,ok,ok,ok,ok,ok,empty,empty,empty,ok
mp-2716277,NaNb2In2P5SO24,ok,ok,empty,empty,empty,ok,ok,ok,ok,ok,empty,empty,empty,ok
mp-2716278,Na5In3Ge(PO4)6,ok,ok,empty,empty,empty,ok,ok,ok,ok,ok,empty,empty,empty,ok
mp-2716279,Na10Zn3Sn5(PO4)12,ok,ok,empty,empty,empty,ok,ok,ok,ok,ok,empty,empty,empty,ok
mp-2716280,NaTaIn3P3(SO8)3,ok,ok,empty,empty,empty,ok,ok,ok,ok,ok,empty,empty,empty,ok
mp-2716281,Na5Ta3InSi5PO24,ok,ok,empty,empty,empty,ok,ok,ok,ok,ok,empty,empty,empty,ok
mp-2716282,Na2Ta2Al6Si3(S3O16)3,ok,ok,empty,empty,empty,ok,ok,ok,ok,ok,empty,empty,empty,ok
mp-2716283,Na15Ca7Nb5Si9(SO8)9,ok,ok,empty,empty,empty,ok,ok,ok,ok,ok,empty,empty,empty,ok
mp-2716284,NaY2Ge2P3(SO8)3,ok,ok,empty,empty,empty,ok,ok,ok,ok,ok,empty,empty,empty,ok
mp-2716285,Na2Ti4Al4Si3(S3O16)3,ok,ok,empty,empty,empty,ok,ok,ok,ok,ok,empty,empty,empty,ok
mp-2716287,Na5Ga3Si3Ge(SO8)3,ok,ok,empty,empty,empty,ok,ok,ok,ok,ok,empty,empty,empty,ok
mp-2716288,NaZr2Sc2P3(SO8)3,ok,ok,empty,empty,empty,ok,ok,ok,ok,ok,empty,empty,empty,ok
mp-2716289,NaHf2In2P3(SO8)3,ok,ok,empty,empty,empty,ok,ok,ok,ok,ok,empty,empty,empty,ok
mp-2716290,Na10Zr5Zn3(PO4)12,ok,ok,empty,empty,empty,ok,ok,ok,ok,ok,empty,empty,empty,ok
mp-2716292,Na2Hf6Mg2Si3(S3O16)3,ok,ok,empty,empty,empty,ok,ok,ok,ok,ok,empty,empty,empty,ok
mp-2716293,Na10NbGa7(PO4)12,ok,ok,empty,empty,empty,ok,ok,ok,ok,ok,empty,empty,empty,ok
mp-2716294,NaY2Sn2P3(SO8)3,ok,ok,empty,empty,empty,ok,ok,ok,ok,ok,empty,empty,empty,ok
mp-2716295,Na6Zr7ZnSi6(SO8)6,ok,ok,empty,empty,empty,ok,ok,ok,ok,ok,empty,empty,empty,ok
mp-2716296,Na2Ca4Ta4Si3(S3O16)3,ok,ok,empty,empty,empty,ok,ok,ok,ok,ok,empty,empty,empty,ok
mp-2716297,NaHf2Al2P3(SO8)3,ok,ok,empty,empty,empty,ok,ok,ok,ok,ok,empty,empty,empty,ok
mp-2716298,K3NaZr2(SiO4)3,ok,ok,empty,empty,empty,ok,ok,ok,ok,ok,empty,empty,empty,ok
mp-2716299,Na10Hf4Nb4Si11SO48,ok,ok,empty,empty,empty,ok,ok,ok,ok,ok,empty,empty,empty,ok
mp-2716300,Na30Ca4Ta20Si33(SO48)3,ok,ok,empty,empty,empty,ok,ok,ok,ok,ok,empty,empty,empty,ok
mp-2716302,NaIn2Ge2P3(SO8)3,ok,ok,empty,empty,empty,ok,ok,ok,ok,ok,empty,empty,empty,ok
mp-2716303,Na4TaGa(SiO4)3,ok,ok,empty,empty,empty,ok,ok,ok,ok,ok,empty,empty,empty,ok
mp-2716304,Na5Ta3GaSi5PO24,ok,ok,empty,empty,empty,ok,ok,ok,ok,ok,empty,empty,empty,ok
mp-2716305,NaZnSn3P3(SO8)3,ok,ok,empty,empty,empty,ok,ok,ok,ok,ok,empty,empty,empty,ok
mp-2716306,Na10Zr4Nb4Si11SO48,ok,ok,empty,empty,empty,ok,ok,ok,ok,ok,empty,empty,empty,ok
mp-2716307,Na3ScGe3(PO4)6,ok,ok,empty,empty,empty,ok,ok,ok,ok,ok,empty,empty,empty,ok
mp-2716308,Na2Y4Ti4Si3(S3O16)3,ok,ok,empty,empty,empty,ok,ok,ok,ok,ok,empty,empty,empty,ok
mp-2716309,Na4Ti2(SiO4)3,ok,ok,empty,empty,empty,ok,ok,ok,ok,ok,empty,empty,empty,ok
mp-2716310,Na2Y4Zr4Si3(S3O16)3,ok,ok,empty,empty,empty,ok,ok,ok,ok,ok,empty,empty,empty,ok
mp-2716311,Na2Sc6Nb2Si3(S3O16)3,ok,ok,empty,empty,empty,ok,ok,ok,ok,ok,empty,empty,empty,ok
mp-2716312,Na5Y3ZrSi3(SO8)3,ok,ok,empty,empty,empty,ok,ok,ok,ok,ok,empty,empty,empty,ok
mp-2716313,Na10La2Nb6Si11SO48,ok,ok,empty,empty,empty,ok,ok,ok,ok,ok,empty,empty,empty,ok
mp-2716314,NaZnGe3P3(SO8)3,ok,ok,empty,empty,empty,ok,ok,ok,ok,ok,empty,empty,empty,ok
mp-2716315,Na2Ta2In6Si3(S3O16)3,ok,ok,empty,empty,empty,ok,ok,ok,ok,ok,empty,empty,empty,ok
mp-2716316,Na5YTa3Si5PO24,ok,ok,empty,empty,empty,ok,ok,ok,ok,ok,empty,empty,empty,ok
mp-2716317,Na5ZrIn3(PO4)6,ok,ok,empty,empty,empty,ok,ok,ok,ok,ok,empty,empty,empty,ok
mp-2716318,Na10Sc2Nb6Si11SO48,ok,ok,empty,empty,empty,ok,ok,ok,ok,ok,empty,empty,empty,ok
mp-2716319,Na30Mg4Ta20Si33(SO48)3,ok,ok,empty,empty,empty,ok,ok,ok,ok,ok,empty,empty,empty,ok
mp-2716322,NaAl2Sn2P3(SO8)3,ok,ok,empty,empty,empty,ok,ok,ok,ok,ok,empty,empty,empty,ok
mp-2716323,Na2Y4Hf4Si3(S3O16)3,ok,ok,empty,empty,empty,ok,ok,ok,ok,ok,empty,empty,empty,ok
mp-2716324,Na5Zr2Ta2Si5PO24,ok,ok,empty,empty,empty,ok,ok,ok,ok,ok,empty,empty,empty,ok
mp-2716325,Na15Ca2Ta10Si15(PO24)3,ok,ok,empty,empty,empty,ok,ok,ok,ok,ok,empty,empty,empty,ok
mp-2716326,NaCa2Ta2P3(SO8)3,ok,ok,empty,empty,empty,ok,ok,ok,ok,ok,empty,empty,empty,ok
mp-2716327,Na5TiIn3Si3(SO8)3,ok,ok,empty,empty,empty,ok,ok,ok,ok,ok,empty,empty,empty,ok
mp-2716328,Na5Nb2Si5Sn2PO24,ok,ok,empty,empty,empty,ok,ok,ok,ok,ok,empty,empty,empty,ok
mp-2716329,Na6Ta3In5Si6(SO8)6,ok,ok,empty,empty,empty,ok,ok,ok,ok,ok,empty,empty,empty,ok
mp-2716330,Na2Ga4Si3Sn4(S3O16)3,ok,ok,empty,empty,empty,ok,ok,ok,ok,ok,empty,empty,empty,ok
mp-2716331,NaZr2Ga2P3(SO8)3,ok,ok,empty,empty,empty,ok,ok,ok,ok,ok,empty,empty,empty,ok
mp-2716332,Na5HfAl3Si3(SO8)3,ok,ok,empty,empty,empty,ok,ok,ok,ok,ok,empty,empty,empty,ok
mp-2716333,Na5HfGa3(PO4)6,ok,ok,empty,empty,empty,ok,ok,ok,ok,ok,empty,empty,empty,ok
mp-2716334,Na5HfSc3Si3(SO8)3,ok,ok,empty,empty,empty,ok,ok,ok,ok,ok,empty,empty,empty,ok
mp-2716335,Na5YNb3Si5PO24,ok,ok,empty,empty,empty,ok,ok,ok,ok,ok,empty,empty,empty,ok
mp-2716336,Na10NbAl7(PO4)12,ok,ok,empty,empty,empty,ok,ok,ok,ok,ok,empty,empty,empty,ok
mp-2716337,NaLa2Sn2P3(SO8)3,ok,ok,empty,empty,empty,ok,ok,ok,ok,ok,empty,empty,empty,ok
mp-2716338,Na2Ca2Hf6Si3(S3O16)3,ok,ok,empty,empty,empty,ok,ok,ok,ok,ok,empty,empty,empty,ok
mp-2716339,Na4ZrTi(SiO4)3,ok,ok,empty,empty,empty,ok,ok,ok,ok,ok,empty,empty,empty,ok
mp-2716340,Na10Sc7Nb(PO4)12,ok,ok,empty,empty,empty,ok,ok,ok,ok,ok,empty,empty,empty,ok
mp-2716341,Na10Mg3Ti5Si6(SO8)6,ok,ok,empty,empty,empty,ok,ok,ok,ok,ok,empty,empty,empty,ok
mp-2716342,NaY2Ti2P3(SO8)3,ok,ok,empty,empty,empty,ok,ok,ok,ok,ok,empty,empty,empty,ok
mp-2716343,Na10Zn3Ge5(PO4)12,ok,ok,empty,empty,empty,ok,ok,ok,ok,ok,empty,empty,empty,ok
mp-2716344,Na3Zr3Ga(PO4)6,ok,ok,empty,empty,empty,ok,ok,ok,ok,ok,empty,empty,empty,ok
mp-2716345,Na6Y5Ta3(PO4)12,ok,ok,empty,empty,empty,ok,ok,ok,ok,ok,empty,empty,empty,ok
mp-2716346,Na4TaAl(SiO4)3,ok,ok,empty,empty,empty,ok,ok,ok,ok,ok,empty,empty,empty,ok
mp-2716347,Na4HfZr(SiO4)3,ok,ok,empty,empty,empty,ok,ok,ok,ok,ok,empty,empty,empty,ok
mp-2716348,NaLa3NbP3(SO8)3,ok,ok,empty,empty,empty,ok,ok,ok,ok,ok,empty,empty,empty,ok
mp-2716351,NaSc2Sn2P3(SO8)3,ok,ok,empty,empty,empty,ok,ok,ok,ok,ok,empty,empty,empty,ok
mp-2716352,NaIn2Sn2P3(SO8)3,ok,ok,empty,empty,empty,ok,ok,ok,ok,ok,empty,empty,empty,ok
mp-2716353,Na4ScNb(SiO4)3,ok,ok,empty,empty,empty,ok,ok,ok,ok,ok,empty,empty,empty,ok
mp-2716354,NaCaZr3P3(SO8)3,ok,ok,empty,empty,empty,ok,ok,ok,ok,ok,empty,empty,empty,ok
mp-2716355,Na4YNb(SiO4)3,ok,ok,empty,empty,empty,ok,ok,ok,ok,ok,empty,empty,empty,ok
mp-2716356,Na10La7TaSi6(SO8)6,ok,ok,empty,empty,empty,ok,ok,ok,ok,ok,empty,empty,empty,ok
mp-2716357,NaHf3MgP3(SO8)3,ok,ok,empty,empty,empty,ok,ok,ok,ok,ok,empty,empty,empty,ok
mp-2716358,NaGa2Sn2P3(SO8)3,ok,ok,empty,empty,empty,ok,ok,ok,ok,ok,empty,empty,empty,ok
mp-2716359,Na5LaTa3Si5PO24,ok,ok,empty,empty,empty,ok,ok,ok,ok,ok,empty,empty,empty,ok
mp-2716360,Na6MgSi6Sn7(SO8)6,ok,ok,empty,empty,empty,ok,ok,ok,ok,ok,empty,empty,empty,ok
mp-2716361,Na4Si3(GeO6)2,ok,ok,empty,empty,empty,ok,ok,ok,ok,ok,empty,empty,empty,ok
mp-2716362,Na10Ta6Al2Si11SO48,ok,ok,empty,empty,empty,ok,ok,ok,ok,ok,empty,empty,empty,ok
mp-2716363,Na2Zr6Zn2Si3(S3O16)3,ok,ok,empty,empty,empty,ok,ok,ok,ok,ok,empty,empty,empty,ok
mp-2716364,Na2Y6Nb2Si3(S3O16)3,ok,ok,empty,empty,empty,ok,ok,ok,ok,ok,empty,empty,empty,ok
mp-2716365,K3NaHf2(SiO4)3,ok,ok,empty,empty,empty,ok,ok,ok,ok,ok,empty,empty,empty,ok
mp-2716367,Na10Zn3Si6Sn5(SO8)6,ok,ok,empty,empty,empty,ok,ok,ok,ok,ok,empty,empty,empty,ok
mp-2716368,K3NaSi3(GeO6)2,ok,ok,empty,empty,empty,ok,ok,ok,ok,ok,empty,empty,empty,ok
mp-2716369,Na12Mg2Ta4(SiO4)9,ok,ok,empty,empty,empty,ok,ok,ok,ok,ok,empty,empty,empty,ok
mp-2716370,NaCaTi3P3(SO8)3,ok,ok,empty,empty,empty,ok,ok,ok,ok,ok,empty,empty,empty,ok
mp-2716372,NaLa3TaP3(SO8)3,ok,ok,empty,empty,empty,ok,ok,ok,ok,ok,empty,empty,empty,ok
mp-2716373,Na3InSi3Sn3(SO8)3,ok,ok,empty,empty,empty,ok,ok,ok,ok,ok,empty,empty,empty,ok
mp-2716374,NaGa2Ge2P3(SO8)3,ok,ok,empty,empty,empty,ok,ok,ok,ok,ok,empty,empty,empty,ok
mp-2716375,NaCa2Nb2P3(SO8)3,ok,ok,empty,empty,empty,ok,ok,ok,ok,ok,empty,empty,empty,ok
mp-2716376,Na4Si3SnGeO12,ok,ok,empty,empty,empty,ok,ok,ok,ok,ok,empty,empty,empty,ok
mp-2716377,NaNbAl3P3(SO8)3,ok,ok,empty,empty,empty,ok,ok,ok,ok,ok,empty,empty,empty,ok
mp-2716379,Na5Hf2Nb2Si5PO24,ok,ok,empty,empty,empty,ok,ok,ok,ok,ok,empty,empty,empty,ok
mp-2716380,Na2La4Hf4Si3(S3O16)3,ok,ok,empty,empty,empty,ok,ok,ok,ok,ok,empty,empty,empty,ok
mp-2716381,Na5TiGa3(PO4)6,ok,ok,empty,empty,empty,ok,ok,ok,ok,ok,empty,empty,empty,ok
mp-2716382,Na10NbIn7(PO4)12,ok,ok,empty,empty,empty,ok,ok,ok,ok,ok,empty,empty,empty,ok
mp-2716383,Na10Nb6Ga2Si11SO48,ok,ok,empty,empty,empty,ok,ok,ok,ok,ok,empty,empty,empty,ok
mp-2716384,Na4NbAl(SiO4)3,ok,ok,empty,empty,empty,ok,ok,ok,ok,ok,empty,empty,empty,ok
mp-2716385,NaZr2Al2P3(SO8)3,ok,ok,empty,empty,empty,ok,ok,ok,ok,ok,empty,empty,empty,ok
mp-2716386,Na2Hf4Sc4Si3(S3O16)3,ok,ok,empty,empty,empty,ok,ok,ok,ok,ok,empty,empty,empty,ok
mp-2716387,Na15Ta10Zn2Si15(PO24)3,ok,ok,empty,empty,empty,ok,ok,ok,ok,ok,empty,empty,empty,ok
mp-2716388,Na2Al4Si3Ge4(S3O16)3,ok,ok,empty,empty,empty,ok,ok,ok,ok,ok,empty,empty,empty,ok
mp-2716390,Na5Ta3AlSi5PO24,ok,ok,empty,empty,empty,ok,ok,ok,ok,ok,empty,empty,empty,ok
mp-2716391,Na10Ti4Nb4Si11SO48,ok,ok,empty,empty,empty,ok,ok,ok,ok,ok,empty,empty,empty,ok
mp-2716392,Na2Zr4Sc4Si3(S3O16)3,ok,ok,empty,empty,empty,ok,ok,ok,ok,ok,empty,empty,empty,ok
mp-2716393,K3NaSi3(SnO6)2,ok,ok,empty,empty,empty,ok,ok,ok,ok,ok,empty,empty,empty,ok
mp-2716394,NaSc2Ti2P3(SO8)3,ok,ok,empty,empty,empty,ok,ok,ok,ok,ok,empty,empty,empty,ok
mp-2716395,Na30Ta20Zn4Si33(SO48)3,ok,ok,empty,empty,empty,ok,ok,ok,ok,ok,empty,empty,empty,ok
mp-2716396,Na4ScTa(SiO4)3,ok,ok,empty,empty,empty,ok,ok,ok,ok,ok,empty,empty,empty,ok
mp-2716397,Na5La3Ge(PO4)6,ok,ok,empty,empty,empty,ok,ok,ok,ok,ok,empty,empty,empty,ok
mp-2716398,Na2La6Nb2Si3(S3O16)3,ok,ok,empty,empty,empty,ok,ok,ok,ok,ok,empty,empty,empty,ok
mp-2716399,Na12Ca2Ta4(SiO4)9,ok,ok,empty,empty,empty,ok,ok,ok,ok,ok,empty,empty,empty,ok
mp-2716400,Na10Zr4Ta4Si11SO48,ok,ok,empty,empty,empty,ok,ok,ok,ok,ok,empty,empty,empty,ok
mp-2716401,Na2Zr4Al4Si3(S3O16)3,ok,ok,empty,empty,empty,ok,ok,ok,ok,ok,empty,empty,empty,ok
mp-2716402,Na2Mg2Ti6Si3(S3O16)3,ok,ok,empty,empty,empty,ok,ok,ok,ok,ok,empty,empty,empty,ok
mp-2716403,NaLa2Zr2P3(SO8)3,ok,ok,empty,empty,empty,ok,ok,ok,ok,ok,empty,empty,empty,ok
mp-2716404,Na5ScTa3Si5PO24,ok,ok,empty,empty,empty,ok,ok,ok,ok,ok,empty,empty,empty,ok
mp-2716405,Na10Sc7TaSi6(SO8)6,ok,ok,empty,empty,empty,ok,ok,ok,ok,ok,empty,empty,empty,ok
mp-2716406,Na10Y7TaSi6(SO8)6,ok,ok,empty,empty,empty,ok,ok,ok,ok,ok,empty,empty,empty,ok
mp-2716407,Na3ScSi3Sn3(SO8)3,ok,ok,empty,empty,empty,ok,ok,ok,ok,ok,empty,empty,empty,ok
mp-2716409,Na4NbGa(SiO4)3,ok,ok,empty,empty,empty,ok,ok,ok,ok,ok,empty,empty,empty,ok
mp-2716410,NaTaGa3P3(SO8)3,ok,ok,empty,empty,empty,ok,ok,ok,ok,ok,empty,empty,empty,ok
mp-2716411,Na10Nb4Si11Ge4SO48,ok,ok,empty,empty,empty,ok,ok,ok,ok,ok,empty,empty,empty,ok
mp-2716412,Na5Sc3Ti(PO4)6,ok,ok,empty,empty,empty,ok,ok,ok,ok,ok,empty,empty,empty,ok
mp-2716413,NaLa2Ti2P3(SO8)3,ok,ok,empty,empty,empty,ok,ok,ok,ok,ok,empty,empty,empty,ok
mp-2716414,Na12Mg2Nb4(SiO4)9,ok,ok,empty,empty,empty,ok,ok,ok,ok,ok,empty,empty,empty,ok
mp-2716415,Na9Ta7Zn5(PO4)18,ok,ok,empty,empty,empty,ok,ok,ok,ok,ok,empty,empty,empty,ok
mp-2716416,NaHf2Ga2P3(SO8)3,ok,ok,empty,empty,empty,ok,ok,ok,ok,ok,empty,empty,empty,ok
mp-2716417,Na6CaTi7(PO4)12,ok,ok,empty,empty,empty,ok,ok,ok,ok,ok,empty,empty,empty,ok
mp-2716418,Na6Nb3Ga5(PO4)12,ok,ok,empty,empty,empty,ok,ok,ok,ok,ok,empty,empty,empty,ok
mp-2716419,Na10Sc2Ta6Si11SO48,ok,ok,empty,empty,empty,ok,ok,ok,ok,ok,empty,empty,empty,ok
mp-2716420,Na2Zr4Ga4Si3(S3O16)3,ok,ok,empty,empty,empty,ok,ok,ok,ok,ok,empty,empty,empty,ok
mp-2716421,Na5HfAl3(PO4)6,ok,ok,empty,empty,empty,ok,ok,ok,ok,ok,empty,empty,empty,ok
mp-2716423,Na4NbIn(SiO4)3,ok,ok,empty,empty,empty,ok,ok,ok,ok,ok,empty,empty,empty,ok
mp-2716424,Na2Hf6Zn2Si3(S3O16)3,ok,ok,empty,empty,empty,ok,ok,ok,ok,ok,empty,empty,empty,ok
mp-2716425,NaCaHf3P3(SO8)3,ok,ok,empty,empty,empty,ok,ok,ok,ok,ok,empty,empty,empty,ok
mp-2716426,Na5Hf2Ta2Si5PO24,ok,ok,empty,empty,empty,ok,ok,ok,ok,ok,empty,empty,empty,ok
mp-2716427,Na2Ga4Si3Ge4(S3O16)3,ok,ok,empty,empty,empty,ok,ok,ok,ok,ok,empty,empty,empty,ok
mp-2716428,NaNb2Zn2P3(SO8)3,ok,ok,empty,empty,empty,ok,ok,ok,ok,ok,empty,empty,empty,ok
mp-2716429,NaNbIn3P3(SO8)3,ok,ok,empty,empty,empty,ok,ok,ok,ok,ok,empty,empty,empty,ok
mp-2716430,NaNbGa3P3(SO8)3,ok,ok,empty,empty,empty,ok,ok,ok,ok,ok,empty,empty,empty,ok
mp-2716431,NaAl2Ge2P3(SO8)3,ok,ok,empty,empty,empty,ok,ok,ok,ok,ok,empty,empty,empty,ok
mp-2716432,Na5HfGa3Si3(SO8)3,ok,ok,empty,empty,empty,ok,ok,ok,ok,ok,empty,empty,empty,ok
mp-2716433,Na5Sc3Sn(PO4)6,ok,ok,empty,empty,empty,ok,ok,ok,ok,ok,empty,empty,empty,ok
mp-2716434,Na10Sc7NbSi6(SO8)6,ok,ok,empty,empty,empty,ok,ok,ok,ok,ok,empty,empty,empty,ok
mp-2716435,Na2Hf4In4Si3(S3O16)3,ok,ok,empty,empty,empty,ok,ok,ok,ok,ok,empty,empty,empty,ok
mp-2716436,NaTi2Ga2P3(SO8)3,ok,ok,empty,empty,empty,ok,ok,ok,ok,ok,empty,empty,empty,ok
mp-2716437,Na2Hf4Al4Si3(S3O16)3,ok,ok,empty,empty,empty,ok,ok,ok,ok,ok,empty,empty,empty,ok
mp-2716438,Na3Hf3Sc(PO4)6,ok,ok,empty,empty,empty,ok,ok,ok,ok,ok,empty,empty,empty,ok
mp-2716439,Na2Al4Si3Sn4(S3O16)3,ok,ok,empty,empty,empty,ok,ok,ok,ok,ok,empty,empty,empty,ok
mp-2716440,Na2Sc4Ti4Si3(S3O16)3,ok,ok,empty,empty,empty,ok,ok,ok,ok,ok,empty,empty,empty,ok
mp-2716441,NaMgGe3P3(SO8)3,ok,ok,empty,empty,empty,ok,ok,ok,ok,ok,empty,empty,empty,ok
mp-2716442,Na2Mg2Zr6Si3(S3O16)3,ok,ok,empty,empty,empty,ok,ok,ok,ok,ok,empty,empty,empty,ok
mp-2716443,Na2Sc4Si3Ge4(S3O16)3,ok,ok,empty,empty,empty,ok,ok,ok,ok,ok,empty,empty,empty,ok
mp-2716444,NaMgSn3P3(SO8)3,ok,ok,empty,empty,empty,ok,ok,ok,ok,ok,empty,empty,empty,ok
mp-2716445,Na5LaNb3Si5PO24,ok,ok,empty,empty,empty,ok,ok,ok,ok,ok,empty,empty,empty,ok
mp-2716446,NaTi3ZnP3(SO8)3,ok,ok,empty,empty,empty,ok,ok,ok,ok,ok,empty,empty,empty,ok
mp-2716447,Na5Y3Si3Sn(SO8)3,ok,ok,empty,empty,empty,ok,ok,ok,ok,ok,empty,empty,empty,ok
mp-2716448,Na2La4Zr4Si3(S3O16)3,ok,ok,empty,empty,empty,ok,ok,ok,ok,ok,empty,empty,empty,ok
mp-2716449,Na5Ta2Si5Sn2PO24,ok,ok,empty,empty,empty,ok,ok,ok,ok,ok,empty,empty,empty,ok
mp-2716450,Na10TaGa7Si6(SO8)6,ok,ok,empty,empty,empty,ok,ok,ok,ok,ok,empty,empty,empty,ok
mp-2716451,Na2Ta4Zn4Si3(S3O16)3,ok,ok,empty,empty,empty,ok,ok,ok,ok,ok,empty,empty,empty,ok
mp-2716452,Na2Sc6Ta2Si3(S3O16)3,ok,ok,empty,empty,empty,ok,ok,ok,ok,ok,empty,empty,empty,ok
mp-2716453,NaCaSn3P3(SO8)3,ok,ok,empty,empty,empty,ok,ok,ok,ok,ok,empty,empty,empty,ok
mp-2716454,NaMg2Ta2P3(SO8)3,ok,ok,empty,empty,empty,ok,ok,ok,ok,ok,empty,empty,empty,ok
mp-2716455,Na5La3Si3Ge(SO8)3,ok,ok,empty,empty,empty,ok,ok,ok,ok,ok,empty,empty,empty,ok
mp-2716456,Na5Sc3Ge(PO4)6,ok,ok,empty,empty,empty,ok,ok,ok,ok,ok,empty,empty,empty,ok
mp-2716457,Na30Nb20Zn4Si33(SO48)3,ok,ok,empty,empty,empty,ok,ok,ok,ok,ok,empty,empty,empty,ok
mp-2716458,Na6Hf7Zn(PO4)12,ok,ok,empty,empty,empty,ok,ok,ok,ok,ok,empty,empty,empty,ok
mp-2716459,Na2Y6Ta2Si3(S3O16)3,ok,ok,empty,empty,empty,ok,ok,ok,ok,ok,empty,empty,empty,ok
mp-2716460,Na10Y2Nb6Si11SO48,ok,ok,empty,empty,empty,ok,ok,ok,ok,ok,empty,empty,empty,ok
mp-2716461,Na4TiSi3GeO12,ok,ok,empty,empty,empty,ok,ok,ok,ok,ok,empty,empty,empty,ok
mp-2716462,Na4LaNb(SiO4)3,ok,ok,empty,empty,empty,ok,ok,ok,ok,ok,empty,empty,empty,ok
mp-2716463,Na2Ti4Ga4Si3(S3O16)3,ok,ok,empty,empty,empty,ok,ok,ok,ok,ok,empty,empty,empty,ok
mp-2716464,Na2Ta2Ga6Si3(S3O16)3,ok,ok,empty,empty,empty,ok,ok,ok,ok,ok,empty,empty,empty,ok
mp-2716465,Na9Nb7Zn5(PO4)18,ok,ok,empty,empty,empty,ok,ok,ok,ok,ok,empty,empty,empty,ok
mp-2716467,NaTa2Zn2P3(SO8)3,ok,ok,empty,empty,empty,ok,ok,ok,ok,ok,empty,empty,empty,ok
mp-2716468,NaSc2Ge2P3(SO8)3,ok,ok,empty,empty,empty,ok,ok,ok,ok,ok,empty,empty,empty,ok
mp-2716469,Na2La4Ti4Si3(S3O16)3,ok,ok,empty,empty,empty,ok,ok,ok,ok,ok,empty,empty,empty,ok
mp-2716470,Na10TaIn7(PO4)12,ok,ok,empty,empty,empty,ok,ok,ok,ok,ok,empty,empty,empty,ok
mp-2716471,Na6Nb3In5(PO4)12,ok,ok,empty,empty,empty,ok,ok,ok,ok,ok,empty,empty,empty,ok
mp-2716472,NaY3NbP3(SO8)3,ok,ok,empty,empty,empty,ok,ok,ok,ok,ok,empty,empty,empty,ok
mp-2716473,Na10Nb6Al2Si11SO48,ok,ok,empty,empty,empty,ok,ok,ok,ok,ok,empty,empty,empty,ok
mp-2716474,Na6ZnSi6Ge7(SO8)6,ok,ok,empty,empty,empty,ok,ok,ok,ok,ok,empty,empty,empty,ok
mp-2716475,Na2Ca2Ti6Si3(S3O16)3,ok,ok,empty,empty,empty,ok,ok,ok,ok,ok,empty,empty,empty,ok
mp-2716476,Na2Nb2Ga6Si3(S3O16)3,ok,ok,empty,empty,empty,ok,ok,ok,ok,ok,empty,empty,empty,ok
mp-2716477,Na10Nb6In2Si11SO48,ok,ok,empty,empty,empty,ok,ok,ok,ok,ok,empty,empty,empty,ok
mp-2716478,Na4Hf2(SiO4)3,ok,ok,empty,empty,empty,ok,ok,ok,ok,ok,empty,empty,empty,ok
mp-2716479,Na10Ta6Ga2Si11SO48,ok,ok,empty,empty,empty,ok,ok,ok,ok,ok,empty,empty,empty,ok
mp-2716480,NaHf2Sc2P3(SO8)3,ok,ok,empty,empty,empty,ok,ok,ok,ok,ok,empty,empty,empty,ok
mp-2716481,Na5Nb3AlSi5PO24,ok,ok,empty,empty,empty,ok,ok,ok,ok,ok,empty,empty,empty,ok
mp-2716482,Na4LaTa(SiO4)3,ok,ok,empty,empty,empty,ok,ok,ok,ok,ok,empty,empty,empty,ok
mp-2716483,NaTaAl3P3(SO8)3,ok,ok,empty,empty,empty,ok,ok,ok,ok,ok,empty,empty,empty,ok
mp-2716485,Na5ZrGa3Si3(SO8)3,ok,ok,empty,empty,empty,ok,ok,ok,ok,ok,empty,empty,empty,ok
mp-2716486,Na2Ca2Zr6Si3(S3O16)3,ok,ok,empty,empty,empty,ok,ok,ok,ok,ok,empty,empty,empty,ok
mp-2716487,Na5ScNb3Si5PO24,ok,ok,empty,empty,empty,ok,ok,ok,ok,ok,empty,empty,empty,ok
mp-2716488,Na2Nb2In6Si3(S3O16)3,ok,ok,empty,empty,empty,ok,ok,ok,ok,ok,empty,empty,empty,ok
mp-2716489,Na3Zr3In(PO4)6,ok,ok,empty,empty,empty,ok,ok,ok,ok,ok,empty,empty,empty,ok
mp-2716490,Na10Sc7Ta(PO4)12,ok,ok,empty,empty,empty,ok,ok,ok,ok,ok,empty,empty,empty,ok
mp-2716491,Na15Mg2Ta10Si15(PO24)3,ok,ok,empty,empty,empty,ok,ok,ok,ok,ok,empty,empty,empty,ok
mp-2716492,Na10Ta4Ti4Si11SO48,ok,ok,empty,empty,empty,ok,ok,ok,ok,ok,empty,empty,empty,ok
mp-2716493,Na10Ta4Si11Sn4SO48,ok,ok,empty,empty,empty,ok,ok,ok,ok,ok,empty,empty,empty,ok
mp-2716494,NaZr2In2P3(SO8)3,ok,ok,empty,empty,empty,ok,ok,ok,ok,ok,empty,empty,empty,ok
mp-2716495,Na15Nb5Zn7Si9(SO8)9,ok,ok,empty,empty,empty,ok,ok,ok,ok,ok,empty,empty,empty,ok
mp-2716496,Na2Mg4Ta4Si3(S3O16)3,ok,ok,empty,empty,empty,ok,ok,ok,ok,ok,empty,empty,empty,ok
mp-2716497,NaSc3NbP3(SO8)3,ok,ok,empty,empty,empty,ok,ok,ok,ok,ok,empty,empty,empty,ok
mp-2716498,Na12Ca2Nb4(SiO4)9,ok,ok,empty,empty,empty,ok,ok,ok,ok,ok,empty,empty,empty,ok
mp-2716499,Na10La7Ta(PO4)12,ok,ok,empty,empty,empty,ok,ok,ok,ok,ok,empty,empty,empty,ok
mp-2716500,Na5Ta2Ti2Si5PO24,ok,ok,empty,empty,empty,ok,ok,ok,ok,ok,empty,empty,empty,ok
mp-2716501,Na2Zr4In4Si3(S3O16)3,ok,ok,empty,empty,empty,ok,ok,ok,ok,ok,empty,empty,empty,ok
mp-2716502,K3NaTi2(SiO4)3,ok,ok,empty,empty,empty,ok,ok,ok,ok,ok,empty,empty,empty,ok
mp-2716504,Na10Hf5Mg3Si6(SO8)6,ok,ok,empty,empty,empty,ok,ok,ok,ok,ok,empty,empty,empty,ok
mp-2716505,Na12Ta4Zn2(SiO4)9,ok,ok,empty,empty,empty,ok,ok,ok,ok,ok,empty,empty,empty,ok
mp-2716506,Na9Mg5Ta7Si9(SO8)9,ok,ok,empty,empty,empty,ok,ok,ok,ok,ok,empty,empty,empty,ok
mp-2716507,NaCaGe3P3(SO8)3,ok,ok,empty,empty,empty,ok,ok,ok,ok,ok,empty,empty,empty,ok
mp-2716508,NaLa2Ge2P3(SO8)3,ok,ok,empty,empty,empty,ok,ok,ok,ok,ok,empty,empty,empty,ok
mp-2716509,Na4HfSi3GeO12,ok,ok,empty,empty,empty,ok,ok,ok,ok,ok,empty,empty,empty,ok
mp-2716510,Na15Mg2Nb10Si15(PO24)3,ok,ok,empty,empty,empty,ok,ok,ok,ok,ok,empty,empty,empty,ok
mp-2716511,Na5Y3Zr(PO4)6,ok,ok,empty,empty,empty,ok,ok,ok,ok,ok,empty,empty,empty,ok
mp-2716512,Na10La2Ta6Si11SO48,ok,ok,empty,empty,empty,ok,ok,ok,ok,ok,empty,empty,empty,ok
mp-2716513,Na3Zr3Al(PO4)6,ok,ok,empty,empty,empty,ok,ok,ok,ok,ok,empty,empty,empty,ok
mp-2716514,Na2La6Ta2Si3(S3O16)3,ok,ok,empty,empty,empty,ok,ok,ok,ok,ok,empty,empty,empty,ok
mp-2716515,Na10Ta4Si11Ge4SO48,ok,ok,empty,empty,empty,ok,ok,ok,ok,ok,empty,empty,empty,ok
mp-2716516,Na5Nb3GaSi5PO24,ok,ok,empty,empty,empty,ok,ok,ok,ok,ok,empty,empty,empty,ok
mp-2716517,Na30Mg4Nb20Si33(SO48)3,ok,ok,empty,empty,empty,ok,ok,ok,ok,ok,empty,empty,empty,ok
mp-2716518,Na5Ti2Nb2Si5PO24,ok,ok,empty,empty,empty,ok,ok,ok,ok,ok,empty,empty,empty,ok
mp-2716520,NaHf3ZnP3(SO8)3,ok,ok,empty,empty,empty,ok,ok,ok,ok,ok,empty,empty,empty,ok
mp-2716521,Na4YTa(SiO4)3,ok,ok,empty,empty,empty,ok,ok,ok,ok,ok,empty,empty,empty,ok
mp-2716522,Na6ZnGe7(PO4)12,ok,ok,empty,empty,empty,ok,ok,ok,ok,ok,empty,empty,empty,ok
mp-2716523,Na10Zr5Zn3Si6(SO8)6,ok,ok,empty,empty,empty,ok,ok,ok,ok,ok,empty,empty,empty,ok
mp-2716524,Na3GaSi3Sn3(SO8)3,ok,ok,empty,empty,empty,ok,ok,ok,ok,ok,empty,empty,empty,ok
mp-2716525,Na5Al3Sn(PO4)6,ok,ok,empty,empty,empty,ok,ok,ok,ok,ok,empty,empty,empty,ok
mp-2716526,Na4HfTi(SiO4)3,ok,ok,empty,empty,empty,ok,ok,ok,ok,ok,empty,empty,empty,ok
mp-2716527,Na15Nb10Zn2Si15(PO24)3,ok,ok,empty,empty,empty,ok,ok,ok,ok,ok,empty,empty,empty,ok
mp-2716528,Na10Mg3Zr5(PO4)12,ok,ok,empty,empty,empty,ok,ok,ok,ok,ok,empty,empty,empty,ok
mp-2716529,Na5Zr2Nb2Si5PO24,ok,ok,empty,empty,empty,ok,ok,ok,ok,ok,empty,empty,empty,ok
mp-2716530,Na4TiSi3SnO12,ok,ok,empty,empty,empty,ok,ok,ok,ok,ok,empty,empty,empty,ok
mp-2716531,Na10Hf4Ta4Si11SO48,ok,ok,empty,empty,empty,ok,ok,ok,ok,ok,empty,empty,empty,ok
mp-2716532,NaMg2Nb2P3(SO8)3,ok,ok,empty,empty,empty,ok,ok,ok,ok,ok,empty,empty,empty,ok
mp-2716533,NaTi2In2P3(SO8)3,ok,ok,empty,empty,empty,ok,ok,ok,ok,ok,empty,empty,empty,ok
mp-2716534,Na5Nb2Si5Ge2PO24,ok,ok,empty,empty,empty,ok,ok,ok,ok,ok,empty,empty,empty,ok
mp-2716535,Na5Nb3InSi5PO24,ok,ok,empty,empty,empty,ok,ok,ok,ok,ok,empty,empty,empty,ok
mp-2716536,NaLa2Hf2P3(SO8)3,ok,ok,empty,empty,empty,ok,ok,ok,ok,ok,empty,empty,empty,ok
mp-2716537,Na6Hf7Mg(PO4)12,ok,ok,empty,empty,empty,ok,ok,ok,ok,ok,empty,empty,empty,ok
mp-2716539,Na4ZrSi3SnO12,ok,ok,empty,empty,empty,ok,ok,ok,ok,ok,empty,empty,empty,ok
mp-2716540,Na10Hf5Zn3(PO4)12,ok,ok,empty,empty,empty,ok,ok,ok,ok,ok,empty,empty,empty,ok
mp-2716541,Na5Sc3Si3Sn(SO8)3,ok,ok,empty,empty,empty,ok,ok,ok,ok,ok,empty,empty,empty,ok
mp-2716542,Na5Ta2Si5Ge2PO24,ok,ok,empty,empty,empty,ok,ok,ok,ok,ok,empty,empty,empty,ok
mp-2716543,NaMgTi3P3(SO8)3,ok,ok,empty,empty,empty,ok,ok,ok,ok,ok,empty,empty,empty,ok
mp-2716544,Na5ZrGa3(PO4)6,ok,ok,empty,empty,empty,ok,ok,ok,ok,ok,empty,empty,empty,ok
mp-2716546,NaY2Hf2P3(SO8)3,ok,ok,empty,empty,empty,ok,ok,ok,ok,ok,empty,empty,empty,ok
mp-2716547,Na5Y3Sn(PO4)6,ok,ok,empty,empty,empty,ok,ok,ok,ok,ok,empty,empty,empty,ok
mp-2716548,NaZr3ZnP3(SO8)3,ok,ok,empty,empty,empty,ok,ok,ok,ok,ok,empty,empty,empty,ok
mp-2716549,Na4TaIn(SiO4)3,ok,ok,empty,empty,empty,ok,ok,ok,ok,ok,empty,empty,empty,ok
mp-2716550,Na3ScSn3(PO4)6,ok,ok,empty,empty,empty,ok,ok,ok,ok,ok,empty,empty,empty,ok
mp-2716551,NaMgZr3P3(SO8)3,ok,ok,empty,empty,empty,ok,ok,ok,ok,ok,empty,empty,empty,ok
mp-2716552,Na15Ca2Nb10Si15(PO24)3,ok,ok,empty,empty,empty,ok,ok,ok,ok,ok,empty,empty,empty,ok
mp-2716553,Na10Nb4Si11Sn4SO48,ok,ok,empty,empty,empty,ok,ok,ok,ok,ok,empty,empty,empty,ok
mp-2716555,Na2Hf4Ga4Si3(S3O16)3,ok,ok,empty,empty,empty,ok,ok,ok,ok,ok,empty,empty,empty,ok
mp-2716556,NaTi2Al2P3(SO8)3,ok,ok,empty,empty,empty,ok,ok,ok,ok,ok,empty,empty,empty,ok
mp-2716557,Na6Nb3Al5Si6(SO8)6,ok,ok,empty,empty,empty,ok,ok,ok,ok,ok,empty,empty,empty,ok
mp-2716558,Na2Ti6Zn2Si3(S3O16)3,ok,ok,empty,empty,empty,ok,ok,ok,ok,ok,empty,empty,empty,ok
mp-2716559,Na5TiAl3Si3(SO8)3,ok,ok,empty,empty,empty,ok,ok,ok,ok,ok,empty,empty,empty,ok
mp-2716561,NaY2Zr2P3(SO8)3,ok,ok,empty,empty,empty,ok,ok,ok,ok,ok,empty,empty,empty,ok
mp-2716562,Na2Sc4Si3Sn4(S3O16)3,ok,ok,empty,empty,empty,ok,ok,ok,ok,ok,empty,empty,empty,ok
mp-2716563,Na12Nb4Zn2(SiO4)9,ok,ok,empty,empty,empty,ok,ok,ok,ok,ok,empty,empty,empty,ok
mp-2716564,Na3LaZr3(PO4)6,ok,ok,empty,empty,empty,ok,ok,ok,ok,ok,empty,empty,empty,ok
mp-2716565,Na5Al3Si3Sn(SO8)3,ok,ok,empty,empty,empty,ok,ok,ok,ok,ok,empty,empty,empty,ok
mp-2716566,Na3Hf3Ga(PO4)6,ok,ok,empty,empty,empty,ok,ok,ok,ok,ok,empty,empty,empty,ok
mp-2716568,NaSc3TaP3(SO8)3,ok,ok,empty,empty,empty,ok,ok,ok,ok,ok,empty,empty,empty,ok
mp-2716569,Na15Mg7Ta5Si9(SO8)9,ok,ok,empty,empty,empty,ok,ok,ok,ok,ok,empty,empty,empty,ok
mp-2716570,Na4HfSi3SnO12,ok,ok,empty,empty,empty,ok,ok,ok,ok,ok,empty,empty,empty,ok
mp-2716571,Na30Ca4Nb20Si33(SO48)3,ok,ok,empty,empty,empty,ok,ok,ok,ok,ok,empty,empty,empty,ok
mp-2716572,NaY3TaP3(SO8)3,ok,ok,empty,empty,empty,ok,ok,ok,ok,ok,empty,empty,empty,ok
mp-2716573,Na4ZrSi3GeO12,ok,ok,empty,empty,empty,ok,ok,ok,ok,ok,empty,empty,empty,ok
mp-2716574,Na3ScSi3Ge3(SO8)3,ok,ok,empty,empty,empty,ok,ok,ok,ok,ok,empty,empty,empty,ok
mp-2716575,Na10Y2Ta6Si11SO48,ok,ok,empty,empty,empty,ok,ok,ok,ok,ok,empty,empty,empty,ok
mp-27197,Na4As2O7,ok,ok,empty,empty,empty,ok,ok,ok,ok,ok,empty,empty,empty,ok
mp-2720358,NaClO3,ok,ok,ok,empty,empty,ok,ok,ok,ok,ok,empty,empty,empty,ok
mp-27247,Na3NbO4,ok,ok,empty,empty,empty,ok,ok,ok,ok,ok,empty,empty,empty,ok
mp-27248,Na2W4O13,ok,ok,empty,empty,empty,ok,ok,ok,ok,ok,empty,empty,empty,ok
mp-27280,Na2MnCl4,ok,ok,empty,empty,empty,ok,ok,ok,ok,ok,empty,empty,empty,ok
mp-27307,Na2ZrF6,ok,ok,empty,empty,empty,ok,ok,ok,ok,ok,empty,empty,empty,ok
mp-27310,Na4Sn3F10,ok,ok,empty,empty,empty,ok,ok,ok,ok,ok,empty,empty,empty,ok
mp-27374,NaAsSe2,ok,ok,empty,empty,empty,ok,ok,ok,ok,ok,empty,empty,empty,ok
mp-27391,Na5Zr2F13,ok,ok,empty,empty,empty,ok,ok,ok,ok,ok,empty,empty,empty,ok
mp-27401,NaIO4,ok,ok,empty,empty,empty,ok,ok,ok,ok,ok,empty,empty,empty,ok
mp-2740498,Na2W2O7,ok,ok,empty,empty,empty,ok,ok,ok,ok,ok,empty,empty,empty,ok
mp-2741573,NaSb5O13,ok,ok,empty,empty,empty,ok,ok,ok,ok,ok,empty,empty,empty,ok
mp-27420,NaBiF6,ok,ok,empty,ok,empty,ok,ok,ok,ok,ok,ok,empty,empty,ok
mp-27478,Na3PaF8,ok,ok,ok,empty,empty,ok,ok,ok,ok,ok,empty,empty,empty,ok
mp-2748208,Na3Sm7Cl24,ok,ok,empty,empty,empty,ok,ok,ok,ok,ok,empty,empty,empty,ok
mp-27500,NaSO2,ok,ok,empty,empty,empty,ok,ok,ok,ok,ok,empty,empty,empty,ok
mp-27537,Na2TeO4,ok,ok,empty,empty,empty,ok,ok,ok,ok,ok,empty,empty,empty,ok
mp-27557,Na8Fe2O7,ok,ok,empty,empty,empty,ok,ok,ok,ok,ok,empty,empty,empty,ok
mp-27559,Na14Cd2O9,ok,ok,empty,ok,empty,ok,ok,ok,ok,ok,empty,empty,empty,ok
mp-27564,Na4B2O5,ok,ok,empty,ok,empty,ok,ok,ok,ok,ok,empty,empty,empty,ok
mp-27573,NaSb3F10,ok,ok,empty,ok,ok,ok,ok,ok,ok,ok,empty,empty,empty,ok
mp-27579,Na4P2O7,ok,ok,ok,ok,ok,ok,ok,ok,ok,ok,empty,empty,empty,ok
mp-2761488,NaSbO2,ok,ok,empty,empty,empty,ok,ok,ok,ok,ok,empty,empty,empty,ok
mp-27618,Na8Ga2O7,ok,ok,empty,empty,empty,ok,ok,ok,ok,ok,empty,empty,empty,ok
mp-27622,Na2PbO2,ok,ok,empty,empty,empty,ok,ok,ok,ok,ok,empty,empty,empty,ok
mp-27623,Na6PbO4,ok,ok,empty,ok,ok,ok,ok,ok,ok,ok,empty,empty,empty,ok
mp-2763369,Na6Cd7S10,ok,ok,empty,empty,empty,ok,ok,ok,ok,ok,empty,empty,empty,ok
mp-2763561,NaYF4,ok,ok,empty,empty,empty,ok,ok,ok,ok,ok,empty,empty,empty,ok
mp-2767514,NaSbF6,ok,ok,empty,empty,empty,ok,ok,ok,ok,ok,empty,empty,empty,ok
mp-2767672,NaNO3,ok,ok,empty,empty,empty,ok,ok,ok,ok,ok,empty,empty,empty,ok
mp-27752,Na6Ge2S7,ok,ok,empty,empty,empty,ok,ok,ok,ok,ok,empty,empty,empty,ok
mp-27837,NaHF2,ok,ok,ok,ok,empty,ok,ok,ok,ok,ok,empty,empty,empty,ok
mp-2784,Na2Te,ok,ok,ok,ok,empty,ok,ok,ok,ok,ok,ok,empty,empty,ok
mp-27878,NaSb5O8,ok,ok,empty,empty,empty,ok,ok,ok,ok,ok,empty,empty,empty,ok
mp-27914,Na3BiO3,ok,ok,empty,empty,empty,ok,ok,ok,ok,ok,empty,empty,empty,ok
mp-27936,Na2SbF5,ok,ok,empty,ok,ok,ok,ok,ok,ok,ok,empty,empty,empty,ok
mp-28017,Na8Ti5O14,ok,ok,ok,empty,empty,ok,ok,ok,ok,ok,empty,empty,empty,ok
mp-28022,Na6CdCl8,ok,ok,empty,ok,empty,ok,ok,ok,ok,ok,empty,empty,empty,ok
mp-28107,Na4Ge2Te5,ok,ok,empty,empty,empty,ok,ok,ok,ok,ok,empty,empty,empty,ok
mp-28127,Na2S5,ok,ok,empty,empty,empty,ok,ok,ok,ok,ok,empty,empty,empty,ok
mp-28161,Na3P6N11,ok,ok,empty,empty,empty,ok,ok,ok,ok,ok,empty,empty,empty,ok
mp-28177,NaSbCl6,ok,ok,empty,ok,empty,ok,ok,ok,ok,ok,empty,empty,empty,ok
mp-28178,NaNbCl6,ok,ok,empty,empty,empty,ok,ok,ok,ok,ok,empty,empty,empty,ok
mp-28179,NaTaCl6,ok,ok,empty,empty,empty,ok,ok,ok,ok,ok,empty,empty,empty,ok
mp-28205,Na3ReO5,ok,ok,empty,ok,ok,ok,ok,ok,ok,ok,empty,empty,empty,ok
mp-28261,Na4SnO3,ok,ok,empty,ok,ok,ok,ok,ok,ok,ok,empty,empty,empty,ok
mp-28262,Na5MnO4,ok,ok,empty,ok,ok,ok,ok,ok,ok,ok,empty,empty,empty,ok
mp-28278,Na2GeSe3,ok,ok,empty,empty,empty,ok,ok,ok,ok,ok,empty,empty,empty,ok
mp-28286,Na3Sb5F18,ok,ok,empty,empty,empty,ok,ok,ok,ok,ok,empty,empty,empty,ok
mp-28292,Na4GeSe4,ok,ok,empty,empty,empty,ok,ok,ok,ok,ok,empty,empty,empty,ok
mp-28303,Na3SiSe4,ok,ok,empty,empty,empty,ok,ok,ok,ok,ok,empty,empty,empty,ok
mp-2831941,Na2CdSnS4,ok,ok,ok,empty,empty,ok,ok,ok,ok,ok,empty,empty,empty,ok
mp-28355,Na4Ge2Se5,ok,ok,empty,empty,empty,ok,ok,ok,ok,ok,empty,empty,empty,ok
mp-28360,Na3CrCl6,ok,ok,empty,empty,empty,ok,ok,ok,ok,ok,empty,empty,empty,ok
mp-28365,Na3AuO2,ok,ok,empty,ok,empty,ok,ok,ok,ok,ok,empty,empty,empty,ok
mp-28383,KNaS,ok,ok,empty,ok,empty,ok,ok,ok,ok,ok,empty,empty,empty,ok
mp-28398,Na5Mn3F14,ok,ok,empty,empty,empty,ok,ok,ok,ok,ok,empty,empty,empty,ok
mp-28542,Na3ErCl6,ok,ok,empty,empty,empty,ok,ok,ok,ok,ok,empty,empty,empty,ok
mp-28559,Na6Be8O11,ok,ok,empty,empty,empty,ok,ok,ok,ok,ok,empty,empty,empty,ok
mp-28569,NaInBr4,ok,ok,empty,ok,ok,ok,ok,ok,ok,ok,empty,empty,empty,ok
mp-28570,NaInI4,ok,ok,empty,empty,empty,ok,ok,ok,ok,ok,empty,empty,empty,ok
mp-28588,Na2BeO2,ok,ok,empty,empty,empty,ok,ok,ok,ok,ok,empty,empty,empty,ok
mp-28595,KNaSe,ok,ok,empty,ok,empty,ok,ok,ok,ok,ok,empty,empty,empty,ok
mp-28597,Na5InTe4,ok,ok,empty,empty,empty,ok,ok,ok,ok,ok,empty,empty,empty,ok
mp-28599,Na4Br2O,ok,ok,ok,ok,empty,ok,ok,ok,ok,ok,empty,empty,empty,ok
mp-28602,Na3ClO,ok,ok,ok,ok,empty,ok,ok,ok,ok,ok,ok,empty,empty,ok
mp-28603,NaLiSe,ok,ok,empty,ok,empty,ok,ok,ok,ok,ok,empty,empty,empty,ok
mp-28630,Na3BN2,ok,ok,ok,ok,empty,ok,ok,ok,ok,ok,empty,empty,empty,ok
mp-28657,Na2MgCl4,ok,ok,empty,empty,empty,ok,ok,ok,ok,ok,empty,empty,empty,ok
mp-28658,Na2CdCl4,ok,ok,empty,empty,empty,ok,ok,ok,ok,ok,empty,empty,empty,ok
mp-28679,NaGaBr4,ok,ok,empty,empty,empty,ok,ok,ok,ok,ok,empty,empty,empty,ok
mp-28713,Na2Te2O5,ok,ok,empty,empty,empty,ok,ok,ok,ok,ok,empty,empty,empty,ok
mp-28768,Na4SnSe4,ok,ok,empty,ok,ok,ok,ok,ok,ok,ok,empty,empty,empty,ok
mp-28773,Na4Ga2S5,ok,ok,empty,empty,empty,ok,ok,ok,ok,ok,empty,empty,empty,ok
mp-28782,Na3PS4,ok,ok,ok,ok,ok,ok,ok,ok,ok,ok,empty,empty,empty,ok
mp-28789,Na4Cu2S3,ok,ok,empty,empty,empty,ok,ok,ok,ok,ok,empty,empty,empty,ok
mp-28810,Na2CS3,ok,ok,ok,empty,empty,ok,ok,ok,ok,ok,empty,empty,empty,ok
mp-28824,Na3CoO2,ok,ok,empty,ok,empty,ok,ok,ok,ok,ok,empty,empty,empty,ok
mp-28830,Na2ZnBr4,ok,ok,empty,empty,empty,ok,ok,ok,ok,ok,empty,empty,empty,ok
mp-28851,Na4Cd3Se5,ok,ok,empty,empty,empty,ok,ok,ok,ok,ok,empty,empty,empty,ok
mp-28856,Na7Au5S6,ok,ok,empty,empty,empty,ok,ok,ok,ok,ok,empty,empty,empty,ok
mp-28858,Na2HgS2,ok,ok,empty,empty,empty,ok,ok,ok,ok,ok,empty,empty,empty,ok
mp-28904,Na2Te4O9,ok,ok,empty,empty,empty,ok,ok,ok,ok,ok,empty,empty,empty,ok
mp-28947,NaSn2Cl5,ok,ok,empty,empty,empty,ok,ok,ok,ok,ok,empty,empty,empty,ok
mp-29000,Na3B5S9,ok,ok,empty,empty,empty,ok,ok,ok,ok,ok,empty,empty,empty,ok
mp-29001,NaLuCl4,ok,ok,empty,empty,empty,ok,ok,ok,ok,ok,empty,empty,empty,ok
mp-2901609,NaMn2Mo2H3O10,ok,ok,empty,empty,empty,ok,ok,ok,ok,ok,empty,empty,empty,ok
mp-2902906,Na8Al6Si6SO28,ok,ok,empty,empty,empty,ok,ok,ok,ok,ok,empty,empty,empty,ok
mp-29080,Na3YBr6,ok,ok,empty,empty,empty,ok,ok,ok,ok,ok,empty,empty,empty,ok
mp-29083,NaErCl4,ok,ok,empty,empty,empty,ok,ok,ok,ok,ok,empty,empty,empty,ok
mp-29143,Na3VS4,ok,ok,empty,empty,empty,ok,ok,ok,ok,ok,empty,empty,empty,ok
mp-29176,Na8Si7O18,ok,ok,empty,empty,empty,ok,ok,ok,ok,ok,empty,empty,empty,ok
mp-29198,Na5AuSe12,ok,ok,empty,empty,empty,ok,ok,ok,ok,ok,empty,empty,empty,ok
mp-29269,NaSbF4,ok,ok,empty,empty,empty,ok,ok,ok,ok,ok,empty,empty,empty,ok
mp-29355,NaTeF5,ok,ok,empty,empty,empty,ok,ok,ok,ok,ok,empty,empty,empty,ok
mp-29359,Na2PdCl4,ok,ok,empty,ok,empty,ok,ok,ok,ok,ok,empty,empty,empty,ok
mp-29370,Na3BP2,ok,ok,empty,empty,empty,ok,ok,ok,ok,ok,empty,empty,empty,ok
mp-29375,Na3InS3,ok,ok,empty,empty,empty,ok,ok,ok,ok,ok,empty,empty,empty,ok
mp-29376,Na5InS4,ok,ok,empty,ok,empty,ok,ok,ok,ok,ok,empty,empty,empty,ok
mp-29381,Na2Te2As,ok,ok,empty,empty,empty,ok,ok,ok,ok,ok,empty,empty,empty,ok
mp-29395,NaAlI4,ok,ok,empty,empty,empty,ok,ok,ok,ok,ok,empty,empty,empty,ok
mp-29411,Na2B2S5,ok,ok,empty,empty,empty,ok,ok,ok,ok,ok,empty,empty,empty,ok
mp-29417,Na3ScBr6,ok,ok,ok,ok,empty,ok,ok,ok,ok,ok,empty,empty,empty,ok
mp-29432,NaScCl4,ok,ok,empty,ok,empty,ok,ok,ok,ok,ok,empty,empty,empty,ok
mp-29454,Na3TlO2,ok,ok,empty,ok,empty,ok,ok,ok,ok,ok,empty,empty,empty,ok
mp-29488,Na2ZnO2,ok,ok,empty,ok,empty,ok,ok,ok,ok,ok,empty,empty,empty,ok
mp-2955,NaMgF3,ok,ok,ok,ok,empty,ok,ok,ok,ok,ok,empty,empty,empty,ok
mp-29566,CsNaGe2,ok,ok,empty,empty,empty,ok,ok,ok,ok,ok,empty,empty,empty,ok
mp-29598,NaP4N7,ok,ok,empty,ok,empty,ok,ok,ok,ok,ok,empty,empty,empty,ok
mp-29626,Na4Sn3S8,ok,ok,empty,empty,empty,ok,ok,ok,ok,ok,empty,empty,empty,ok
mp-29628,Na4SnS4,ok,ok,empty,ok,ok,ok,ok,ok,ok,ok,empty,empty,empty,ok
mp-2964,NaNO2,ok,ok,ok,ok,ok,ok,ok,ok,ok,ok,ok,empty,empty,ok
mp-2970,Na4GeO4,ok,ok,empty,ok,empty,ok,ok,ok,ok,ok,empty,empty,empty,ok
mp-29793,Na2V3O7,ok,ok,empty,empty,empty,ok,ok,ok,ok,ok,empty,empty,empty,ok
mp-29836,Na3HoCl6,ok,ok,empty,empty,empty,ok,ok,ok,ok,ok,empty,empty,empty,ok
mp-29871,Na4SeO5,ok,ok,empty,empty,empty,ok,ok,ok,ok,ok,empty,empty,empty,ok
mp-29929,NaLi5N2,ok,ok,empty,empty,empty,ok,ok,ok,ok,ok,empty,empty,empty,ok
mp-29976,Na3BS3,ok,ok,empty,ok,empty,ok,ok,ok,ok,ok,empty,empty,empty,ok
mp-29984,Na4MoO5,ok,ok,empty,empty,empty,ok,ok,ok,ok,ok,empty,empty,empty,ok
mp-30053,NaCN,ok,ok,ok,empty,empty,ok,ok,ok,ok,ok,empty,empty,empty,ok
mp-30233,Na3As7,ok,ok,empty,empty,empty,ok,ok,ok,ok,ok,empty,empty,empty,ok
mp-3070,Na2CO3,ok,ok,ok,empty,empty,ok,ok,ok,ok,ok,empty,empty,empty,ok
mp-30931,Na4SiSe4,ok,ok,empty,empty,empty,ok,ok,ok,ok,ok,empty,empty,empty,ok
mp-30947,Na3FeO3,ok,ok,empty,empty,empty,ok,ok,ok,ok,ok,empty,empty,empty,ok
mp-30965,NaClO2,ok,ok,empty,empty,empty,ok,ok,ok,ok,ok,empty,empty,empty,ok
mp-30972,Na2Sb4O7,ok,ok,empty,empty,empty,ok,ok,ok,ok,ok,empty,empty,empty,ok
mp-30975,Na3BO3,ok,ok,empty,empty,empty,ok,ok,ok,ok,ok,empty,empty,empty,ok
mp-30980,NaYO2,ok,ok,empty,ok,empty,ok,ok,ok,ok,ok,empty,empty,empty,ok
mp-31008,Na14Al4O13,ok,ok,empty,empty,empty,ok,ok,ok,ok,ok,empty,empty,empty,ok
mp-31073,Na3B7O12,ok,ok,empty,empty,empty,ok,ok,ok,ok,ok,empty,empty,empty,ok
mp-31086,NaP5,ok,ok,ok,empty,empty,ok,ok,ok,ok,ok,empty,empty,empty,ok
mp-31229,Na4(BSe)9,ok,ok,empty,empty,empty,ok,ok,ok,ok,ok,empty,empty,empty,ok
mp-31269,Na2S2O7,ok,ok,empty,empty,empty,ok,ok,ok,ok,ok,empty,empty,empty,ok
mp-3136,NaNbO3,ok,ok,ok,empty,empty,ok,ok,ok,ok,ok,empty,empty,empty,ok
mp-31362,Na3YCl6,ok,ok,empty,empty,empty,ok,ok,ok,ok,ok,empty,empty,empty,ok
mp-31370,Na2S2O5,ok,ok,empty,empty,empty,ok,ok,ok,ok,ok,empty,empty,empty,ok
mp-3143,Na2SO4,ok,ok,ok,empty,empty,ok,ok,ok,ok,ok,empty,empty,empty,ok
mp-3193,Na2Si2O5,ok,ok,empty,empty,empty,ok,ok,ok,ok,ok,empty,empty,empty,ok
mp-3216573,NaYbCl4,ok,ok,empty,empty,empty,ok,ok,ok,ok,ok,empty,empty,empty,ok
mp-32533,Na2W4O13,ok,ok,empty,empty,empty,ok,ok,ok,ok,ok,empty,empty,empty,ok
mp-3269,NaTh2F9,ok,ok,ok,empty,empty,ok,ok,ok,ok,ok,empty,empty,empty,ok
mp-3285,Na2Ta4O11,ok,ok,empty,empty,empty,ok,ok,ok,ok,ok,empty,empty,empty,ok
mp-3318,Na2BeF4,ok,ok,empty,ok,empty,ok,ok,ok,ok,ok,empty,empty,empty,ok
mp-3338,NaGaO2,ok,ok,empty,ok,ok,ok,ok,ok,ok,ok,empty,empty,empty,ok
mp-3346409,Na4LiCl5,ok,ok,empty,empty,empty,ok,ok,ok,ok,ok,empty,empty,empty,ok
mp-3346410,Na3Mg2Cl7,ok,ok,empty,empty,empty,ok,ok,ok,ok,ok,empty,empty,empty,ok
mp-3346412,Na2CaMg(SO4)3,ok,ok,empty,empty,empty,ok,ok,ok,empty,ok,empty,empty,empty,ok
mp-3346497,NaNO3,ok,ok,empty,empty,empty,ok,ok,ok,ok,ok,empty,empty,empty,ok
mp-3346528,NaH9O5,ok,ok,empty,empty,empty,ok,ok,ok,ok,ok,empty,empty,empty,ok
mp-3346553,Na2LiCl3,ok,ok,empty,empty,empty,ok,ok,ok,ok,ok,empty,empty,empty,ok
mp-3346571,Na2Mg3Cl8,ok,ok,empty,empty,empty,ok,ok,ok,ok,ok,empty,empty,empty,ok
mp-3346580,NaMgCl3,ok,ok,empty,empty,empty,ok,ok,ok,ok,ok,empty,empty,empty,ok
mp-3346593,NaLi4Cl5,ok,ok,empty,empty,empty,ok,ok,ok,ok,ok,empty,empty,empty,ok
mp-3346730,Na2LiCl3,ok,ok,empty,empty,empty,ok,ok,ok,ok,ok,empty,empty,empty,ok
mp-3346819,K3Na7Mg2H12S6(NO18)2,ok,ok,empty,empty,empty,ok,ok,ok,ok,ok,empty,empty,empty,ok
mp-3346843,NaLi2Cl3,ok,ok,empty,empty,empty,ok,ok,ok,ok,ok,empty,empty,empty,ok
mp-3347018,NaH9O5,ok,ok,empty,empty,empty,ok,ok,ok,ok,ok,empty,empty,empty,ok
mp-3347048,Na4LiCl5,ok,ok,empty,empty,empty,ok,ok,ok,ok,ok,empty,empty,empty,ok
mp-3347061,NaLi4Cl5,ok,ok,empty,empty,empty,ok,ok,ok,ok,ok,empty,empty,empty,ok
mp-3347136,NaLiCl2,ok,ok,empty,empty,empty,ok,ok,ok,ok,ok,empty,empty,empty,ok
mp-3347182,Na10Mg7Cl24,ok,ok,empty,empty,empty,ok,ok,ok,ok,ok,empty,empty,empty,ok
mp-3347346,NaLi3MgCl6,ok,ok,empty,empty,empty,ok,ok,ok,ok,ok,empty,empty,empty,ok
mp-3347425,Na3LiMgCl6,ok,ok,empty,empty,empty,ok,ok,ok,ok,ok,empty,empty,empty,ok
mp-33554,Na3GdCl6,ok,ok,empty,empty,empty,ok,ok,ok,ok,ok,empty,empty,empty,ok
mp-33872,Na7Zr6F31,ok,ok,empty,empty,empty,ok,ok,ok,ok,ok,empty,empty,empty,ok
mp-3405,NaAl11O17,ok,ok,ok,empty,empty,ok,ok,ok,ok,ok,empty,empty,empty,ok
mp-34081,NaYF4,ok,ok,ok,ok,empty,ok,ok,ok,ok,ok,empty,empty,empty,ok
mp-3416,Na3AlF6,ok,ok,ok,ok,empty,ok,ok,ok,ok,ok,empty,empty,empty,ok
mp-34284,NaNdF4,ok,ok,empty,empty,empty,ok,ok,ok,ok,ok,empty,empty,empty,ok
mp-34579,Na3HfF7,ok,ok,ok,empty,empty,ok,ok,ok,ok,ok,empty,empty,empty,ok
mp-3468,NaAsO2,ok,ok,empty,empty,empty,ok,ok,ok,ok,ok,empty,empty,empty,ok
mp-34763,NaAlB14,ok,ok,empty,empty,empty,ok,ok,ok,ok,ok,empty,empty,empty,ok
mp-34806,NaYF4,ok,ok,empty,empty,empty,ok,ok,ok,ok,ok,empty,empty,empty,ok
mp-3488,Na2Ti3O7,ok,ok,ok,empty,empty,ok,ok,ok,ok,ok,empty,empty,empty,ok
mp-3521,NaBF4,ok,ok,ok,ok,empty,ok,ok,ok,ok,ok,empty,empty,empty,ok
mp-3527,Na3AgO2,ok,ok,ok,ok,empty,ok,ok,ok,ok,ok,empty,empty,empty,ok
mp-35404,Na2CeO3,ok,ok,empty,empty,empty,ok,ok,ok,ok,ok,empty,empty,empty,ok
mp-3613,NaErS2,ok,ok,ok,empty,empty,ok,ok,ok,ok,ok,ok,empty,empty,ok
mp-36165,Na10Zn4O9,ok,ok,empty,empty,empty,ok,ok,ok,ok,ok,empty,empty,empty,ok
mp-3622,Na2PdF4,ok,ok,empty,ok,empty,ok,ok,ok,ok,ok,empty,empty,empty,ok
mp-36225,Na3ZrF7,ok,ok,empty,empty,empty,ok,ok,ok,ok,ok,empty,empty,empty,ok
mp-36582,NaHS,ok,ok,empty,ok,ok,ok,ok,ok,ok,ok,empty,empty,empty,ok
mp-3671,NaNbO3,ok,ok,ok,empty,empty,ok,ok,ok,ok,ok,empty,empty,empty,ok
mp-37267,NaYF4,ok,ok,empty,ok,ok,ok,ok,ok,ok,ok,empty,empty,empty,ok
mp-37430,Na4S2O5,ok,ok,empty,ok,ok,ok,ok,ok,ok,ok,empty,empty,empty,ok
mp-3744,NaNbO2,ok,ok,ok,ok,empty,ok,ok,ok,ok,ok,ok,empty,empty,ok
mp-37458,Na2HF4,ok,ok,empty,ok,empty,ok,ok,ok,ok,ok,empty,empty,empty,ok
mp-3775,Na2SiF6,ok,ok,empty,ok,ok,ok,ok,ok,ok,ok,empty,empty,empty,ok
mp-37947,Na4C2O5,ok,ok,empty,empty,empty,ok,ok,ok,ok,ok,empty,empty,empty,ok
mp-3795,NaZnF3,ok,ok,ok,ok,empty,ok,ok,ok,ok,ok,empty,empty,empty,ok
mp-38102,Na3CeF7,ok,ok,empty,empty,empty,ok,ok,ok,ok,ok,empty,empty,empty,ok
mp-38103,NaClO4,ok,ok,ok,ok,ok,ok,ok,ok,ok,ok,empty,empty,empty,ok
mp-38222,NaCN,ok,ok,empty,empty,empty,ok,ok,ok,ok,ok,empty,empty,empty,ok
mp-3855,Na2BeF4,ok,ok,empty,ok,empty,ok,ok,ok,ok,ok,empty,empty,empty,ok
mp-3858,NaTaO3,ok,ok,empty,ok,empty,ok,ok,ok,ok,ok,empty,empty,empty,ok
mp-38725,NaBH4,ok,ok,ok,ok,empty,ok,ok,ok,ok,ok,empty,empty,empty,ok
mp-3889,NaBO2,ok,ok,ok,ok,empty,ok,ok,ok,ok,ok,empty,empty,empty,ok
mp-39123,Na3Zr2Si2PO12,ok,ok,empty,empty,empty,ok,ok,ok,ok,ok,empty,empty,empty,ok
mp-39140,Na4Al3Si3HO13,ok,ok,empty,empty,empty,ok,ok,ok,ok,ok,empty,empty,empty,ok
mp-39260,Na2CaPO4F,ok,ok,empty,empty,empty,ok,ok,ok,ok,ok,empty,empty,empty,ok
mp-3928,Na5P3O10,ok,ok,empty,empty,empty,ok,ok,ok,ok,ok,empty,empty,empty,ok
mp-39647,Na6Al4Fe(Si4O13)2,ok,ok,empty,empty,empty,ok,ok,ok,ok,ok,empty,empty,empty,ok
mp-3967,NaNO,ok,ok,empty,empty,empty,ok,ok,ok,ok,ok,empty,empty,empty,ok
mp-39681,NaTi2BiO6,ok,ok,ok,ok,ok,ok,ok,ok,ok,ok,empty,empty,empty,ok
mp-39712,NaCaTaTiO6,ok,ok,empty,empty,empty,ok,ok,ok,ok,ok,empty,empty,empty,ok
mp-39823,Na8Al6Si6CO27,ok,ok,empty,ok,ok,ok,ok,ok,ok,ok,empty,empty,empty,ok
mp-39843,K2NaVOF5,ok,ok,empty,ok,ok,ok,ok,ok,ok,ok,empty,empty,empty,ok
mp-40161,NaHf2(PO4)3,ok,ok,empty,empty,empty,ok,ok,ok,ok,ok,empty,empty,empty,ok
mp-40201,Na8Be3Si9(ClO12)2,ok,ok,empty,empty,empty,ok,ok,ok,ok,ok,empty,empty,empty,ok
mp-40226,Na4Ga3Si3IO12,ok,ok,empty,ok,ok,ok,ok,ok,ok,ok,empty,empty,empty,ok
mp-40286,NaLiLa2Ti4O12,ok,ok,empty,empty,empty,ok,ok,ok,ok,ok,empty,empty,empty,ok
mp-40374,Na6TiMn(SiO3)6,ok,ok,empty,empty,empty,ok,ok,ok,ok,ok,empty,empty,empty,ok
mp-40451,NaGd3Ti2(SbO7)2,ok,ok,empty,empty,empty,ok,ok,ok,ok,ok,empty,empty,empty,ok
mp-40478,NaDy3Ti2(SbO7)2,ok,ok,empty,empty,empty,ok,ok,ok,ok,ok,empty,empty,empty,ok
mp-40484,NaNd3Ti2(SbO7)2,ok,ok,empty,empty,empty,ok,ok,ok,ok,ok,empty,empty,empty,ok
mp-40519,Na3Sr7Ta3Ti7O30,ok,ok,empty,empty,empty,ok,ok,ok,ok,ok,empty,empty,empty,ok
mp-40668,NaCoP2HO7,ok,ok,empty,empty,empty,ok,ok,ok,ok,ok,empty,empty,empty,ok
mp-4068,Na2GeS3,ok,ok,empty,empty,empty,ok,ok,ok,ok,ok,empty,empty,empty,ok
mp-40685,NaSm3Ti2(SbO7)2,ok,ok,empty,empty,empty,ok,ok,ok,ok,ok,empty,empty,empty,ok
mp-40830,NaSr3LaTi5O15,ok,ok,empty,empty,empty,ok,ok,ok,ok,ok,empty,empty,empty,ok
mp-40873,Ba3Na2Ti3Nb2O15,ok,ok,empty,empty,empty,ok,ok,ok,ok,ok,empty,empty,empty,ok
mp-40963,Na2ZnP2O7,ok,ok,empty,empty,empty,ok,ok,ok,ok,ok,empty,empty,empty,ok
mp-41095,Na3Sr3AlP4,ok,ok,empty,ok,ok,ok,ok,ok,ok,ok,empty,empty,empty,ok
mp-41191,Na3Ti2P2O10F,ok,ok,empty,ok,ok,ok,ok,ok,ok,ok,empty,empty,empty,ok
mp-4170,NaTaO3,ok,ok,ok,ok,empty,ok,ok,ok,ok,ok,empty,empty,empty,ok
mp-4172,Na5GeP3,ok,ok,empty,empty,empty,ok,ok,ok,ok,ok,empty,empty,empty,ok
mp-41734,Na8Al6Si6SO28,ok,ok,empty,ok,ok,ok,ok,ok,ok,ok,empty,empty,empty,ok
mp-4185,Na3ScF6,ok,ok,empty,ok,empty,ok,ok,ok,ok,ok,empty,empty,empty,ok
mp-4199,Na2S2O3,ok,ok,ok,empty,empty,ok,ok,ok,ok,ok,empty,empty,empty,ok
mp-42190,K2NaTiOF5,ok,ok,empty,ok,ok,ok,ok,ok,ok,ok,empty,empty,empty,ok
mp-4223,Na3PO4,ok,ok,empty,ok,ok,ok,ok,ok,ok,ok,empty,empty,empty,ok
mp-42255,NaCaNb2O6F,ok,ok,empty,ok,empty,ok,ok,ok,ok,ok,empty,empty,empty,ok
mp-42298,Na6Al4Fe(Si4O13)2,ok,ok,empty,empty,empty,ok,ok,ok,ok,ok,empty,empty,empty,ok
mp-42508,Na4BeAlSi4ClO12,ok,ok,empty,empty,empty,ok,ok,ok,ok,ok,empty,empty,empty,ok
mp-42583,Na8BeAl4Si7(ClO12)2,ok,ok,empty,ok,ok,ok,ok,ok,ok,ok,empty,empty,empty,ok
mp-42599,NaYTiNbO6F,ok,ok,empty,empty,empty,ok,ok,ok,ok,ok,empty,empty,empty,ok
mp-42897,NaPrTiNbO6F,ok,ok,empty,empty,empty,ok,ok,ok,ok,ok,empty,empty,empty,ok
mp-42981,NaGdTiNbO6F,ok,ok,empty,empty,empty,ok,ok,ok,ok,ok,empty,empty,empty,ok
mp-43030,Na2Li2Al3Si3ClO12,ok,ok,empty,empty,empty,ok,ok,ok,ok,ok,empty,empty,empty,ok
mp-43068,Na3Al3Si3AgBrO12,ok,ok,empty,empty,empty,ok,ok,ok,ok,ok,empty,empty,empty,ok
mp-43134,NaNdTiNbO6F,ok,ok,empty,empty,empty,ok,ok,ok,ok,ok,empty,empty,empty,ok
mp-43188,Na8BeAl4Si7(BrO12)2,ok,ok,empty,empty,empty,ok,ok,ok,ok,ok,empty,empty,empty,ok
mp-4360,NaCdF3,ok,ok,empty,ok,ok,ok,ok,ok,ok,ok,empty,empty,empty,ok
mp-4419,NaNbO3,ok,ok,ok,ok,empty,ok,ok,ok,ok,ok,empty,empty,empty,ok
mp-4482,NaSbO3,ok,ok,empty,ok,empty,ok,ok,ok,ok,ok,empty,empty,empty,ok
mp-4514,NaNbO3,ok,ok,ok,ok,ok,ok,ok,ok,ok,ok,empty,empty,empty,ok
mp-4531,NaNO3,ok,ok,ok,ok,empty,ok,ok,ok,ok,ok,empty,empty,empty,ok
mp-4533,Na2SiO3,ok,ok,ok,ok,ok,ok,ok,ok,ok,ok,empty,empty,empty,ok
mp-4534,NaCO2,ok,ok,empty,empty,empty,ok,ok,ok,ok,ok,empty,empty,empty,ok
mp-4675,NaTaO3,ok,ok,ok,ok,empty,ok,ok,ok,ok,ok,empty,empty,empty,ok
mp-4681,NaNbO3,ok,ok,ok,ok,ok,ok,ok,ok,ok,ok,empty,empty,empty,ok
mp-4699,NaTaO3,ok,ok,ok,empty,empty,ok,ok,ok,ok,ok,empty,empty,empty,ok
mp-473,Na3P11,ok,ok,ok,empty,empty,ok,ok,ok,ok,ok,empty,empty,empty,ok
mp-4734,NaPO3,ok,ok,empty,empty,empty,ok,ok,ok,ok,ok,empty,empty,empty,ok
mp-4748,NaNbO3,ok,ok,ok,empty,empty,ok,ok,ok,ok,ok,empty,empty,empty,ok
mp-4752,Na5Al3F14,ok,ok,empty,empty,empty,ok,ok,ok,ok,ok,empty,empty,empty,ok
mp-4770,Na2SO4,ok,ok,ok,ok,empty,ok,ok,ok,ok,ok,empty,empty,empty,ok
mp-4829,Na2ThF6,ok,ok,ok,ok,ok,ok,ok,ok,ok,ok,empty,empty,empty,ok
mp-4907,Na6Sn2S7,ok,ok,empty,empty,empty,ok,ok,ok,ok,ok,empty,empty,empty,ok
mp-4961,Na2HgO2,ok,ok,ok,ok,empty,ok,ok,ok,ok,ok,ok,empty,empty,ok
mp-5004,Na2B2Se7,ok,ok,empty,empty,empty,ok,ok,ok,ok,ok,empty,empty,empty,ok
mp-504495,NaZnMoHO5,ok,ok,empty,empty,empty,ok,ok,ok,ok,ok,empty,empty,empty,ok
mp-504600,NaH4ClO2,ok,ok,ok,ok,empty,ok,ok,ok,ok,ok,empty,empty,empty,ok
mp-504605,Na2SiH16O11,ok,ok,empty,empty,empty,ok,ok,ok,ok,ok,empty,empty,empty,ok
mp-504611,Cs2NaFeF6,ok,ok,empty,ok,empty,ok,ok,ok,ok,ok,empty,empty,empty,ok
mp-504845,NaLiMo(H2O3)2,ok,ok,empty,empty,empty,ok,ok,ok,ok,ok,empty,empty,empty,ok
mp-504851,Rb2Na3InO4,ok,ok,empty,empty,empty,ok,ok,ok,ok,ok,empty,empty,empty,ok
mp-504852,Cs2Na3InO4,ok,ok,empty,empty,empty,ok,ok,ok,ok,ok,empty,empty,empty,ok
mp-504854,Na2Li3CoO4,ok,ok,empty,empty,empty,ok,ok,ok,ok,ok,empty,empty,empty,ok
mp-504943,KNaP2H2O7,ok,ok,empty,empty,empty,ok,ok,ok,ok,ok,empty,empty,empty,ok
mp-504944,NaP(HO2)2,ok,ok,empty,empty,empty,ok,ok,ok,ok,ok,empty,empty,empty,ok
mp-504953,Na2As4O11,ok,ok,empty,empty,empty,ok,ok,ok,ok,ok,empty,empty,empty,ok
mp-504962,K2Na3InO4,ok,ok,empty,empty,empty,ok,ok,ok,ok,ok,empty,empty,empty,ok
mp-505066,NaFeF3,ok,ok,empty,empty,empty,ok,ok,ok,ok,ok,empty,empty,empty,ok
mp-505077,NaH9O5,ok,ok,empty,ok,ok,ok,ok,ok,ok,ok,empty,empty,empty,ok
mp-505102,NaMo3P3O16,ok,ok,empty,empty,empty,ok,ok,ok,ok,ok,empty,empty,empty,ok
mp-505121,Na2Hg3S4,ok,ok,empty,empty,empty,ok,ok,ok,ok,ok,empty,empty,empty,ok
mp-505170,NaFe3O5,ok,ok,empty,empty,empty,ok,ok,ok,ok,ok,empty,empty,empty,ok
mp-505179,NaH6BrO5,ok,ok,empty,empty,empty,ok,ok,ok,ok,ok,empty,empty,empty,ok
mp-505185,Na2H16O9,ok,ok,empty,empty,empty,ok,ok,ok,ok,ok,empty,empty,empty,ok
mp-505274,Na2SO4,ok,ok,empty,empty,empty,ok,ok,ok,ok,ok,empty,empty,empty,ok
mp-505307,Na2Si4NiO10,ok,ok,empty,empty,empty,ok,ok,ok,ok,ok,empty,empty,empty,ok
mp-505381,NaLi3(H2N)4,ok,ok,empty,ok,ok,ok,ok,ok,ok,ok,empty,empty,empty,ok
mp-505382,Na2W(OF2)2,ok,ok,empty,empty,empty,ok,ok,ok,ok,ok,empty,empty,empty,ok
mp-505396,CsNa3PbO4,ok,ok,empty,empty,empty,ok,ok,ok,ok,ok,empty,empty,empty,ok
mp-505478,NaFeBP2H3O10,ok,ok,empty,empty,empty,ok,ok,ok,ok,ok,empty,empty,empty,ok
mp-5055,Na6MnS4,ok,ok,ok,ok,ok,ok,ok,ok,ok,ok,empty,empty,empty,ok
mp-505561,Na2ZnP4(H4O5)4,ok,ok,empty,empty,empty,ok,ok,ok,ok,ok,empty,empty,empty,ok
mp-505701,NaP2H5O8,ok,ok,empty,empty,empty,ok,ok,ok,ok,ok,empty,empty,empty,ok
mp-505771,K2NaH5(CO4)2,ok,ok,empty,empty,empty,ok,ok,ok,ok,ok,empty,empty,empty,ok
mp-505772,Rb2NaH5(CO4)2,ok,ok,empty,empty,empty,ok,ok,ok,ok,ok,empty,empty,empty,ok
mp-505798,Na4TiSe4,ok,ok,empty,empty,empty,ok,ok,ok,ok,ok,empty,empty,empty,ok
mp-505821,NaV2O5,ok,ok,empty,empty,empty,ok,ok,ok,ok,ok,empty,empty,empty,ok
mp-5088,NaGdO2,ok,ok,empty,empty,empty,ok,ok,ok,ok,ok,empty,empty,empty,ok
mp-510308,Na9Co2O7,ok,ok,empty,empty,empty,ok,ok,ok,ok,ok,empty,empty,empty,ok
mp-510328,NaCu5C6,ok,ok,empty,empty,empty,ok,ok,ok,ok,ok,empty,empty,empty,ok
mp-510526,Na2NiH8(SO6)2,ok,ok,empty,empty,empty,ok,ok,ok,ok,ok,empty,empty,empty,ok
mp-510599,Na2Al2Si3(HO3)4,ok,ok,empty,empty,empty,ok,ok,ok,ok,ok,empty,empty,empty,ok
mp-510606,NaFe3H6(SO7)2,ok,ok,empty,empty,empty,ok,ok,ok,ok,ok,empty,empty,empty,ok
mp-510635,KNa2LiTi2Fe2(SiO3)8,ok,ok,empty,empty,empty,ok,ok,ok,ok,ok,empty,empty,empty,ok
mp-5122,Na3AlP2,ok,ok,ok,ok,empty,ok,ok,ok,ok,ok,empty,empty,empty,ok
mp-5141,Na2SeO4,ok,ok,ok,ok,empty,ok,ok,ok,ok,ok,empty,empty,empty,ok
mp-5175,NaInO2,ok,ok,ok,ok,empty,ok,ok,ok,ok,ok,ok,empty,empty,ok
mp-530571,Na4Sn3O8,ok,ok,empty,empty,empty,ok,ok,ok,ok,ok,empty,empty,empty,ok
mp-531600,Na3B5Se9,ok,ok,empty,empty,empty,ok,ok,ok,ok,ok,empty,empty,empty,ok
mp-532091,Na26In4O19,ok,ok,empty,empty,empty,ok,ok,ok,ok,ok,empty,empty,empty,ok
mp-532575,Na13Ca7S12(O16F)3,ok,ok,empty,empty,empty,ok,ok,ok,ok,ok,empty,empty,empty,ok
mp-532604,Na2Zr12B2I5Cl23,ok,ok,empty,empty,empty,ok,ok,ok,ok,ok,empty,empty,empty,ok
mp-532695,Na3Zr2Si2PO12,ok,ok,empty,empty,empty,ok,ok,ok,ok,ok,empty,empty,empty,ok
mp-5327,Na4UO5,ok,ok,ok,empty,empty,ok,ok,ok,ok,ok,empty,empty,empty,ok
mp-532701,Na3Mg3In(SO4)6,ok,ok,empty,empty,empty,ok,ok,ok,ok,ok,empty,empty,empty,ok
mp-532715,Na7Cr3Co(PO4)6,ok,ok,empty,empty,empty,ok,ok,ok,ok,ok,empty,empty,empty,ok
mp-532802,Na2SrNd2Ti5O15,ok,ok,empty,empty,empty,ok,ok,ok,ok,ok,empty,empty,empty,ok
mp-5339,CsNaTe,ok,ok,ok,ok,empty,ok,ok,ok,ok,ok,empty,empty,empty,ok
mp-534773,Na2Al17Si11B7(H3O31)2,ok,ok,empty,empty,empty,ok,ok,ok,ok,ok,empty,empty,empty,ok
mp-534778,NaCa2ScZn2(SiO3)6,ok,ok,empty,empty,empty,ok,ok,ok,ok,ok,empty,empty,empty,ok
mp-534850,NaCa9Ti9Nb(SiO5)10,ok,ok,empty,empty,empty,ok,ok,ok,ok,ok,empty,empty,empty,ok
mp-534870,Na4Ga3Si3B(HO3)4,ok,ok,empty,ok,ok,ok,ok,ok,ok,ok,empty,empty,empty,ok
mp-534889,NaCaMgCr(SiO3)4,ok,ok,empty,empty,empty,ok,ok,ok,ok,ok,empty,empty,empty,ok
mp-535042,Na4Al3Ge3B(HO3)4,ok,ok,empty,ok,ok,ok,ok,ok,ok,ok,empty,empty,empty,ok
mp-540550,NaH2ClO5,ok,ok,empty,empty,empty,ok,ok,ok,ok,ok,empty,empty,empty,ok
mp-540554,NaH5SO4,ok,ok,ok,empty,empty,ok,ok,ok,ok,ok,empty,empty,empty,ok
mp-540591,Na2FeH4C5(N2O)3,ok,ok,empty,empty,empty,ok,ok,ok,ok,ok,empty,empty,empty,ok
mp-540706,Na2Nb4O11,ok,ok,empty,empty,empty,ok,ok,ok,ok,ok,empty,empty,empty,ok
mp-540714,NaH8SNO6,ok,ok,empty,ok,ok,ok,ok,ok,ok,ok,empty,empty,empty,ok
mp-540721,NaB5H10O13,ok,ok,empty,empty,empty,ok,ok,ok,ok,ok,empty,empty,empty,ok
mp-540861,KNa3Al4(SiO4)4,ok,ok,empty,empty,empty,ok,ok,ok,ok,ok,empty,empty,empty,ok
mp-540866,Na6Mg2C4SO16,ok,ok,empty,empty,empty,ok,ok,ok,ok,ok,empty,empty,empty,ok
mp-540871,Na2Mn2Si2O7,ok,ok,empty,empty,empty,ok,ok,ok,ok,ok,empty,empty,empty,ok
mp-540885,Na3PH16(SO2)4,ok,ok,empty,empty,empty,ok,ok,ok,ok,ok,empty,empty,empty,ok
mp-540937,Na5La(WO4)4,ok,ok,empty,empty,empty,ok,ok,ok,ok,ok,empty,empty,empty,ok
mp-540945,Na2Li3GaO4,ok,ok,empty,empty,empty,ok,ok,ok,ok,ok,empty,empty,empty,ok
mp-540951,Na2Sr(PO3)4,ok,ok,empty,empty,empty,ok,ok,ok,ok,ok,empty,empty,empty,ok
mp-540965,Na2Li3FeO4,ok,ok,empty,empty,empty,ok,ok,ok,ok,ok,empty,empty,empty,ok
mp-540993,NaMo6Cl13,ok,ok,empty,empty,empty,ok,ok,ok,ok,ok,empty,empty,empty,ok
mp-541081,NaMg2H3(SO4)2,ok,ok,empty,empty,empty,ok,ok,ok,ok,ok,empty,empty,empty,ok
mp-541104,NaMn3F10,ok,ok,empty,empty,empty,ok,ok,ok,ok,ok,empty,empty,empty,ok
mp-541220,NaMg4V3O12,ok,ok,empty,ok,ok,ok,ok,ok,ok,ok,empty,empty,empty,ok
mp-541291,Na3MoN3,ok,ok,empty,ok,ok,ok,ok,ok,ok,ok,empty,empty,empty,ok
mp-541393,K3NaRe2O9,ok,ok,empty,empty,empty,ok,ok,ok,ok,ok,empty,empty,empty,ok
mp-541513,NaGdTiO4,ok,ok,empty,empty,empty,ok,ok,ok,ok,ok,empty,empty,empty,ok
mp-541522,Na2Ca(PO3)4,ok,ok,empty,empty,empty,ok,ok,ok,ok,ok,empty,empty,empty,ok
mp-5416,Na2SeO3,ok,ok,empty,ok,empty,ok,ok,ok,ok,ok,empty,empty,empty,ok
mp-541619,Na2TeO3,ok,ok,empty,ok,empty,ok,ok,ok,ok,ok,empty,empty,empty,ok
mp-541643,Na5Lu(WO4)4,ok,ok,empty,empty,empty,ok,ok,ok,ok,ok,empty,empty,empty,ok
mp-541689,Na7In3Se8,ok,ok,empty,empty,empty,ok,ok,ok,ok,ok,empty,empty,empty,ok
mp-541895,Na2(ReS2)3,ok,ok,ok,empty,empty,ok,ok,ok,ok,ok,empty,empty,empty,ok
mp-541917,Na2Te4WO12,ok,ok,empty,empty,empty,ok,ok,ok,ok,ok,empty,empty,empty,ok
mp-541918,Na2Te4MoO12,ok,ok,empty,empty,empty,ok,ok,ok,ok,ok,empty,empty,empty,ok
mp-541989,Na2CN2,ok,ok,ok,ok,empty,ok,ok,ok,ok,ok,empty,empty,empty,ok
mp-542136,Na3PSO3,ok,ok,ok,ok,ok,ok,ok,ok,ok,ok,empty,empty,empty,ok
mp-542280,Na4Ca(PO3)6,ok,ok,empty,empty,empty,ok,ok,ok,ok,ok,empty,empty,empty,ok
mp-542300,Na2B8O13,ok,ok,empty,empty,empty,ok,ok,ok,ok,ok,empty,empty,empty,ok
mp-542451,Rb2NaAl3F12,ok,ok,empty,empty,empty,ok,ok,ok,ok,ok,empty,empty,empty,ok
mp-542533,CsNaB4H12O13,ok,ok,empty,empty,empty,ok,ok,ok,ok,ok,empty,empty,empty,ok
mp-542563,NaMg3Al(MoO4)5,ok,ok,empty,empty,empty,ok,ok,ok,ok,ok,empty,empty,empty,ok
mp-542686,K4Na2(Si2O5)3,ok,ok,empty,empty,empty,ok,ok,ok,ok,ok,empty,empty,empty,ok
mp-542719,Na3Ca(BO2)5,ok,ok,empty,empty,empty,ok,ok,ok,ok,ok,empty,empty,empty,ok
mp-542864,Na2NiH12(SO7)2,ok,ok,empty,empty,empty,ok,ok,ok,ok,ok,empty,empty,empty,ok
mp-542919,NaGe2(PO4)3,ok,ok,empty,empty,empty,ok,ok,ok,ok,ok,empty,empty,empty,ok
mp-542951,Cs2NaHoCl6,ok,ok,empty,empty,empty,ok,ok,ok,ok,ok,empty,empty,empty,ok
mp-5449,Na2Ti6O13,ok,ok,empty,ok,empty,ok,ok,ok,ok,ok,empty,empty,empty,ok
mp-545359,KNa2CuO2,ok,ok,empty,ok,ok,ok,ok,ok,ok,ok,ok,empty,empty,ok
mp-545399,NaNiIO6,ok,ok,empty,ok,ok,ok,ok,ok,ok,ok,ok,empty,empty,ok
mp-545541,Na4CO4,ok,ok,empty,ok,ok,ok,ok,ok,ok,ok,empty,empty,empty,ok
mp-545646,Na2CoGeO4,ok,ok,empty,ok,ok,ok,ok,ok,ok,ok,empty,empty,empty,ok
mp-546118,NaClO4,ok,ok,empty,empty,empty,ok,ok,ok,ok,ok,empty,empty,empty,ok
mp-546142,Na2UO4,ok,ok,ok,empty,empty,ok,ok,ok,ok,ok,empty,empty,empty,ok
mp-546500,NaCNO,ok,ok,ok,ok,ok,ok,ok,ok,ok,ok,ok,empty,empty,ok
mp-546551,Na4CO4,ok,ok,empty,empty,empty,ok,ok,ok,ok,ok,empty,empty,empty,ok
mp-546707,Na4CO4,ok,ok,empty,empty,empty,ok,ok,ok,ok,ok,empty,empty,empty,ok
mp-5468,Na3AlF6,ok,ok,empty,empty,empty,ok,ok,ok,ok,ok,empty,empty,empty,ok
mp-547029,Na3SO4F,ok,ok,empty,empty,empty,ok,ok,ok,ok,ok,empty,empty,empty,ok
mp-5475,NaTaN2,ok,ok,ok,ok,empty,ok,ok,ok,ok,ok,ok,empty,empty,ok
mp-5477,Na5NbO5,ok,ok,empty,empty,empty,ok,ok,ok,ok,ok,empty,empty,empty,ok
mp-550925,NaScAs2O7,ok,ok,empty,ok,ok,ok,ok,ok,ok,ok,empty,empty,empty,ok
mp-551886,Na4CO4,ok,ok,ok,empty,empty,ok,ok,ok,ok,ok,empty,empty,empty,ok
mp-552552,Na4CO4,ok,ok,empty,empty,empty,ok,ok,ok,ok,ok,empty,empty,empty,ok
mp-552623,Na4CO4,ok,ok,empty,ok,ok,ok,ok,ok,ok,ok,empty,empty,empty,ok
mp-552941,Na4CO4,ok,ok,empty,ok,ok,ok,ok,ok,ok,ok,empty,empty,empty,ok
mp-553887,NaV2Bi3O10,ok,ok,empty,empty,empty,ok,ok,ok,ok,ok,empty,empty,empty,ok
mp-553903,KNa9In2O8,ok,ok,empty,empty,empty,ok,ok,ok,ok,ok,empty,empty,empty,ok
mp-553912,NaZr2(AsO4)3,ok,ok,empty,empty,empty,ok,ok,ok,ok,ok,empty,empty,empty,ok
mp-553926,NaLiB4O7,ok,ok,empty,empty,empty,ok,ok,ok,ok,ok,empty,empty,empty,ok
mp-553969,Na2Te3Mo3O16,ok,ok,empty,empty,empty,ok,ok,ok,ok,ok,empty,empty,empty,ok
mp-553975,K3Na2InO4,ok,ok,empty,empty,empty,ok,ok,ok,ok,ok,empty,empty,empty,ok
mp-554028,Na5LiMn2O8,ok,ok,empty,empty,empty,ok,ok,ok,ok,ok,empty,empty,empty,ok
mp-554033,Na6Si8O19,ok,ok,empty,empty,empty,ok,ok,ok,ok,ok,empty,empty,empty,ok
mp-554041,Na2Al2B2O7,ok,ok,ok,empty,empty,ok,ok,ok,ok,ok,empty,empty,empty,ok
mp-554048,NaAg(NO2)2,ok,ok,empty,ok,ok,ok,ok,ok,ok,ok,empty,empty,empty,ok
mp-554071,Na8Nb2Cu4S21,ok,ok,empty,empty,empty,ok,ok,ok,ok,ok,empty,empty,empty,ok
mp-554107,K2Na4Ge2O7,ok,ok,empty,empty,empty,ok,ok,ok,ok,ok,empty,empty,empty,ok
mp-554121,NaHf2VF11,ok,ok,empty,empty,empty,ok,ok,ok,ok,ok,empty,empty,empty,ok
mp-554124,NaV(SO4)2,ok,ok,empty,ok,empty,ok,ok,ok,ok,ok,empty,empty,empty,ok
mp-554145,Na3SrPCO7,ok,ok,empty,ok,ok,ok,ok,ok,ok,ok,empty,empty,empty,ok
mp-554149,BaNaFe2F9,ok,ok,empty,empty,empty,ok,ok,ok,ok,ok,empty,empty,empty,ok
mp-554157,KNaZnP2O7,ok,ok,empty,empty,empty,ok,ok,ok,ok,ok,empty,empty,empty,ok
mp-554191,Na2UO4,ok,ok,empty,empty,empty,ok,ok,ok,ok,ok,empty,empty,empty,ok
mp-554193,NaGa(TeO3)2,ok,ok,empty,empty,empty,ok,ok,ok,ok,ok,empty,empty,empty,ok
mp-554228,Na2VOF4,ok,ok,empty,empty,empty,ok,ok,ok,ok,ok,empty,empty,empty,ok
mp-554239,NaSbCO2F3,ok,ok,empty,empty,empty,ok,ok,ok,ok,ok,empty,empty,empty,ok
mp-554240,NaCa4(BO3)3,ok,ok,empty,empty,empty,ok,ok,ok,ok,ok,empty,empty,empty,ok
mp-554248,KNaMn(Si2O5)2,ok,ok,empty,empty,empty,ok,ok,ok,ok,ok,empty,empty,empty,ok
mp-554252,K2NaCrF6,ok,ok,empty,empty,empty,ok,ok,ok,ok,ok,empty,empty,empty,ok
mp-554275,Na4VHO5,ok,ok,empty,empty,empty,ok,ok,ok,ok,ok,empty,empty,empty,ok
mp-554285,Na15S5Cl(O5F)4,ok,ok,empty,empty,empty,ok,ok,ok,ok,ok,empty,empty,empty,ok
mp-554288,NaPH4O5,ok,ok,empty,ok,ok,ok,ok,ok,ok,ok,empty,empty,empty,ok
mp-554294,Na7SnS3(O4F)3,ok,ok,empty,empty,empty,ok,ok,ok,ok,ok,empty,empty,empty,ok
mp-554328,NaSO4,ok,ok,empty,empty,empty,ok,ok,ok,ok,ok,empty,empty,empty,ok
mp-554356,Na4Nb9(P2O13)3,ok,ok,empty,empty,empty,ok,ok,ok,ok,ok,empty,empty,empty,ok
mp-554383,Na2Si2O5,ok,ok,empty,ok,ok,ok,ok,ok,ok,ok,empty,empty,empty,ok
mp-554384,NaSb(PS3)2,ok,ok,empty,empty,empty,ok,ok,ok,ok,ok,empty,empty,empty,ok
mp-554395,Na5Li3(TiS4)2,ok,ok,empty,empty,empty,ok,ok,ok,ok,ok,empty,empty,empty,ok
mp-554441,NaTi2Ga5O12,ok,ok,empty,empty,empty,ok,ok,ok,ok,ok,empty,empty,empty,ok
mp-554443,Na6Se2O9,ok,ok,empty,empty,empty,ok,ok,ok,ok,ok,empty,empty,empty,ok
mp-554463,Na3LuSi2O7,ok,ok,empty,empty,empty,ok,ok,ok,ok,ok,empty,empty,empty,ok
mp-554507,Na2AlNiF7,ok,ok,empty,ok,empty,ok,ok,ok,ok,ok,empty,empty,empty,ok
mp-554584,Rb3NaPbO4,ok,ok,empty,empty,empty,ok,ok,ok,ok,ok,empty,empty,empty,ok
mp-554657,Na2Tl2B10O17,ok,ok,empty,empty,empty,ok,ok,ok,ok,ok,empty,empty,empty,ok
mp-554702,NaZr2NiF11,ok,ok,empty,empty,empty,ok,ok,ok,ok,ok,empty,empty,empty,ok
mp-554716,NaSbCO2F3,ok,ok,empty,empty,empty,ok,ok,ok,ok,ok,empty,empty,empty,ok
mp-554754,Na2Zn(SO4)2,ok,ok,empty,empty,empty,ok,ok,ok,ok,ok,empty,empty,empty,ok
mp-554778,NaY(SiO3)2,ok,ok,empty,empty,empty,ok,ok,ok,ok,ok,empty,empty,empty,ok
mp-554790,Na4Ni5(P3O11)2,ok,ok,empty,empty,empty,ok,ok,ok,ok,ok,empty,empty,empty,ok
mp-554823,Na2Sn(CO2)4,ok,ok,empty,empty,empty,ok,ok,ok,ok,ok,empty,empty,empty,ok
mp-554828,Na2Be(GeO3)2,ok,ok,empty,empty,empty,ok,ok,ok,ok,ok,empty,empty,empty,ok
mp-554845,Na2Zn2O3,ok,ok,empty,ok,ok,ok,ok,ok,ok,ok,empty,empty,empty,ok
mp-554853,Na4Si3(SnO6)2,ok,ok,empty,empty,empty,ok,ok,ok,ok,ok,empty,empty,empty,ok
mp-554856,Na2Si2O5,ok,ok,empty,empty,empty,ok,ok,ok,ok,ok,empty,empty,empty,ok
mp-554947,NaSiBO4,ok,ok,empty,ok,ok,ok,ok,ok,ok,ok,empty,empty,empty,ok
mp-554948,NaI(OF)2,ok,ok,empty,ok,empty,ok,ok,ok,ok,ok,empty,empty,empty,ok
mp-554966,Na5MoNO4,ok,ok,empty,empty,empty,ok,ok,ok,ok,ok,empty,empty,empty,ok
mp-555005,Na3Mg2P5O16,ok,ok,empty,empty,empty,ok,ok,ok,ok,ok,empty,empty,empty,ok
mp-555018,RbNa2AuO2,ok,ok,empty,ok,empty,ok,ok,ok,ok,ok,empty,empty,empty,ok
mp-555030,NaY(PO3)4,ok,ok,empty,empty,empty,ok,ok,ok,ok,ok,empty,empty,empty,ok
mp-555048,NaAlCdF6,ok,ok,empty,empty,empty,ok,ok,ok,ok,ok,empty,empty,empty,ok
mp-555076,KNaSnF6,ok,ok,empty,ok,ok,ok,ok,ok,ok,ok,empty,empty,empty,ok
mp-555083,Na3H5(CO2)4,ok,ok,empty,empty,empty,ok,ok,ok,ok,ok,empty,empty,empty,ok
mp-555104,Na2Er2B2O7,ok,ok,empty,empty,empty,ok,ok,ok,ok,ok,empty,empty,empty,ok
mp-555116,K2NaMnO4,ok,ok,empty,empty,empty,ok,ok,ok,ok,ok,empty,empty,empty,ok
mp-555118,NaPO3,ok,ok,empty,empty,empty,ok,ok,ok,ok,ok,empty,empty,empty,ok
mp-555155,KNa2Y(Si2O5)3,ok,ok,empty,empty,empty,ok,ok,ok,ok,ok,empty,empty,empty,ok
mp-555182,Na2Be2(SiO3)3,ok,ok,empty,empty,empty,ok,ok,ok,ok,ok,empty,empty,empty,ok
mp-555266,Na2VS2O9,ok,ok,empty,empty,empty,ok,ok,ok,ok,ok,empty,empty,empty,ok
mp-555272,Na5Zr2F13,ok,ok,empty,ok,empty,ok,ok,ok,ok,ok,empty,empty,empty,ok
mp-555300,Na2Zn3(SiO4)2,ok,ok,empty,empty,empty,ok,ok,ok,ok,ok,empty,empty,empty,ok
mp-555305,NaNb(OF)2,ok,ok,empty,ok,empty,ok,ok,ok,ok,ok,empty,empty,empty,ok
mp-555325,RbNaMo3O10,ok,ok,empty,empty,empty,ok,ok,ok,ok,ok,empty,empty,empty,ok
mp-555342,Na2CaSiO4,ok,ok,empty,ok,ok,ok,ok,ok,ok,ok,empty,empty,empty,ok
mp-555363,Na2Cd(SiO3)2,ok,ok,empty,empty,empty,ok,ok,ok,ok,ok,empty,empty,empty,ok
mp-555392,K6NaAu2IO8,ok,ok,empty,empty,empty,ok,ok,ok,ok,ok,empty,empty,empty,ok
mp-555420,NaLiTi3O7,ok,ok,empty,empty,empty,ok,ok,ok,ok,ok,empty,empty,empty,ok
mp-555421,Na3TmSi2O7,ok,ok,empty,empty,empty,ok,ok,ok,ok,ok,empty,empty,empty,ok
mp-555447,NaScB2O5,ok,ok,empty,empty,empty,ok,ok,ok,ok,ok,empty,empty,empty,ok
mp-555472,Na4Zr2(SiO4)3,ok,ok,empty,empty,empty,ok,ok,ok,ok,ok,empty,empty,empty,ok
mp-555488,Na5AlP2(O4F)2,ok,ok,empty,empty,empty,ok,ok,ok,ok,ok,empty,empty,empty,ok
mp-555494,NaTbMnWO6,ok,ok,empty,empty,empty,ok,ok,ok,ok,ok,empty,empty,empty,ok
mp-555524,Na4MgC6(SN)6,ok,ok,empty,empty,empty,ok,ok,ok,ok,ok,empty,empty,empty,ok
mp-555537,Na3ErV2O8,ok,ok,empty,empty,empty,ok,ok,ok,ok,ok,empty,empty,empty,ok
mp-555552,KNaSO4,ok,ok,empty,empty,empty,ok,ok,ok,ok,ok,empty,empty,empty,ok
mp-555576,KNaS2O7,ok,ok,ok,empty,empty,ok,ok,ok,ok,ok,empty,empty,empty,ok
mp-555604,Na3Dy(Si2O5)3,ok,ok,empty,empty,empty,ok,ok,ok,ok,ok,empty,empty,empty,ok
mp-555606,Na10Be4Si4O17,ok,ok,empty,ok,ok,ok,ok,ok,ok,ok,empty,empty,empty,ok
mp-555608,Na3Sc2(PO4)3,ok,ok,empty,empty,empty,ok,ok,ok,ok,ok,empty,empty,empty,ok
mp-555618,Na2MnF5,ok,ok,empty,empty,empty,ok,ok,ok,ok,ok,empty,empty,empty,ok
mp-555626,Na2Li8U11(WO22)2,ok,ok,empty,empty,empty,ok,ok,ok,ok,ok,empty,empty,empty,ok
mp-555665,NaVO3,ok,ok,empty,empty,empty,ok,ok,ok,ok,ok,empty,empty,empty,ok
mp-555687,Na2DyMoPO8,ok,ok,empty,empty,empty,ok,ok,ok,ok,ok,empty,empty,empty,ok
mp-555726,NaClO3,ok,ok,empty,ok,ok,ok,ok,ok,ok,ok,empty,empty,empty,ok
mp-555730,Na2Ca3Al2F14,ok,ok,empty,empty,empty,ok,ok,ok,ok,ok,empty,empty,empty,ok
mp-555752,NaFe2(MoO4)3,ok,ok,empty,empty,empty,ok,ok,ok,ok,ok,empty,empty,empty,ok
mp-555784,Na2U(MoO5)2,ok,ok,empty,empty,empty,ok,ok,ok,ok,ok,empty,empty,empty,ok
mp-555794,NaMg2V3O10,ok,ok,empty,empty,empty,ok,ok,ok,ok,ok,empty,empty,empty,ok
mp-5558,NaReO4,ok,ok,ok,ok,empty,ok,ok,ok,ok,ok,empty,empty,empty,ok
mp-555812,NaSr3BiO6,ok,ok,empty,ok,empty,ok,ok,ok,ok,ok,empty,empty,empty,ok
mp-555825,Na4Sc2Si4O13,ok,ok,empty,empty,empty,ok,ok,ok,ok,ok,empty,empty,empty,ok
mp-555842,Na3WO4F,ok,ok,empty,empty,empty,ok,ok,ok,ok,ok,empty,empty,empty,ok
mp-555851,Na2Cd3(P2O7)2,ok,ok,empty,empty,empty,ok,ok,ok,ok,ok,empty,empty,empty,ok
mp-555861,Na2Th(PO4)2,ok,ok,empty,empty,empty,ok,ok,ok,ok,ok,empty,empty,empty,ok
mp-555865,Na2Sr7Al6F34,ok,ok,empty,empty,empty,ok,ok,ok,ok,ok,empty,empty,empty,ok
mp-555871,Na2CuSbS3,ok,ok,empty,empty,empty,ok,ok,ok,ok,ok,empty,empty,empty,ok
mp-555904,NaSmGeO4,ok,ok,empty,empty,empty,ok,ok,ok,ok,ok,empty,empty,empty,ok
mp-555920,Na2SrVP2O9,ok,ok,empty,empty,empty,ok,ok,ok,ok,ok,empty,empty,empty,ok
mp-555933,Na2P2PbO7,ok,ok,empty,empty,empty,ok,ok,ok,ok,ok,empty,empty,empty,ok
mp-555970,NaTl2MoF6,ok,ok,empty,empty,empty,ok,ok,ok,ok,ok,empty,empty,empty,ok
mp-555973,Na5Er(MoO4)4,ok,ok,empty,empty,empty,ok,ok,ok,ok,ok,empty,empty,empty,ok
mp-555975,NaH12C4S2BrO2,ok,ok,empty,empty,empty,ok,ok,ok,ok,ok,empty,empty,empty,ok
mp-555976,Na2TiSiO5,ok,ok,empty,ok,ok,ok,ok,ok,ok,ok,empty,empty,empty,ok
mp-555988,Na4UCr3O14,ok,ok,empty,empty,empty,ok,ok,ok,ok,ok,empty,empty,empty,ok
mp-556001,NaBeSi3HO8,ok,ok,empty,empty,empty,ok,ok,ok,ok,ok,empty,empty,empty,ok
mp-556012,NaCSN,ok,ok,empty,empty,empty,ok,ok,ok,ok,ok,empty,empty,empty,ok
mp-556013,Na2Be(SiO3)2,ok,ok,empty,empty,empty,ok,ok,ok,ok,ok,empty,empty,empty,ok
mp-556024,Na2TiF6,ok,ok,empty,empty,empty,ok,ok,ok,ok,ok,empty,empty,empty,ok
mp-556039,Na3Y(BO3)2,ok,ok,empty,empty,empty,ok,ok,ok,ok,ok,empty,empty,empty,ok
mp-556062,NaNb4Tl3P2O17,ok,ok,empty,empty,empty,ok,ok,ok,ok,ok,empty,empty,empty,ok
mp-556070,Na5Gd(MoO4)4,ok,ok,empty,empty,empty,ok,ok,ok,ok,ok,empty,empty,empty,ok
mp-556102,Na2U(WO5)2,ok,ok,empty,empty,empty,ok,ok,ok,ok,ok,empty,empty,empty,ok
mp-556125,Na2BHO3,ok,ok,ok,empty,empty,ok,ok,ok,ok,ok,empty,empty,empty,ok
mp-556143,Na3Ga3(TeO6)2,ok,ok,empty,empty,empty,ok,ok,ok,ok,ok,empty,empty,empty,ok
mp-556145,NaAsO2,ok,ok,empty,empty,empty,ok,ok,ok,ok,ok,empty,empty,empty,ok
mp-556168,Na7Al3O8,ok,ok,empty,empty,empty,ok,ok,ok,ok,ok,empty,empty,empty,ok
mp-556185,RbNaTiO3,ok,ok,empty,ok,empty,ok,ok,ok,ok,ok,empty,empty,empty,ok
mp-556195,Na2AlB(As2O7)2,ok,ok,empty,empty,empty,ok,ok,ok,ok,ok,empty,empty,empty,ok
mp-556198,Na2Si3O7,ok,ok,empty,empty,empty,ok,ok,ok,ok,ok,empty,empty,empty,ok
mp-556226,NaB3O5,ok,ok,empty,empty,empty,ok,ok,ok,ok,ok,empty,empty,empty,ok
mp-556228,Na5Ca4P4O16F,ok,ok,empty,empty,empty,ok,ok,ok,ok,ok,empty,empty,empty,ok
mp-556232,Na2CaMg(PO4)2,ok,ok,empty,empty,empty,ok,ok,ok,ok,ok,empty,empty,empty,ok
mp-556258,Na3BeAl(SiO4)2,ok,ok,empty,empty,empty,ok,ok,ok,ok,ok,empty,empty,empty,ok
mp-556283,Na2TiSi4O11,ok,ok,empty,empty,empty,ok,ok,ok,ok,ok,empty,empty,empty,ok
mp-556287,NaBi2Sb3O11,ok,ok,empty,empty,empty,ok,ok,ok,ok,ok,empty,empty,empty,ok
mp-556289,Na2ErMoPO8,ok,ok,empty,empty,empty,ok,ok,ok,ok,ok,empty,empty,empty,ok
mp-556307,Na2Si2O5,ok,ok,empty,empty,empty,ok,ok,ok,ok,ok,empty,empty,empty,ok
mp-556316,Ba3NaBiO6,ok,ok,empty,ok,empty,ok,ok,ok,ok,ok,empty,empty,empty,ok
mp-556320,Cs2NaFeF6,ok,ok,empty,empty,empty,ok,ok,ok,ok,ok,empty,empty,empty,ok
mp-556334,Na3Ce(PO4)2,ok,ok,empty,empty,empty,ok,ok,ok,ok,ok,empty,empty,empty,ok
mp-556356,Na2SrAl4(SiO4)4,ok,ok,empty,empty,empty,ok,ok,ok,ok,ok,empty,empty,empty,ok
mp-556373,NaFe(TeO3)2,ok,ok,empty,empty,empty,ok,ok,ok,ok,ok,empty,empty,empty,ok
mp-556386,KNa3WO5,ok,ok,empty,empty,empty,ok,ok,ok,ok,ok,empty,empty,empty,ok
mp-556404,Na2MnPO4F,ok,ok,empty,empty,empty,ok,ok,ok,ok,ok,empty,empty,empty,ok
mp-556413,Na4Cd2Si3O10,ok,ok,empty,empty,empty,ok,ok,ok,ok,ok,empty,empty,empty,ok
mp-556423,Na2Si2O5,ok,ok,empty,empty,empty,ok,ok,ok,ok,ok,empty,empty,empty,ok
mp-556438,KNaSmNbO5,ok,ok,empty,empty,empty,ok,ok,ok,ok,ok,empty,empty,empty,ok
mp-556487,K2NaMoF6,ok,ok,empty,empty,empty,ok,ok,ok,ok,ok,empty,empty,empty,ok
mp-556491,NaLiV2O6,ok,ok,empty,empty,empty,ok,ok,ok,ok,ok,empty,empty,empty,ok
mp-556540,Na3Fe3(PO4)4,ok,ok,empty,empty,empty,ok,ok,ok,ok,ok,empty,empty,empty,ok
mp-556577,Na3Sb3(AsO7)2,ok,ok,empty,empty,empty,ok,ok,ok,ok,ok,empty,empty,empty,ok
mp-556619,NaLaMgWO6,ok,ok,empty,empty,empty,ok,ok,ok,ok,ok,empty,empty,empty,ok
mp-556637,Ba6Na2Nb2P2O17,ok,ok,empty,empty,empty,ok,ok,ok,ok,ok,empty,empty,empty,ok
mp-556641,Na2LiAlP2H2O9,ok,ok,empty,empty,empty,ok,ok,ok,ok,ok,empty,empty,empty,ok
mp-556676,Na3Al2(AsO4)3,ok,ok,empty,empty,empty,ok,ok,ok,ok,ok,empty,empty,empty,ok
mp-556679,Na2Ca3Si3O10,ok,ok,empty,empty,empty,ok,ok,ok,ok,ok,empty,empty,empty,ok
mp-556695,NaSrBO3,ok,ok,empty,ok,empty,ok,ok,ok,ok,ok,empty,empty,empty,ok
mp-556699,Na2PHO3,ok,ok,empty,ok,empty,ok,ok,ok,ok,ok,empty,empty,empty,ok
mp-556709,Na2ZrSiO5,ok,ok,empty,empty,empty,ok,ok,ok,ok,ok,empty,empty,empty,ok
mp-556723,Na3Fe2(AsO4)3,ok,ok,empty,empty,empty,ok,ok,ok,ok,ok,empty,empty,empty,ok
mp-556740,NaSiBO4,ok,ok,empty,empty,empty,ok,ok,ok,ok,ok,empty,empty,empty,ok
mp-556741,KNaThF6,ok,ok,empty,empty,empty,ok,ok,ok,ok,ok,empty,empty,empty,ok
mp-556783,NaLiCO3,ok,ok,empty,empty,empty,ok,ok,ok,ok,ok,empty,empty,empty,ok
mp-556801,Na3B6PO13,ok,ok,empty,empty,empty,ok,ok,ok,ok,ok,empty,empty,empty,ok
mp-556802,NaSrFeF6,ok,ok,empty,ok,ok,ok,ok,ok,ok,ok,empty,empty,empty,ok
mp-556806,BaNa2(SiO3)2,ok,ok,empty,empty,empty,ok,ok,ok,ok,ok,empty,empty,empty,ok
mp-556865,NaBe2BO3F2,ok,ok,empty,empty,empty,ok,ok,ok,ok,ok,empty,empty,empty,ok
mp-556871,Na3Fe2P2O8F3,ok,ok,empty,empty,empty,ok,ok,ok,ok,ok,empty,empty,empty,ok
mp-556890,BaNaCr2F9,ok,ok,empty,empty,empty,ok,ok,ok,ok,ok,empty,empty,empty,ok
mp-556906,Na3LiBe2F8,ok,ok,empty,empty,empty,ok,ok,ok,ok,ok,empty,empty,empty,ok
mp-556934,KNaSiF6,ok,ok,empty,empty,empty,ok,ok,ok,ok,ok,empty,empty,empty,ok
mp-556968,RbNa3SnO4,ok,ok,empty,empty,empty,ok,ok,ok,ok,ok,empty,empty,empty,ok
mp-556978,Na2S,ok,ok,empty,empty,empty,ok,ok,ok,ok,ok,empty,empty,empty,ok
mp-556984,Na3Fe2(PO4)3,ok,ok,empty,empty,empty,ok,ok,ok,ok,ok,empty,empty,empty,ok
mp-557006,Na2SbSO4F3,ok,ok,empty,empty,empty,ok,ok,ok,ok,ok,empty,empty,empty,ok
mp-557047,Cs2NaCrF6,ok,ok,empty,empty,empty,ok,ok,ok,ok,ok,empty,empty,empty,ok
mp-557087,NaSbMoO5,ok,ok,empty,empty,empty,ok,ok,ok,ok,ok,empty,empty,empty,ok
mp-557109,Na4Zr2(GeO4)3,ok,ok,empty,empty,empty,ok,ok,ok,ok,ok,empty,empty,empty,ok
mp-557126,NaPr(Si3O7)2,ok,ok,empty,empty,empty,ok,ok,ok,ok,ok,empty,empty,empty,ok
mp-557127,Cs6Na2Nb6H36O37,ok,ok,empty,empty,empty,ok,ok,ok,ok,ok,empty,empty,empty,ok
mp-557154,NaGaO2,ok,ok,empty,empty,empty,ok,ok,ok,ok,ok,empty,empty,empty,ok
mp-557181,K3Na3(NO4)2,ok,ok,empty,empty,empty,ok,ok,ok,ok,ok,empty,empty,empty,ok
mp-557183,KNaZnO2,ok,ok,empty,ok,empty,ok,ok,ok,ok,ok,empty,empty,empty,ok
mp-557221,Na2FeCoF7,ok,ok,empty,empty,empty,ok,ok,ok,ok,ok,empty,empty,empty,ok
mp-557230,Na2CrCoF7,ok,ok,empty,empty,empty,ok,ok,ok,ok,ok,empty,empty,empty,ok
mp-557235,Na3VB6O13,ok,ok,empty,empty,empty,ok,ok,ok,ok,ok,empty,empty,empty,ok
mp-557290,Na2Si2O5,ok,ok,empty,empty,empty,ok,ok,ok,ok,ok,empty,empty,empty,ok
mp-557309,Na3LiWO5,ok,ok,empty,ok,empty,ok,ok,ok,ok,ok,empty,empty,empty,ok
mp-557315,Na2V3O7,ok,ok,empty,empty,empty,ok,ok,ok,ok,ok,empty,empty,empty,ok
mp-557323,Na2V2ZnO7,ok,ok,empty,empty,empty,ok,ok,ok,ok,ok,empty,empty,empty,ok
mp-557366,NaCdH3(CO2)3,ok,ok,empty,empty,empty,ok,ok,ok,ok,ok,empty,empty,empty,ok
mp-557375,NaLiCO3,ok,ok,empty,empty,empty,ok,ok,ok,ok,ok,empty,empty,empty,ok
mp-557391,Na2Ca2(CO3)3,ok,ok,empty,ok,ok,ok,ok,ok,ok,ok,empty,empty,empty,ok
mp-557401,Na6PbO5,ok,ok,empty,ok,empty,ok,ok,ok,ok,ok,empty,empty,empty,ok
mp-557406,NaB3O5,ok,ok,empty,empty,empty,ok,ok,ok,ok,ok,empty,empty,empty,ok
mp-557407,K3NaUC3O11,ok,ok,empty,empty,empty,ok,ok,ok,ok,ok,empty,empty,empty,ok
mp-557423,Na2B4O7,ok,ok,empty,empty,empty,ok,ok,ok,ok,ok,empty,empty,empty,ok
mp-557436,NaNb2PS10,ok,ok,empty,empty,empty,ok,ok,ok,ok,ok,empty,empty,empty,ok
mp-557450,Na2PtO3,ok,ok,empty,empty,empty,ok,ok,ok,ok,ok,empty,empty,empty,ok
mp-557463,Na3ScSi2O7,ok,ok,empty,empty,empty,ok,ok,ok,ok,ok,empty,empty,empty,ok
mp-557506,Na3Ca2BiO6,ok,ok,empty,empty,empty,ok,ok,ok,ok,ok,empty,empty,empty,ok
mp-557508,NaLaH2S2O9,ok,ok,empty,empty,empty,ok,ok,ok,ok,ok,empty,empty,empty,ok
mp-557529,Na5P3O10,ok,ok,empty,empty,empty,ok,ok,ok,ok,ok,empty,empty,empty,ok
mp-557538,Na2Gd2MgSi4(O6F)2,ok,ok,empty,empty,empty,ok,ok,ok,ok,ok,empty,empty,empty,ok
mp-557549,Na2YMoPO8,ok,ok,empty,empty,empty,ok,ok,ok,ok,ok,empty,empty,empty,ok
mp-557596,Na2TiFe5(Si3O10)2,ok,ok,empty,empty,empty,ok,ok,ok,ok,ok,empty,empty,empty,ok
mp-557645,K5NaS4(ClO6)2,ok,ok,empty,empty,empty,ok,ok,ok,ok,ok,empty,empty,empty,ok
mp-557656,RbNaSi2O5,ok,ok,empty,empty,empty,ok,ok,ok,ok,ok,empty,empty,empty,ok
mp-557669,K3Na(MoO4)2,ok,ok,empty,empty,empty,ok,ok,ok,ok,ok,empty,empty,empty,ok
mp-557679,KNaSi2O5,ok,ok,empty,empty,empty,ok,ok,ok,ok,ok,empty,empty,empty,ok
mp-557696,Na5Y4Si4O16F,ok,ok,empty,empty,empty,ok,ok,ok,ok,ok,empty,empty,empty,ok
mp-557698,K4Na2TeO6,ok,ok,empty,empty,empty,ok,ok,ok,ok,ok,empty,empty,empty,ok
mp-557716,NaNi(PO3)3,ok,ok,empty,empty,empty,ok,ok,ok,ok,ok,empty,empty,empty,ok
mp-557744,NaUBO5,ok,ok,empty,empty,empty,ok,ok,ok,ok,ok,empty,empty,empty,ok
mp-557836,Na5B2P3O13,ok,ok,empty,empty,empty,ok,ok,ok,ok,ok,empty,empty,empty,ok
mp-557840,NaLa(SO4)2,ok,ok,empty,empty,empty,ok,ok,ok,ok,ok,empty,empty,empty,ok
mp-557845,Na2TiS2O,ok,ok,empty,empty,empty,ok,ok,ok,ok,ok,empty,empty,empty,ok
mp-557923,Na2MoSeO6,ok,ok,empty,ok,ok,ok,ok,ok,ok,ok,empty,empty,empty,ok
mp-557927,Na2SrV3O9,ok,ok,empty,empty,empty,ok,ok,ok,ok,ok,empty,empty,empty,ok
mp-557976,Na(CO)2,ok,ok,empty,empty,empty,ok,ok,ok,ok,ok,empty,empty,empty,ok
mp-558033,Na2Ca3Ta2O9,ok,ok,empty,empty,empty,ok,ok,ok,ok,ok,empty,empty,empty,ok
mp-558045,NaLi2PO4,ok,ok,empty,empty,empty,ok,ok,ok,ok,ok,empty,empty,empty,ok
mp-558049,Na2V3P2O13,ok,ok,empty,empty,empty,ok,ok,ok,ok,ok,empty,empty,empty,ok
mp-558050,Rb2NaMnF6,ok,ok,empty,empty,empty,ok,ok,ok,ok,ok,empty,empty,empty,ok
mp-558066,NaCaVO4,ok,ok,empty,empty,empty,ok,ok,ok,ok,ok,empty,empty,empty,ok
mp-558067,Na8Hf(MoO4)6,ok,ok,empty,empty,empty,ok,ok,ok,ok,ok,empty,empty,empty,ok
mp-558077,Ba3Na2Cr4F20,ok,ok,empty,empty,empty,ok,ok,ok,ok,ok,empty,empty,empty,ok
mp-558078,Rb2NaFeF6,ok,ok,empty,ok,empty,ok,ok,ok,ok,ok,empty,empty,empty,ok
mp-558085,KNaGeO3,ok,ok,empty,ok,ok,ok,ok,ok,ok,ok,empty,empty,empty,ok
mp-558087,Na2Ca3(Si3O8)2,ok,ok,empty,empty,empty,ok,ok,ok,ok,ok,empty,empty,empty,ok
mp-558129,KNaSi2O5,ok,ok,empty,empty,empty,ok,ok,ok,ok,ok,empty,empty,empty,ok
mp-558160,NaYCO3F2,ok,ok,empty,empty,empty,ok,ok,ok,ok,ok,empty,empty,empty,ok
mp-558169,NaCaAlF6,ok,ok,empty,empty,empty,ok,ok,ok,ok,ok,empty,empty,empty,ok
mp-558181,NaSiBO4,ok,ok,empty,empty,empty,ok,ok,ok,ok,ok,empty,empty,empty,ok
mp-558191,Na2ZrSi2O7,ok,ok,empty,empty,empty,ok,ok,ok,ok,ok,empty,empty,empty,ok
mp-558192,NaPO3,ok,ok,empty,empty,empty,ok,ok,ok,ok,ok,empty,empty,empty,ok
mp-558194,NaLaMgWO6,ok,ok,empty,empty,empty,ok,ok,ok,ok,ok,empty,empty,empty,ok
mp-558198,Na2Cd(SO4)2,ok,ok,empty,empty,empty,ok,ok,ok,ok,ok,empty,empty,empty,ok
mp-558211,Cs2NaCoF6,ok,ok,empty,empty,empty,ok,ok,ok,ok,ok,empty,empty,empty,ok
mp-558212,KNaNdNbO5,ok,ok,empty,empty,empty,ok,ok,ok,ok,ok,empty,empty,empty,ok
mp-558237,NaZnPO4,ok,ok,empty,empty,empty,ok,ok,ok,ok,ok,empty,empty,empty,ok
mp-558267,NaLiSiB3HO8,ok,ok,empty,empty,empty,ok,ok,ok,ok,ok,empty,empty,empty,ok
mp-558272,Na3ThP3O11,ok,ok,empty,empty,empty,ok,ok,ok,ok,ok,empty,empty,empty,ok
mp-558293,K2Na(B3O5)3,ok,ok,empty,empty,empty,ok,ok,ok,ok,ok,empty,empty,empty,ok
mp-558317,KNaPrNbO5,ok,ok,empty,empty,empty,ok,ok,ok,ok,ok,empty,empty,empty,ok
mp-558335,Na2Pd(NO2)4,ok,ok,empty,empty,empty,ok,ok,ok,ok,ok,empty,empty,empty,ok
mp-558356,Na2CrNiF7,ok,ok,empty,empty,empty,ok,ok,ok,ok,ok,empty,empty,empty,ok
mp-558383,Na2CrF4,ok,ok,empty,empty,empty,ok,ok,ok,ok,ok,empty,empty,empty,ok
mp-558401,Na5WNO4,ok,ok,empty,ok,ok,ok,ok,ok,ok,ok,empty,empty,empty,ok
mp-558427,Na6Mg(SO4)4,ok,ok,empty,empty,empty,ok,ok,ok,ok,ok,empty,empty,empty,ok
mp-558429,NaFe4(MoO4)5,ok,ok,empty,empty,empty,ok,ok,ok,ok,ok,empty,empty,empty,ok
mp-558432,Na3P(SO)2,ok,ok,ok,empty,empty,ok,ok,ok,ok,ok,empty,empty,empty,ok
mp-558441,NaZr2VF11,ok,ok,empty,empty,empty,ok,ok,ok,ok,ok,empty,empty,empty,ok
mp-558455,Na4Li5(BO3)3,ok,ok,empty,empty,empty,ok,ok,ok,ok,ok,empty,empty,empty,ok
mp-558460,NaAg(NO2)2,ok,ok,empty,empty,empty,ok,ok,ok,ok,ok,empty,empty,empty,ok
mp-558463,NaTeH12(CO)3,ok,ok,empty,empty,empty,ok,ok,ok,ok,ok,empty,empty,empty,ok
mp-558512,Na3LaV2O8,ok,ok,empty,empty,empty,ok,ok,ok,ok,ok,empty,empty,empty,ok
mp-558548,Na3B6NO13,ok,ok,empty,empty,empty,ok,ok,ok,ok,ok,empty,empty,empty,ok
mp-558570,Na3FeO3,ok,ok,empty,empty,empty,ok,ok,ok,ok,ok,empty,empty,empty,ok
mp-558580,Na2Zn(SiO3)2,ok,ok,empty,empty,empty,ok,ok,ok,ok,ok,empty,empty,empty,ok
mp-558597,NaLiY2F8,ok,ok,empty,empty,empty,ok,ok,ok,ok,ok,empty,empty,empty,ok
mp-5586,NaErO2,ok,ok,empty,empty,empty,ok,ok,ok,ok,ok,empty,empty,empty,ok
mp-558632,KNaSO4,ok,ok,empty,empty,empty,ok,ok,ok,ok,ok,empty,empty,empty,ok
mp-558674,K2NaFeF6,ok,ok,empty,empty,empty,ok,ok,ok,ok,ok,empty,empty,empty,ok
mp-558710,Na2Zr(WO4)3,ok,ok,empty,empty,empty,ok,ok,ok,ok,ok,empty,empty,empty,ok
mp-558769,Na3Li4Th6F31,ok,ok,empty,empty,empty,ok,ok,ok,ok,ok,empty,empty,empty,ok
mp-558805,Na3Nd(BO3)2,ok,ok,empty,empty,empty,ok,ok,ok,ok,ok,empty,empty,empty,ok
mp-558824,KNa2NiO2,ok,ok,empty,empty,empty,ok,ok,ok,ok,ok,empty,empty,empty,ok
mp-558862,NaGe4(PO4)3,ok,ok,empty,empty,empty,ok,ok,ok,ok,ok,empty,empty,empty,ok
mp-558920,NaNbO3,ok,ok,empty,empty,empty,ok,ok,ok,ok,ok,empty,empty,empty,ok
mp-558924,Na5Ga3F14,ok,ok,empty,empty,empty,ok,ok,ok,ok,ok,empty,empty,empty,ok
mp-558933,Na2Ge4O9,ok,ok,empty,empty,empty,ok,ok,ok,ok,ok,empty,empty,empty,ok
mp-558939,Na3MoH6(CO2)6,ok,ok,empty,empty,empty,ok,ok,ok,ok,ok,empty,empty,empty,ok
mp-558954,Na2Sr2Al2PO4F9,ok,ok,empty,empty,empty,ok,ok,ok,ok,ok,empty,empty,empty,ok
mp-558993,Na2GaNiF7,ok,ok,empty,empty,empty,ok,ok,ok,ok,ok,empty,empty,empty,ok
mp-559005,NaAsH4O5,ok,ok,empty,empty,empty,ok,ok,ok,ok,ok,empty,empty,empty,ok
mp-559012,Na2MnP2O7,ok,ok,empty,empty,empty,ok,ok,ok,ok,ok,empty,empty,empty,ok
mp-559036,NaMo2P3O13,ok,ok,empty,empty,empty,ok,ok,ok,ok,ok,empty,empty,empty,ok
mp-559053,NaY(SeO3)2,ok,ok,empty,ok,ok,ok,ok,ok,ok,ok,empty,empty,empty,ok
mp-559065,NaI3O8,ok,ok,empty,empty,empty,ok,ok,ok,ok,ok,empty,empty,empty,ok
mp-559067,KNa2AuO2,ok,ok,empty,ok,empty,ok,ok,ok,ok,ok,empty,empty,empty,ok
mp-559068,Na2Pd(SeO4)2,ok,ok,empty,ok,empty,ok,ok,ok,ok,ok,empty,empty,empty,ok
mp-559084,Na4Al3Ge3BrO12,ok,ok,empty,ok,ok,ok,ok,ok,ok,ok,empty,empty,empty,ok
mp-559103,Na7Y2P7O24,ok,ok,empty,empty,empty,ok,ok,ok,ok,ok,empty,empty,empty,ok
mp-559111,Na2TbMoPO8,ok,ok,empty,empty,empty,ok,ok,ok,ok,ok,empty,empty,empty,ok
mp-559135,Na2MgH8(SO6)2,ok,ok,empty,empty,empty,ok,ok,ok,ok,ok,empty,empty,empty,ok
mp-559150,Na9ZrP4ClO16,ok,ok,empty,empty,empty,ok,ok,ok,ok,ok,empty,empty,empty,ok
mp-559160,NaSmSe2O7,ok,ok,empty,empty,empty,ok,ok,ok,ok,ok,empty,empty,empty,ok
mp-559252,NaIO3,ok,ok,empty,empty,empty,ok,ok,ok,ok,ok,empty,empty,empty,ok
mp-559281,Na3Cr2(PS4)3,ok,ok,empty,empty,empty,ok,ok,ok,ok,ok,empty,empty,empty,ok
mp-559286,Na4Al3Ge3ClO12,ok,ok,empty,ok,ok,ok,ok,ok,ok,ok,empty,empty,empty,ok
mp-559314,Na5TiP2O9F,ok,ok,empty,empty,empty,ok,ok,ok,ok,ok,empty,empty,empty,ok
mp-559336,NaNb3(TeO4)4,ok,ok,empty,empty,empty,ok,ok,ok,ok,ok,empty,empty,empty,ok
mp-559354,NaNbO3,ok,ok,empty,empty,empty,ok,ok,ok,ok,ok,empty,empty,empty,ok
mp-559376,Na2CaPO4F,ok,ok,empty,empty,empty,ok,ok,ok,ok,ok,empty,empty,empty,ok
mp-559384,BaNaNdSi2O7,ok,ok,empty,empty,empty,ok,ok,ok,ok,ok,empty,empty,empty,ok
mp-559407,NaGdH2S2O9,ok,ok,empty,empty,empty,ok,ok,ok,ok,ok,empty,empty,empty,ok
mp-559430,Na6U2Mo4O21,ok,ok,empty,empty,empty,ok,ok,ok,ok,ok,empty,empty,empty,ok
mp-559446,NaPPdS4,ok,ok,empty,ok,empty,ok,ok,ok,ok,ok,empty,empty,empty,ok
mp-559452,Na5Li(PO4)2,ok,ok,empty,empty,empty,ok,ok,ok,ok,ok,empty,empty,empty,ok
mp-559500,Na3VSO3,ok,ok,empty,ok,ok,ok,ok,ok,ok,ok,empty,empty,empty,ok
mp-559502,Ba3NaNd3(Si3O10)2,ok,ok,empty,empty,empty,ok,ok,ok,ok,ok,empty,empty,empty,ok
mp-559519,Na4TiAs2O9,ok,ok,empty,empty,empty,ok,ok,ok,ok,ok,empty,empty,empty,ok
mp-559532,NaFe3Si3O10,ok,ok,empty,empty,empty,ok,ok,ok,ok,ok,empty,empty,empty,ok
mp-559533,NaLiCO3,ok,ok,empty,empty,empty,ok,ok,ok,ok,ok,empty,empty,empty,ok
mp-559557,Cs2Na2B10O17,ok,ok,empty,empty,empty,ok,ok,ok,ok,ok,empty,empty,empty,ok
mp-559561,Na4MoS3O14,ok,ok,empty,empty,empty,ok,ok,ok,ok,ok,empty,empty,empty,ok
mp-559563,Rb2NaCoF6,ok,ok,empty,empty,empty,ok,ok,ok,ok,ok,empty,empty,empty,ok
mp-559577,Na10U8W5O44,ok,ok,empty,empty,empty,ok,ok,ok,ok,ok,empty,empty,empty,ok
mp-559586,BaNa2Nd2Si4CO15,ok,ok,empty,empty,empty,ok,ok,ok,ok,ok,empty,empty,empty,ok
mp-559610,Rb2NaAl2(PO4)3,ok,ok,empty,empty,empty,ok,ok,ok,ok,ok,empty,empty,empty,ok
mp-559615,Na5CrP2(O4F)2,ok,ok,empty,empty,empty,ok,ok,ok,ok,ok,empty,empty,empty,ok
mp-559618,NaB(CO2)4,ok,ok,empty,empty,empty,ok,ok,ok,ok,ok,empty,empty,empty,ok
mp-559658,Na2S2O3,ok,ok,empty,empty,empty,ok,ok,ok,ok,ok,empty,empty,empty,ok
mp-559710,NaInAs2O7,ok,ok,empty,empty,empty,ok,ok,ok,ok,ok,empty,empty,empty,ok
mp-559711,Rb2Na2SiO4,ok,ok,empty,empty,empty,ok,ok,ok,ok,ok,empty,empty,empty,ok
mp-559773,Na4Sr(SiO3)3,ok,ok,empty,ok,ok,ok,ok,ok,ok,ok,empty,empty,empty,ok
mp-559777,Na5Ca2Al(PO4)4,ok,ok,empty,empty,empty,ok,ok,ok,ok,ok,empty,empty,empty,ok
mp-559783,Na3B(PO4)2,ok,ok,empty,empty,empty,ok,ok,ok,ok,ok,empty,empty,empty,ok
mp-559786,NaAs4BrO6,ok,ok,empty,empty,empty,ok,ok,ok,ok,ok,empty,empty,empty,ok
mp-559795,Rb7NaZn2O6,ok,ok,empty,empty,empty,ok,ok,ok,ok,ok,empty,empty,empty,ok
mp-559831,Na3V(SO)2,ok,ok,empty,empty,empty,ok,ok,ok,ok,ok,empty,empty,empty,ok
mp-559833,Na2YC(OF)3,ok,ok,empty,empty,empty,ok,ok,ok,ok,ok,empty,empty,empty,ok
mp-559868,NaLa(CO3)2,ok,ok,empty,empty,empty,ok,ok,ok,ok,ok,empty,empty,empty,ok
mp-559869,Na2VPO6,ok,ok,empty,empty,empty,ok,ok,ok,ok,ok,empty,empty,empty,ok
mp-559875,K3Na2LiTeO6,ok,ok,empty,empty,empty,ok,ok,ok,ok,ok,empty,empty,empty,ok
mp-559901,KNa3Al4(SiO4)4,ok,ok,empty,empty,empty,ok,ok,ok,ok,ok,empty,empty,empty,ok
mp-559903,NaLa(SeO3)2,ok,ok,empty,empty,empty,ok,ok,ok,ok,ok,empty,empty,empty,ok
mp-559904,NaLi3SiO4,ok,ok,empty,empty,empty,ok,ok,ok,ok,ok,empty,empty,empty,ok
mp-559910,Na2HoMoPO8,ok,ok,empty,empty,empty,ok,ok,ok,ok,ok,empty,empty,empty,ok
mp-559916,Na17Al5O16,ok,ok,empty,empty,empty,ok,ok,ok,ok,ok,empty,empty,empty,ok
mp-559968,Na2NbAsO6,ok,ok,empty,empty,empty,ok,ok,ok,ok,ok,empty,empty,empty,ok
mp-559982,Na2AlZnF7,ok,ok,empty,empty,empty,ok,ok,ok,ok,ok,empty,empty,empty,ok
mp-560004,Na2USiO6,ok,ok,empty,empty,empty,ok,ok,ok,ok,ok,empty,empty,empty,ok
mp-560016,NaNb2PO8,ok,ok,empty,empty,empty,ok,ok,ok,ok,ok,empty,empty,empty,ok
mp-560032,NaNb2AsO8,ok,ok,empty,empty,empty,ok,ok,ok,ok,ok,empty,empty,empty,ok
mp-560037,Rb2NaBiF6,ok,ok,ok,empty,empty,ok,ok,ok,ok,ok,empty,empty,empty,ok
mp-560039,NaY(SiO3)2,ok,ok,empty,empty,empty,ok,ok,ok,ok,ok,empty,empty,empty,ok
mp-560068,Na3NO4,ok,ok,empty,empty,empty,ok,ok,ok,ok,ok,empty,empty,empty,ok
mp-560092,RbNa5Be8O11,ok,ok,empty,empty,empty,ok,ok,ok,ok,ok,empty,empty,empty,ok
mp-560120,Na2Pd(NO3)4,ok,ok,empty,empty,empty,ok,ok,ok,ok,ok,empty,empty,empty,ok
mp-560129,Na3La2(BO3)3,ok,ok,empty,empty,empty,ok,ok,ok,ok,ok,empty,empty,empty,ok
mp-560158,Na3Zn(BO2)5,ok,ok,empty,empty,empty,ok,ok,ok,ok,ok,empty,empty,empty,ok
mp-560174,NaZn(PO3)3,ok,ok,empty,empty,empty,ok,ok,ok,ok,ok,empty,empty,empty,ok
mp-560175,Na4Th(MoO4)4,ok,ok,empty,empty,empty,ok,ok,ok,ok,ok,empty,empty,empty,ok
mp-560176,K2NaAl3F12,ok,ok,empty,empty,empty,ok,ok,ok,ok,ok,empty,empty,empty,ok
mp-560188,Ba4NaAuO8,ok,ok,empty,empty,empty,ok,ok,ok,ok,ok,empty,empty,empty,ok
mp-560189,NaLi2BO3,ok,ok,empty,empty,empty,ok,ok,ok,ok,ok,empty,empty,empty,ok
mp-560222,Na3SO4F,ok,ok,empty,empty,empty,ok,ok,ok,ok,ok,empty,empty,empty,ok
mp-560226,NaNd(Si3O7)2,ok,ok,empty,empty,empty,ok,ok,ok,ok,ok,empty,empty,empty,ok
mp-560242,NaMnF3,ok,ok,empty,empty,empty,ok,ok,ok,ok,ok,empty,empty,empty,ok
mp-560259,NaVCdO4,ok,ok,empty,empty,empty,ok,ok,ok,ok,ok,empty,empty,empty,ok
mp-560266,Na3B5SO8,ok,ok,empty,empty,empty,ok,ok,ok,ok,ok,empty,empty,empty,ok
mp-560311,Na3FeF6,ok,ok,empty,ok,empty,ok,ok,ok,ok,ok,empty,empty,empty,ok
mp-560327,Na2Sn2C3(O2F)3,ok,ok,empty,empty,empty,ok,ok,ok,ok,ok,empty,empty,empty,ok
mp-560334,NaAlSiO4,ok,ok,empty,ok,ok,ok,ok,ok,ok,ok,empty,empty,empty,ok
mp-560399,NaMgF3,ok,ok,ok,empty,empty,ok,ok,ok,ok,ok,empty,empty,empty,ok
mp-560438,Na2Be(SiO3)2,ok,ok,empty,empty,empty,ok,ok,ok,ok,ok,empty,empty,empty,ok
mp-560476,Rb3NaTiO4,ok,ok,empty,empty,empty,ok,ok,ok,ok,ok,empty,empty,empty,ok
mp-560538,Na3AlS3,ok,ok,empty,empty,empty,ok,ok,ok,ok,ok,empty,empty,empty,ok
mp-560545,Na2Ca(AsO3)4,ok,ok,empty,empty,empty,ok,ok,ok,ok,ok,empty,empty,empty,ok
mp-560570,Rb2NaAl6F21,ok,ok,empty,empty,empty,ok,ok,ok,ok,ok,empty,empty,empty,ok
mp-560591,NaTi2Al5O12,ok,ok,empty,empty,empty,ok,ok,ok,ok,ok,empty,empty,empty,ok
mp-560597,Na8Si6SnO18,ok,ok,empty,empty,empty,ok,ok,ok,ok,ok,empty,empty,empty,ok
mp-560613,Na2TeO4,ok,ok,empty,empty,empty,ok,ok,ok,ok,ok,empty,empty,empty,ok
mp-560624,Na5Bi(P2O7)2,ok,ok,empty,empty,empty,ok,ok,ok,ok,ok,empty,empty,empty,ok
mp-560632,NaGaSiO4,ok,ok,empty,ok,ok,ok,ok,ok,ok,ok,empty,empty,empty,ok
mp-560638,Na2U2Si(O4F)2,ok,ok,empty,empty,empty,ok,ok,ok,ok,ok,empty,empty,empty,ok
mp-560642,Na3SbP2O9,ok,ok,empty,empty,empty,ok,ok,ok,ok,ok,empty,empty,empty,ok
mp-560653,RbNaLi6(SiO4)2,ok,ok,empty,empty,empty,ok,ok,ok,ok,ok,empty,empty,empty,ok
mp-560658,Na5Bi2As5O18,ok,ok,empty,empty,empty,ok,ok,ok,ok,ok,empty,empty,empty,ok
mp-560673,NaPr2S2O8F3,ok,ok,empty,empty,empty,ok,ok,ok,ok,ok,empty,empty,empty,ok
mp-560721,NaCaBeSi2O6F,ok,ok,empty,empty,empty,ok,ok,ok,ok,ok,empty,empty,empty,ok
mp-560724,Na4UC3O11,ok,ok,empty,empty,empty,ok,ok,ok,ok,ok,empty,empty,empty,ok
mp-560732,BaNaZrF7,ok,ok,empty,empty,empty,ok,ok,ok,ok,ok,empty,empty,empty,ok
mp-560767,KNaTiO3,ok,ok,ok,ok,empty,ok,ok,ok,ok,ok,empty,empty,empty,ok
mp-560768,NaSr4(BO3)3,ok,ok,empty,empty,empty,ok,ok,ok,ok,ok,empty,empty,empty,ok
mp-560769,NaZnFe2(PO4)3,ok,ok,empty,empty,empty,ok,ok,ok,ok,ok,empty,empty,empty,ok
mp-560773,K2NaS2ClO6,ok,ok,empty,empty,empty,ok,ok,ok,ok,ok,empty,empty,empty,ok
mp-560780,Na4Ni3P4O15,ok,ok,empty,empty,empty,ok,ok,ok,ok,ok,empty,empty,empty,ok
mp-560790,Cs2NaBiF6,ok,ok,empty,ok,empty,ok,ok,ok,ok,ok,empty,empty,empty,ok
mp-560791,CsNaTiO3,ok,ok,empty,ok,empty,ok,ok,ok,ok,ok,empty,empty,empty,ok
mp-560799,NaNdH2S2O9,ok,ok,empty,empty,empty,ok,ok,ok,ok,ok,empty,empty,empty,ok
mp-560829,Na2BeSiO4,ok,ok,empty,ok,ok,ok,ok,ok,ok,ok,empty,empty,empty,ok
mp-560831,Na6P4Pb3S16,ok,ok,empty,empty,empty,ok,ok,ok,ok,ok,empty,empty,empty,ok
mp-560843,Na4Zr2Ti(CO4)4,ok,ok,empty,empty,empty,ok,ok,ok,ok,ok,empty,empty,empty,ok
mp-560860,Na2PtO3,ok,ok,empty,ok,empty,ok,ok,ok,ok,ok,empty,empty,empty,ok
mp-560889,Ba6Na2Si4O15,ok,ok,empty,empty,empty,ok,ok,ok,ok,ok,empty,empty,empty,ok
mp-560898,NaPr(SeO4)2,ok,ok,empty,empty,empty,ok,ok,ok,ok,ok,empty,empty,empty,ok
mp-560919,Na5Y(CO3)4,ok,ok,empty,empty,empty,ok,ok,ok,ok,ok,empty,empty,empty,ok
mp-560921,NaAlAs2O7,ok,ok,empty,empty,empty,ok,ok,ok,ok,ok,empty,empty,empty,ok
mp-560929,Na3CrF6,ok,ok,empty,empty,empty,ok,ok,ok,ok,ok,empty,empty,empty,ok
mp-560934,Na2Zn5(PO4)4,ok,ok,empty,empty,empty,ok,ok,ok,ok,ok,empty,empty,empty,ok
mp-560936,Rb2NaCrF6,ok,ok,empty,ok,empty,ok,ok,ok,ok,ok,empty,empty,empty,ok
mp-560937,Na3Si3SnO9F,ok,ok,empty,empty,empty,ok,ok,ok,ok,ok,empty,empty,empty,ok
mp-560939,NaLaP2O7,ok,ok,empty,empty,empty,ok,ok,ok,ok,ok,empty,empty,empty,ok
mp-560942,Na3VS3O,ok,ok,empty,empty,empty,ok,ok,ok,ok,ok,empty,empty,empty,ok
mp-560950,K2NaTlO3,ok,ok,empty,empty,empty,ok,ok,ok,ok,ok,empty,empty,empty,ok
mp-560963,Rb2NaMoF6,ok,ok,empty,ok,empty,ok,ok,ok,ok,ok,empty,empty,empty,ok
mp-560981,NaMg4(PO4)3,ok,ok,empty,empty,empty,ok,ok,ok,ok,ok,empty,empty,empty,ok
mp-561006,Na2CaVP2O9,ok,ok,empty,empty,empty,ok,ok,ok,ok,ok,empty,empty,empty,ok
mp-561018,Na3Sc2(BO3)3,ok,ok,empty,empty,empty,ok,ok,ok,ok,ok,empty,empty,empty,ok
mp-561052,Ba4Na2CaTi3Si4(SO13)2,ok,ok,empty,empty,empty,ok,ok,ok,ok,ok,empty,empty,empty,ok
mp-561058,Na3Ga(PO4)2,ok,ok,empty,empty,empty,ok,ok,ok,ok,ok,empty,empty,empty,ok
mp-561062,NaSb3(PO5)2,ok,ok,empty,empty,empty,ok,ok,ok,ok,ok,empty,empty,empty,ok
mp-561075,Na2CdSnS4,ok,ok,empty,ok,ok,ok,ok,ok,ok,ok,empty,empty,empty,ok
mp-561083,Na3Bi(PO4)2,ok,ok,empty,empty,empty,ok,ok,ok,ok,ok,empty,empty,empty,ok
mp-561130,Na3GaS3,ok,ok,empty,empty,empty,ok,ok,ok,ok,ok,empty,empty,empty,ok
mp-561131,NaGd(PO3)4,ok,ok,empty,empty,empty,ok,ok,ok,ok,ok,empty,empty,empty,ok
mp-561158,Na4Zr(MoO4)4,ok,ok,empty,empty,empty,ok,ok,ok,ok,ok,empty,empty,empty,ok
mp-561166,Na2ZrGe2O7,ok,ok,empty,empty,empty,ok,ok,ok,ok,ok,empty,empty,empty,ok
mp-561190,NaAu(SO4)2,ok,ok,empty,ok,empty,ok,ok,ok,ok,ok,empty,empty,empty,ok
mp-561198,NaSr2CrF8,ok,ok,empty,empty,empty,ok,ok,ok,ok,ok,empty,empty,empty,ok
mp-561232,NaSm(PS3)2,ok,ok,empty,empty,empty,ok,ok,ok,ok,ok,empty,empty,empty,ok
mp-561234,BaNaZr2F11,ok,ok,empty,empty,empty,ok,ok,ok,ok,ok,empty,empty,empty,ok
mp-561247,Na2LuMoPO8,ok,ok,empty,empty,empty,ok,ok,ok,ok,ok,empty,empty,empty,ok
mp-561252,Na5Cr3F14,ok,ok,empty,empty,empty,ok,ok,ok,ok,ok,empty,empty,empty,ok
mp-561254,NaLi3GeO4,ok,ok,empty,empty,empty,ok,ok,ok,ok,ok,empty,empty,empty,ok
mp-561259,Na3NbOF6,ok,ok,empty,empty,empty,ok,ok,ok,ok,ok,empty,empty,empty,ok
mp-561260,Na2CaP2O7,ok,ok,empty,empty,empty,ok,ok,ok,ok,ok,empty,empty,empty,ok
mp-561303,NaSb(PS3)2,ok,ok,empty,empty,empty,ok,ok,ok,ok,ok,empty,empty,empty,ok
mp-561309,Na(CO)3,ok,ok,empty,empty,empty,ok,ok,ok,ok,ok,empty,empty,empty,ok
mp-561310,NaLiCO3,ok,ok,empty,empty,empty,ok,ok,ok,ok,ok,empty,empty,empty,ok
mp-561342,Na6U(Mo2O9)2,ok,ok,empty,empty,empty,ok,ok,ok,ok,ok,empty,empty,empty,ok
mp-561346,Na2ZrGeO5,ok,ok,empty,empty,empty,ok,ok,ok,ok,ok,empty,empty,empty,ok
mp-561352,BaNa2Ti2(Si2O7)2,ok,ok,empty,empty,empty,ok,ok,ok,ok,ok,empty,empty,empty,ok
mp-561353,NaZr2MnF11,ok,ok,empty,empty,empty,ok,ok,ok,ok,ok,empty,empty,empty,ok
mp-561368,NaClO4,ok,ok,empty,empty,empty,ok,ok,ok,ok,ok,empty,empty,empty,ok
mp-561395,Na2FeNiF7,ok,ok,empty,ok,ok,ok,ok,ok,ok,ok,empty,empty,empty,ok
mp-561398,NaAl(MoO4)2,ok,ok,empty,empty,empty,ok,ok,ok,ok,ok,empty,empty,empty,ok
mp-561448,Na4Ce(As2O7)2,ok,ok,empty,empty,empty,ok,ok,ok,ok,ok,empty,empty,empty,ok
mp-561486,Na2Mg5(PO4)4,ok,ok,empty,empty,empty,ok,ok,ok,ok,ok,empty,empty,empty,ok
mp-561491,KNaMg2Si4(O5F)2,ok,ok,empty,ok,empty,ok,ok,ok,ok,ok,empty,empty,empty,ok
mp-561514,NaSrB5O9,ok,ok,empty,empty,empty,ok,ok,ok,ok,ok,empty,empty,empty,ok
mp-561519,NaFe(SeO4)2,ok,ok,empty,ok,empty,ok,ok,ok,ok,ok,empty,empty,empty,ok
mp-561535,NaLuP2O7,ok,ok,empty,empty,empty,ok,ok,ok,ok,ok,empty,empty,empty,ok
mp-561536,NaMgBO3,ok,ok,ok,empty,empty,ok,ok,ok,ok,ok,empty,empty,empty,ok
mp-561875,Na5Co2O5,ok,ok,empty,empty,empty,ok,ok,ok,ok,ok,empty,empty,empty,ok
mp-561940,Na3Co2SbO6,ok,ok,empty,ok,empty,ok,ok,ok,ok,ok,empty,empty,empty,ok
mp-562194,Na2CoP2O7,ok,ok,empty,empty,empty,ok,ok,ok,ok,ok,empty,empty,empty,ok
mp-562382,NaCoBP2H2O9,ok,ok,empty,empty,empty,ok,ok,ok,ok,ok,empty,empty,empty,ok
mp-562435,Na10Co4O9,ok,ok,empty,empty,empty,ok,ok,ok,ok,ok,empty,empty,empty,ok
mp-562436,NaCoPO4,ok,ok,empty,empty,empty,ok,ok,ok,ok,ok,empty,empty,empty,ok
mp-562541,Cs2Na3TlO4,ok,ok,empty,empty,empty,ok,ok,ok,ok,ok,empty,empty,empty,ok
mp-562542,Cs4NaHf3H2F19,ok,ok,empty,empty,empty,ok,ok,ok,ok,ok,empty,empty,empty,ok
mp-562546,Na4Co3P4O15,ok,ok,empty,empty,empty,ok,ok,ok,ok,ok,empty,empty,empty,ok
mp-562661,NaCo(CO)4,ok,ok,empty,empty,empty,ok,ok,ok,ok,ok,empty,empty,empty,ok
mp-562796,NaCoPO4,ok,ok,empty,empty,empty,ok,ok,ok,ok,ok,empty,empty,empty,ok
mp-563025,Na6PbO5,ok,ok,empty,ok,ok,ok,ok,ok,ok,ok,empty,empty,empty,ok
mp-565518,NaV3(FeO4)3,ok,ok,empty,empty,empty,ok,ok,ok,ok,ok,empty,empty,empty,ok
mp-566231,Na3MgC2ClO6,ok,ok,empty,empty,empty,ok,ok,ok,ok,ok,empty,empty,empty,ok
mp-567228,Na2PSe3,ok,ok,empty,ok,empty,ok,ok,ok,ok,ok,empty,empty,empty,ok
mp-567498,Rb2NaTmCl6,ok,ok,empty,empty,empty,ok,ok,ok,ok,ok,empty,empty,empty,ok
mp-567575,Cs2Na(C2N3)3,ok,ok,empty,empty,empty,ok,ok,ok,ok,ok,empty,empty,empty,ok
mp-567824,K2NaCo(CN)6,ok,ok,empty,empty,empty,ok,ok,ok,ok,ok,empty,empty,empty,ok
mp-567836,K2NaBP2,ok,ok,empty,ok,empty,ok,ok,ok,ok,ok,empty,empty,empty,ok
mp-568060,Na4Ge2Te5,ok,ok,empty,empty,empty,ok,ok,ok,ok,ok,empty,empty,empty,ok
mp-568422,NaAg(CN)2,ok,ok,empty,empty,empty,ok,ok,ok,ok,ok,empty,empty,empty,ok
mp-568428,KNa(BH4)2,ok,ok,ok,ok,empty,ok,ok,ok,ok,ok,empty,empty,empty,ok
mp-568439,KNa(BH4)2,ok,ok,empty,empty,empty,ok,ok,ok,ok,ok,empty,empty,empty,ok
mp-568543,Na2SnSe3,ok,ok,empty,empty,empty,ok,ok,ok,ok,ok,empty,empty,empty,ok
mp-568670,Cs2NaTbCl6,ok,ok,empty,empty,empty,ok,ok,ok,ok,ok,empty,empty,empty,ok
mp-568759,NaNd4I7N2,ok,ok,empty,empty,empty,ok,ok,ok,ok,ok,empty,empty,empty,ok
mp-568762,Na4Ge2Se5,ok,ok,empty,empty,empty,ok,ok,ok,ok,ok,empty,empty,empty,ok
mp-568785,NaAl3NiCl12,ok,ok,empty,empty,empty,ok,ok,ok,ok,ok,empty,empty,empty,ok
mp-568950,Na3AlH6,ok,ok,empty,empty,empty,ok,ok,ok,ok,ok,empty,empty,empty,ok
mp-568987,Na2BeH4,ok,ok,empty,ok,empty,ok,ok,ok,ok,ok,empty,empty,empty,ok
mp-569098,RbNa11(WN3)4,ok,ok,empty,empty,empty,ok,ok,ok,ok,ok,empty,empty,empty,ok
mp-569337,Na4Si2Te5,ok,ok,empty,empty,empty,ok,ok,ok,ok,ok,empty,empty,empty,ok
mp-5694,NaHoS2,ok,ok,empty,empty,empty,ok,ok,ok,ok,ok,ok,empty,empty,ok
mp-569491,NaLa(GaSe2)4,ok,ok,empty,empty,empty,ok,ok,ok,ok,ok,empty,empty,empty,ok
mp-569580,NaLa4I7N2,ok,ok,empty,empty,empty,ok,ok,ok,ok,ok,empty,empty,empty,ok
mp-569918,K13Na2W7N19,ok,ok,empty,empty,empty,ok,ok,ok,ok,ok,empty,empty,empty,ok
mp-570193,NaAuCl4,ok,ok,empty,empty,empty,ok,ok,ok,ok,ok,empty,empty,empty,ok
mp-570248,NaC2N3,ok,ok,empty,ok,empty,ok,ok,ok,ok,ok,empty,empty,empty,ok
mp-570538,NaN3,ok,ok,ok,empty,empty,ok,ok,ok,ok,ok,empty,empty,empty,ok
mp-570548,NaPr4I7N2,ok,ok,empty,empty,empty,ok,ok,ok,ok,ok,empty,empty,empty,ok
mp-570622,NaGa3Se5,ok,ok,empty,empty,empty,ok,ok,ok,ok,ok,empty,empty,empty,ok
mp-570876,NaNd(GaSe2)4,ok,ok,empty,empty,empty,ok,ok,ok,ok,ok,empty,empty,empty,ok
mp-571248,Cs2NaAu3(CN)6,ok,ok,empty,empty,empty,ok,ok,ok,ok,ok,empty,empty,empty,ok
mp-571412,RbNa5(WN3)2,ok,ok,empty,empty,empty,ok,ok,ok,ok,ok,empty,empty,empty,ok
mp-571414,KNa(BH4)2,ok,ok,empty,ok,ok,ok,ok,ok,ok,ok,empty,empty,empty,ok
mp-571433,NaB(CN)4,ok,ok,empty,empty,empty,ok,ok,ok,ok,ok,empty,empty,empty,ok
mp-571467,Cs2NaYBr6,ok,ok,ok,empty,empty,ok,ok,ok,ok,ok,empty,empty,empty,ok
mp-571470,Na2SnSe3,ok,ok,empty,empty,empty,ok,ok,ok,ok,ok,empty,empty,empty,ok
mp-571621,Ba3Na2(CN2)4,ok,ok,empty,empty,empty,ok,ok,ok,ok,ok,empty,empty,empty,ok
mp-572951,CsNaSi2O5,ok,ok,empty,empty,empty,ok,ok,ok,ok,ok,empty,empty,empty,ok
mp-573281,KNa3Al4(GeO4)4,ok,ok,empty,empty,empty,ok,ok,ok,ok,ok,empty,empty,empty,ok
mp-573581,Na2TeSe3,ok,ok,empty,empty,empty,ok,ok,ok,ok,ok,empty,empty,empty,ok
mp-574822,NaC4N3,ok,ok,empty,empty,empty,ok,ok,ok,ok,ok,empty,empty,empty,ok
mp-5784,Na2GeO3,ok,ok,ok,ok,ok,ok,ok,ok,ok,ok,empty,empty,empty,ok
mp-578604,NaCrO2,ok,ok,empty,ok,empty,ok,ok,ok,ok,ok,empty,empty,empty,ok
mp-578949,Na4Mn3P4O15,ok,ok,empty,empty,empty,ok,ok,ok,ok,ok,empty,empty,empty,ok
mp-580541,Cs2NaSmCl6,ok,ok,empty,empty,empty,ok,ok,ok,ok,ok,empty,empty,empty,ok
mp-580589,Cs2NaErCl6,ok,ok,empty,empty,empty,ok,ok,ok,ok,ok,empty,empty,empty,ok
mp-581085,Na7Sr2Fe7F32,ok,ok,empty,empty,empty,ok,ok,ok,ok,ok,empty,empty,empty,ok
mp-581403,K3Na4Si3BF22,ok,ok,empty,empty,empty,ok,ok,ok,ok,ok,empty,empty,empty,ok
mp-581834,CsNa5(WN3)2,ok,ok,empty,empty,empty,ok,ok,ok,ok,ok,empty,empty,empty,ok
mp-581862,Cs2NaAl(PO4)2,ok,ok,empty,empty,empty,ok,ok,ok,ok,ok,empty,empty,empty,ok
mp-581868,NaY(IO3)4,ok,ok,empty,empty,empty,ok,ok,ok,ok,ok,empty,empty,empty,ok
mp-581919,Na6Mo11O36,ok,ok,empty,empty,empty,ok,ok,ok,ok,ok,empty,empty,empty,ok
mp-582483,Na2Th(PO4)2,ok,ok,empty,empty,empty,ok,ok,ok,ok,ok,empty,empty,empty,ok
mp-5830,Na3AsS3,ok,ok,empty,ok,ok,ok,ok,ok,ok,ok,empty,empty,empty,ok
mp-583646,Na2Gd2B2O7,ok,ok,empty,empty,empty,ok,ok,ok,ok,ok,empty,empty,empty,ok
mp-5929,Na5SiP3,ok,ok,ok,empty,empty,ok,ok,ok,ok,ok,empty,empty,empty,ok
mp-5942,NaAsS2,ok,ok,empty,ok,empty,ok,ok,ok,ok,ok,empty,empty,empty,ok
mp-5955,NaSbF6,ok,ok,empty,ok,empty,ok,ok,ok,ok,ok,ok,empty,empty,ok
mp-5996,Na2Ti2Si2O9,ok,ok,empty,empty,empty,ok,ok,ok,ok,ok,empty,empty,empty,ok
mp-600151,KNa2AlH6,ok,ok,empty,empty,empty,ok,ok,ok,ok,ok,empty,empty,empty,ok
mp-601202,NaH2CSO4F3,ok,ok,empty,empty,empty,ok,ok,ok,ok,ok,empty,empty,empty,ok
mp-601228,NaH2CSO4F3,ok,ok,empty,empty,empty,ok,ok,ok,ok,ok,empty,empty,empty,ok
mp-601241,Na3YH12(CO5)3,ok,ok,empty,empty,empty,ok,ok,ok,ok,ok,empty,empty,empty,ok
mp-6017,Na3In(PO4)2,ok,ok,empty,empty,empty,ok,ok,ok,ok,ok,empty,empty,empty,ok
mp-6026,Na2Mg(CO3)2,ok,ok,empty,ok,empty,ok,ok,ok,ok,ok,empty,empty,empty,ok
mp-603572,Na2Mo(H2O3)2,ok,ok,empty,empty,empty,ok,ok,ok,ok,ok,empty,empty,empty,ok
mp-604147,Na2Li(H2N)3,ok,ok,empty,empty,empty,ok,ok,ok,ok,ok,empty,empty,empty,ok
mp-604368,K2NaV5H10O19,ok,ok,empty,empty,empty,ok,ok,ok,ok,ok,empty,empty,empty,ok
mp-604429,NaFe3H6(SO7)2,ok,ok,empty,ok,empty,ok,ok,ok,ok,ok,empty,empty,empty,ok
mp-6046,Na4UC3O11,ok,ok,empty,empty,empty,ok,ok,ok,ok,ok,empty,empty,empty,ok
mp-605018,NaAgH16C4S4(NO5)2,ok,ok,empty,empty,empty,ok,ok,ok,ok,ok,empty,empty,empty,ok
mp-6058,K2NaScF6,ok,ok,ok,empty,empty,ok,ok,ok,ok,ok,empty,empty,empty,ok
mp-6066,NaTaGeO5,ok,ok,empty,ok,empty,ok,ok,ok,ok,ok,empty,empty,empty,ok
mp-6078,Na2Cd3Si3O10,ok,ok,empty,empty,empty,ok,ok,ok,ok,ok,empty,empty,empty,ok
mp-607931,Cs3NaLi2(BO3)2,ok,ok,empty,empty,empty,ok,ok,ok,ok,ok,empty,empty,empty,ok
mp-608490,NaHgCl3,ok,ok,empty,empty,empty,ok,ok,ok,ok,ok,empty,empty,empty,ok
mp-6119,Na2Nd2Ti3O10,ok,ok,empty,empty,empty,ok,ok,ok,ok,ok,empty,empty,empty,ok
mp-6124,NaAl(SiO3)2,ok,ok,empty,empty,empty,ok,ok,ok,ok,ok,empty,empty,empty,ok
mp-6138,Na2TiSiO5,ok,ok,empty,ok,empty,ok,ok,ok,ok,ok,empty,empty,empty,ok
mp-6144,Na2La2Ti3O10,ok,ok,empty,empty,empty,ok,ok,ok,ok,ok,empty,empty,empty,ok
mp-614628,Na3Ca(BO2)5,ok,ok,empty,empty,empty,ok,ok,ok,ok,ok,empty,empty,empty,ok
mp-6150,Na4Zr2(SiO4)3,ok,ok,ok,empty,empty,ok,ok,ok,ok,ok,empty,empty,empty,ok
mp-6153,Na3Li3V2F12,ok,ok,empty,empty,empty,ok,ok,ok,ok,ok,empty,empty,empty,ok
mp-6163,Cs2NaGaF6,ok,ok,empty,ok,empty,ok,ok,ok,ok,ok,empty,empty,empty,ok
mp-616461,Na2ZnCl4,ok,ok,empty,empty,empty,ok,ok,ok,ok,ok,empty,empty,empty,ok
mp-6181,NaNb(CuS2)2,ok,ok,empty,ok,ok,ok,ok,ok,ok,ok,empty,empty,empty,ok
mp-6204,Cs2NaScF6,ok,ok,ok,ok,empty,ok,ok,ok,ok,ok,empty,empty,empty,ok
mp-6213,Na3Sc2V3O12,ok,ok,empty,empty,empty,ok,ok,ok,ok,ok,empty,empty,empty,ok
mp-621926,Na2TiSiO5,ok,ok,empty,empty,empty,ok,ok,ok,ok,ok,empty,empty,empty,ok
mp-622295,NaMo(PO4)2,ok,ok,empty,ok,ok,ok,ok,ok,ok,ok,empty,empty,empty,ok
mp-6226,NaSn4(PO4)3,ok,ok,empty,empty,empty,ok,ok,ok,ok,ok,empty,empty,empty,ok
mp-622602,NaMoAsO6,ok,ok,empty,empty,empty,ok,ok,ok,ok,ok,empty,empty,empty,ok
mp-6228,Na2TiGeO5,ok,ok,ok,empty,empty,ok,ok,ok,ok,ok,empty,empty,empty,ok
mp-6236,Na2BeSiO4,ok,ok,empty,empty,empty,ok,ok,ok,ok,ok,empty,empty,empty,ok
mp-623854,NaNb3O8,ok,ok,empty,empty,empty,ok,ok,ok,ok,ok,empty,empty,empty,ok
mp-6247,Na3Li3Fe2F12,ok,ok,empty,empty,empty,ok,ok,ok,ok,ok,empty,empty,empty,ok
mp-625051,NaHO,ok,ok,empty,ok,ok,ok,ok,ok,ok,ok,empty,empty,empty,ok
mp-625378,NaH9O5,ok,ok,empty,ok,ok,ok,ok,ok,ok,ok,empty,empty,empty,ok
mp-625391,NaH3O2,ok,ok,empty,empty,empty,ok,ok,ok,ok,ok,empty,empty,empty,ok
mp-625455,NaH9O5,ok,ok,empty,ok,ok,ok,ok,ok,ok,ok,empty,empty,empty,ok
mp-625501,NaH9O5,ok,ok,empty,ok,ok,ok,ok,ok,ok,ok,empty,empty,empty,ok
mp-625996,NaHO,ok,ok,empty,ok,ok,ok,ok,ok,ok,ok,empty,empty,empty,ok
mp-626000,NaHO,ok,ok,empty,ok,ok,ok,ok,ok,ok,ok,empty,empty,empty,ok
mp-626165,NaH9O5,ok,ok,empty,ok,ok,ok,ok,ok,ok,ok,empty,empty,empty,ok
mp-626506,NaHO,ok,ok,empty,ok,ok,ok,ok,ok,ok,ok,empty,empty,empty,ok
mp-626554,NaH9O5,ok,ok,empty,ok,ok,ok,ok,ok,ok,ok,empty,empty,empty,ok
mp-626778,NaHO,ok,ok,empty,empty,empty,ok,ok,ok,ok,ok,empty,empty,empty,ok
mp-6273,Ba4Na(SbO4)3,ok,ok,empty,ok,empty,ok,ok,ok,ok,ok,empty,empty,empty,ok
mp-628185,K3NaSn3Se8,ok,ok,empty,empty,empty,ok,ok,ok,ok,ok,empty,empty,empty,ok
mp-628583,NaC2N3,ok,ok,empty,empty,empty,ok,ok,ok,ok,ok,empty,empty,empty,ok
mp-6290,NaInP2O7,ok,ok,empty,empty,empty,ok,ok,ok,ok,ok,empty,empty,empty,ok
mp-6319,Na2MgAlF7,ok,ok,ok,ok,empty,ok,ok,ok,ok,ok,empty,empty,empty,ok
mp-632282,NaHF2,ok,ok,empty,ok,ok,ok,ok,ok,ok,ok,empty,empty,empty,ok
mp-632684,NaPH3NO3,ok,ok,empty,ok,ok,ok,ok,ok,ok,ok,empty,empty,empty,ok
mp-632685,NaH4CNO2,ok,ok,empty,empty,empty,ok,ok,ok,ok,ok,empty,empty,empty,ok
mp-632760,Na2H6PtO6,ok,ok,empty,ok,empty,ok,ok,ok,ok,ok,empty,empty,empty,ok
mp-6331,Na2Y2B2O7,ok,ok,empty,empty,empty,ok,ok,ok,ok,ok,empty,empty,empty,ok
mp-633158,NaTeH6O6F,ok,ok,empty,ok,ok,ok,ok,ok,ok,ok,empty,empty,empty,ok
mp-6333,NaIn(SiO3)2,ok,ok,ok,ok,empty,ok,ok,ok,ok,ok,empty,empty,empty,ok
mp-6336,Na3In(PO4)2,ok,ok,empty,empty,empty,ok,ok,ok,ok,ok,empty,empty,empty,ok
mp-634378,NaHSO4,ok,ok,empty,empty,empty,ok,ok,ok,ok,ok,empty,empty,empty,ok
mp-634410,NaN3,ok,ok,empty,ok,ok,ok,ok,ok,ok,ok,empty,empty,empty,ok
mp-634418,NaCaSiHO4,ok,ok,empty,ok,ok,ok,ok,ok,ok,ok,empty,empty,empty,ok
mp-634434,NaHCN2,ok,ok,empty,empty,empty,ok,ok,ok,ok,ok,empty,empty,empty,ok
mp-634657,NaHS,ok,ok,ok,ok,empty,ok,ok,ok,ok,ok,ok,empty,empty,ok
mp-6358,NaTiPO5,ok,ok,empty,empty,empty,ok,ok,ok,ok,ok,empty,empty,empty,ok
mp-6361,NaSr3NbO6,ok,ok,empty,empty,empty,ok,ok,ok,ok,ok,empty,empty,empty,ok
mp-6391,Na2ZnSiO4,ok,ok,ok,ok,ok,ok,ok,ok,ok,ok,empty,empty,empty,ok
mp-6392,NaBePO4,ok,ok,empty,empty,empty,ok,ok,ok,ok,ok,empty,empty,empty,ok
mp-6397,Na2Ca(SO4)2,ok,ok,empty,empty,empty,ok,ok,ok,ok,ok,empty,empty,empty,ok
mp-6402,Na2ZnGeO4,ok,ok,empty,ok,ok,ok,ok,ok,ok,ok,empty,empty,empty,ok
mp-6406,Na2MgSiO4,ok,ok,empty,ok,ok,ok,ok,ok,ok,ok,empty,empty,empty,ok
mp-640740,Na12B26O45,ok,ok,empty,empty,empty,ok,ok,ok,ok,ok,empty,empty,empty,ok
mp-640915,Na2LaPS2O7,ok,ok,empty,empty,empty,ok,ok,ok,ok,ok,empty,empty,empty,ok
mp-640950,NaB9Se8,ok,ok,empty,empty,empty,ok,ok,ok,ok,ok,empty,empty,empty,ok
mp-6426,Na2MgSiO4,ok,ok,empty,ok,ok,ok,ok,ok,ok,ok,empty,empty,empty,ok
mp-643001,Na4H6Ru,ok,ok,empty,ok,empty,ok,ok,ok,ok,ok,empty,empty,empty,ok
mp-643248,Na2AlH4ClO4,ok,ok,empty,empty,empty,ok,ok,ok,ok,ok,empty,empty,empty,ok
mp-643260,Na2H4Pd,ok,ok,ok,ok,empty,ok,ok,ok,ok,ok,ok,empty,empty,ok
mp-643263,Na3VH6O7,ok,ok,empty,ok,ok,ok,ok,ok,ok,ok,empty,empty,empty,ok
mp-643394,NaInH8(NF3)2,ok,ok,empty,empty,empty,ok,ok,ok,ok,ok,empty,empty,empty,ok
mp-643658,Na3MgP2HO8,ok,ok,empty,empty,empty,ok,ok,ok,ok,ok,empty,empty,empty,ok
mp-643776,Na2ZnH4(SeO5)2,ok,ok,empty,ok,empty,ok,ok,ok,ok,ok,empty,empty,empty,ok
mp-643788,Na2Sn(HO)6,ok,ok,empty,empty,empty,ok,ok,ok,ok,ok,empty,empty,empty,ok
mp-643896,Na2Hf(HO)6,ok,ok,empty,empty,empty,ok,ok,ok,ok,ok,empty,empty,empty,ok
mp-644092,Na2LiAlH6,ok,ok,empty,empty,empty,ok,ok,ok,ok,ok,empty,empty,empty,ok
mp-644245,Na2PH3O5,ok,ok,empty,empty,empty,ok,ok,ok,ok,ok,empty,empty,empty,ok
mp-644276,Na2Sn(H2N)6,ok,ok,empty,empty,empty,ok,ok,ok,ok,ok,empty,empty,empty,ok
mp-644302,NaHSeO4,ok,ok,empty,empty,empty,ok,ok,ok,ok,ok,empty,empty,empty,ok
mp-644318,NaV3H6(SO7)2,ok,ok,empty,empty,empty,ok,ok,ok,ok,ok,empty,empty,empty,ok
mp-644506,NaAlH2CO5,ok,ok,empty,ok,empty,ok,ok,ok,ok,ok,empty,empty,empty,ok
mp-645295,Na4CO4,ok,ok,empty,empty,empty,ok,ok,ok,ok,ok,empty,empty,empty,ok
mp-645487,Na2Co(NO3)4,ok,ok,empty,empty,empty,ok,ok,ok,ok,ok,empty,empty,empty,ok
mp-6455,NaNd(SO4)2,ok,ok,empty,empty,empty,ok,ok,ok,ok,ok,empty,empty,empty,ok
mp-646116,Na3MgC2BrO6,ok,ok,empty,empty,empty,ok,ok,ok,ok,ok,empty,empty,empty,ok
mp-646192,NaCrF6,ok,ok,empty,empty,empty,ok,ok,ok,ok,ok,empty,empty,empty,ok
mp-647450,NaCa2TiSi2O8F,ok,ok,empty,empty,empty,ok,ok,ok,ok,ok,empty,empty,empty,ok
mp-6475,NaZr2(PO4)3,ok,ok,empty,empty,empty,ok,ok,ok,ok,ok,empty,empty,empty,ok
mp-648,Na2S,ok,ok,ok,ok,empty,ok,ok,ok,ok,ok,ok,empty,empty,ok
mp-648053,NaPO3,ok,ok,empty,empty,empty,ok,ok,ok,ok,ok,empty,empty,empty,ok
mp-648072,NaPO3,ok,ok,empty,empty,empty,ok,ok,ok,ok,ok,empty,empty,empty,ok
mp-6481,Na2ZnSi3O8,ok,ok,empty,empty,empty,ok,ok,ok,ok,ok,empty,empty,empty,ok
mp-648140,Na2Al2S3(Cl4O3)2,ok,ok,empty,empty,empty,ok,ok,ok,ok,ok,empty,empty,empty,ok
mp-648745,NaTiFeO4,ok,ok,empty,empty,empty,ok,ok,ok,ok,ok,empty,empty,empty,ok
mp-648893,Na4V2O7,ok,ok,empty,empty,empty,ok,ok,ok,ok,ok,empty,empty,empty,ok
mp-648992,Na6Mo10O33,ok,ok,empty,empty,empty,ok,ok,ok,ok,ok,empty,empty,empty,ok
mp-6491,Na2ZnP2O7,ok,ok,empty,empty,empty,ok,ok,ok,ok,ok,empty,empty,empty,ok
mp-649722,NaAlSiO4,ok,ok,empty,empty,empty,ok,ok,ok,ok,ok,empty,empty,empty,ok
mp-6507,Na2Zn2Si2O7,ok,ok,empty,ok,ok,ok,ok,ok,ok,ok,empty,empty,empty,ok
mp-650929,Na2Ti9O19,ok,ok,empty,empty,empty,ok,ok,ok,ok,ok,empty,empty,empty,ok
mp-651301,NaIn(MoO4)2,ok,ok,empty,empty,empty,ok,ok,ok,ok,ok,empty,empty,empty,ok
mp-6514,NaLaTiO4,ok,ok,empty,empty,empty,ok,ok,ok,ok,ok,empty,empty,empty,ok
mp-6525,NaSn2(PO4)3,ok,ok,empty,empty,empty,ok,ok,ok,ok,ok,empty,empty,empty,ok
mp-6526,NaGeSbO5,ok,ok,empty,ok,empty,ok,ok,ok,ok,ok,empty,empty,empty,ok
mp-6527,Na3Li3In2F12,ok,ok,empty,empty,empty,ok,ok,ok,ok,ok,empty,empty,empty,ok
mp-6528,Cs2NaAlF6,ok,ok,empty,ok,empty,ok,ok,ok,ok,ok,empty,empty,empty,ok
mp-654664,KNa2AlH6,ok,ok,empty,empty,empty,ok,ok,ok,empty,ok,empty,empty,empty,ok
mp-6566,NaZnAsO4,ok,ok,empty,empty,empty,ok,ok,ok,ok,ok,empty,empty,empty,ok
mp-657344,Na12B26O45,ok,ok,empty,empty,empty,ok,ok,ok,ok,ok,empty,empty,empty,ok
mp-657378,Na3Si2PO8,ok,ok,empty,empty,empty,ok,ok,ok,ok,ok,empty,empty,empty,ok
mp-6575,Ba4Na(BO3)3,ok,ok,empty,empty,empty,ok,ok,ok,ok,ok,empty,empty,empty,ok
mp-6586,K2NaAlF6,ok,ok,ok,ok,empty,ok,ok,ok,ok,ok,empty,empty,empty,ok
mp-658695,Na3Ca2BiO6,ok,ok,empty,empty,empty,ok,ok,ok,ok,ok,empty,empty,empty,ok
mp-6604,Na2LiAlF6,ok,ok,empty,empty,empty,ok,ok,ok,ok,ok,empty,empty,empty,ok
mp-662522,Na2Zn(SiO3)2,ok,ok,empty,empty,empty,ok,ok,ok,ok,ok,empty,empty,empty,ok
mp-662605,Na2Si4O9,ok,ok,empty,empty,empty,ok,ok,ok,ok,ok,empty,empty,empty,ok
mp-662810,Na5Lu(SiO3)4,ok,ok,empty,empty,empty,ok,ok,ok,ok,ok,empty,empty,empty,ok
mp-6633,NaCSN,ok,ok,ok,ok,empty,ok,ok,ok,ok,ok,empty,empty,empty,ok
mp-664362,NaAg(NO2)2,ok,ok,empty,empty,empty,ok,ok,ok,ok,ok,empty,empty,empty,ok
mp-6660,BaNaBO3,ok,ok,empty,ok,empty,ok,ok,ok,ok,ok,empty,empty,empty,ok
mp-6663,NaLiGe4O9,ok,ok,empty,empty,empty,ok,ok,ok,ok,ok,empty,empty,empty,ok
mp-667200,NaCa2TiSi2O8F,ok,ok,empty,empty,empty,ok,ok,ok,ok,ok,empty,empty,empty,ok
mp-667374,NaAlSiO4,ok,ok,empty,empty,empty,ok,ok,ok,ok,ok,empty,empty,empty,ok
mp-667386,Na3Sr4Al5F26,ok,ok,empty,empty,empty,ok,ok,ok,ok,ok,empty,empty,empty,ok
mp-6675,Na2Zn(SiO3)2,ok,ok,empty,ok,ok,ok,ok,ok,ok,ok,empty,empty,empty,ok
mp-6684,NaCdPO4,ok,ok,empty,ok,empty,ok,ok,ok,ok,ok,empty,empty,empty,ok
mp-6686,K2NaInF6,ok,ok,ok,empty,empty,ok,ok,ok,ok,ok,empty,empty,empty,ok
mp-669384,Cs2NaCo(CN)6,ok,ok,empty,empty,empty,ok,ok,ok,ok,ok,empty,empty,empty,ok
mp-669528,Na2UO4,ok,ok,empty,empty,empty,ok,ok,ok,ok,ok,empty,empty,empty,ok
mp-6699,NaMgPO4,ok,ok,empty,empty,empty,ok,ok,ok,ok,ok,empty,empty,empty,ok
mp-6702,Na7In4P9O32,ok,ok,empty,empty,empty,ok,ok,ok,ok,ok,empty,empty,empty,ok
mp-6711,Na3Li3Al2F12,ok,ok,empty,empty,empty,ok,ok,ok,ok,ok,empty,empty,empty,ok
mp-6712,NaLuGeO4,ok,ok,empty,empty,empty,ok,ok,ok,ok,ok,empty,empty,empty,ok
mp-672212,NaNb13O33,ok,ok,empty,empty,empty,ok,ok,ok,ok,ok,empty,empty,empty,ok
mp-672223,Na2Zn2(TeO3)3,ok,ok,empty,empty,empty,ok,ok,ok,ok,ok,empty,empty,empty,ok
mp-673702,Na2CeO3,ok,ok,empty,empty,empty,ok,ok,ok,ok,ok,empty,empty,empty,ok
mp-673807,Na3Sm7Cl24,ok,ok,empty,empty,empty,ok,ok,ok,ok,ok,empty,empty,empty,ok
mp-6741,NaLa(PO3)4,ok,ok,empty,empty,empty,ok,ok,ok,ok,ok,empty,empty,empty,ok
mp-674297,NaNO3,ok,ok,empty,empty,empty,ok,ok,ok,ok,ok,empty,empty,empty,ok
mp-674333,Na3PO4,ok,ok,empty,empty,empty,ok,ok,ok,ok,ok,empty,empty,empty,ok
mp-674459,NaErF4,ok,ok,empty,empty,empty,ok,ok,ok,ok,ok,empty,empty,empty,ok
mp-674492,Na2U2O7,ok,ok,empty,empty,empty,ok,ok,ok,ok,ok,empty,empty,empty,ok
mp-675104,Na3YCl6,ok,ok,ok,ok,empty,ok,ok,ok,ok,ok,empty,empty,empty,ok
mp-675161,NaYF4,ok,ok,empty,empty,empty,ok,ok,ok,ok,ok,empty,empty,empty,ok
mp-675199,NaPrS2,ok,ok,empty,empty,empty,ok,ok,ok,ok,ok,empty,empty,empty,ok
mp-675230,NaLaS2,ok,ok,empty,empty,empty,ok,ok,ok,ok,ok,empty,empty,empty,ok
mp-675237,Na3GdI6,ok,ok,empty,empty,empty,ok,ok,ok,ok,ok,empty,empty,empty,ok
mp-675397,NaFe2O3,ok,ok,empty,empty,empty,ok,ok,ok,ok,ok,empty,empty,empty,ok
mp-675531,NaBiS2,ok,ok,ok,ok,ok,ok,ok,ok,ok,ok,empty,empty,empty,ok
mp-675555,Na3Nd5Cl18,ok,ok,empty,empty,empty,ok,ok,ok,ok,ok,empty,empty,empty,ok
mp-675693,Na2CdO2,ok,ok,empty,empty,empty,ok,ok,ok,ok,ok,empty,empty,empty,ok
mp-675778,NaY2F7,ok,ok,empty,ok,empty,ok,ok,ok,ok,ok,empty,empty,empty,ok
mp-675798,NaHoF4,ok,ok,ok,empty,empty,ok,ok,ok,ok,ok,empty,empty,empty,ok
mp-6760,Na3La9B8O27,ok,ok,empty,empty,empty,ok,ok,ok,ok,ok,empty,empty,empty,ok
mp-676014,NaAl11O17,ok,ok,empty,empty,empty,ok,ok,ok,ok,ok,empty,empty,empty,ok
mp-676023,NaY3F10,ok,ok,empty,ok,empty,ok,ok,ok,ok,ok,empty,empty,empty,ok
mp-676074,Na2ThF6,ok,ok,empty,empty,empty,ok,ok,ok,ok,ok,empty,empty,empty,ok
mp-676095,Na3Pr5Cl18,ok,ok,empty,empty,empty,ok,ok,ok,ok,ok,empty,empty,empty,ok
mp-6761,NaTi2(PO4)3,ok,ok,empty,empty,empty,ok,ok,ok,ok,ok,empty,empty,empty,ok
mp-676280,NaTaO3,ok,ok,empty,empty,empty,ok,ok,ok,ok,ok,empty,empty,empty,ok
mp-676360,NaNdS2,ok,ok,empty,empty,empty,ok,ok,ok,ok,ok,empty,empty,empty,ok
mp-676431,Na4Al3Si9ClO24,ok,ok,empty,empty,empty,ok,ok,ok,ok,ok,empty,empty,empty,ok
mp-676447,Na2LiLa3Ti6O18,ok,ok,empty,empty,empty,ok,ok,ok,ok,ok,empty,empty,empty,ok
mp-676467,Na3Al2P2O8F3,ok,ok,empty,empty,empty,ok,ok,ok,ok,ok,empty,empty,empty,ok
mp-676483,NaLiZnP2O7,ok,ok,empty,ok,ok,ok,ok,ok,ok,ok,empty,empty,empty,ok
mp-676512,Na3AlF6,ok,ok,ok,empty,empty,ok,ok,ok,ok,ok,empty,empty,empty,ok
mp-676527,Na4PH5Se3O16,ok,ok,empty,empty,empty,ok,ok,ok,ok,ok,empty,empty,empty,ok
mp-676673,NaClO2,ok,ok,empty,empty,empty,ok,ok,ok,ok,ok,empty,empty,empty,ok
mp-676779,NaHo2F7,ok,ok,empty,empty,empty,ok,ok,ok,ok,ok,empty,empty,empty,ok
mp-676975,Ba3Na7Ti3Nb7O30,ok,ok,empty,empty,empty,ok,ok,ok,ok,ok,empty,empty,empty,ok
mp-676988,Na3HoTi2Nb2O12,ok,ok,empty,empty,empty,ok,ok,ok,ok,ok,empty,empty,empty,ok
mp-676991,NaAlSi2H2O7,ok,ok,empty,empty,empty,ok,ok,ok,ok,ok,empty,empty,empty,ok
mp-677013,Na3Pb2S3ClO12,ok,ok,empty,empty,empty,ok,ok,ok,ok,ok,empty,empty,empty,ok
mp-677015,Na3Sm17Si12(O25F)2,ok,ok,empty,empty,empty,ok,ok,ok,ok,ok,empty,empty,empty,ok
mp-677027,NaCa9TaTi9O30,ok,ok,empty,empty,empty,ok,ok,ok,ok,ok,empty,empty,empty,ok
mp-677042,Na7Zr4Si5PO24,ok,ok,empty,empty,empty,ok,ok,ok,ok,ok,empty,empty,empty,ok
mp-677095,Na2CaSn2(GeO4)3,ok,ok,empty,empty,empty,ok,ok,ok,ok,ok,empty,empty,empty,ok
mp-677179,BaNaIn2(PO4)3,ok,ok,empty,empty,empty,ok,ok,ok,ok,ok,empty,empty,empty,ok
mp-677223,NaCaAl3(SiO4)3,ok,ok,empty,empty,empty,ok,ok,ok,ok,ok,empty,empty,empty,ok
mp-677233,NaAl3Tl2(SiO4)3,ok,ok,empty,empty,empty,ok,ok,ok,ok,ok,empty,empty,empty,ok
mp-677336,Na10Zr6Si7(PO18)2,ok,ok,empty,empty,empty,ok,ok,ok,ok,ok,empty,empty,empty,ok
mp-677384,NaLaH2S2O9,ok,ok,empty,empty,empty,ok,ok,ok,ok,ok,empty,empty,empty,ok
mp-677416,Na5Mg5In3(SO4)12,ok,ok,empty,empty,empty,ok,ok,ok,ok,ok,empty,empty,empty,ok
mp-677430,NaLiLa2Ti4O12,ok,ok,empty,empty,empty,ok,ok,ok,ok,ok,empty,empty,empty,ok
mp-677431,Na3SrTiNb3O12,ok,ok,empty,empty,empty,ok,ok,ok,ok,ok,empty,empty,empty,ok
mp-677437,Na3Zr2Si2PO12,ok,ok,empty,empty,empty,ok,ok,ok,ok,ok,empty,empty,empty,ok
mp-677499,Na5Ti7Al(PO4)12,ok,ok,empty,empty,empty,ok,ok,ok,ok,ok,empty,empty,empty,ok
mp-6775,Na3Sr(BO2)5,ok,ok,empty,empty,empty,ok,ok,ok,ok,ok,empty,empty,empty,ok
mp-677528,Na11Zr8Si7P5O48,ok,ok,empty,empty,empty,ok,ok,ok,ok,ok,empty,empty,empty,ok
mp-677551,Na6MgAl4Si13O36,ok,ok,empty,empty,empty,ok,ok,ok,ok,ok,empty,empty,empty,ok
mp-677572,Na8Al11Si13(AgO16)3,ok,ok,empty,empty,empty,ok,ok,ok,ok,ok,empty,empty,empty,ok
mp-677573,NaCa2Mg2(AsO4)3,ok,ok,empty,empty,empty,ok,ok,ok,ok,ok,empty,empty,empty,ok
mp-677638,Na27Ca3Al5(P2O7)12,ok,ok,empty,empty,empty,ok,ok,ok,ok,ok,empty,empty,empty,ok
mp-677670,Na2Al2Si3(HO3)4,ok,ok,empty,empty,empty,ok,ok,ok,ok,ok,empty,empty,empty,ok
mp-677692,Na20Zr11Si10(PO9)8,ok,ok,empty,empty,empty,ok,ok,ok,ok,ok,empty,empty,empty,ok
mp-677709,Na3Sr7Ti7Nb3O30,ok,ok,empty,empty,empty,ok,ok,ok,ok,ok,empty,empty,empty,ok
mp-677731,Rb2NaNb6(PO8)3,ok,ok,empty,empty,empty,ok,ok,ok,ok,ok,empty,empty,empty,ok
mp-677743,Na3Ca2Ta3Ti2O15,ok,ok,empty,empty,empty,ok,ok,ok,ok,ok,empty,empty,empty,ok
mp-6783,NaLiSO4,ok,ok,empty,ok,ok,ok,ok,ok,ok,ok,empty,empty,empty,ok
mp-679669,NaZr2SN2Cl,ok,ok,empty,ok,empty,ok,ok,ok,ok,ok,empty,empty,empty,ok
mp-6798,Ba2NaReO6,ok,ok,empty,empty,empty,ok,ok,ok,ok,ok,empty,empty,empty,ok
mp-679958,Na3Nd2(NO3)9,ok,ok,empty,empty,empty,ok,ok,ok,ok,ok,empty,empty,empty,ok
mp-680169,Na21S7Cl(O14F3)2,ok,ok,empty,empty,empty,ok,ok,ok,ok,ok,empty,empty,empty,ok
mp-680381,K2Na2Gd4Nb2O13,ok,ok,empty,empty,empty,ok,ok,ok,ok,ok,empty,empty,empty,ok
mp-680472,NaMo6Br13,ok,ok,empty,empty,empty,ok,ok,ok,ok,ok,empty,empty,empty,ok
mp-680756,Na4TiP2O9,ok,ok,empty,empty,empty,ok,ok,ok,ok,ok,empty,empty,empty,ok
mp-682,NaF,ok,ok,ok,ok,empty,ok,ok,ok,ok,ok,empty,empty,empty,ok
mp-6822,NaGa(SiO3)2,ok,ok,ok,empty,empty,ok,ok,ok,ok,ok,empty,empty,empty,ok
mp-6824,Na2ZrSi4O11,ok,ok,ok,empty,empty,ok,ok,ok,ok,ok,empty,empty,empty,ok
mp-683773,NaCoPO4,ok,ok,empty,empty,empty,ok,ok,ok,ok,ok,empty,empty,empty,ok
mp-6838,Na2LiFe(Si2O5)3,ok,ok,empty,empty,empty,ok,ok,ok,ok,ok,empty,empty,empty,ok
mp-683943,Na2MoC3SeN3,ok,ok,empty,empty,empty,ok,ok,ok,ok,ok,empty,empty,empty,ok
mp-683990,Na3Mg(BO2)5,ok,ok,empty,empty,empty,ok,ok,ok,ok,ok,empty,empty,empty,ok
mp-6841,Ba4NaCu(CO5)2,ok,ok,empty,ok,ok,ok,ok,ok,ok,ok,empty,empty,empty,ok
mp-684696,BaNa4Ti2Si10(BO15)2,ok,ok,empty,empty,empty,ok,ok,ok,ok,ok,empty,empty,empty,ok
mp-684783,Na2Pr4Br9NO,ok,ok,empty,empty,empty,ok,ok,ok,ok,ok,empty,empty,empty,ok
mp-684816,K2NaNb(OF2)2,ok,ok,empty,ok,ok,ok,ok,ok,ok,ok,empty,empty,empty,ok
mp-684821,NaCa2SiO4F,ok,ok,empty,empty,empty,ok,ok,ok,ok,ok,empty,empty,empty,ok
mp-684833,Na8Al6Si6O25,ok,ok,empty,empty,empty,ok,ok,ok,ok,ok,empty,empty,empty,ok
mp-684864,Na6Al4Fe(Si4O13)2,ok,ok,empty,empty,empty,ok,ok,ok,ok,ok,empty,empty,empty,ok
mp-684868,Na2Al2Si3(HO3)4,ok,ok,empty,empty,empty,ok,ok,ok,ok,ok,empty,empty,empty,ok
mp-684912,NaCa3Fe4(SiO3)8,ok,ok,empty,empty,empty,ok,ok,ok,ok,ok,empty,empty,empty,ok
mp-684921,Na3CaAl4Si8ClO24,ok,ok,empty,empty,empty,ok,ok,ok,ok,ok,empty,empty,empty,ok
mp-684950,KNaZr2Be(PO4)4,ok,ok,empty,empty,empty,ok,ok,ok,ok,ok,empty,empty,empty,ok
mp-684991,NaCaScZn(SiO3)4,ok,ok,empty,empty,empty,ok,ok,ok,ok,ok,empty,empty,empty,ok
mp-685415,Na3SmBr6,ok,ok,empty,empty,empty,ok,ok,ok,ok,ok,empty,empty,empty,ok
mp-685478,Na2PdO3,ok,ok,empty,empty,empty,ok,ok,ok,ok,ok,empty,empty,empty,ok
mp-6855,K2NaAg3(CN)6,ok,ok,empty,empty,empty,ok,ok,ok,ok,ok,empty,empty,empty,ok
mp-6860,Na3AlP3NO9,ok,ok,empty,empty,empty,ok,ok,ok,ok,ok,empty,empty,empty,ok
mp-686310,BaNa2Al4(SiO4)4,ok,ok,empty,empty,empty,ok,ok,ok,ok,ok,empty,empty,empty,ok
mp-686311,Na7Bi3P12(Pb5O24)2,ok,ok,empty,empty,empty,ok,ok,ok,ok,ok,empty,empty,empty,ok
mp-686312,Na3Zr2Si2PO12,ok,ok,empty,empty,empty,ok,ok,ok,ok,ok,empty,empty,empty,ok
mp-686371,Na11La7Th2Ti20O60,ok,ok,empty,empty,empty,ok,ok,ok,ok,ok,empty,empty,empty,ok
mp-686526,NaCaAlSi2O7,ok,ok,empty,empty,empty,ok,ok,ok,ok,ok,empty,empty,empty,ok
mp-686540,Na3Al2P2O8F3,ok,ok,empty,empty,empty,ok,ok,ok,ok,ok,empty,empty,empty,ok
mp-686543,NaSm9Si6(SO12)2,ok,ok,empty,empty,empty,ok,ok,ok,ok,ok,empty,empty,empty,ok
mp-686572,NaPr9Si6(SO12)2,ok,ok,empty,empty,empty,ok,ok,ok,ok,ok,empty,empty,empty,ok
mp-686583,Na5Zr4Si3(PO8)3,ok,ok,empty,empty,empty,ok,ok,ok,ok,ok,empty,empty,empty,ok
mp-686588,RbNa10Al11Si13O48,ok,ok,empty,empty,empty,ok,ok,ok,ok,ok,empty,empty,empty,ok
mp-686601,Na3MgAlSi7O18,ok,ok,empty,empty,empty,ok,ok,ok,ok,ok,empty,empty,empty,ok
mp-686697,Na3Sr4Nd3Ti10O30,ok,ok,empty,empty,empty,ok,ok,ok,ok,ok,empty,empty,empty,ok
mp-686722,Na3TlH24(ClO2)6,ok,ok,empty,empty,empty,ok,ok,ok,ok,ok,empty,empty,empty,ok
mp-686729,Na7AlSn11(PO4)18,ok,ok,empty,empty,empty,ok,ok,ok,ok,ok,empty,empty,empty,ok
mp-686735,NaCaAlSi2O7,ok,ok,empty,empty,empty,ok,ok,ok,ok,ok,empty,empty,empty,ok
mp-6875,BaNa2Al4(SiO4)4,ok,ok,empty,empty,empty,ok,ok,ok,ok,ok,empty,empty,empty,ok
mp-6892,Na6Mg2C4SO16,ok,ok,empty,empty,empty,ok,ok,ok,ok,ok,empty,empty,empty,ok
mp-689577,Na,ok,ok,empty,empty,empty,ok,ok,ok,ok,ok,empty,empty,empty,ok
mp-6896,Rb2NaCo(CN)6,ok,ok,empty,empty,empty,ok,ok,ok,ok,ok,empty,empty,empty,ok
mp-689927,Na3DyTi2Nb2O12,ok,ok,empty,empty,empty,ok,ok,ok,ok,ok,empty,empty,empty,ok
mp-690200,Na2Nb18Tl7(PO8)9,ok,ok,empty,empty,empty,ok,ok,ok,ok,ok,empty,empty,empty,ok
mp-6903,Na2Ca4ZrNbSi4O17F,ok,ok,empty,empty,empty,ok,ok,ok,ok,ok,empty,empty,empty,ok
mp-690372,K2NaMo(OF)3,ok,ok,empty,ok,ok,ok,ok,ok,ok,ok,empty,empty,empty,ok
mp-690382,Na3MgZr(PO4)3,ok,ok,empty,empty,empty,ok,ok,ok,ok,ok,empty,empty,empty,ok
mp-690548,NaMgFe(SO4)3,ok,ok,empty,empty,empty,ok,ok,ok,ok,ok,empty,empty,empty,ok
mp-690653,NaH3CN4O,ok,ok,empty,empty,empty,ok,ok,ok,ok,ok,empty,empty,empty,ok
mp-690684,Na2BH4ClO4,ok,ok,empty,empty,empty,ok,ok,ok,ok,ok,empty,empty,empty,ok
mp-690785,Na2H6Pt,ok,ok,ok,ok,empty,ok,ok,ok,ok,ok,ok,empty,empty,ok
mp-690914,KNaMg5(Si2O5)6,ok,ok,empty,empty,empty,ok,ok,ok,ok,ok,empty,empty,empty,ok
mp-690977,NaP3(PbO3)4,ok,ok,empty,ok,ok,ok,ok,ok,ok,ok,empty,empty,empty,ok
mp-690987,Na7Al10Si14(AgO16)3,ok,ok,empty,empty,empty,ok,ok,ok,ok,ok,empty,empty,empty,ok
mp-691091,Na2Al2Si3(HO3)4,ok,ok,empty,empty,empty,ok,ok,ok,ok,ok,empty,empty,empty,ok
mp-693144,Na9CaTa9TiO30,ok,ok,empty,empty,empty,ok,ok,ok,ok,ok,empty,empty,empty,ok
mp-693393,Na13Ca7S12Cl2O48F,ok,ok,empty,empty,empty,ok,ok,ok,ok,ok,empty,empty,empty,ok
mp-693463,NaCa3ScZn3(SiO3)8,ok,ok,empty,empty,empty,ok,ok,ok,ok,ok,empty,empty,empty,ok
mp-693605,Na3Mg4CrSi8(O11F)2,ok,ok,empty,empty,empty,ok,ok,ok,ok,ok,empty,empty,empty,ok
mp-693612,NaCa3SmP3O12F,ok,ok,empty,empty,empty,ok,ok,ok,ok,ok,empty,empty,empty,ok
mp-693682,Na25Zr11Sc5Si12(PO8)12,ok,ok,empty,empty,empty,ok,ok,ok,ok,ok,empty,empty,empty,ok
mp-693746,Na17Zr7Sc5Si6(PO6)12,ok,ok,empty,empty,empty,ok,ok,ok,ok,ok,empty,empty,empty,ok
mp-693753,BaNa5Ca7P6(O8F)3,ok,ok,empty,empty,empty,ok,ok,ok,ok,ok,empty,empty,empty,ok
mp-693857,NaLi2Al3(SiO4)3,ok,ok,empty,empty,empty,ok,ok,ok,ok,ok,empty,empty,empty,ok
mp-694044,Na3Ca7Ta3Ti7O30,ok,ok,empty,empty,empty,ok,ok,ok,ok,ok,empty,empty,empty,ok
mp-694049,NaCa4TaTi4(SiO5)5,ok,ok,empty,empty,empty,ok,ok,ok,ok,ok,empty,empty,empty,ok
mp-6948,KNaO,ok,ok,empty,ok,empty,ok,ok,ok,ok,ok,empty,empty,empty,ok
mp-694876,NaSr2LaTi4O12,ok,ok,empty,empty,empty,ok,ok,ok,ok,ok,empty,empty,empty,ok
mp-694890,NaCaFe2(SiO3)4,ok,ok,empty,empty,empty,ok,ok,ok,ok,ok,empty,empty,empty,ok
mp-694918,NaCa2V3(CoO6)2,ok,ok,empty,empty,empty,ok,ok,ok,ok,ok,empty,empty,empty,ok
mp-694930,Na2FeSn(PO4)3,ok,ok,empty,empty,empty,ok,ok,ok,ok,ok,empty,empty,empty,ok
mp-694942,BaNa5LiCo5F18,ok,ok,empty,empty,empty,ok,ok,ok,ok,ok,empty,empty,empty,ok
mp-694955,NaLi2La3Ti6O18,ok,ok,empty,empty,empty,ok,ok,ok,ok,ok,empty,empty,empty,ok
mp-694958,Na2Li5Al7Si29O72,ok,ok,empty,empty,empty,ok,ok,ok,ok,ok,empty,empty,empty,ok
mp-694961,Na9Sr2Nd9Ti20O60,ok,ok,empty,empty,empty,ok,ok,ok,ok,ok,empty,empty,empty,ok
mp-694964,Na4MnAl3Si3O16,ok,ok,empty,empty,empty,ok,ok,ok,ok,ok,empty,empty,empty,ok
mp-694979,Na2TiFe(PO4)3,ok,ok,empty,empty,empty,ok,ok,ok,ok,ok,empty,empty,empty,ok
mp-694981,Na4Al3Si3B(HO3)4,ok,ok,empty,empty,empty,ok,ok,ok,ok,ok,empty,empty,empty,ok
mp-694985,Na2Sc4Zn2(MoO4)9,ok,ok,empty,empty,empty,ok,ok,ok,ok,ok,empty,empty,empty,ok
mp-694988,Na3Ca10Mn7V12O48,ok,ok,empty,empty,empty,ok,ok,ok,ok,ok,empty,empty,empty,ok
mp-694997,K4Na2FeH3F12,ok,ok,empty,empty,empty,ok,ok,ok,ok,ok,empty,empty,empty,ok
mp-694999,Na3V2P2O10F,ok,ok,empty,empty,empty,ok,ok,ok,ok,ok,empty,empty,empty,ok
mp-695056,Na6CaZr(SiO3)6,ok,ok,empty,empty,empty,ok,ok,ok,ok,ok,empty,empty,empty,ok
mp-695074,KNa3Al4(SiO4)4,ok,ok,empty,empty,empty,ok,ok,ok,ok,ok,empty,empty,empty,ok
mp-695119,Na3Zr2Si2PO12,ok,ok,empty,empty,empty,ok,ok,ok,ok,ok,empty,empty,empty,ok
mp-695154,Na7Bi3P12(Pb5O24)2,ok,ok,empty,empty,empty,ok,ok,ok,ok,ok,empty,empty,empty,ok
mp-695175,Na3Sr14Nd3Ti20O60,ok,ok,empty,empty,empty,ok,ok,ok,ok,ok,empty,empty,empty,ok
mp-695213,Na9Sr2La9Ti20O60,ok,ok,empty,empty,empty,ok,ok,ok,ok,ok,empty,empty,empty,ok
mp-695243,Na2SrLa2Ti5O15,ok,ok,empty,empty,empty,ok,ok,ok,ok,ok,empty,empty,empty,ok
mp-695305,NaCS(OF)3,ok,ok,empty,empty,empty,ok,ok,ok,ok,ok,empty,empty,empty,ok
mp-695354,Na3Zr2Si2PO12,ok,ok,empty,empty,empty,ok,ok,ok,ok,ok,empty,empty,empty,ok
mp-695373,Na4Al11Si13Ag7O48,ok,ok,empty,empty,empty,ok,ok,ok,ok,ok,empty,empty,empty,ok
mp-695390,Na13Zr7Si5P7O48,ok,ok,empty,empty,empty,ok,ok,ok,ok,ok,empty,empty,empty,ok
mp-695396,Na3SrTiNb3O12,ok,ok,empty,empty,empty,ok,ok,ok,ok,ok,empty,empty,empty,ok
mp-695409,Ba7Na3Ti7Nb3O30,ok,ok,empty,empty,empty,ok,ok,ok,ok,ok,empty,empty,empty,ok
mp-695426,Na7Ca3Ta7Ti3O30,ok,ok,empty,empty,empty,ok,ok,ok,ok,ok,empty,empty,empty,ok
mp-695427,Na13Zr7Si5P7O48,ok,ok,empty,empty,empty,ok,ok,ok,ok,ok,empty,empty,empty,ok
mp-695470,NaSr8NdTi10O30,ok,ok,empty,empty,empty,ok,ok,ok,ok,ok,empty,empty,empty,ok
mp-695476,NaSr8LaTi10O30,ok,ok,empty,empty,empty,ok,ok,ok,ok,ok,empty,empty,empty,ok
mp-695491,Na3Ca2Fe5(SiO3)10,ok,ok,empty,empty,empty,ok,ok,ok,ok,ok,empty,empty,empty,ok
mp-695506,Na3Ca7Ti7Nb3O30,ok,ok,empty,empty,empty,ok,ok,ok,ok,ok,empty,empty,empty,ok
mp-695511,Na2CaTi2(GeO4)3,ok,ok,empty,empty,empty,ok,ok,ok,ok,ok,empty,empty,empty,ok
mp-695512,Na3LaTi2Nb2O12,ok,ok,empty,empty,empty,ok,ok,ok,ok,ok,empty,empty,empty,ok
mp-695514,NaSr2NdTi4O12,ok,ok,empty,empty,empty,ok,ok,ok,ok,ok,empty,empty,empty,ok
mp-695515,Na13Zr8Si9(PO16)3,ok,ok,empty,empty,empty,ok,ok,ok,ok,ok,empty,empty,empty,ok
mp-695559,Na13Ca7S12Cl2O48F,ok,ok,empty,empty,empty,ok,ok,ok,ok,ok,empty,empty,empty,ok
mp-695571,Na5Ca6Nd5Zr16O48,ok,ok,empty,empty,empty,ok,ok,ok,ok,ok,empty,empty,empty,ok
mp-695582,Na3Sr4La3Ti10O30,ok,ok,empty,empty,empty,ok,ok,ok,ok,ok,empty,empty,empty,ok
mp-695597,NaMg3Si4O11F,ok,ok,empty,empty,empty,ok,ok,ok,ok,ok,empty,empty,empty,ok
mp-695601,Na7Al12Si12H6ClO48,ok,ok,empty,empty,empty,ok,ok,ok,ok,ok,empty,empty,empty,ok
mp-695608,Rb8BaNaAl11Si13O48,ok,ok,empty,empty,empty,ok,ok,ok,ok,ok,empty,empty,empty,ok
mp-695648,KNa6Al7Si9O32,ok,ok,empty,empty,empty,ok,ok,ok,ok,ok,empty,empty,empty,ok
mp-695935,Na6ZnH4(S2O9)2,ok,ok,empty,empty,empty,ok,ok,ok,ok,ok,empty,empty,empty,ok
mp-695945,Na2H4RuC5(N2O)3,ok,ok,empty,empty,empty,ok,ok,ok,ok,ok,empty,empty,empty,ok
mp-695960,NaZn(HO)3,ok,ok,empty,ok,ok,ok,ok,ok,ok,ok,empty,empty,empty,ok
mp-695963,K2NaH10IO10,ok,ok,empty,empty,empty,ok,ok,ok,ok,ok,empty,empty,empty,ok
mp-695964,NaFe2H3(SO4)2,ok,ok,empty,empty,empty,ok,ok,ok,ok,ok,empty,empty,empty,ok
mp-695965,RbNa2P3(HO2)6,ok,ok,empty,empty,empty,ok,ok,ok,ok,ok,empty,empty,empty,ok
mp-695982,BaNaP3(HO2)6,ok,ok,empty,empty,empty,ok,ok,ok,ok,ok,empty,empty,empty,ok
mp-696019,Na3P2H4O7,ok,ok,empty,empty,empty,ok,ok,ok,ok,ok,empty,empty,empty,ok
mp-696155,Na4P2H4CO9,ok,ok,empty,ok,ok,ok,ok,ok,ok,ok,empty,empty,empty,ok
mp-696157,NaP(HO)6,ok,ok,empty,empty,empty,ok,ok,ok,ok,ok,empty,empty,empty,ok
mp-696174,NaH3C2O5,ok,ok,empty,empty,empty,ok,ok,ok,ok,ok,empty,empty,empty,ok
mp-696175,NaAsH4O5,ok,ok,empty,empty,empty,ok,ok,ok,ok,ok,empty,empty,empty,ok
mp-696179,KNaH6PtC4N4O3,ok,ok,empty,empty,empty,ok,ok,ok,ok,ok,empty,empty,empty,ok
mp-696217,Na2Cr2O7,ok,ok,empty,empty,empty,ok,ok,ok,ok,ok,empty,empty,empty,ok
mp-696315,NaHNO2,ok,ok,empty,empty,empty,ok,ok,ok,ok,ok,empty,empty,empty,ok
mp-696347,NaH3SO5,ok,ok,empty,ok,ok,ok,ok,ok,ok,ok,empty,empty,empty,ok
mp-696396,NaHCO3,ok,ok,empty,ok,empty,ok,ok,ok,ok,ok,empty,empty,empty,ok
mp-6964,NaTbO2,ok,ok,empty,empty,empty,ok,ok,ok,ok,ok,ok,empty,empty,ok
mp-696416,NaSi3BO8,ok,ok,empty,empty,empty,ok,ok,ok,ok,ok,empty,empty,empty,ok
mp-696485,Na2TeHSO5F3,ok,ok,empty,empty,empty,ok,ok,ok,ok,ok,empty,empty,empty,ok
mp-696512,NaH4IO2,ok,ok,empty,empty,empty,ok,ok,ok,ok,ok,empty,empty,empty,ok
mp-696842,NaH3(SeO3)2,ok,ok,empty,empty,empty,ok,ok,ok,ok,ok,empty,empty,empty,ok
mp-696849,NaB(H4O3)2,ok,ok,empty,empty,empty,ok,ok,ok,ok,ok,empty,empty,empty,ok
mp-696989,NaPH5C2SN3O4,ok,ok,empty,empty,empty,ok,ok,ok,ok,ok,empty,empty,empty,ok
mp-696990,NaPH3C2N3O4,ok,ok,empty,empty,empty,ok,ok,ok,ok,ok,empty,empty,empty,ok
mp-697027,NaSi2(HO2)3,ok,ok,empty,empty,empty,ok,ok,ok,ok,ok,empty,empty,empty,ok
mp-697096,Na2H4Pt,ok,ok,ok,ok,empty,ok,ok,ok,ok,ok,ok,empty,empty,ok
mp-697211,Na2CaPb3(CO3)5,ok,ok,empty,empty,empty,ok,ok,ok,ok,ok,empty,empty,empty,ok
mp-697278,NaCaAlH2OF6,ok,ok,empty,empty,empty,ok,ok,ok,ok,ok,empty,empty,empty,ok
mp-6973,CsNaS,ok,ok,ok,ok,empty,ok,ok,ok,ok,ok,empty,empty,empty,ok
mp-697305,K2Na5Al7Si5O24,ok,ok,empty,empty,empty,ok,ok,ok,ok,ok,empty,empty,empty,ok
mp-697308,Na17Zr12Si11P7O72,ok,ok,empty,empty,empty,ok,ok,ok,ok,ok,empty,empty,empty,ok
mp-697367,NaP(HO2)2,ok,ok,empty,empty,empty,ok,ok,ok,ok,ok,empty,empty,empty,ok
mp-697551,NaCo2HSe2O7,ok,ok,empty,empty,empty,ok,ok,ok,ok,ok,empty,empty,empty,ok
mp-697817,Na2Sr6ZnFe6F34,ok,ok,empty,empty,empty,ok,ok,ok,ok,ok,empty,empty,empty,ok
mp-697828,NaLaCoWO6,ok,ok,empty,empty,empty,ok,ok,ok,ok,ok,empty,empty,empty,ok
mp-697888,Na2CdH4(SeO5)2,ok,ok,empty,empty,empty,ok,ok,ok,ok,ok,empty,empty,empty,ok
mp-697960,Ba2Na2B10H2O19,ok,ok,empty,empty,empty,ok,ok,ok,ok,ok,empty,empty,empty,ok
mp-698025,Na2Si3(HO4)2,ok,ok,empty,empty,empty,ok,ok,ok,ok,ok,empty,empty,empty,ok
mp-698032,Na3H7Ru,ok,ok,empty,empty,empty,ok,ok,ok,ok,ok,empty,empty,empty,ok
mp-698056,Na2CdH4(SO5)2,ok,ok,empty,empty,empty,ok,ok,ok,ok,ok,empty,empty,empty,ok
mp-698063,Na2P2H2O7,ok,ok,empty,empty,empty,ok,ok,ok,ok,ok,empty,empty,empty,ok
mp-698134,K2Na2Sb2H6O3F10,ok,ok,empty,empty,empty,ok,ok,ok,ok,ok,empty,empty,empty,ok
mp-698191,NaCaB5H16O17,ok,ok,empty,empty,empty,ok,ok,ok,ok,ok,empty,empty,empty,ok
mp-698223,Na2PH5O6,ok,ok,empty,empty,empty,ok,ok,ok,ok,ok,empty,empty,empty,ok
mp-6983,NaAgO,ok,ok,empty,ok,empty,ok,ok,ok,ok,ok,empty,empty,empty,ok
mp-698350,Na3AlH10C6O17,ok,ok,empty,empty,empty,ok,ok,ok,ok,ok,empty,empty,empty,ok
mp-698352,Na3CrH10C6O17,ok,ok,empty,empty,empty,ok,ok,ok,ok,ok,empty,empty,empty,ok
mp-698457,NaLiH4C2O5,ok,ok,empty,empty,empty,ok,ok,ok,ok,ok,empty,empty,empty,ok
mp-698491,NaCa2Al4H8C4ClO20,ok,ok,empty,empty,empty,ok,ok,ok,ok,ok,empty,empty,empty,ok
mp-698654,NaMgFe(SO4)3,ok,ok,empty,empty,empty,ok,ok,ok,ok,ok,empty,empty,empty,ok
mp-698690,NaCaGaSi2O7,ok,ok,empty,empty,empty,ok,ok,ok,ok,ok,empty,empty,empty,ok
mp-698706,NaCoP2HO7,ok,ok,empty,empty,empty,ok,ok,ok,ok,ok,empty,empty,empty,ok
mp-699136,NaAlH2CO5,ok,ok,empty,empty,empty,ok,ok,ok,ok,ok,empty,empty,empty,ok
mp-699219,NaZnSiHO4,ok,ok,empty,ok,ok,ok,ok,ok,ok,ok,empty,empty,empty,ok
mp-699317,Na2H6C4O7,ok,ok,empty,empty,empty,ok,ok,ok,ok,ok,empty,empty,empty,ok
mp-699457,Na2ZnGe2(HO2)4,ok,ok,empty,empty,empty,ok,ok,ok,ok,ok,empty,empty,empty,ok
mp-699482,Na2H20CO13,ok,ok,empty,empty,empty,ok,ok,ok,ok,ok,empty,empty,empty,ok
mp-699543,Na2Co5Mo4(ClO4)4,ok,ok,empty,empty,empty,ok,ok,ok,ok,ok,empty,empty,empty,ok
mp-699582,Na2AlFeF7,ok,ok,empty,empty,empty,ok,ok,ok,ok,ok,empty,empty,empty,ok
mp-699648,Na2CrFeF7,ok,ok,empty,empty,empty,ok,ok,ok,ok,ok,empty,empty,empty,ok
mp-699658,Na4VS3O13,ok,ok,empty,empty,empty,ok,ok,ok,ok,ok,empty,empty,empty,ok
mp-699888,Na2TiFe(PO4)3,ok,ok,empty,empty,empty,ok,ok,ok,ok,ok,empty,empty,empty,ok
mp-700033,Na6U5V2O23,ok,ok,empty,empty,empty,ok,ok,ok,ok,ok,empty,empty,empty,ok
mp-703275,NaSr3NdTi5O15,ok,ok,empty,empty,empty,ok,ok,ok,ok,ok,empty,empty,empty,ok
mp-703305,Na2PHO4,ok,ok,empty,empty,empty,ok,ok,ok,ok,ok,empty,empty,empty,ok
mp-703468,Na3SiH5O6,ok,ok,empty,empty,empty,ok,ok,ok,ok,ok,empty,empty,empty,ok
mp-703521,Na5P3(H3O4)4,ok,ok,empty,empty,empty,ok,ok,ok,ok,ok,empty,empty,empty,ok
mp-704100,K5NaFe2(CO2)12,ok,ok,empty,empty,empty,ok,ok,ok,ok,ok,empty,empty,empty,ok
mp-704360,K6Na2V2S7O30,ok,ok,empty,empty,empty,ok,ok,ok,ok,ok,empty,empty,empty,ok
mp-704459,Na2Cr2O7,ok,ok,empty,empty,empty,ok,ok,ok,ok,ok,empty,empty,empty,ok
mp-704546,RbNaCr2O7,ok,ok,empty,empty,empty,ok,ok,ok,ok,ok,empty,empty,empty,ok
mp-704577,Na2Co2(B4O7)3,ok,ok,empty,empty,empty,ok,ok,ok,ok,ok,empty,empty,empty,ok
mp-704915,Na2Ni2(B4O7)3,ok,ok,empty,empty,empty,ok,ok,ok,ok,ok,empty,empty,empty,ok
mp-705037,Na4VP2O9,ok,ok,empty,empty,empty,ok,ok,ok,ok,ok,empty,empty,empty,ok
mp-705485,NaCa5ScZn5(SiO3)12,ok,ok,empty,empty,empty,ok,ok,ok,ok,ok,empty,empty,empty,ok
mp-705502,NaCa9TaTi9(SiO5)10,ok,ok,empty,empty,empty,ok,ok,ok,ok,ok,empty,empty,empty,ok
mp-705528,NaCaB5H8O13,ok,ok,empty,empty,empty,ok,ok,ok,ok,ok,empty,empty,empty,ok
mp-705559,Na3Ca3Zr2Si4(O5F)3,ok,ok,empty,empty,empty,ok,ok,ok,ok,ok,empty,empty,empty,ok
mp-705635,Na3CaAl3Si3CO15,ok,ok,empty,empty,empty,ok,ok,ok,ok,ok,empty,empty,empty,ok
mp-705853,NaCa8SmTi10(SiO5)10,ok,ok,empty,empty,empty,ok,ok,ok,ok,ok,empty,empty,empty,ok
mp-705861,Rb10NaAl11Si13O48,ok,ok,empty,empty,empty,ok,ok,ok,ok,ok,empty,empty,empty,ok
mp-706235,NaCa2V3Zn2O12,ok,ok,empty,empty,empty,ok,ok,ok,ok,ok,empty,empty,empty,ok
mp-706238,Na3Zr3Fe(PO4)6,ok,ok,empty,empty,empty,ok,ok,ok,ok,ok,empty,empty,empty,ok
mp-706239,NaCa2Mg2V3O12,ok,ok,empty,empty,empty,ok,ok,ok,ok,ok,empty,empty,empty,ok
mp-706281,NaH4CNO2,ok,ok,empty,empty,empty,ok,ok,ok,ok,ok,empty,empty,empty,ok
mp-706285,Na2H4PtC4Br2(N2O)2,ok,ok,empty,empty,empty,ok,ok,ok,ok,ok,empty,empty,empty,ok
mp-706292,NaMn2V3(PbO6)2,ok,ok,empty,empty,empty,ok,ok,ok,ok,ok,empty,empty,empty,ok
mp-706336,Na4Be2Si6Sn(HO5)4,ok,ok,empty,empty,empty,ok,ok,ok,ok,ok,empty,empty,empty,ok
mp-706342,Na2Ca17V2(PO4)14,ok,ok,empty,empty,empty,ok,ok,ok,ok,ok,empty,empty,empty,ok
mp-706489,NaB2HO4,ok,ok,empty,empty,empty,ok,ok,ok,ok,ok,empty,empty,empty,ok
mp-706525,NaAl3P2(HO3)4,ok,ok,empty,empty,empty,ok,ok,ok,ok,ok,empty,empty,empty,ok
mp-706544,NaGa(H2N)4,ok,ok,empty,empty,empty,ok,ok,ok,ok,ok,empty,empty,empty,ok
mp-706588,Na3NdV2O8,ok,ok,empty,empty,empty,ok,ok,ok,ok,ok,empty,empty,empty,ok
mp-706617,Na2AlSi3HO9,ok,ok,empty,empty,empty,ok,ok,ok,ok,ok,empty,empty,empty,ok
mp-706629,NaB2H5O6,ok,ok,empty,empty,empty,ok,ok,ok,ok,ok,empty,empty,empty,ok
mp-706631,Na2B3HO6,ok,ok,empty,empty,empty,ok,ok,ok,ok,ok,empty,empty,empty,ok
mp-706655,Na2B4H8O11,ok,ok,empty,empty,empty,ok,ok,ok,ok,ok,empty,empty,empty,ok
mp-706715,Na5P5(H9O7)2,ok,ok,empty,empty,empty,ok,ok,ok,ok,ok,empty,empty,empty,ok
mp-707055,Na2GeH12S2O7,ok,ok,empty,empty,empty,ok,ok,ok,ok,ok,empty,empty,empty,ok
mp-707097,NaGdRe4(H2O5)4,ok,ok,empty,empty,empty,ok,ok,ok,ok,ok,empty,empty,empty,ok
mp-707151,Na2B4H20O17,ok,ok,empty,empty,empty,ok,ok,ok,ok,ok,empty,empty,empty,ok
mp-707176,NaCa2Al2P2H5O11F4,ok,ok,empty,empty,empty,ok,ok,ok,ok,ok,empty,empty,empty,ok
mp-707200,Na4P4H2O13,ok,ok,empty,empty,empty,ok,ok,ok,ok,ok,empty,empty,empty,ok
mp-707327,Na4Sn2H26Se6O13,ok,ok,empty,empty,empty,ok,ok,ok,ok,ok,empty,empty,empty,ok
mp-707333,Na3SiH3O5,ok,ok,empty,empty,empty,ok,ok,ok,ok,ok,empty,empty,empty,ok
mp-707391,Na3AsH24SeO15,ok,ok,empty,empty,empty,ok,ok,ok,ok,ok,empty,empty,empty,ok
mp-707395,NaH2SeO4,ok,ok,empty,empty,empty,ok,ok,ok,ok,ok,empty,empty,empty,ok
mp-707396,Na3As3(HO5)2,ok,ok,empty,empty,empty,ok,ok,ok,ok,ok,empty,empty,empty,ok
mp-7074,NaSc(SiO3)2,ok,ok,empty,ok,empty,ok,ok,ok,ok,ok,empty,empty,empty,ok
mp-707419,NaB(HO)4,ok,ok,empty,empty,empty,ok,ok,ok,ok,ok,empty,empty,empty,ok
mp-707443,Na7AlH2C4(O3F)4,ok,ok,empty,empty,empty,ok,ok,ok,ok,ok,empty,empty,empty,ok
mp-707453,K5NaP3(HO4)3,ok,ok,empty,empty,empty,ok,ok,ok,ok,ok,empty,empty,empty,ok
mp-707459,Na2ZnP2(H5O6)2,ok,ok,empty,empty,empty,ok,ok,ok,ok,ok,empty,empty,empty,ok
mp-707463,KNaReH9,ok,ok,empty,empty,empty,ok,ok,ok,ok,ok,empty,empty,empty,ok
mp-707470,Na2H4(SO4)3,ok,ok,empty,empty,empty,ok,ok,ok,ok,ok,empty,empty,empty,ok
mp-707508,Na2H5RuN5O12,ok,ok,empty,empty,empty,ok,ok,ok,ok,ok,empty,empty,empty,ok
mp-707530,Na3AlP2H2O9,ok,ok,empty,empty,empty,ok,ok,ok,ok,ok,empty,empty,empty,ok
mp-707532,NaH8SeNO6,ok,ok,empty,ok,ok,ok,ok,ok,ok,ok,empty,empty,empty,ok
mp-707571,Na3SiH11O9,ok,ok,empty,empty,empty,ok,ok,ok,ok,ok,empty,empty,empty,ok
mp-707645,Na2Ca3B5H2S2ClO18,ok,ok,empty,empty,empty,ok,ok,ok,ok,ok,empty,empty,empty,ok
mp-707732,Na4ZnP6(HO2)12,ok,ok,empty,empty,empty,ok,ok,ok,ok,ok,empty,empty,empty,ok
mp-707767,Na2Sn2H4O5,ok,ok,empty,empty,empty,ok,ok,ok,ok,ok,empty,empty,empty,ok
mp-707788,NaCaB5(H5O7)2,ok,ok,empty,empty,empty,ok,ok,ok,ok,ok,empty,empty,empty,ok
mp-707836,Na3H6Ir,ok,ok,empty,empty,empty,ok,ok,ok,ok,ok,empty,empty,empty,ok
mp-707840,Na2Si(H5O4)2,ok,ok,empty,empty,empty,ok,ok,ok,ok,ok,empty,empty,empty,ok
mp-707911,NaFeP3H7O13,ok,ok,empty,empty,empty,ok,ok,ok,ok,ok,empty,empty,empty,ok
mp-707941,Na3H(SO4)2,ok,ok,empty,empty,empty,ok,ok,ok,ok,ok,empty,empty,empty,ok
mp-707985,K3Na3TeP6(HO4)6,ok,ok,empty,empty,empty,ok,ok,ok,ok,ok,empty,empty,empty,ok
mp-708035,NaZn(H3O2)3,ok,ok,empty,empty,empty,ok,ok,ok,ok,ok,empty,empty,empty,ok
mp-708984,NaH5CO4,ok,ok,empty,empty,empty,ok,ok,ok,ok,ok,empty,empty,empty,ok
mp-708993,Na2PH15O11,ok,ok,empty,empty,empty,ok,ok,ok,ok,ok,empty,empty,empty,ok
mp-7090,NaMgSb,ok,ok,ok,ok,empty,ok,ok,ok,ok,ok,empty,empty,empty,ok
mp-709432,NaH3C4S4(OF)12,ok,ok,empty,empty,empty,ok,ok,ok,ok,ok,empty,empty,empty,ok
mp-709921,Cs2Na4Cu2Si12H4O31,ok,ok,empty,empty,empty,ok,ok,ok,ok,ok,empty,empty,empty,ok
mp-714664,Rb2NaAl3F12,ok,ok,empty,empty,empty,ok,ok,ok,ok,ok,empty,empty,empty,ok
mp-720079,Ba2Na7Ti16Bi7O48,ok,ok,empty,empty,empty,ok,ok,ok,ok,ok,empty,empty,empty,ok
mp-720098,Na2TiCr(PO4)3,ok,ok,empty,empty,empty,ok,ok,ok,ok,ok,empty,empty,empty,ok
mp-720104,Na4Al3Ge3NO14,ok,ok,empty,empty,empty,ok,ok,ok,ok,ok,empty,empty,empty,ok
mp-720126,Na3Cr2P2O8F3,ok,ok,empty,empty,empty,ok,ok,ok,ok,ok,empty,empty,empty,ok
mp-720204,NaCa4Ti4Nb(SiO5)5,ok,ok,empty,empty,empty,ok,ok,ok,ok,ok,empty,empty,empty,ok
mp-720212,Rb9Na2Al11Si13O48,ok,ok,empty,empty,empty,ok,ok,ok,ok,ok,empty,empty,empty,ok
mp-720222,Na3CaAl3Si3SO16,ok,ok,empty,empty,empty,ok,ok,ok,ok,ok,empty,empty,empty,ok
mp-720230,Ba4Na3Nd3P6(O12F)2,ok,ok,empty,empty,empty,ok,ok,ok,ok,ok,empty,empty,empty,ok
mp-720244,NaCaMgAl(SiO3)4,ok,ok,empty,empty,empty,ok,ok,ok,ok,ok,empty,empty,empty,ok
mp-720245,CsKNaLi13(SiO4)4,ok,ok,empty,empty,empty,ok,ok,ok,ok,ok,empty,empty,empty,ok
mp-720248,Na9CaFe10(SiO3)20,ok,ok,empty,empty,empty,ok,ok,ok,ok,ok,empty,empty,empty,ok
mp-720279,Na4H20RuS4(NO9)2,ok,ok,empty,empty,empty,ok,ok,ok,ok,ok,empty,empty,empty,ok
mp-720287,Na3AsH22S2O13,ok,ok,empty,empty,empty,ok,ok,ok,ok,ok,empty,empty,empty,ok
mp-720296,Na3B5H4O11,ok,ok,empty,empty,empty,ok,ok,ok,ok,ok,empty,empty,empty,ok
mp-720312,Na2B5H3O10,ok,ok,empty,empty,empty,ok,ok,ok,ok,ok,empty,empty,empty,ok
mp-720332,Na5CaAl5Fe(SiO3)12,ok,ok,empty,empty,empty,ok,ok,ok,ok,ok,empty,empty,empty,ok
mp-720334,Na2P2H14O13,ok,ok,empty,empty,empty,ok,ok,ok,ok,ok,empty,empty,empty,ok
mp-720360,Na13Ca7S12Cl(O24F)2,ok,ok,empty,empty,empty,ok,ok,ok,ok,ok,empty,empty,empty,ok
mp-720379,K3NaP4(H2O7)2,ok,ok,empty,empty,empty,ok,ok,ok,ok,ok,empty,empty,empty,ok
mp-720410,K2NaCa2TiSi7HO20,ok,ok,empty,empty,empty,ok,ok,ok,ok,ok,empty,empty,empty,ok
mp-720432,Na2Ca9NdY5HoF41,ok,ok,empty,empty,empty,ok,ok,ok,ok,ok,empty,empty,empty,ok
mp-720460,Na9Zr8Si4(PO6)8,ok,ok,empty,empty,empty,ok,ok,ok,ok,ok,empty,empty,empty,ok
mp-720533,NaLi5Ti3Cr3(PO4)9,ok,ok,empty,empty,empty,ok,ok,ok,ok,ok,empty,empty,empty,ok
mp-720570,Na2PH11O8,ok,ok,empty,ok,ok,ok,ok,ok,ok,ok,empty,empty,empty,ok
mp-720583,Na3B3H2O7,ok,ok,empty,empty,empty,ok,ok,ok,ok,ok,empty,empty,empty,ok
mp-720593,Na2B5H5O11,ok,ok,empty,empty,empty,ok,ok,ok,ok,ok,empty,empty,empty,ok
mp-720642,NaB3H4O7,ok,ok,empty,empty,empty,ok,ok,ok,ok,ok,empty,empty,empty,ok
mp-720670,Na10Zn7Sn7H24(S13O6)2,ok,ok,empty,empty,empty,ok,ok,ok,ok,ok,empty,empty,empty,ok
mp-720689,Na4CaTa4TiO15,ok,ok,empty,empty,empty,ok,ok,ok,ok,ok,empty,empty,empty,ok
mp-720704,NaCa9ScZn9(SiO3)20,ok,ok,empty,empty,empty,ok,ok,ok,ok,ok,empty,empty,empty,ok
mp-720802,Na6HfH8S5O24,ok,ok,empty,empty,empty,ok,ok,ok,ok,ok,empty,empty,empty,ok
mp-720804,K3Na3TeP6(HO4)6,ok,ok,empty,empty,empty,ok,ok,ok,ok,ok,empty,empty,empty,ok
mp-720825,NaPH4O5,ok,ok,empty,empty,empty,ok,ok,ok,ok,ok,empty,empty,empty,ok
mp-720849,Na2H6PtC4N4O3,ok,ok,empty,empty,empty,ok,ok,ok,ok,ok,empty,empty,empty,ok
mp-720853,Na2PH5O6,ok,ok,empty,empty,empty,ok,ok,ok,ok,ok,empty,empty,empty,ok
mp-720901,Na3H6S2NO10,ok,ok,empty,empty,empty,ok,ok,ok,ok,ok,empty,empty,empty,ok
mp-720921,Na2Te2H4O7,ok,ok,empty,empty,empty,ok,ok,ok,ok,ok,empty,empty,empty,ok
mp-720948,NaCa2LuSi2O7F2,ok,ok,empty,empty,empty,ok,ok,ok,ok,ok,empty,empty,empty,ok
mp-720987,Na3CaSc3Zn(SiO3)8,ok,ok,empty,empty,empty,ok,ok,ok,ok,ok,empty,empty,empty,ok
mp-720989,Na9Zr8Si4(P4O23)2,ok,ok,empty,empty,empty,ok,ok,ok,ok,ok,empty,empty,empty,ok
mp-721012,Na13Ca7S12(ClO16)3,ok,ok,empty,empty,empty,ok,ok,ok,ok,ok,empty,empty,empty,ok
mp-721017,Na2Te(H5O4)2,ok,ok,empty,empty,empty,ok,ok,ok,ok,ok,empty,empty,empty,ok
mp-721144,Na4P2H20O17,ok,ok,empty,empty,empty,ok,ok,ok,ok,ok,empty,empty,empty,ok
mp-721287,Na3AsH14SO10,ok,ok,empty,ok,ok,ok,ok,ok,ok,ok,empty,empty,empty,ok
mp-721293,Na4GeH28(Se2O7)2,ok,ok,empty,empty,empty,ok,ok,ok,ok,ok,empty,empty,empty,ok
mp-721294,NaB5(H2O5)2,ok,ok,empty,empty,empty,ok,ok,ok,ok,ok,empty,empty,empty,ok
mp-721312,Na2H2CO4,ok,ok,empty,empty,empty,ok,ok,ok,ok,ok,empty,empty,empty,ok
mp-721314,NaH2SO4,ok,ok,ok,empty,empty,ok,ok,ok,ok,ok,empty,empty,empty,ok
mp-721330,Rb14Na3Al17Si31O96,ok,ok,empty,empty,empty,ok,ok,ok,ok,ok,empty,empty,empty,ok
mp-721426,NaPH7O6,ok,ok,empty,empty,empty,ok,ok,ok,ok,ok,empty,empty,empty,ok
mp-721564,Na3SiH5O6,ok,ok,empty,empty,empty,ok,ok,ok,ok,ok,empty,empty,empty,ok
mp-721697,CsNa2H4Cl3O2,ok,ok,empty,empty,empty,ok,ok,ok,ok,ok,empty,empty,empty,ok
mp-721712,NaH4CSNO2,ok,ok,empty,empty,empty,ok,ok,ok,ok,ok,empty,empty,empty,ok
mp-721727,NaBH8O7,ok,ok,empty,empty,empty,ok,ok,ok,ok,ok,empty,empty,empty,ok
mp-7219,Na2ZrSe3,ok,ok,ok,ok,empty,ok,ok,ok,ok,ok,empty,empty,empty,ok
mp-721988,NaAlSi3O8,ok,ok,empty,empty,empty,ok,ok,ok,ok,ok,empty,empty,empty,ok
mp-7220,NaY3SiS7,ok,ok,empty,empty,empty,ok,ok,ok,ok,ok,empty,empty,empty,ok
mp-722188,NaCa4Si8H16O28F,ok,ok,empty,empty,empty,ok,ok,ok,ok,ok,empty,empty,empty,ok
mp-722266,Na2GeH16Se3O8,ok,ok,empty,empty,empty,ok,ok,ok,ok,ok,empty,empty,empty,ok
mp-722267,Na5H7(Se2O9)2,ok,ok,empty,empty,empty,ok,ok,ok,ok,ok,empty,empty,empty,ok
mp-722342,NaCa2B9(H2O5)4,ok,ok,empty,empty,empty,ok,ok,ok,ok,ok,empty,empty,empty,ok
mp-722369,Na3B5(HO5)2,ok,ok,empty,empty,empty,ok,ok,ok,ok,ok,empty,empty,empty,ok
mp-722602,Na3V2P2O10F,ok,ok,empty,empty,empty,ok,ok,ok,ok,ok,empty,empty,empty,ok
mp-722834,Na6P2H2O9,ok,ok,empty,empty,empty,ok,ok,ok,ok,ok,empty,empty,empty,ok
mp-722860,Na2MgH4(SO4)2,ok,ok,empty,empty,empty,ok,ok,ok,ok,ok,empty,empty,empty,ok
mp-722891,Na2Ni(H7N3)2,ok,ok,empty,empty,empty,ok,ok,ok,ok,ok,empty,empty,empty,ok
mp-722977,Na2Si(H3O2)6,ok,ok,empty,empty,empty,ok,ok,ok,ok,ok,empty,empty,empty,ok
mp-722997,NaCaAlH2OF6,ok,ok,empty,empty,empty,ok,ok,ok,ok,ok,empty,empty,empty,ok
mp-723082,Na5Te2H36AuO28,ok,ok,empty,empty,empty,ok,ok,ok,ok,ok,empty,empty,empty,ok
mp-723093,Na5H29(IO12)2,ok,ok,empty,empty,empty,ok,ok,ok,ok,ok,empty,empty,empty,ok
mp-723426,NaLiP2(H4O5)2,ok,ok,empty,empty,empty,ok,ok,ok,ok,ok,empty,empty,empty,ok
mp-723466,Na2TeW2O9,ok,ok,empty,empty,empty,ok,ok,ok,ok,ok,empty,empty,empty,ok
mp-723629,NaI,ok,ok,empty,empty,empty,ok,ok,ok,ok,ok,empty,empty,empty,ok
mp-725491,Na3Ca18Fe(PO4)14,ok,ok,empty,empty,empty,ok,ok,ok,ok,ok,empty,empty,empty,ok
mp-725593,NaCa3AlFe3(SiO3)8,ok,ok,empty,empty,empty,ok,ok,ok,ok,ok,empty,empty,empty,ok
mp-7257,K3NaP2(O3F)2,ok,ok,empty,empty,empty,ok,ok,ok,ok,ok,empty,empty,empty,ok
mp-726198,NaNiP2HO7,ok,ok,empty,empty,empty,ok,ok,ok,ok,ok,empty,empty,empty,ok
mp-726543,Na3CrH14(C3O8)2,ok,ok,empty,empty,empty,ok,ok,ok,ok,ok,empty,empty,empty,ok
mp-727391,NaCa(PO2)3,ok,ok,empty,empty,empty,ok,ok,ok,ok,ok,empty,empty,empty,ok
mp-727944,NaBeSi3O8,ok,ok,empty,empty,empty,ok,ok,ok,ok,ok,empty,empty,empty,ok
mp-728306,NaCoP3(H4O5)2,ok,ok,empty,empty,empty,ok,ok,ok,ok,ok,empty,empty,empty,ok
mp-728664,NaSeO3,ok,ok,empty,empty,empty,ok,ok,ok,ok,ok,empty,empty,empty,ok
mp-728713,Na2NiH6C4N4O3,ok,ok,empty,empty,empty,ok,ok,ok,ok,ok,empty,empty,empty,ok
mp-728750,Na2PtO3,ok,ok,empty,empty,empty,ok,ok,ok,ok,ok,empty,empty,empty,ok
mp-729027,NaMn6Al3H42(SO19)2,ok,ok,empty,empty,empty,ok,ok,ok,ok,ok,empty,empty,empty,ok
mp-729044,Na2WO6,ok,ok,empty,empty,empty,ok,ok,ok,ok,ok,empty,empty,empty,ok
mp-730154,NaAs3H2O9,ok,ok,empty,empty,empty,ok,ok,ok,ok,ok,empty,empty,empty,ok
mp-730460,Na5H3(CO3)4,ok,ok,empty,empty,empty,ok,ok,ok,ok,ok,empty,empty,empty,ok
mp-731221,Na2Be(GeO3)2,ok,ok,empty,empty,empty,ok,ok,ok,ok,ok,empty,empty,empty,ok
mp-732175,Na3TiF8,ok,ok,empty,empty,empty,ok,ok,ok,ok,ok,empty,empty,empty,ok
mp-733457,CsNa2(H5O3)3,ok,ok,empty,empty,empty,ok,ok,ok,ok,ok,empty,empty,empty,ok
mp-733509,Na2TiSi4H4O13,ok,ok,empty,empty,empty,ok,ok,ok,ok,ok,empty,empty,empty,ok
mp-733637,NaH8O5,ok,ok,empty,empty,empty,ok,ok,ok,ok,ok,empty,empty,empty,empty
mp-733844,Na3GaP2H2O9,ok,ok,empty,empty,empty,ok,ok,ok,ok,ok,empty,empty,empty,ok
mp-734013,NaBrO2,ok,ok,empty,empty,empty,ok,ok,ok,ok,ok,empty,empty,empty,ok
mp-734019,Na2Zn(HO)4,ok,ok,empty,empty,empty,ok,ok,ok,ok,ok,empty,empty,empty,ok
mp-734025,Na2SeO5,ok,ok,empty,empty,empty,ok,ok,ok,ok,ok,empty,empty,empty,ok
mp-734035,Na2MoO6,ok,ok,empty,empty,empty,ok,ok,ok,ok,ok,empty,empty,empty,ok
mp-734112,Ba2Na7Ti16Bi7O48,ok,ok,empty,empty,empty,ok,ok,ok,ok,ok,empty,empty,empty,ok
mp-734150,Na3YH6(CO4)3,ok,ok,empty,empty,empty,ok,ok,ok,ok,ok,empty,empty,empty,ok
mp-734169,Na3SbS4O9,ok,ok,empty,empty,empty,ok,ok,ok,ok,ok,empty,empty,empty,ok
mp-734352,Na3Au(SO2)4,ok,ok,empty,empty,empty,ok,ok,ok,ok,ok,empty,empty,empty,ok
mp-734454,Na2Cr(HO)8,ok,ok,empty,empty,empty,ok,ok,ok,ok,ok,empty,empty,empty,ok
mp-735483,Na3LiMo2(H6O7)2,ok,ok,empty,empty,empty,ok,ok,ok,ok,ok,empty,empty,empty,ok
mp-735488,RbNa3Mo2H18O17,ok,ok,empty,empty,empty,ok,ok,ok,ok,ok,empty,empty,empty,ok
mp-735556,Na2CoH8(CO5)2,ok,ok,empty,empty,empty,ok,ok,ok,ok,ok,empty,empty,empty,ok
mp-735568,Na4Co3P4(H3O4)6,ok,ok,empty,empty,empty,ok,ok,ok,ok,ok,empty,empty,empty,ok
mp-735808,Na2Ca29ZrSi16(O7F2)8,ok,ok,empty,empty,empty,ok,ok,ok,ok,ok,empty,empty,empty,ok
mp-7386,NaAgF4,ok,ok,empty,ok,empty,ok,ok,ok,ok,ok,empty,empty,empty,ok
mp-738668,NaH3(CO2)2,ok,ok,empty,empty,empty,ok,ok,ok,ok,ok,empty,empty,empty,ok
mp-738718,Na5P3H48C4N(O9F)3,ok,ok,empty,empty,empty,ok,ok,ok,ok,ok,empty,empty,empty,ok
mp-7388,NaAuF4,ok,ok,empty,ok,empty,ok,ok,ok,ok,ok,empty,empty,empty,ok
mp-7404,Na3SbO4,ok,ok,empty,ok,empty,ok,ok,ok,ok,ok,empty,empty,empty,ok
mp-740710,Na2LiP3H8O13,ok,ok,empty,empty,empty,ok,ok,ok,ok,ok,empty,empty,empty,ok
mp-740722,Na3GeH11O9,ok,ok,empty,empty,empty,ok,ok,ok,ok,ok,empty,empty,empty,ok
mp-740736,NaP3H10(NO5)2,ok,ok,empty,empty,empty,ok,ok,ok,ok,ok,empty,empty,empty,ok
mp-740740,Na2ZnP(H5O4)3,ok,ok,empty,empty,empty,ok,ok,ok,ok,ok,empty,empty,empty,ok
mp-740746,NaH2BrO5,ok,ok,empty,empty,empty,ok,ok,ok,ok,ok,empty,empty,empty,ok
mp-740750,Na4P4(H2O5)3,ok,ok,empty,empty,empty,ok,ok,ok,ok,ok,empty,empty,empty,ok
mp-740765,NaGa(H2N)4,ok,ok,empty,empty,empty,ok,ok,ok,ok,ok,empty,empty,empty,ok
mp-741045,Na4AlP2HO9,ok,ok,empty,empty,empty,ok,ok,ok,ok,ok,empty,empty,empty,ok
mp-743656,Na2MgB12(H4O7)4,ok,ok,empty,empty,empty,ok,ok,ok,ok,ok,empty,empty,empty,ok
mp-743949,Na3VSi4(HO6)2,ok,ok,empty,empty,empty,ok,ok,ok,ok,ok,empty,empty,empty,ok
mp-744690,NaLi3Ti2Fe2(PO4)6,ok,ok,empty,empty,empty,ok,ok,ok,ok,ok,empty,empty,empty,ok
mp-744713,NaFe3P2(H4O7)2,ok,ok,empty,empty,empty,ok,ok,ok,ok,ok,empty,empty,empty,ok
mp-746030,NaFePO4,ok,ok,empty,empty,empty,ok,ok,ok,ok,ok,empty,empty,empty,ok
mp-7469,NaCuO,ok,ok,ok,ok,empty,ok,ok,ok,ok,ok,empty,empty,empty,ok
mp-7500,Na4SiO4,ok,ok,empty,ok,empty,ok,ok,ok,ok,ok,empty,empty,empty,ok
mp-752395,Ba2Na2O3,ok,ok,empty,ok,ok,ok,ok,ok,ok,ok,empty,empty,empty,ok
mp-752421,Na5LiCo2P2(CO7)2,ok,ok,empty,empty,empty,ok,ok,ok,ok,ok,empty,empty,empty,ok
mp-752423,Na2TiO3,ok,ok,empty,empty,empty,ok,ok,ok,ok,ok,empty,empty,empty,ok
mp-752506,NaFeP2O7,ok,ok,empty,ok,ok,ok,ok,ok,ok,ok,empty,empty,empty,ok
mp-752558,Na2NiO2,ok,ok,empty,empty,empty,ok,ok,ok,ok,ok,empty,empty,empty,ok
mp-752560,NaLiV(OF)2,ok,ok,empty,empty,empty,ok,ok,ok,ok,ok,empty,empty,empty,ok
mp-752573,Ba(NaSi2)2,ok,ok,empty,empty,empty,ok,ok,ok,ok,ok,empty,empty,empty,ok
mp-752583,NaV5O10,ok,ok,empty,empty,empty,ok,ok,ok,ok,ok,empty,empty,empty,ok
mp-752672,NaDyO2,ok,ok,empty,empty,empty,ok,ok,ok,ok,ok,empty,empty,empty,ok
mp-752689,Ba2Na2O3,ok,ok,empty,empty,empty,ok,ok,ok,ok,ok,empty,empty,empty,ok
mp-752755,NaSbO3,ok,ok,empty,empty,empty,ok,ok,ok,ok,ok,empty,empty,empty,ok
mp-752810,NaVP2O7,ok,ok,empty,empty,empty,ok,ok,ok,ok,ok,empty,empty,empty,ok
mp-752917,Na3VO4,ok,ok,empty,ok,ok,ok,ok,ok,ok,ok,empty,empty,empty,ok
mp-752972,NaV3O8,ok,ok,empty,empty,empty,ok,ok,ok,ok,ok,empty,empty,empty,ok
mp-753022,NaGa5O8,ok,ok,empty,empty,empty,ok,ok,ok,ok,ok,empty,empty,empty,ok
mp-753443,NaBeO2,ok,ok,empty,empty,empty,ok,ok,ok,ok,ok,empty,empty,empty,ok
mp-753672,NaFePO4,ok,ok,empty,empty,empty,ok,ok,ok,ok,ok,empty,empty,empty,ok
mp-753816,Na6MgO4,ok,ok,empty,ok,ok,ok,ok,ok,ok,ok,empty,empty,empty,ok
mp-754027,NaSmO2,ok,ok,ok,ok,empty,ok,ok,ok,ok,ok,ok,empty,empty,ok
mp-754043,NaLuO2,ok,ok,empty,empty,empty,ok,ok,ok,ok,ok,empty,empty,empty,ok
mp-754061,Na3SnPCO7,ok,ok,empty,empty,empty,ok,ok,ok,ok,ok,empty,empty,empty,ok
mp-754159,Na2Mn(SO4)2,ok,ok,empty,empty,empty,ok,ok,ok,ok,ok,empty,empty,empty,ok
mp-754250,NaLuO2,ok,ok,empty,empty,empty,ok,ok,ok,ok,ok,empty,empty,empty,ok
mp-754331,Na2VO3,ok,ok,empty,empty,empty,ok,ok,ok,ok,ok,empty,empty,empty,ok
mp-754334,NaTmO2,ok,ok,empty,ok,empty,ok,ok,ok,ok,ok,empty,empty,empty,ok
mp-754352,Na3CuO2,ok,ok,ok,empty,empty,ok,ok,ok,ok,ok,empty,empty,empty,ok
mp-754368,NaSbO2,ok,ok,empty,empty,empty,ok,ok,ok,ok,ok,empty,empty,empty,ok
mp-754369,Na4MgO3,ok,ok,empty,ok,ok,ok,ok,ok,ok,ok,empty,empty,empty,ok
mp-754397,Na3CoO3,ok,ok,empty,empty,empty,ok,ok,ok,ok,ok,empty,empty,empty,ok
mp-754426,Na3NiO2,ok,ok,empty,empty,empty,ok,ok,ok,ok,ok,empty,empty,empty,ok
mp-754428,Na5LiMn2P2(CO7)2,ok,ok,empty,empty,empty,ok,ok,ok,ok,ok,empty,empty,empty,ok
mp-754432,Na2FeO4,ok,ok,empty,empty,empty,ok,ok,ok,ok,ok,empty,empty,empty,ok
mp-754438,Na2Ni2O3,ok,ok,empty,empty,empty,ok,ok,ok,ok,ok,empty,empty,empty,ok
mp-754456,NaVSiO4,ok,ok,empty,empty,empty,ok,ok,ok,ok,ok,empty,empty,empty,ok
mp-754463,Na2FePCO7,ok,ok,empty,empty,empty,ok,ok,ok,ok,ok,empty,empty,empty,ok
mp-754543,Na2FeO4,ok,ok,empty,empty,empty,ok,ok,ok,ok,ok,empty,empty,empty,ok
mp-754568,Na5LiMn2P2(CO7)2,ok,ok,empty,ok,ok,ok,ok,ok,ok,ok,empty,empty,empty,ok
mp-754638,Na4Ti3O8,ok,ok,empty,empty,empty,ok,ok,ok,ok,ok,empty,empty,empty,ok
mp-754663,Na2Be2O3,ok,ok,empty,empty,empty,ok,ok,ok,ok,ok,empty,empty,empty,ok
mp-754694,Na4WO4,ok,ok,empty,empty,empty,ok,ok,ok,ok,ok,empty,empty,empty,ok
mp-754745,Na2SnO3,ok,ok,empty,empty,empty,ok,ok,ok,ok,ok,empty,empty,empty,ok
mp-754777,NaLaO2,ok,ok,ok,empty,empty,ok,ok,ok,ok,ok,empty,empty,empty,ok
mp-754796,NaTmO2,ok,ok,empty,empty,empty,ok,ok,ok,ok,ok,empty,empty,empty,ok
mp-754818,NaTaO3,ok,ok,empty,empty,empty,ok,ok,ok,ok,ok,empty,empty,empty,ok
mp-754825,NaTmO2,ok,ok,ok,empty,empty,ok,ok,ok,ok,ok,ok,empty,empty,ok
mp-754843,Na2Ti2O5,ok,ok,empty,empty,empty,ok,ok,ok,ok,ok,empty,empty,empty,ok
mp-754848,Na2SnO3,ok,ok,empty,empty,empty,ok,ok,ok,ok,ok,empty,empty,empty,ok
mp-755015,NaLaO2,ok,ok,empty,empty,empty,ok,ok,ok,ok,ok,empty,empty,empty,ok
mp-755035,Na2Ni2O5,ok,ok,empty,empty,empty,ok,ok,ok,ok,ok,empty,empty,empty,ok
mp-755072,Na2O,ok,ok,empty,empty,empty,ok,ok,ok,ok,ok,empty,empty,empty,ok
mp-755084,Na6MgO4,ok,ok,empty,empty,empty,ok,ok,ok,ok,ok,empty,empty,empty,ok
mp-755141,NaHoO2,ok,ok,empty,empty,empty,ok,ok,ok,ok,ok,empty,empty,empty,ok
mp-755144,NaLiO,ok,ok,ok,empty,empty,ok,ok,ok,ok,ok,empty,empty,empty,ok
mp-755311,NaLuO2,ok,ok,empty,empty,empty,ok,ok,ok,ok,ok,ok,empty,empty,ok
mp-755322,BaNa6O4,ok,ok,empty,empty,empty,ok,ok,ok,ok,ok,empty,empty,empty,ok
mp-755361,Na3VBAsO7,ok,ok,empty,empty,empty,ok,ok,ok,ok,ok,empty,empty,empty,ok
mp-755391,BaNa2O2,ok,ok,empty,ok,ok,ok,ok,ok,ok,ok,empty,empty,empty,ok
mp-755401,Na3CuO2,ok,ok,empty,ok,empty,ok,ok,ok,ok,ok,empty,empty,empty,ok
mp-755413,Na2O,ok,ok,empty,empty,empty,ok,ok,ok,ok,ok,empty,empty,empty,ok
mp-755436,Na3VO4,ok,ok,empty,ok,ok,ok,ok,ok,ok,ok,empty,empty,empty,ok
mp-755486,Na2SnO3,ok,ok,empty,empty,empty,ok,ok,ok,ok,ok,empty,empty,empty,ok
mp-755530,Na3CuO2,ok,ok,empty,empty,empty,ok,ok,ok,ok,ok,empty,empty,empty,ok
mp-755546,Na6BeO4,ok,ok,empty,empty,empty,ok,ok,ok,ok,ok,empty,empty,empty,ok
mp-755579,Na3NiO2,ok,ok,empty,empty,empty,ok,ok,ok,ok,ok,empty,empty,empty,ok
mp-755586,NaLaO2,ok,ok,ok,ok,empty,ok,ok,ok,ok,ok,ok,empty,empty,ok
mp-755617,NaHoO2,ok,ok,empty,empty,empty,ok,ok,ok,ok,ok,empty,empty,empty,ok
mp-755627,Na2FeO3,ok,ok,empty,ok,ok,ok,ok,ok,ok,ok,empty,empty,empty,ok
mp-755665,Na3Li3Fe2P2(CO7)2,ok,ok,empty,empty,empty,ok,ok,ok,ok,ok,empty,empty,empty,ok
mp-755725,Na3NiO3,ok,ok,empty,empty,empty,ok,ok,ok,ok,ok,empty,empty,empty,ok
mp-755754,NaLi2MnPCO7,ok,ok,empty,ok,ok,ok,ok,ok,ok,ok,empty,empty,empty,ok
mp-755764,Na2NiO3,ok,ok,empty,empty,empty,ok,ok,ok,ok,ok,empty,empty,empty,ok
mp-755789,Na2Be2O3,ok,ok,empty,empty,empty,ok,ok,ok,ok,ok,empty,empty,empty,ok
mp-755811,Na3CoO3,ok,ok,empty,ok,ok,ok,ok,ok,ok,ok,empty,empty,empty,ok
mp-755832,Na5GdO4,ok,ok,empty,empty,empty,ok,ok,ok,ok,ok,empty,empty,empty,ok
mp-755861,NaV3O8,ok,ok,empty,empty,empty,ok,ok,ok,ok,ok,empty,empty,empty,ok
mp-755870,Na5GdO4,ok,ok,empty,empty,empty,ok,ok,ok,ok,ok,empty,empty,empty,ok
mp-755874,Na2MnO3,ok,ok,empty,empty,empty,ok,ok,ok,ok,ok,empty,empty,empty,ok
mp-755883,NaDyO2,ok,ok,empty,empty,empty,ok,ok,ok,ok,ok,empty,empty,empty,ok
mp-755942,NaNiBO3,ok,ok,empty,empty,empty,ok,ok,ok,ok,ok,empty,empty,empty,ok
mp-755959,NaLiO,ok,ok,ok,ok,empty,ok,ok,ok,ok,ok,empty,empty,empty,ok
mp-755968,Na5LiFe2P2(CO7)2,ok,ok,empty,empty,empty,ok,ok,ok,ok,ok,empty,empty,empty,ok
mp-755984,Na3MnO3,ok,ok,empty,empty,empty,ok,ok,ok,ok,ok,empty,empty,empty,ok
mp-756034,NaSmO2,ok,ok,ok,empty,empty,ok,ok,ok,ok,ok,empty,empty,empty,ok
mp-756044,Na3AsO4,ok,ok,empty,ok,ok,ok,ok,ok,ok,ok,empty,empty,empty,ok
mp-756084,BaNa4O3,ok,ok,empty,ok,ok,ok,ok,ok,ok,ok,empty,empty,empty,ok
mp-756085,NaV5O8,ok,ok,empty,empty,empty,ok,ok,ok,ok,ok,empty,empty,empty,ok
mp-756090,BaNa4O3,ok,ok,empty,ok,ok,ok,ok,ok,ok,ok,empty,empty,empty,ok
mp-756091,NaMnBO3,ok,ok,empty,empty,empty,ok,ok,ok,ok,ok,empty,empty,empty,ok
mp-756248,NaLi2FePCO7,ok,ok,empty,empty,empty,ok,ok,ok,ok,ok,empty,empty,empty,ok
mp-756274,Na3FeBPO7,ok,ok,empty,empty,empty,ok,ok,ok,ok,ok,empty,empty,empty,ok
mp-756494,Na3GePCO7,ok,ok,empty,ok,ok,ok,ok,ok,ok,ok,empty,empty,empty,ok
mp-756521,BaNa2O2,ok,ok,empty,empty,empty,ok,ok,ok,ok,ok,empty,empty,empty,ok
mp-756584,Na3CrBPO7,ok,ok,empty,empty,empty,ok,ok,ok,ok,ok,empty,empty,empty,ok
mp-756707,Na3VBPO7,ok,ok,empty,empty,empty,ok,ok,ok,ok,ok,empty,empty,empty,ok
mp-756721,NaBi5O8,ok,ok,empty,empty,empty,ok,ok,ok,ok,ok,empty,empty,empty,ok
mp-756734,Na2LiMnPCO7,ok,ok,empty,empty,empty,ok,ok,ok,ok,ok,empty,empty,empty,ok
mp-756769,Na2TlPCO7,ok,ok,empty,empty,empty,ok,ok,ok,ok,ok,empty,empty,empty,ok
mp-756987,Na5Fe2P2(CO7)2,ok,ok,empty,empty,empty,ok,ok,ok,ok,ok,empty,empty,empty,ok
mp-757110,Na3NiPCO7,ok,ok,empty,empty,empty,ok,ok,ok,ok,ok,empty,empty,empty,ok
mp-757172,Na3SnPCO7,ok,ok,empty,empty,empty,ok,ok,ok,ok,ok,empty,empty,empty,ok
mp-757203,NaPH4SO8,ok,ok,empty,ok,ok,ok,ok,ok,ok,ok,empty,empty,empty,ok
mp-757218,K4Na2H18Pd(IO10)2,ok,ok,empty,empty,empty,ok,ok,ok,ok,ok,empty,empty,empty,ok
mp-757312,NaInBP2HO9,ok,ok,empty,empty,empty,ok,ok,ok,ok,ok,empty,empty,empty,ok
mp-757387,NaNi3P4H8NO16,ok,ok,empty,empty,empty,ok,ok,ok,ok,ok,empty,empty,empty,ok
mp-757398,NaMnP2H10NO10,ok,ok,empty,empty,empty,ok,ok,ok,ok,ok,empty,empty,empty,ok
mp-757853,Na4Ti5O12,ok,ok,empty,empty,empty,ok,ok,ok,ok,ok,empty,empty,empty,ok
mp-757878,Na5Cu(HO2)2,ok,ok,empty,empty,empty,ok,ok,ok,ok,ok,empty,empty,empty,ok
mp-757981,Na2SnGe2(HO4)2,ok,ok,empty,empty,empty,ok,ok,ok,ok,ok,empty,empty,empty,ok
mp-758128,NaCoH2C3O7,ok,ok,empty,empty,empty,ok,ok,ok,ok,ok,empty,empty,empty,ok
mp-758157,Na4H2RuN6O13,ok,ok,empty,empty,empty,ok,ok,ok,ok,ok,empty,empty,empty,ok
mp-758168,NaZn2HSe2O7,ok,ok,empty,empty,empty,ok,ok,ok,ok,ok,empty,empty,empty,ok
mp-758238,Na2ZnPHO5,ok,ok,empty,empty,empty,ok,ok,ok,ok,ok,empty,empty,empty,ok
mp-758453,Na2P2H4N2O5,ok,ok,empty,empty,empty,ok,ok,ok,ok,ok,empty,empty,empty,ok
mp-758632,NaH2C2N3O,ok,ok,empty,ok,ok,ok,ok,ok,ok,ok,empty,empty,empty,ok
mp-758693,Na4Al4H10O13,ok,ok,empty,empty,empty,ok,ok,ok,ok,ok,empty,empty,empty,ok
mp-758826,NaMn(HO)3,ok,ok,empty,empty,empty,ok,ok,ok,ok,ok,empty,empty,empty,ok
mp-758866,Na2Li4Ni2C4SO16,ok,ok,empty,empty,empty,ok,ok,ok,ok,ok,empty,empty,empty,ok
mp-758925,Na6Zn3As4H6O19,ok,ok,empty,empty,empty,ok,ok,ok,ok,ok,empty,empty,empty,ok
mp-758930,Na5FeHO4,ok,ok,empty,empty,empty,ok,ok,ok,ok,ok,empty,empty,empty,ok
mp-758936,Na2CoP4(H4O5)4,ok,ok,empty,empty,empty,ok,ok,ok,ok,ok,empty,empty,empty,ok
mp-758942,NaYH8(CO3)4,ok,ok,empty,empty,empty,ok,ok,ok,ok,ok,empty,empty,empty,ok
mp-759218,NaV(PO4)2,ok,ok,empty,empty,empty,ok,ok,ok,ok,ok,empty,empty,empty,ok
mp-759230,NaAl11O17,ok,ok,empty,empty,empty,ok,ok,ok,ok,ok,empty,empty,empty,ok
mp-759317,Na3NiO2,ok,ok,empty,empty,empty,ok,ok,ok,ok,ok,empty,empty,empty,ok
mp-759323,Na5Fe2P2(CO7)2,ok,ok,empty,empty,empty,ok,ok,ok,ok,ok,empty,empty,empty,ok
mp-759496,Na2W3O10,ok,ok,empty,empty,empty,ok,ok,ok,ok,ok,empty,empty,empty,ok
mp-759533,NaMnO2,ok,ok,empty,empty,empty,ok,ok,ok,ok,ok,empty,empty,empty,ok
mp-759535,Na3Cu5O4,ok,ok,empty,empty,empty,ok,ok,ok,ok,ok,empty,empty,empty,ok
mp-759559,Na3LiMnBPO7,ok,ok,empty,empty,empty,ok,ok,ok,ok,ok,empty,empty,empty,ok
mp-759586,Na2Li2CoO4,ok,ok,empty,empty,empty,ok,ok,ok,ok,ok,empty,empty,empty,ok
mp-759615,Na2LiCaVP2O9,ok,ok,empty,empty,empty,ok,ok,ok,ok,ok,empty,empty,empty,ok
mp-759637,Na2SrLiVP2O9,ok,ok,empty,empty,empty,ok,ok,ok,ok,ok,empty,empty,empty,ok
mp-759675,NaCo2P3O10,ok,ok,empty,empty,empty,ok,ok,ok,ok,ok,empty,empty,empty,ok
mp-759748,Na2Li4Mn2C4SO16,ok,ok,empty,empty,empty,ok,ok,ok,ok,ok,empty,empty,empty,ok
mp-759759,NaGa3P2(HO3)4,ok,ok,empty,empty,empty,ok,ok,ok,ok,ok,empty,empty,empty,ok
mp-759786,Na2Ti7O15,ok,ok,empty,empty,empty,ok,ok,ok,ok,ok,empty,empty,empty,ok
mp-759794,NaMnO4,ok,ok,empty,empty,empty,ok,ok,ok,ok,ok,empty,empty,empty,ok
mp-759838,NaSn2(PO4)3,ok,ok,empty,empty,empty,ok,ok,ok,ok,ok,empty,empty,empty,ok
mp-759863,Na2VO3,ok,ok,empty,empty,empty,ok,ok,ok,ok,ok,empty,empty,empty,ok
mp-759875,Na3Fe2(PO4)3,ok,ok,empty,empty,empty,ok,ok,ok,ok,ok,empty,empty,empty,ok
mp-759876,Na5SbO5,ok,ok,empty,ok,ok,ok,ok,ok,ok,ok,empty,empty,empty,ok
mp-759974,NaFe5O8,ok,ok,empty,ok,empty,ok,ok,ok,ok,ok,empty,empty,empty,ok
mp-760056,Na2LiMn(PO3)5,ok,ok,empty,empty,empty,ok,ok,ok,ok,ok,empty,empty,empty,ok
mp-760057,Na2LiVPO6,ok,ok,empty,empty,empty,ok,ok,ok,ok,ok,empty,empty,empty,ok
mp-760068,Na4CoO4,ok,ok,empty,empty,empty,ok,ok,ok,ok,ok,empty,empty,empty,ok
mp-760184,Na4Ti5O12,ok,ok,empty,empty,empty,ok,ok,ok,ok,ok,empty,empty,empty,ok
mp-760207,Na2Li4Co2C4SO16,ok,ok,empty,empty,empty,ok,ok,ok,ok,ok,empty,empty,empty,ok
mp-760210,NaLi2NiPCO7,ok,ok,empty,empty,empty,ok,ok,ok,ok,ok,empty,empty,empty,ok
mp-760311,Na7SbO6,ok,ok,empty,empty,empty,ok,ok,ok,ok,ok,empty,empty,empty,ok
mp-760318,Na5FeO4,ok,ok,empty,empty,empty,ok,ok,ok,ok,ok,empty,empty,empty,ok
mp-760327,Na6NiO4,ok,ok,empty,empty,empty,ok,ok,ok,ok,ok,empty,empty,empty,ok
mp-760344,NaLi2CoPCO7,ok,ok,empty,empty,empty,ok,ok,ok,ok,ok,empty,empty,empty,ok
mp-760863,Na4Ti7O16,ok,ok,empty,empty,empty,ok,ok,ok,ok,ok,empty,empty,empty,ok
mp-760911,NaVPO5,ok,ok,empty,empty,empty,ok,ok,ok,ok,ok,empty,empty,empty,ok
mp-760927,NaTiPO5,ok,ok,empty,empty,empty,ok,ok,ok,ok,ok,empty,empty,empty,ok
mp-760942,Na2CrO4,ok,ok,empty,empty,empty,ok,ok,ok,ok,ok,empty,empty,empty,ok
mp-760979,Na2Ti2O5,ok,ok,empty,empty,empty,ok,ok,ok,ok,ok,empty,empty,empty,ok
mp-760994,NaSbO3,ok,ok,empty,empty,empty,ok,ok,ok,ok,ok,empty,empty,empty,ok
mp-761016,NaMnPCO7,ok,ok,empty,empty,empty,ok,ok,ok,ok,ok,empty,empty,empty,ok
mp-761026,Na5VO5,ok,ok,empty,empty,empty,ok,ok,ok,ok,ok,empty,empty,empty,ok
mp-761044,NaNi2P3O10,ok,ok,empty,empty,empty,ok,ok,ok,ok,ok,empty,empty,empty,ok
mp-761051,Na2VPO6,ok,ok,empty,empty,empty,ok,ok,ok,ok,ok,empty,empty,empty,ok
mp-761052,Na2Ni3(P2O7)2,ok,ok,empty,empty,empty,ok,ok,ok,ok,ok,empty,empty,empty,ok
mp-761059,Na3V2(PO4)3,ok,ok,empty,empty,empty,ok,ok,ok,ok,ok,empty,empty,empty,ok
mp-761060,Na3Fe2(PO4)3,ok,ok,empty,empty,empty,ok,ok,ok,ok,ok,empty,empty,empty,ok
mp-761065,Na9Fe3P8O29,ok,ok,empty,empty,empty,ok,ok,ok,ok,ok,empty,empty,empty,ok
mp-761066,NaNiPO4,ok,ok,empty,empty,empty,ok,ok,ok,ok,ok,empty,empty,empty,ok
mp-761067,NaMn(PO3)3,ok,ok,empty,empty,empty,ok,ok,ok,ok,ok,empty,empty,empty,ok
mp-761073,Na3Fe2(PO4)3,ok,ok,empty,empty,empty,ok,ok,ok,ok,ok,empty,empty,empty,ok
mp-761076,Na2CrO4,ok,ok,empty,empty,empty,ok,ok,ok,ok,ok,empty,empty,empty,ok
mp-761090,Na3BiO3,ok,ok,empty,empty,empty,ok,ok,ok,ok,ok,empty,empty,empty,ok
mp-761093,Na3Fe5O8,ok,ok,empty,empty,empty,ok,ok,ok,ok,ok,empty,empty,empty,ok
mp-761140,Na4Ti7O16,ok,ok,empty,empty,empty,ok,ok,ok,ok,ok,empty,empty,empty,ok
mp-761175,NaNi4H9(CO5)3,ok,ok,empty,empty,empty,ok,ok,ok,ok,ok,empty,empty,empty,ok
mp-761184,Na2SnO3,ok,ok,empty,empty,empty,ok,ok,ok,ok,ok,empty,empty,empty,ok
mp-761219,Na8TiO6,ok,ok,empty,ok,ok,ok,ok,ok,ok,ok,empty,empty,empty,ok
mp-761229,Na2MnO3,ok,ok,empty,empty,empty,ok,ok,ok,ok,ok,empty,empty,empty,ok
mp-761683,Na4TiO4,ok,ok,empty,empty,empty,ok,ok,ok,ok,ok,empty,empty,empty,ok
mp-761686,Na2BiO3,ok,ok,empty,ok,empty,ok,ok,ok,ok,ok,empty,empty,empty,ok
mp-761827,Na3CuO3,ok,ok,empty,empty,empty,ok,ok,ok,ok,ok,empty,empty,empty,ok
mp-761849,Na5Li3Ti5O14,ok,ok,empty,ok,ok,ok,ok,ok,ok,ok,empty,empty,empty,ok
mp-761853,Na3PH22(SO4)3,ok,ok,empty,empty,empty,ok,ok,ok,ok,ok,empty,empty,empty,ok
mp-761931,Na8SnO6,ok,ok,empty,ok,ok,ok,ok,ok,ok,ok,empty,empty,empty,ok
mp-762058,Na2Ti2O5,ok,ok,empty,empty,empty,ok,ok,ok,ok,ok,empty,empty,empty,ok
mp-762089,Na4SnH32(SeO4)4,ok,ok,empty,empty,empty,ok,ok,ok,ok,ok,empty,empty,empty,ok
mp-762258,Na2Sn4O9,ok,ok,empty,empty,empty,ok,ok,ok,ok,ok,empty,empty,empty,ok
mp-762594,Na2In2P4H6O17,ok,ok,empty,empty,empty,ok,ok,ok,ok,ok,empty,empty,empty,ok
mp-762852,Na2P2H12O11F2,ok,ok,empty,empty,empty,ok,ok,ok,ok,ok,empty,empty,empty,ok
mp-763805,Na7(WO3)9,ok,ok,empty,empty,empty,ok,ok,ok,ok,ok,empty,empty,empty,ok
mp-763899,NaVPO5,ok,ok,empty,empty,empty,ok,ok,ok,ok,ok,empty,empty,empty,ok
mp-763901,NaVO3,ok,ok,empty,empty,empty,ok,ok,ok,ok,ok,empty,empty,empty,ok
mp-764074,Na2FeO3,ok,ok,empty,ok,ok,ok,ok,ok,ok,ok,empty,empty,empty,ok
mp-764111,NaFe(PO3)3,ok,ok,empty,empty,empty,ok,ok,ok,ok,ok,empty,empty,empty,ok
mp-764171,NaV2(PO4)3,ok,ok,empty,empty,empty,ok,ok,ok,ok,ok,empty,empty,empty,ok
mp-764273,Na2LiMnPCO7,ok,ok,empty,empty,empty,ok,ok,ok,ok,ok,empty,empty,empty,ok
mp-764496,Na14Ni2O9,ok,ok,empty,empty,empty,ok,ok,ok,ok,ok,empty,empty,empty,ok
mp-764595,Na2V2O5,ok,ok,empty,empty,empty,ok,ok,ok,ok,ok,empty,empty,empty,ok
mp-764629,Rb3NaV4H2O13,ok,ok,empty,empty,empty,ok,ok,ok,ok,ok,empty,empty,empty,ok
mp-764647,Na8TiO6,ok,ok,empty,empty,empty,ok,ok,ok,ok,ok,empty,empty,empty,ok
mp-764836,Na4FeO5,ok,ok,empty,empty,empty,ok,ok,ok,ok,ok,empty,empty,empty,ok
mp-764858,Na6W10O33,ok,ok,empty,empty,empty,ok,ok,ok,ok,ok,empty,empty,empty,ok
mp-764966,Na2B8O13,ok,ok,empty,empty,empty,ok,ok,ok,ok,ok,empty,empty,empty,ok
mp-7652,Na5TlO4,ok,ok,empty,empty,empty,ok,ok,ok,ok,ok,empty,empty,empty,ok
mp-7656,Na5GaO4,ok,ok,empty,empty,empty,ok,ok,ok,ok,ok,empty,empty,empty,ok
mp-765721,Na4V3O8,ok,ok,empty,empty,empty,ok,ok,ok,ok,ok,empty,empty,empty,ok
mp-765753,NaMnO4,ok,ok,empty,empty,empty,ok,ok,ok,ok,ok,empty,empty,empty,ok
mp-765959,NaPH3C2N3O4,ok,ok,empty,empty,empty,ok,ok,ok,ok,ok,empty,empty,empty,ok
mp-766031,NaMgH4SO6F,ok,ok,empty,empty,empty,ok,ok,ok,ok,ok,empty,empty,empty,ok
mp-766215,Na5LiFe6(SiO3)12,ok,ok,empty,empty,empty,ok,ok,ok,ok,ok,empty,empty,empty,ok
mp-766230,Rb2NaZn2H5(C2O7)2,ok,ok,empty,empty,empty,ok,ok,ok,ok,ok,empty,empty,empty,ok
mp-7664,Na6ZnO4,ok,ok,empty,ok,ok,ok,ok,ok,ok,ok,empty,empty,empty,ok
mp-766427,K2NaZn2H5(C2O7)2,ok,ok,empty,empty,empty,ok,ok,ok,ok,ok,empty,empty,empty,ok
mp-766448,NaSnPHO4F,ok,ok,empty,empty,empty,ok,ok,ok,ok,ok,empty,empty,empty,ok
mp-766463,Na3GaB4O9,ok,ok,empty,empty,empty,ok,ok,ok,ok,ok,empty,empty,empty,ok
mp-766470,Na6Ca3MnC6(O9F)2,ok,ok,empty,empty,empty,ok,ok,ok,ok,ok,empty,empty,empty,ok
mp-766955,K6Na2MnH24(WO6)6,ok,ok,empty,empty,empty,ok,ok,ok,ok,ok,empty,empty,empty,ok
mp-767419,NaPH2OF6,ok,ok,empty,empty,empty,ok,ok,ok,ok,ok,empty,empty,empty,ok
mp-767430,Na3CdPCO7,ok,ok,empty,empty,empty,ok,ok,ok,ok,ok,empty,empty,empty,ok
mp-767431,Na3SrPCO7,ok,ok,empty,empty,empty,ok,ok,ok,ok,ok,empty,empty,empty,ok
mp-767462,Na2YPCO7,ok,ok,empty,empty,empty,ok,ok,ok,ok,ok,empty,empty,empty,ok
mp-767518,Na2ScPCO7,ok,ok,empty,empty,empty,ok,ok,ok,ok,ok,empty,empty,empty,ok
mp-767521,Na2InPCO7,ok,ok,empty,empty,empty,ok,ok,ok,ok,ok,empty,empty,empty,ok
mp-767523,Na2SmPCO7,ok,ok,empty,empty,empty,ok,ok,ok,ok,ok,empty,empty,empty,ok
mp-767529,Na2TbPCO7,ok,ok,empty,empty,empty,ok,ok,ok,ok,ok,empty,empty,empty,ok
mp-767530,BaNa3PCO7,ok,ok,empty,empty,empty,ok,ok,ok,ok,ok,empty,empty,empty,ok
mp-767533,Na2LaPCO7,ok,ok,empty,empty,empty,ok,ok,ok,ok,ok,empty,empty,empty,ok
mp-767535,NaHfPCO7,ok,ok,empty,ok,ok,ok,ok,ok,ok,ok,empty,empty,empty,ok
mp-767538,NaCePCO7,ok,ok,empty,empty,empty,ok,ok,ok,ok,ok,empty,empty,empty,ok
mp-767545,Na3ZnPCO7,ok,ok,empty,empty,empty,ok,ok,ok,ok,ok,empty,empty,empty,ok
mp-767546,Na2AsPCO7,ok,ok,empty,empty,empty,ok,ok,ok,ok,ok,empty,empty,empty,ok
mp-767552,Na3CaPCO7,ok,ok,empty,empty,empty,ok,ok,ok,ok,ok,empty,empty,empty,ok
mp-767556,NaTiPCO7,ok,ok,empty,ok,ok,ok,ok,ok,ok,ok,empty,empty,empty,ok
mp-767562,Na2LuPCO7,ok,ok,empty,empty,empty,ok,ok,ok,ok,ok,empty,empty,empty,ok
mp-767566,Na2TmPCO7,ok,ok,empty,empty,empty,ok,ok,ok,ok,ok,empty,empty,empty,ok
mp-767573,Na2ErPCO7,ok,ok,empty,empty,empty,ok,ok,ok,ok,ok,empty,empty,empty,ok
mp-767606,Na2NdPCO7,ok,ok,empty,empty,empty,ok,ok,ok,ok,ok,empty,empty,empty,ok
mp-767960,Na2FePCO7,ok,ok,empty,empty,empty,ok,ok,ok,ok,ok,empty,empty,empty,ok
mp-768042,Na2FePCO7,ok,ok,empty,empty,empty,ok,ok,ok,ok,ok,empty,empty,empty,ok
mp-768053,Na2FePCO7,ok,ok,empty,empty,empty,ok,ok,ok,ok,ok,empty,empty,empty,ok
mp-768077,Na2FePCO7,ok,ok,empty,empty,empty,ok,ok,ok,ok,ok,empty,empty,empty,ok
mp-768081,Na2FePCO7,ok,ok,empty,empty,empty,ok,ok,ok,ok,ok,empty,empty,empty,ok
mp-768094,Na2FePCO7,ok,ok,empty,empty,empty,ok,ok,ok,ok,ok,empty,empty,empty,ok
mp-768103,NaVPCO7,ok,ok,empty,empty,empty,ok,ok,ok,ok,ok,empty,empty,empty,ok
mp-768108,Na2FePCO7,ok,ok,empty,empty,empty,ok,ok,ok,ok,ok,empty,empty,empty,ok
mp-768120,Na2GaPCO7,ok,ok,empty,empty,empty,ok,ok,ok,ok,ok,empty,empty,empty,ok
mp-768125,Na3GePCO7,ok,ok,empty,empty,empty,ok,ok,ok,ok,ok,empty,empty,empty,ok
mp-768127,NaSnPCO7,ok,ok,empty,ok,ok,ok,ok,ok,ok,ok,empty,empty,empty,ok
mp-768129,Na2HoPCO7,ok,ok,empty,empty,empty,ok,ok,ok,ok,ok,empty,empty,empty,ok
mp-768140,Na2BiPCO7,ok,ok,empty,empty,empty,ok,ok,ok,ok,ok,empty,empty,empty,ok
mp-768141,Na2DyPCO7,ok,ok,empty,empty,empty,ok,ok,ok,ok,ok,empty,empty,empty,ok
mp-768143,NaGePCO7,ok,ok,empty,empty,empty,ok,ok,ok,ok,ok,empty,empty,empty,ok
mp-768144,Na2SbPCO7,ok,ok,empty,empty,empty,ok,ok,ok,ok,ok,empty,empty,empty,ok
mp-768146,Na2AlPCO7,ok,ok,empty,empty,empty,ok,ok,ok,ok,ok,empty,empty,empty,ok
mp-768152,NaZrPCO7,ok,ok,empty,ok,ok,ok,ok,ok,ok,ok,empty,empty,empty,ok
mp-768154,Na3MgPCO7,ok,ok,empty,empty,empty,ok,ok,ok,ok,ok,empty,empty,empty,ok
mp-768209,NaSnPCO7,ok,ok,empty,empty,empty,ok,ok,ok,ok,ok,empty,empty,empty,ok
mp-768326,Na4Sn2C4SO16,ok,ok,empty,empty,empty,ok,ok,ok,ok,ok,empty,empty,empty,ok
mp-768395,Na4Sb2C4SO16,ok,ok,empty,empty,empty,ok,ok,ok,ok,ok,empty,empty,empty,ok
mp-768554,Na2VBPO7,ok,ok,empty,empty,empty,ok,ok,ok,ok,ok,empty,empty,empty,ok
mp-768556,Na3BSbPO7,ok,ok,empty,empty,empty,ok,ok,ok,ok,ok,empty,empty,empty,ok
mp-768574,Na3MnBPO7,ok,ok,empty,empty,empty,ok,ok,ok,ok,ok,empty,empty,empty,ok
mp-768582,Na3BiBPO7,ok,ok,empty,empty,empty,ok,ok,ok,ok,ok,empty,empty,empty,ok
mp-768592,Na2SnBPO7,ok,ok,empty,empty,empty,ok,ok,ok,ok,ok,empty,empty,empty,ok
mp-768598,Na2NiCSO7,ok,ok,empty,empty,empty,ok,ok,ok,ok,ok,empty,empty,empty,ok
mp-768656,NaSbCSO7,ok,ok,empty,empty,empty,ok,ok,ok,ok,ok,empty,empty,empty,ok
mp-768661,NaFeCSO7,ok,ok,empty,empty,empty,ok,ok,ok,ok,ok,empty,empty,empty,ok
mp-768663,Na3SiBiCO7,ok,ok,empty,empty,empty,ok,ok,ok,ok,ok,empty,empty,empty,ok
mp-768847,Na5LiNi2P2(CO7)2,ok,ok,empty,empty,empty,ok,ok,ok,ok,ok,empty,empty,empty,ok
mp-768850,Na5LiCo2P2(CO7)2,ok,ok,empty,empty,empty,ok,ok,ok,ok,ok,empty,empty,empty,ok
mp-768867,Na2SnCSO7,ok,ok,empty,empty,empty,ok,ok,ok,ok,ok,empty,empty,empty,ok
mp-768915,Na3AuO3,ok,ok,empty,empty,empty,ok,ok,ok,ok,ok,empty,empty,empty,ok
mp-768938,Na5LiFe2P2(CO7)2,ok,ok,empty,empty,empty,ok,ok,ok,ok,ok,empty,empty,empty,ok
mp-768959,Na4Sb2C4SO16,ok,ok,empty,empty,empty,ok,ok,ok,ok,ok,empty,empty,empty,ok
mp-769073,Na2LiTi3Al(PO4)6,ok,ok,empty,empty,empty,ok,ok,ok,ok,ok,empty,empty,empty,ok
mp-769074,Na2LiTi3Al(PO4)6,ok,ok,empty,empty,empty,ok,ok,ok,ok,ok,empty,empty,empty,ok
mp-769261,Na6Sn2C4SO16,ok,ok,empty,empty,empty,ok,ok,ok,ok,ok,empty,empty,empty,ok
mp-769398,Na3IO,ok,ok,empty,empty,empty,ok,ok,ok,ok,ok,empty,empty,empty,ok
mp-769456,Na5Fe2P2(CO7)2,ok,ok,empty,empty,empty,ok,ok,ok,ok,ok,empty,empty,empty,ok
mp-769488,Na5Fe2P2(CO7)2,ok,ok,empty,empty,empty,ok,ok,ok,ok,ok,empty,empty,empty,ok
mp-769506,Na2FePCO7,ok,ok,empty,empty,empty,ok,ok,ok,ok,ok,empty,empty,empty,ok
mp-769511,NaLiV2O6,ok,ok,empty,empty,empty,ok,ok,ok,ok,ok,empty,empty,empty,ok
mp-769515,Na2FePCO7,ok,ok,empty,empty,empty,ok,ok,ok,ok,ok,empty,empty,empty,ok
mp-769564,NaVPCO7,ok,ok,empty,empty,empty,ok,ok,ok,ok,ok,empty,empty,empty,ok
mp-769565,Na2VPCO7,ok,ok,empty,empty,empty,ok,ok,ok,ok,ok,empty,empty,empty,ok
mp-769592,Na3VPCO7,ok,ok,empty,empty,empty,ok,ok,ok,ok,ok,empty,empty,empty,ok
mp-769616,Na2CrPCO7,ok,ok,empty,empty,empty,ok,ok,ok,ok,ok,empty,empty,empty,ok
mp-769634,Na3CrPCO7,ok,ok,empty,empty,empty,ok,ok,ok,ok,ok,empty,empty,empty,ok
mp-769713,Na4B4Sb2SO16,ok,ok,empty,empty,empty,ok,ok,ok,ok,ok,empty,empty,empty,ok
mp-770332,NaBiCSO7,ok,ok,empty,empty,empty,ok,ok,ok,ok,ok,empty,empty,empty,ok
mp-770394,Na5Fe2P2(CO7)2,ok,ok,empty,empty,empty,ok,ok,ok,ok,ok,empty,empty,empty,ok
mp-770475,Na3BiBAsO7,ok,ok,empty,empty,empty,ok,ok,ok,ok,ok,empty,empty,empty,ok
mp-770500,Na6Mn2B4SO16,ok,ok,empty,empty,empty,ok,ok,ok,ok,ok,empty,empty,empty,ok
mp-770525,Na6Mn2C4SO16,ok,ok,empty,empty,empty,ok,ok,ok,ok,ok,empty,empty,empty,ok
mp-770560,Na4Cr2C4SO16,ok,ok,empty,empty,empty,ok,ok,ok,ok,ok,empty,empty,empty,ok
mp-770646,Na3SnAsCO7,ok,ok,empty,empty,empty,ok,ok,ok,ok,ok,empty,empty,empty,ok
mp-770717,Na2VPCO7,ok,ok,empty,empty,empty,ok,ok,ok,ok,ok,empty,empty,empty,ok
mp-770738,Na3BSbAsO7,ok,ok,empty,empty,empty,ok,ok,ok,ok,ok,empty,empty,empty,ok
mp-770765,Na3MnBAsO7,ok,ok,empty,empty,empty,ok,ok,ok,ok,ok,empty,empty,empty,ok
mp-770772,NaLi2FePCO7,ok,ok,empty,empty,empty,ok,ok,ok,ok,ok,empty,empty,empty,ok
mp-770829,NaCrCSO7,ok,ok,empty,empty,empty,ok,ok,ok,ok,ok,empty,empty,empty,ok
mp-770831,Na3CoBSO7,ok,ok,empty,empty,empty,ok,ok,ok,ok,ok,empty,empty,empty,ok
mp-770835,Na3Li3Mn2P2(CO7)2,ok,ok,empty,empty,empty,ok,ok,ok,ok,ok,empty,empty,empty,ok
mp-770837,Na5Fe2P2(CO7)2,ok,ok,empty,empty,empty,ok,ok,ok,ok,ok,empty,empty,empty,ok
mp-770900,NaMnAsCO7,ok,ok,empty,empty,empty,ok,ok,ok,ok,ok,empty,empty,empty,ok
mp-770912,Na2MnSiCO7,ok,ok,empty,empty,empty,ok,ok,ok,ok,ok,empty,empty,empty,ok
mp-770929,Na3Li3Mn2P2(CO7)2,ok,ok,empty,empty,empty,ok,ok,ok,ok,ok,empty,empty,empty,ok
mp-770937,Na3CoPCO7,ok,ok,empty,empty,empty,ok,ok,ok,ok,ok,empty,empty,empty,ok
mp-770940,Na3NiAsCO7,ok,ok,empty,empty,empty,ok,ok,ok,ok,ok,empty,empty,empty,ok
mp-770947,Na3VSiCO7,ok,ok,empty,empty,empty,ok,ok,ok,ok,ok,empty,empty,empty,ok
mp-770948,Na3CoPCO7,ok,ok,empty,empty,empty,ok,ok,ok,ok,ok,empty,empty,empty,ok
mp-770968,Na3NiPCO7,ok,ok,empty,empty,empty,ok,ok,ok,ok,ok,empty,empty,empty,ok
mp-771003,NaLi2MnPCO7,ok,ok,empty,empty,empty,ok,ok,ok,ok,ok,empty,empty,empty,ok
mp-771006,Na3Li3Fe2P2(CO7)2,ok,ok,empty,empty,empty,ok,ok,ok,ok,ok,empty,empty,empty,ok
mp-771007,NaLi2FePCO7,ok,ok,empty,empty,empty,ok,ok,ok,ok,ok,empty,empty,empty,ok
mp-771012,Na2VAsCO7,ok,ok,empty,empty,empty,ok,ok,ok,ok,ok,empty,empty,empty,ok
mp-771013,Na3CrSiCO7,ok,ok,empty,empty,empty,ok,ok,ok,ok,ok,empty,empty,empty,ok
mp-771021,Na3Li3Mn2P2(CO7)2,ok,ok,empty,empty,empty,ok,ok,ok,ok,ok,empty,empty,empty,ok
mp-771022,Na3Li3Fe2P2(CO7)2,ok,ok,empty,empty,empty,ok,ok,ok,ok,ok,empty,empty,empty,ok
mp-771025,Na2SiBSbO7,ok,ok,empty,empty,empty,ok,ok,ok,ok,ok,empty,empty,empty,ok
mp-771026,Na2BSbSO7,ok,ok,empty,empty,empty,ok,ok,ok,ok,ok,empty,empty,empty,ok
mp-771035,Na3MnAsCO7,ok,ok,empty,empty,empty,ok,ok,ok,ok,ok,empty,empty,empty,ok
mp-771038,Na3CrAsCO7,ok,ok,empty,empty,empty,ok,ok,ok,ok,ok,empty,empty,empty,ok
mp-771039,NaLi2MnPCO7,ok,ok,empty,empty,empty,ok,ok,ok,ok,ok,empty,empty,empty,ok
mp-771041,Na3CoSiCO7,ok,ok,empty,empty,empty,ok,ok,ok,ok,ok,empty,empty,empty,ok
mp-771060,Na5LiNi2P2(CO7)2,ok,ok,empty,empty,empty,ok,ok,ok,ok,ok,empty,empty,empty,ok
mp-771138,Na2FeCSO7,ok,ok,empty,empty,empty,ok,ok,ok,ok,ok,empty,empty,empty,ok
mp-771142,Na2MnBSO7,ok,ok,empty,empty,empty,ok,ok,ok,ok,ok,empty,empty,empty,ok
mp-771143,Na3NiBSO7,ok,ok,empty,empty,empty,ok,ok,ok,ok,ok,empty,empty,empty,ok
mp-771144,Na3FeAsCO7,ok,ok,empty,empty,empty,ok,ok,ok,ok,ok,empty,empty,empty,ok
mp-771154,Na3VSiBO7,ok,ok,empty,empty,empty,ok,ok,ok,ok,ok,empty,empty,empty,ok
mp-771166,Na2SbAsCO7,ok,ok,empty,empty,empty,ok,ok,ok,ok,ok,empty,empty,empty,ok
mp-771169,Na2CrAsCO7,ok,ok,empty,empty,empty,ok,ok,ok,ok,ok,empty,empty,empty,ok
mp-771204,Na3FeSiCO7,ok,ok,empty,empty,empty,ok,ok,ok,ok,ok,empty,empty,empty,ok
mp-771248,Na2Ge2O5,ok,ok,empty,ok,ok,ok,ok,ok,ok,ok,empty,empty,empty,ok
mp-771264,Na3ZnPCO7,ok,ok,empty,ok,ok,ok,ok,ok,ok,ok,empty,empty,empty,ok
mp-771270,Na3VAsCO7,ok,ok,empty,empty,empty,ok,ok,ok,ok,ok,empty,empty,empty,ok
mp-771324,Na3CaPCO7,ok,ok,empty,empty,empty,ok,ok,ok,ok,ok,empty,empty,empty,ok
mp-771329,Na3CrPCO7,ok,ok,empty,empty,empty,ok,ok,ok,ok,ok,empty,empty,empty,ok
mp-771331,BaNa3PCO7,ok,ok,empty,empty,empty,ok,ok,ok,ok,ok,empty,empty,empty,ok
mp-771332,Na3VPCO7,ok,ok,empty,empty,empty,ok,ok,ok,ok,ok,empty,empty,empty,ok
mp-771335,Na3SnPCO7,ok,ok,empty,ok,ok,ok,ok,ok,ok,ok,empty,empty,empty,ok
mp-771336,Na3MgPCO7,ok,ok,empty,empty,empty,ok,ok,ok,ok,ok,empty,empty,empty,ok
mp-771337,Na3FePCO7,ok,ok,empty,empty,empty,ok,ok,ok,ok,ok,empty,empty,empty,ok
mp-771385,Na3MnPCO7,ok,ok,empty,empty,empty,ok,ok,ok,ok,ok,empty,empty,empty,ok
mp-771393,Na3FeBAsO7,ok,ok,empty,empty,empty,ok,ok,ok,ok,ok,empty,empty,empty,ok
mp-771774,Na2SiSnCO7,ok,ok,empty,empty,empty,ok,ok,ok,ok,ok,empty,empty,empty,ok
mp-771824,Na2MnCSO7,ok,ok,empty,empty,empty,ok,ok,ok,ok,ok,empty,empty,empty,ok
mp-7719,NaTm(SO4)2,ok,ok,empty,empty,empty,ok,ok,ok,ok,ok,empty,empty,empty,ok
mp-771954,Na2VCSO7,ok,ok,empty,empty,empty,ok,ok,ok,ok,ok,empty,empty,empty,ok
mp-771974,Na3CrBAsO7,ok,ok,empty,empty,empty,ok,ok,ok,ok,ok,empty,empty,empty,ok
mp-772039,Na4Sn4H10O11,ok,ok,empty,empty,empty,ok,ok,ok,ok,ok,empty,empty,empty,ok
mp-772044,NaVSiCO7,ok,ok,empty,empty,empty,ok,ok,ok,ok,ok,empty,empty,empty,ok
mp-772048,Na2BiBSO7,ok,ok,empty,empty,empty,ok,ok,ok,ok,ok,empty,empty,empty,ok
mp-772101,Na3MnSiCO7,ok,ok,empty,empty,empty,ok,ok,ok,ok,ok,empty,empty,empty,ok
mp-772117,Na2CoCSO7,ok,ok,empty,empty,empty,ok,ok,ok,ok,ok,empty,empty,empty,ok
mp-772154,Na2VSiCO7,ok,ok,empty,empty,empty,ok,ok,ok,ok,ok,empty,empty,empty,ok
mp-772183,NaVCSO7,ok,ok,empty,empty,empty,ok,ok,ok,ok,ok,empty,empty,empty,ok
mp-772223,Na3Fe(BO3)2,ok,ok,empty,empty,empty,ok,ok,ok,ok,ok,empty,empty,empty,ok
mp-772234,NaLi2MnPCO7,ok,ok,empty,empty,empty,ok,ok,ok,ok,ok,empty,empty,empty,ok
mp-772235,Na5LiMn2P2(CO7)2,ok,ok,empty,empty,empty,ok,ok,ok,ok,ok,empty,empty,empty,ok
mp-772236,Na3Li3Mn2P2(CO7)2,ok,ok,empty,empty,empty,ok,ok,ok,ok,ok,empty,empty,empty,ok
mp-772237,NaLi5Fe2P2(CO7)2,ok,ok,empty,empty,empty,ok,ok,ok,ok,ok,empty,empty,empty,ok
mp-772274,NaLi5Fe2P2(CO7)2,ok,ok,empty,empty,empty,ok,ok,ok,ok,ok,empty,empty,empty,ok
mp-772293,NaLi5Fe2P2(CO7)2,ok,ok,empty,empty,empty,ok,ok,ok,ok,ok,empty,empty,empty,ok
mp-772294,Na5LiFe2P2(CO7)2,ok,ok,empty,empty,empty,ok,ok,ok,ok,ok,empty,empty,empty,ok
mp-7723,NaAlF4,ok,ok,ok,empty,empty,ok,ok,ok,ok,ok,empty,empty,empty,ok
mp-772306,Na5LiFe2P2(CO7)2,ok,ok,empty,empty,empty,ok,ok,ok,ok,ok,empty,empty,empty,ok
mp-772307,NaLi5Mn2P2(CO7)2,ok,ok,empty,empty,empty,ok,ok,ok,ok,ok,empty,empty,empty,ok
mp-772308,Na5LiMn2P2(CO7)2,ok,ok,empty,empty,empty,ok,ok,ok,ok,ok,empty,empty,empty,ok
mp-772311,Na5LiMn2P2(CO7)2,ok,ok,empty,empty,empty,ok,ok,ok,ok,ok,empty,empty,empty,ok
mp-772313,NaLi2MnPCO7,ok,ok,empty,empty,empty,ok,ok,ok,ok,ok,empty,empty,empty,ok
mp-772315,Na5LiMn2P2(CO7)2,ok,ok,empty,empty,empty,ok,ok,ok,ok,ok,empty,empty,empty,ok
mp-772411,Na2LiMnPCO7,ok,ok,empty,empty,empty,ok,ok,ok,ok,ok,empty,empty,empty,ok
mp-772414,Na2LiMnPCO7,ok,ok,empty,empty,empty,ok,ok,ok,ok,ok,empty,empty,empty,ok
mp-772415,Na2FeAsCO7,ok,ok,empty,empty,empty,ok,ok,ok,ok,ok,empty,empty,empty,ok
mp-772418,NaLi5Mn2P2(CO7)2,ok,ok,empty,empty,empty,ok,ok,ok,ok,ok,empty,empty,empty,ok
mp-772419,NaLi5Mn2P2(CO7)2,ok,ok,empty,empty,empty,ok,ok,ok,ok,ok,empty,empty,empty,ok
mp-772444,NaLi5Mn2P2(CO7)2,ok,ok,empty,empty,empty,ok,ok,ok,ok,ok,empty,empty,empty,ok
mp-772483,Na5LiMn2P2(CO7)2,ok,ok,empty,empty,empty,ok,ok,ok,ok,ok,empty,empty,empty,ok
mp-772484,Na3Li3Mn2P2(CO7)2,ok,ok,empty,empty,empty,ok,ok,ok,ok,ok,empty,empty,empty,ok
mp-772498,Na3Li3Mn2P2(CO7)2,ok,ok,empty,empty,empty,ok,ok,ok,ok,ok,empty,empty,empty,ok
mp-772499,Na2LiMnPCO7,ok,ok,empty,empty,empty,ok,ok,ok,ok,ok,empty,empty,empty,ok
mp-7725,Na2UO4,ok,ok,ok,empty,empty,ok,ok,ok,ok,ok,empty,empty,empty,ok
mp-772500,Na2LiMnPCO7,ok,ok,empty,empty,empty,ok,ok,ok,ok,ok,empty,empty,empty,ok
mp-772501,Na2LiMnPCO7,ok,ok,empty,empty,empty,ok,ok,ok,ok,ok,empty,empty,empty,ok
mp-772507,Na3Li3Mn2P2(CO7)2,ok,ok,empty,empty,empty,ok,ok,ok,ok,ok,empty,empty,empty,ok
mp-772514,Na5LiFe2P2(CO7)2,ok,ok,empty,empty,empty,ok,ok,ok,ok,ok,empty,empty,empty,ok
mp-772515,NaLi5Mn2P2(CO7)2,ok,ok,empty,empty,empty,ok,ok,ok,ok,ok,empty,empty,empty,ok
mp-772518,Na5LiMn2P2(CO7)2,ok,ok,empty,empty,empty,ok,ok,ok,ok,ok,empty,empty,empty,ok
mp-772519,NaLi2MnPCO7,ok,ok,empty,empty,empty,ok,ok,ok,ok,ok,empty,empty,empty,ok
mp-772536,Na5LiFe2P2(CO7)2,ok,ok,empty,empty,empty,ok,ok,ok,ok,ok,empty,empty,empty,ok
mp-772544,Na2LiFePCO7,ok,ok,empty,empty,empty,ok,ok,ok,ok,ok,empty,empty,empty,ok
mp-772546,Na5LiMn2P2(CO7)2,ok,ok,empty,empty,empty,ok,ok,ok,ok,ok,empty,empty,empty,ok
mp-772547,Na5LiMn2P2(CO7)2,ok,ok,empty,empty,empty,ok,ok,ok,ok,ok,empty,empty,empty,ok
mp-772551,Na2NiAsCO7,ok,ok,empty,empty,empty,ok,ok,ok,ok,ok,empty,empty,empty,ok
mp-772555,Na2LiMnPCO7,ok,ok,empty,empty,empty,ok,ok,ok,ok,ok,empty,empty,empty,ok
mp-772558,NaLi2MnPCO7,ok,ok,empty,empty,empty,ok,ok,ok,ok,ok,empty,empty,empty,ok
mp-772559,NaLi5Mn2P2(CO7)2,ok,ok,empty,empty,empty,ok,ok,ok,ok,ok,empty,empty,empty,ok
mp-772567,Na2LiMnPCO7,ok,ok,empty,empty,empty,ok,ok,ok,ok,ok,empty,empty,empty,ok
mp-772595,NaSiSbCO7,ok,ok,empty,empty,empty,ok,ok,ok,ok,ok,empty,empty,empty,ok
mp-772605,NaSnAsCO7,ok,ok,empty,empty,empty,ok,ok,ok,ok,ok,empty,empty,empty,ok
mp-772615,NaLi5Mn2P2(CO7)2,ok,ok,empty,empty,empty,ok,ok,ok,ok,ok,empty,empty,empty,ok
mp-772618,NaLi2MnPCO7,ok,ok,empty,empty,empty,ok,ok,ok,ok,ok,empty,empty,empty,ok
mp-772625,Na2SnBAsO7,ok,ok,empty,empty,empty,ok,ok,ok,ok,ok,empty,empty,empty,ok
mp-772634,NaLi2MnPCO7,ok,ok,empty,empty,empty,ok,ok,ok,ok,ok,empty,empty,empty,ok
mp-772636,NaLi5Fe2P2(CO7)2,ok,ok,empty,empty,empty,ok,ok,ok,ok,ok,empty,empty,empty,ok
mp-772637,Na3Li3Mn2P2(CO7)2,ok,ok,empty,empty,empty,ok,ok,ok,ok,ok,empty,empty,empty,ok
mp-772639,Na5LiMn2P2(CO7)2,ok,ok,empty,empty,empty,ok,ok,ok,ok,ok,empty,empty,empty,ok
mp-772651,NaLi2MnPCO7,ok,ok,empty,empty,empty,ok,ok,ok,ok,ok,empty,empty,empty,ok
mp-772652,NaLi5Mn2P2(CO7)2,ok,ok,empty,empty,empty,ok,ok,ok,ok,ok,empty,empty,empty,ok
mp-772670,Na5LiFe2P2(CO7)2,ok,ok,empty,empty,empty,ok,ok,ok,ok,ok,empty,empty,empty,ok
mp-772713,Na3SiSbCO7,ok,ok,empty,empty,empty,ok,ok,ok,ok,ok,empty,empty,empty,ok
mp-772717,NaLi2FePCO7,ok,ok,empty,empty,empty,ok,ok,ok,ok,ok,empty,empty,empty,ok
mp-772718,NaLi2FePCO7,ok,ok,empty,empty,empty,ok,ok,ok,ok,ok,empty,empty,empty,ok
mp-772726,Na3CuCSO7,ok,ok,empty,empty,empty,ok,ok,ok,ok,ok,empty,empty,empty,ok
mp-772727,NaLi5Mn2P2(CO7)2,ok,ok,empty,empty,empty,ok,ok,ok,ok,ok,empty,empty,empty,ok
mp-772728,Na5LiMn2P2(CO7)2,ok,ok,empty,empty,empty,ok,ok,ok,ok,ok,empty,empty,empty,ok
mp-772769,Na2Ge2O5,ok,ok,empty,empty,empty,ok,ok,ok,ok,ok,empty,empty,empty,ok
mp-772811,Na2Ge2O5,ok,ok,empty,empty,empty,ok,ok,ok,ok,ok,empty,empty,empty,ok
mp-772842,Na2Ge2O5,ok,ok,empty,ok,ok,ok,ok,ok,ok,ok,empty,empty,empty,ok
mp-772851,Na3Li3Fe2P2(CO7)2,ok,ok,empty,empty,empty,ok,ok,ok,ok,ok,empty,empty,empty,ok
mp-772852,Na3Zn4P4H4NO16,ok,ok,empty,empty,empty,ok,ok,ok,ok,ok,empty,empty,empty,ok
mp-772863,Na2Ge2O5,ok,ok,empty,empty,empty,ok,ok,ok,ok,ok,empty,empty,empty,ok
mp-772927,NaLi2FePCO7,ok,ok,empty,empty,empty,ok,ok,ok,ok,ok,empty,empty,empty,ok
mp-772930,Na2LiFePCO7,ok,ok,empty,empty,empty,ok,ok,ok,ok,ok,empty,empty,empty,ok
mp-772931,Na3Li3Fe2P2(CO7)2,ok,ok,empty,empty,empty,ok,ok,ok,ok,ok,empty,empty,empty,ok
mp-772970,Na3MnSiBO7,ok,ok,empty,empty,empty,ok,ok,ok,ok,ok,empty,empty,empty,ok
mp-772986,Na3SiSnBO7,ok,ok,empty,empty,empty,ok,ok,ok,ok,ok,empty,empty,empty,ok
mp-773122,Na2LiFePCO7,ok,ok,empty,empty,empty,ok,ok,ok,ok,ok,empty,empty,empty,ok
mp-773177,Na3CoAsCO7,ok,ok,empty,empty,empty,ok,ok,ok,ok,ok,empty,empty,empty,ok
mp-773178,Na2CrCSO7,ok,ok,empty,empty,empty,ok,ok,ok,ok,ok,empty,empty,empty,ok
mp-773188,Na3MnBSO7,ok,ok,empty,empty,empty,ok,ok,ok,ok,ok,empty,empty,empty,ok
mp-773190,Na2VBAsO7,ok,ok,empty,empty,empty,ok,ok,ok,ok,ok,empty,empty,empty,ok
mp-773498,Na6Sn2O7,ok,ok,empty,empty,empty,ok,ok,ok,ok,ok,empty,empty,empty,ok
mp-773526,Na3Cr(BO3)2,ok,ok,empty,empty,empty,ok,ok,ok,ok,ok,empty,empty,empty,ok
mp-773603,Na3V(BO3)2,ok,ok,empty,empty,empty,ok,ok,ok,ok,ok,empty,empty,empty,ok
mp-773604,Na3Co(BO3)2,ok,ok,empty,empty,empty,ok,ok,ok,ok,ok,empty,empty,empty,ok
mp-773605,Na3Mn(BO3)2,ok,ok,empty,empty,empty,ok,ok,ok,ok,ok,empty,empty,empty,ok
mp-773663,Na2Ti2O5,ok,ok,empty,ok,ok,ok,ok,ok,ok,ok,empty,empty,empty,ok
mp-773725,NaLi5Mn2P2(CO7)2,ok,ok,empty,empty,empty,ok,ok,ok,ok,ok,empty,empty,empty,ok
mp-773801,NaLi5Fe2P2(CO7)2,ok,ok,empty,empty,empty,ok,ok,ok,ok,ok,empty,empty,empty,ok
mp-773906,KNaZrSi3H4O11,ok,ok,empty,empty,empty,ok,ok,ok,ok,ok,empty,empty,empty,ok
mp-774074,Na2Sb4O11,ok,ok,empty,empty,empty,ok,ok,ok,ok,ok,empty,empty,empty,ok
mp-774092,Na3CoO3,ok,ok,empty,empty,empty,ok,ok,ok,ok,ok,empty,empty,empty,ok
mp-774240,Na3Li3Mn2P2(CO7)2,ok,ok,empty,empty,empty,ok,ok,ok,ok,ok,empty,empty,empty,ok
mp-774241,NaVAsCO7,ok,ok,empty,empty,empty,ok,ok,ok,ok,ok,empty,empty,empty,ok
mp-774247,Na3FeBSO7,ok,ok,empty,empty,empty,ok,ok,ok,ok,ok,empty,empty,empty,ok
mp-774334,Na5Li3V8O24,ok,ok,empty,empty,empty,ok,ok,ok,ok,ok,empty,empty,empty,ok
mp-774341,Na5CoHO4,ok,ok,empty,empty,empty,ok,ok,ok,ok,ok,empty,empty,empty,ok
mp-774357,Na6CoO4,ok,ok,empty,ok,ok,ok,ok,ok,ok,ok,empty,empty,empty,ok
mp-774455,Na4P3H3O11,ok,ok,empty,empty,empty,ok,ok,ok,ok,ok,empty,empty,empty,ok
mp-774499,Na2FePCO7,ok,ok,empty,empty,empty,ok,ok,ok,ok,ok,empty,empty,empty,ok
mp-774527,Na2Ti12O25,ok,ok,empty,empty,empty,ok,ok,ok,ok,ok,empty,empty,empty,ok
mp-774609,Na5Li3Ti5O14,ok,ok,empty,empty,empty,ok,ok,ok,ok,ok,empty,empty,empty,ok
mp-774705,Na2FePCO7,ok,ok,empty,empty,empty,ok,ok,ok,ok,ok,empty,empty,empty,ok
mp-774717,Na2FePCO7,ok,ok,empty,empty,empty,ok,ok,ok,ok,ok,empty,empty,empty,ok
mp-774749,RbNa3Li12Ti4O16,ok,ok,empty,empty,empty,ok,ok,ok,ok,ok,empty,empty,empty,ok
mp-774757,Na3PH12CO11,ok,ok,empty,empty,empty,ok,ok,ok,ok,ok,empty,empty,empty,ok
mp-7748,NaAlO2,ok,ok,ok,empty,empty,ok,ok,ok,ok,ok,empty,empty,empty,ok
mp-774815,Na9Li7V16O48,ok,ok,empty,empty,empty,ok,ok,ok,ok,ok,empty,empty,empty,ok
mp-774816,Na2FePCO7,ok,ok,empty,empty,empty,ok,ok,ok,empty,ok,empty,empty,empty,ok
mp-774833,NaV5O8,ok,ok,empty,ok,ok,ok,ok,ok,ok,ok,empty,empty,empty,ok
mp-774894,Na5LiV6O18,ok,ok,empty,empty,empty,ok,ok,ok,ok,ok,empty,empty,empty,ok
mp-774938,Na7Li3V10O30,ok,ok,empty,empty,empty,ok,ok,ok,ok,ok,empty,empty,empty,ok
mp-775021,NaLi3Fe4(SiO3)8,ok,ok,empty,empty,empty,ok,ok,ok,ok,ok,empty,empty,empty,ok
mp-775132,NaLi3Fe4(SiO3)8,ok,ok,empty,empty,empty,ok,ok,ok,ok,ok,empty,empty,empty,ok
mp-775300,Na3CoO3,ok,ok,empty,empty,empty,ok,ok,ok,ok,ok,empty,empty,empty,ok
mp-775304,Na9LiFe10(SiO3)20,ok,ok,empty,empty,empty,ok,ok,ok,ok,ok,empty,empty,empty,ok
mp-775329,Na3Li2Fe5(SiO3)10,ok,ok,empty,empty,empty,ok,ok,ok,ok,ok,empty,empty,empty,ok
mp-775341,Na4CrH8SO7,ok,ok,empty,empty,empty,ok,ok,ok,ok,ok,empty,empty,empty,ok
mp-775412,NaLi2V3O9,ok,ok,empty,empty,empty,ok,ok,ok,ok,ok,empty,empty,empty,ok
mp-775490,NaLi7Fe8(SiO3)16,ok,ok,empty,empty,empty,ok,ok,ok,ok,ok,empty,empty,empty,ok
mp-775830,Na3Bi(BO3)2,ok,ok,empty,empty,empty,ok,ok,ok,ok,ok,empty,empty,empty,ok
mp-775855,NaMnPO4,ok,ok,empty,empty,empty,ok,ok,ok,ok,ok,empty,empty,empty,ok
mp-775862,NaCoPO4,ok,ok,empty,empty,empty,ok,ok,ok,ok,ok,empty,empty,empty,ok
mp-775876,NaLiMnP2O7,ok,ok,empty,empty,empty,ok,ok,ok,ok,ok,empty,empty,empty,ok
mp-775900,NaLiCu(PO3)3,ok,ok,empty,empty,empty,ok,ok,ok,ok,ok,empty,empty,empty,ok
mp-775936,Na3LiCuPCO7,ok,ok,empty,empty,empty,ok,ok,ok,ok,ok,empty,empty,empty,ok
mp-776043,NaLi3Ti2Cr2(PO4)6,ok,ok,empty,empty,empty,ok,ok,ok,ok,ok,empty,empty,empty,ok
mp-776196,Na6Ni2C4SO16,ok,ok,empty,empty,empty,ok,ok,ok,ok,ok,empty,empty,empty,ok
mp-776294,NaNiPO4,ok,ok,empty,empty,empty,ok,ok,ok,ok,ok,empty,empty,empty,ok
mp-776332,Na(BH)5,ok,ok,empty,empty,empty,ok,ok,ok,ok,ok,empty,empty,empty,ok
mp-776348,Na4Bi2C4SO16,ok,ok,empty,empty,empty,ok,ok,ok,ok,ok,empty,empty,empty,ok
mp-776388,NaNiPO4,ok,ok,empty,empty,empty,ok,ok,ok,ok,ok,empty,empty,empty,ok
mp-776392,Na2Ni3O7,ok,ok,empty,empty,empty,ok,ok,ok,ok,ok,empty,empty,empty,ok
mp-776424,Na2LiCuP2O7,ok,ok,empty,empty,empty,ok,ok,ok,ok,ok,empty,empty,empty,ok
mp-776520,NaLiTiAl(PO4)3,ok,ok,empty,empty,empty,ok,ok,ok,ok,ok,empty,empty,empty,ok
mp-776523,NaLi3Ti2Al2(PO4)6,ok,ok,empty,empty,empty,ok,ok,ok,ok,ok,empty,empty,empty,ok
mp-776529,NaLiMn2Fe4(PO4)6,ok,ok,empty,empty,empty,ok,ok,ok,ok,ok,empty,empty,empty,ok
mp-776555,NaV3P2O13,ok,ok,empty,empty,empty,ok,ok,ok,ok,ok,empty,empty,empty,ok
mp-776557,Na3V2(PO4)3,ok,ok,empty,empty,empty,ok,ok,ok,ok,ok,empty,empty,empty,ok
mp-776567,NaTi2(PO4)3,ok,ok,empty,empty,empty,ok,ok,ok,ok,ok,empty,empty,empty,ok
mp-776599,NaTi2(PO4)3,ok,ok,empty,empty,empty,ok,ok,ok,ok,ok,empty,empty,empty,ok
mp-776641,Na5CoO4,ok,ok,empty,empty,empty,ok,ok,ok,ok,ok,empty,empty,empty,ok
mp-776646,Na3CoO3,ok,ok,empty,empty,empty,ok,ok,ok,ok,ok,empty,empty,empty,ok
mp-776650,Na5CoO4,ok,ok,empty,empty,empty,ok,ok,ok,ok,ok,empty,empty,empty,ok
mp-776669,Na7Co3O8,ok,ok,empty,empty,empty,ok,ok,ok,ok,ok,empty,empty,empty,ok
mp-776731,Na3Li3Fe2P2(CO7)2,ok,ok,empty,empty,empty,ok,ok,ok,ok,ok,empty,empty,empty,ok
mp-776952,Na2O,ok,ok,empty,ok,ok,ok,ok,ok,ok,ok,empty,empty,empty,ok
mp-776961,Na3NiO2,ok,ok,empty,empty,empty,ok,ok,ok,ok,ok,empty,empty,empty,ok
mp-776965,Na3Sb(PO4)2,ok,ok,empty,empty,empty,ok,ok,ok,ok,ok,empty,empty,empty,ok
mp-777331,Na4Ni7O16,ok,ok,empty,empty,empty,ok,ok,ok,ok,ok,empty,empty,empty,ok
mp-777403,Na4CoO4,ok,ok,empty,empty,empty,ok,ok,ok,ok,ok,empty,empty,empty,ok
mp-777414,Na7Li3V10O30,ok,ok,empty,empty,empty,ok,ok,ok,ok,ok,empty,empty,empty,ok
mp-777423,Na6Ti2O7,ok,ok,empty,empty,empty,ok,ok,ok,ok,ok,empty,empty,empty,ok
mp-777584,Na7NbO6,ok,ok,empty,empty,empty,ok,ok,ok,ok,ok,empty,empty,empty,ok
mp-777585,Na5Fe2P2(CO7)2,ok,ok,empty,ok,ok,ok,ok,ok,ok,ok,empty,empty,empty,ok
mp-777814,Na6Sn2O7,ok,ok,empty,empty,empty,ok,ok,ok,ok,ok,empty,empty,empty,ok
mp-777919,Na3CoO3,ok,ok,empty,empty,empty,ok,ok,ok,ok,ok,empty,empty,empty,ok
mp-777965,Na4Ti11O24,ok,ok,empty,empty,empty,ok,ok,ok,ok,ok,empty,empty,empty,ok
mp-778057,Na2SnO2,ok,ok,empty,empty,empty,ok,ok,ok,ok,ok,empty,empty,empty,ok
mp-778231,Na8Co2O7,ok,ok,empty,empty,empty,ok,ok,ok,ok,ok,empty,empty,empty,ok
mp-778364,Na6Ti2O7,ok,ok,ok,empty,empty,ok,ok,ok,ok,ok,empty,empty,empty,ok
mp-778404,Na2NiO2,ok,ok,empty,empty,empty,ok,ok,ok,ok,ok,empty,empty,empty,ok
mp-778451,Na6Sn2O7,ok,ok,empty,empty,empty,ok,ok,ok,ok,ok,empty,empty,empty,ok
mp-778492,Na6Ti2O7,ok,ok,empty,empty,empty,ok,ok,ok,ok,ok,empty,empty,empty,ok
mp-778612,Na3CuO2,ok,ok,empty,empty,empty,ok,ok,ok,ok,ok,empty,empty,empty,ok
mp-778858,Na6Mn3(PO4)4,ok,ok,empty,empty,empty,ok,ok,ok,ok,ok,empty,empty,empty,ok
mp-779031,NaV(PO4)2,ok,ok,empty,empty,empty,ok,ok,ok,ok,ok,empty,empty,empty,ok
mp-779294,Na3Sb5O14,ok,ok,empty,empty,empty,ok,ok,ok,ok,ok,empty,empty,empty,ok
mp-779358,Na3VO4,ok,ok,empty,empty,empty,ok,ok,ok,ok,ok,empty,empty,empty,ok
mp-779453,BaNa6O4,ok,ok,empty,empty,empty,ok,ok,ok,ok,ok,empty,empty,empty,ok
mp-779477,Na2Ti2O5,ok,ok,empty,empty,empty,ok,ok,ok,ok,ok,empty,empty,empty,ok
mp-779502,Na3CuO2,ok,ok,empty,empty,empty,ok,ok,ok,ok,ok,empty,empty,empty,ok
mp-779515,Na4Bi2C4SO16,ok,ok,empty,empty,empty,ok,ok,ok,ok,ok,empty,empty,empty,ok
mp-779545,Na3CuO2,ok,ok,ok,empty,empty,ok,ok,ok,ok,ok,empty,empty,empty,ok
mp-779589,Na3Sb5O14,ok,ok,empty,empty,empty,ok,ok,ok,ok,ok,empty,empty,empty,ok
mp-779593,Na5LaO4,ok,ok,empty,empty,empty,ok,ok,ok,ok,ok,empty,empty,empty,ok
mp-779682,NaScP2(HO4)2,ok,ok,empty,empty,empty,ok,ok,ok,ok,ok,empty,empty,empty,ok
mp-779703,Na4Sn5O12,ok,ok,empty,empty,empty,ok,ok,ok,ok,ok,empty,empty,empty,ok
mp-779729,Na2Ti2O5,ok,ok,empty,empty,empty,ok,ok,ok,ok,ok,empty,empty,empty,ok
mp-779773,Na5GdO4,ok,ok,empty,empty,empty,ok,ok,ok,ok,ok,empty,empty,empty,ok
mp-779898,Na6NiO4,ok,ok,empty,empty,empty,ok,ok,ok,ok,ok,empty,empty,empty,ok
mp-779908,Na2FeO3,ok,ok,empty,empty,empty,ok,ok,ok,ok,ok,empty,empty,empty,ok
mp-780053,Na2Ge2O5,ok,ok,empty,empty,empty,ok,ok,ok,ok,ok,empty,empty,empty,ok
mp-780164,Na6Co2C4SO16,ok,ok,empty,empty,empty,ok,ok,ok,ok,ok,empty,empty,empty,ok
mp-780173,Na5GdO4,ok,ok,empty,empty,empty,ok,ok,ok,ok,ok,empty,empty,empty,ok
mp-780181,Na2Cr4O13,ok,ok,empty,empty,empty,ok,ok,ok,ok,ok,empty,empty,empty,ok
mp-780184,Na2Cr4O13,ok,ok,empty,empty,empty,ok,ok,ok,ok,ok,empty,empty,empty,ok
mp-780218,Na5LaO4,ok,ok,empty,empty,empty,ok,ok,ok,ok,ok,empty,empty,empty,ok
mp-780238,NaBi5O8,ok,ok,empty,empty,empty,ok,ok,ok,ok,ok,empty,empty,empty,ok
mp-780239,Na6Sn2B4SO16,ok,ok,empty,empty,empty,ok,ok,ok,ok,ok,empty,empty,empty,ok
mp-780241,Na5GdO4,ok,ok,empty,empty,empty,ok,ok,ok,ok,ok,empty,empty,empty,ok
mp-780246,Na2Bi4O7,ok,ok,empty,empty,empty,ok,ok,ok,ok,ok,empty,empty,empty,ok
mp-780258,Na5LaO4,ok,ok,empty,empty,empty,ok,ok,ok,ok,ok,empty,empty,empty,ok
mp-780306,Na2V2O5,ok,ok,empty,empty,empty,ok,ok,ok,ok,ok,empty,empty,empty,ok
mp-780360,Na8Gd2O7,ok,ok,empty,empty,empty,ok,ok,ok,ok,ok,empty,empty,empty,ok
mp-780403,NaCu3O2,ok,ok,empty,empty,empty,ok,ok,ok,ok,ok,empty,empty,empty,ok
mp-780428,Na4Bi2O5,ok,ok,empty,empty,empty,ok,ok,ok,ok,ok,empty,empty,empty,ok
mp-780656,Na2BiO3,ok,ok,empty,empty,empty,ok,ok,ok,ok,ok,empty,empty,empty,ok
mp-780676,Na2Cr4O13,ok,ok,empty,empty,empty,ok,ok,ok,ok,ok,empty,empty,empty,ok
mp-780698,Na2VO3,ok,ok,empty,empty,empty,ok,ok,ok,ok,ok,empty,empty,empty,ok
mp-780721,Na4Bi2O5,ok,ok,empty,empty,empty,ok,ok,ok,ok,ok,empty,empty,empty,ok
mp-780913,Na2VO3,ok,ok,empty,empty,empty,ok,ok,ok,ok,ok,empty,empty,empty,ok
mp-781495,Na2Co2O3,ok,ok,empty,empty,empty,ok,ok,ok,ok,ok,empty,empty,empty,ok
mp-781712,Na2SnO2,ok,ok,empty,ok,ok,ok,ok,ok,ok,ok,empty,empty,empty,ok
mp-781948,Na2Ti2O5,ok,ok,empty,empty,empty,ok,ok,ok,ok,ok,empty,empty,empty,ok
mp-782105,Na3SbH30S3N10,ok,ok,empty,empty,empty,ok,ok,ok,ok,ok,empty,empty,empty,ok
mp-7853,NaTl3(SO3)2,ok,ok,empty,empty,empty,ok,ok,ok,ok,ok,empty,empty,empty,ok
mp-7914,NaScO2,ok,ok,ok,ok,empty,ok,ok,ok,ok,ok,ok,empty,empty,ok
mp-8054,NaSc(GeO3)2,ok,ok,empty,ok,empty,ok,ok,ok,ok,ok,empty,empty,empty,ok
mp-8075,NaBe4SbO7,ok,ok,empty,ok,ok,ok,ok,ok,ok,ok,empty,empty,empty,ok
mp-8076,Na3SbO3,ok,ok,empty,ok,ok,ok,ok,ok,ok,ok,empty,empty,empty,ok
mp-8081,Na2SnF6,ok,ok,empty,ok,empty,ok,ok,ok,ok,ok,empty,empty,empty,ok
mp-8084,NaNb6O15F,ok,ok,empty,ok,ok,ok,ok,ok,ok,ok,empty,empty,empty,ok
mp-8086,Na2Zn2O3,ok,ok,empty,empty,empty,ok,ok,ok,ok,ok,empty,empty,empty,ok
mp-8128,NaNdO2,ok,ok,empty,empty,empty,ok,ok,ok,ok,ok,ok,empty,empty,ok
mp-8153,NaHgPO4,ok,ok,empty,ok,empty,ok,ok,ok,ok,ok,empty,empty,empty,ok
mp-818654,Na2FePO5,ok,ok,empty,empty,empty,ok,ok,ok,ok,ok,empty,empty,empty,ok
mp-8253,Na5ReO6,ok,ok,ok,ok,empty,ok,ok,ok,ok,ok,empty,empty,empty,ok
mp-8257,Na2ZnS2,ok,ok,empty,ok,empty,ok,ok,ok,ok,ok,empty,empty,empty,ok
mp-8260,NaGdS2,ok,ok,empty,empty,empty,ok,ok,ok,ok,ok,ok,empty,empty,ok
mp-8263,KNa2BO3,ok,ok,empty,ok,empty,ok,ok,ok,ok,ok,empty,empty,empty,ok
mp-8314,Cs2NaAsO4,ok,ok,empty,ok,empty,ok,ok,ok,ok,ok,empty,empty,empty,ok
mp-8333,RbNaSnF6,ok,ok,empty,empty,empty,ok,ok,ok,ok,ok,empty,empty,empty,ok
mp-8341,NaGeSbO5,ok,ok,empty,empty,empty,ok,ok,ok,ok,ok,empty,empty,empty,ok
mp-8343,Na3CrP8O23,ok,ok,empty,empty,empty,ok,ok,ok,ok,ok,empty,empty,empty,ok
mp-8351,NaAlSiO4,ok,ok,empty,ok,ok,ok,ok,ok,ok,ok,empty,empty,empty,ok
mp-8374,Na2S,ok,ok,empty,empty,empty,ok,ok,ok,ok,ok,empty,empty,empty,ok
mp-8389,Na6ZnS4,ok,ok,ok,ok,ok,ok,ok,ok,ok,ok,empty,empty,empty,ok
mp-8452,NaLiS,ok,ok,ok,ok,empty,ok,ok,ok,ok,ok,ok,empty,empty,ok
mp-8453,RbNaO,ok,ok,empty,ok,empty,ok,ok,ok,ok,ok,empty,empty,empty,ok
mp-8470,NaPrO2,ok,ok,ok,empty,empty,ok,ok,ok,ok,ok,ok,empty,empty,ok
mp-849320,Na2Li2V3P2O13,ok,ok,empty,empty,empty,ok,ok,ok,ok,ok,empty,empty,empty,ok
mp-849337,NaLi3Ti2Fe2(PO4)6,ok,ok,empty,empty,empty,ok,ok,ok,ok,ok,empty,empty,empty,ok
mp-849718,Na2Ti4O9,ok,ok,empty,empty,empty,ok,ok,ok,ok,ok,empty,empty,empty,ok
mp-849730,Na2Ti4O9,ok,ok,empty,empty,empty,ok,ok,ok,ok,ok,empty,empty,empty,ok
mp-849748,NaMgP3(H4O5)2,ok,ok,empty,empty,empty,ok,ok,ok,ok,ok,empty,empty,empty,ok
mp-849785,NaCrH22N6(Cl2O)2,ok,ok,empty,empty,empty,ok,ok,ok,ok,ok,empty,empty,empty,ok
mp-849796,NaZn4H18SClO16,ok,ok,empty,empty,empty,ok,ok,ok,ok,ok,empty,empty,empty,ok
mp-850003,NaCaFe3(PO4)4,ok,ok,empty,empty,empty,ok,ok,ok,ok,ok,empty,empty,empty,ok
mp-850021,NaFe11O17,ok,ok,empty,empty,empty,ok,ok,ok,ok,ok,empty,empty,empty,ok
mp-850201,Na2VO3,ok,ok,empty,ok,ok,ok,ok,ok,ok,ok,empty,empty,empty,ok
mp-850251,Na2Ti9O19,ok,ok,ok,empty,empty,ok,ok,ok,ok,ok,empty,empty,empty,ok
mp-850280,Na8SnO6,ok,ok,empty,empty,empty,ok,ok,ok,ok,ok,empty,empty,empty,ok
mp-850445,Na3Zn4As3H12O19,ok,ok,empty,empty,empty,ok,ok,ok,ok,ok,empty,empty,empty,ok
mp-850796,Na6V2C4SO16,ok,ok,empty,empty,empty,ok,ok,ok,ok,ok,empty,empty,empty,ok
mp-850814,NaSbO2,ok,ok,empty,empty,empty,ok,ok,ok,ok,ok,empty,empty,empty,ok
mp-850957,Na6Ti2O7,ok,ok,empty,ok,ok,ok,ok,ok,ok,ok,empty,empty,empty,ok
mp-850995,Na4V2C4SO16,ok,ok,empty,empty,empty,ok,ok,ok,ok,ok,empty,empty,empty,ok
mp-851118,KNa2LiZr2(Si2O5)6,ok,ok,empty,empty,empty,ok,ok,ok,ok,ok,empty,empty,empty,ok
mp-851402,Na2P2H12O11F2,ok,ok,empty,empty,empty,ok,ok,ok,ok,ok,empty,empty,empty,ok
mp-857352,Na4Bi2O5,ok,ok,empty,empty,empty,ok,ok,ok,ok,ok,empty,empty,empty,ok
mp-8584,NaErSe2,ok,ok,empty,empty,empty,ok,ok,ok,ok,ok,ok,empty,empty,ok
mp-860798,NaAl11O17,ok,ok,empty,empty,empty,ok,ok,ok,ok,ok,empty,empty,empty,ok
mp-861576,Na3CoO3,ok,ok,empty,empty,empty,ok,ok,ok,ok,ok,empty,empty,empty,ok
mp-861607,KNaNdTaO5,ok,ok,empty,empty,empty,ok,ok,ok,ok,ok,empty,empty,empty,ok
mp-861868,KNaLaTaO5,ok,ok,empty,empty,empty,ok,ok,ok,ok,ok,empty,empty,empty,ok
mp-861906,BaNa2Mg(PO4)2,ok,ok,empty,ok,empty,ok,ok,ok,ok,ok,empty,empty,empty,ok
mp-861944,KNaPrTaO5,ok,ok,empty,empty,empty,ok,ok,ok,ok,ok,empty,empty,empty,ok
mp-861957,KNaSmTaO5,ok,ok,empty,empty,empty,ok,ok,ok,ok,ok,empty,empty,empty,ok
mp-862693,BaNaH3Pd,ok,ok,empty,empty,empty,ok,ok,ok,ok,ok,empty,empty,empty,ok
mp-862999,NaSi2BH2O7,ok,ok,empty,ok,ok,ok,ok,ok,ok,ok,empty,empty,empty,ok
mp-863011,Na3H7Os,ok,ok,empty,empty,empty,ok,ok,ok,ok,ok,empty,empty,empty,ok
mp-863031,KNaGdTaO5,ok,ok,empty,empty,empty,ok,ok,ok,ok,ok,empty,empty,empty,ok
mp-863376,Na9Cr2(H9O7)3,ok,ok,empty,empty,empty,ok,ok,ok,ok,ok,empty,empty,empty,ok
mp-864664,Na3Np(HO3)2,ok,ok,empty,empty,empty,ok,ok,ok,ok,ok,empty,empty,empty,ok
mp-864766,NaMgSO4F,ok,ok,empty,ok,empty,ok,ok,ok,ok,ok,empty,empty,empty,ok
mp-864891,NaPO3,ok,ok,empty,empty,empty,ok,ok,ok,ok,ok,empty,empty,empty,ok
mp-865095,NaGaH8(NF3)2,ok,ok,empty,empty,empty,ok,ok,ok,ok,ok,empty,empty,empty,ok
mp-865120,NaPaO3,ok,ok,ok,empty,empty,ok,ok,ok,ok,ok,ok,empty,empty,ok
mp-865500,Na2Hf2O5,ok,ok,ok,empty,empty,ok,ok,ok,ok,ok,ok,empty,empty,ok
mp-8658,CsNaSe,ok,ok,empty,ok,empty,ok,ok,ok,ok,ok,ok,empty,empty,ok
mp-866078,NaNd(SO4)2,ok,ok,empty,empty,empty,ok,ok,ok,ok,ok,empty,empty,empty,ok
mp-866298,BaNaScSi2O7,ok,ok,ok,empty,empty,ok,ok,ok,ok,ok,empty,empty,empty,ok
mp-866302,BaNaP3H3(NO2)3,ok,ok,empty,empty,empty,ok,ok,ok,ok,ok,empty,empty,empty,ok
mp-866613,CsNa2Be6(BO3)5,ok,ok,empty,empty,empty,ok,ok,ok,ok,ok,empty,empty,empty,ok
mp-866641,K2Na(H2N)3,ok,ok,empty,empty,empty,ok,ok,ok,ok,ok,empty,empty,empty,ok
mp-866649,NaSc(BH4)4,ok,ok,empty,empty,empty,ok,ok,ok,ok,ok,empty,empty,empty,ok
mp-867515,NaCoO2,ok,ok,empty,empty,empty,ok,ok,ok,ok,ok,empty,empty,empty,ok
mp-8678,NaAlPO4F,ok,ok,empty,empty,empty,ok,ok,ok,ok,ok,empty,empty,empty,ok
mp-8686,Na3AsSe3,ok,ok,empty,ok,ok,ok,ok,ok,ok,ok,empty,empty,empty,ok
mp-8696,K3Na(SeO4)2,ok,ok,empty,empty,empty,ok,ok,ok,ok,ok,empty,empty,empty,ok
mp-8754,NaLiTe,ok,ok,ok,ok,empty,ok,ok,ok,ok,ok,empty,empty,empty,ok
mp-8755,KNaTe,ok,ok,empty,ok,empty,ok,ok,ok,ok,ok,empty,empty,empty,ok
mp-8799,RbNaS,ok,ok,ok,ok,empty,ok,ok,ok,ok,ok,empty,empty,empty,ok
mp-880385,NaFe(SeO3)2,ok,ok,empty,empty,empty,ok,ok,ok,ok,ok,empty,empty,empty,ok
mp-8830,NaRhO2,ok,ok,ok,ok,empty,ok,ok,ok,ok,ok,ok,empty,empty,ok
mp-8840,Na5InO4,ok,ok,empty,empty,empty,ok,ok,ok,ok,ok,empty,empty,empty,ok
mp-8871,CsNa2BO3,ok,ok,ok,ok,empty,ok,ok,ok,ok,ok,empty,empty,empty,ok
mp-8872,RbNa2BO3,ok,ok,empty,ok,empty,ok,ok,ok,ok,ok,empty,empty,empty,ok
mp-8957,Na5TaO5,ok,ok,empty,ok,empty,ok,ok,ok,ok,ok,empty,empty,empty,ok
mp-8960,Ba3NaNbO6,ok,ok,empty,empty,empty,ok,ok,ok,ok,ok,empty,empty,empty,ok
mp-8961,Ba3NaTaO6,ok,ok,empty,ok,empty,ok,ok,ok,ok,ok,empty,empty,empty,ok
mp-8973,NaSi2N3,ok,ok,ok,ok,ok,ok,ok,ok,ok,ok,empty,empty,empty,ok
mp-8989,Na2P2PdO7,ok,ok,empty,ok,empty,ok,ok,ok,ok,ok,empty,empty,empty,ok
mp-9007,Na6P4W,ok,ok,empty,ok,ok,ok,ok,ok,ok,ok,empty,empty,empty,ok
mp-9035,NaLuS2,ok,ok,ok,empty,empty,ok,ok,ok,ok,ok,ok,empty,empty,ok
mp-9066,NaLi2AsO4,ok,ok,empty,ok,ok,ok,ok,ok,ok,ok,empty,empty,empty,ok
mp-9068,K2NaAlP2,ok,ok,ok,ok,empty,ok,ok,ok,ok,ok,empty,empty,empty,ok
mp-9069,K2NaAlAs2,ok,ok,ok,ok,empty,ok,ok,ok,ok,ok,empty,empty,empty,ok
mp-9071,Na8TiAs4,ok,ok,empty,ok,empty,ok,ok,ok,ok,ok,empty,empty,empty,ok
mp-9076,NaTmS2,ok,ok,ok,empty,empty,ok,ok,ok,ok,ok,ok,empty,empty,ok
mp-9191,Na3SbTe3,ok,ok,empty,empty,empty,ok,ok,ok,ok,ok,empty,empty,empty,ok
mp-9212,NaAlO2,ok,ok,empty,ok,ok,ok,ok,ok,ok,ok,empty,empty,empty,ok
mp-9239,NaLaMgTeO6,ok,ok,empty,empty,empty,ok,ok,ok,ok,ok,empty,empty,empty,ok
mp-9427,NaYP2O7,ok,ok,empty,ok,ok,ok,ok,ok,ok,ok,empty,empty,empty,ok
mp-9467,NaCa9Mg(PO4)7,ok,ok,empty,empty,empty,ok,ok,ok,ok,ok,empty,empty,empty,ok
mp-9489,NaSmTiO4,ok,ok,empty,empty,empty,ok,ok,ok,ok,ok,empty,empty,empty,ok
mp-9573,NaBeAs,ok,ok,ok,ok,empty,ok,ok,ok,ok,ok,ok,empty,empty,ok
mp-961685,NaCaAs,ok,ok,ok,ok,ok,ok,ok,ok,ok,ok,ok,empty,empty,ok
mp-962066,NaLiTe,ok,ok,ok,empty,empty,ok,ok,ok,ok,ok,empty,empty,empty,ok
mp-9634,Na3AgS2,ok,ok,empty,ok,empty,ok,ok,ok,ok,ok,empty,empty,empty,ok
mp-9655,Na4SnO4,ok,ok,empty,ok,empty,ok,ok,ok,ok,ok,empty,empty,empty,ok
mp-9666,K2NaGaP2,ok,ok,empty,ok,empty,ok,ok,ok,ok,ok,empty,empty,empty,ok
mp-9680,Na3AlTe3,ok,ok,empty,empty,empty,ok,ok,ok,ok,ok,empty,empty,empty,ok
mp-9682,Na3AlSe3,ok,ok,empty,empty,empty,ok,ok,ok,ok,ok,empty,empty,empty,ok
mp-9705,Ba4Na(BN2)3,ok,ok,empty,ok,empty,ok,ok,ok,ok,ok,empty,empty,empty,ok
mp-971633,NaFeO2,ok,ok,empty,empty,empty,ok,ok,ok,ok,ok,empty,empty,empty,ok
mp-971678,Na3Ni2SbO6,ok,ok,empty,ok,empty,ok,ok,ok,ok,ok,empty,empty,empty,ok
mp-9719,Na2LiAlP2,ok,ok,ok,ok,empty,ok,ok,ok,ok,ok,empty,empty,empty,ok
mp-973225,Na2CrH2F8,ok,ok,empty,ok,empty,ok,ok,ok,ok,ok,empty,empty,empty,ok
mp-975958,KNaMo(OF2)2,ok,ok,empty,empty,empty,ok,ok,ok,ok,ok,empty,empty,empty,ok
mp-976181,NaBH4,ok,ok,ok,empty,empty,ok,ok,ok,ok,ok,empty,empty,empty,ok
mp-976402,NaZnAs(H2O3)2,ok,ok,empty,empty,empty,ok,ok,ok,ok,ok,empty,empty,empty,ok
mp-976447,NaCrH8(NF3)2,ok,ok,empty,empty,empty,ok,ok,ok,ok,ok,empty,empty,empty,ok
mp-977569,NaH6CN2ClO2,ok,ok,empty,empty,empty,ok,ok,ok,ok,ok,empty,empty,empty,ok
mp-978278,Na(BH)6,ok,ok,ok,empty,empty,ok,ok,ok,ok,ok,empty,empty,empty,ok
mp-978284,Na2P3HO9,ok,ok,empty,empty,empty,ok,ok,ok,ok,ok,empty,empty,empty,ok
mp-982980,Na3DyCl6,ok,ok,empty,empty,empty,ok,ok,ok,ok,ok,empty,empty,empty,ok
mp-984519,NaAsSe2,ok,ok,empty,empty,empty,ok,ok,ok,ok,ok,empty,empty,empty,ok
mp-985584,Na3PS4,ok,ok,ok,ok,ok,ok,ok,ok,ok,ok,empty,empty,empty,ok
mp-985586,Na3BrO,ok,ok,ok,empty,empty,ok,ok,ok,ok,ok,ok,empty,empty,ok
mp-985593,NaAg(CO2)2,ok,ok,empty,empty,empty,ok,ok,ok,ok,ok,empty,empty,empty,ok
mp-985594,NaAg(CO2)2,ok,ok,empty,empty,empty,ok,ok,ok,ok,ok,empty,empty,empty,ok
mp-985610,NaAg(CO2)2,ok,ok,empty,empty,empty,ok,ok,ok,ok,ok,empty,empty,empty,ok
mp-989400,Rb2NaGaF6,ok,ok,empty,ok,empty,ok,ok,ok,ok,ok,empty,empty,empty,ok
mp-989504,Na2LiNF6,ok,ok,ok,empty,empty,ok,ok,ok,ok,ok,empty,empty,empty,ok
mp-989514,Cs2NaSbCl6,ok,ok,ok,empty,empty,ok,ok,ok,ok,ok,empty,empty,empty,ok
mp-989520,Rb2NaBiCl6,ok,ok,empty,empty,empty,ok,ok,ok,ok,ok,empty,empty,empty,ok
mp-989523,Rb2NaAsF6,ok,ok,ok,ok,empty,ok,ok,ok,ok,ok,empty,empty,empty,ok
mp-989527,Cs2NaNF6,ok,ok,ok,empty,empty,ok,ok,ok,ok,ok,empty,empty,empty,ok
mp-989533,NaTl2InF6,ok,ok,ok,empty,empty,ok,ok,ok,ok,ok,empty,empty,empty,ok
mp-989541,Rb2NaSbF6,ok,ok,ok,ok,empty,ok,ok,ok,ok,ok,empty,empty,empty,ok
mp-989545,Rb2NaSbCl6,ok,ok,ok,empty,empty,ok,ok,ok,ok,ok,empty,empty,empty,ok
mp-989547,Rb2NaInCl6,ok,ok,empty,empty,empty,ok,ok,ok,ok,ok,empty,empty,empty,ok
mp-989548,Rb2NaTlF6,ok,ok,ok,ok,empty,ok,ok,ok,ok,ok,empty,empty,empty,ok
mp-989561,NaTl2GaF6,ok,ok,ok,ok,empty,ok,ok,ok,ok,ok,empty,empty,empty,ok
mp-989563,Rb2NaTlCl6,ok,ok,ok,empty,empty,ok,ok,ok,ok,ok,empty,empty,empty,ok
mp-989571,Cs2NaInCl6,ok,ok,empty,ok,empty,ok,ok,ok,ok,ok,empty,empty,empty,ok
mp-989578,Rb2NaInF6,ok,ok,ok,empty,empty,ok,ok,ok,ok,ok,empty,empty,empty,ok
mp-989594,Cs2NaGaH6,ok,ok,empty,empty,empty,ok,ok,ok,ok,ok,empty,empty,empty,ok
mp-989608,Cs2NaAsCl6,ok,ok,ok,empty,empty,ok,ok,ok,ok,ok,empty,empty,empty,ok
mp-989610,Cs2NaInH6,ok,ok,empty,empty,empty,ok,ok,ok,ok,ok,empty,empty,empty,ok
mp-989642,Cs2NaAlH6,ok,ok,ok,empty,empty,ok,ok,ok,ok,ok,empty,empty,empty,ok
mp-990440,Na2ZrO3,ok,ok,ok,ok,empty,ok,ok,ok,ok,ok,empty,empty,empty,ok
mp-996943,Cs2NaInBr6,ok,ok,empty,empty,empty,ok,ok,ok,ok,ok,empty,empty,empty,ok
mp-997089,NaAuO2,ok,ok,empty,ok,empty,ok,ok,ok,ok,ok,ok,empty,empty,ok
mp-997599,Na8Ta7VO24,ok,ok,empty,ok,empty,ok,ok,ok,ok,ok,empty,empty,empty,ok
mp-999126,NaTbS2,ok,ok,ok,empty,empty,ok,ok,ok,ok,ok,ok,empty,empty,ok
mp-999127,NaTbSe2,ok,ok,ok,empty,empty,ok,ok,ok,ok,ok,ok,empty,empty,ok
mp-999274,RbNaH2,ok,ok,ok,empty,empty,ok,ok,ok,ok,ok,empty,empty,empty,ok
mp-999447,NaSmTe2,ok,ok,empty,empty,empty,ok,ok,ok,ok,ok,ok,empty,empty,ok
mp-999448,NaYSe2,ok,ok,empty,ok,empty,ok,ok,ok,ok,ok,ok,empty,empty,ok
mp-999450,NaSmSe2,ok,ok,ok,empty,empty,ok,ok,ok,ok,ok,empty,empty,empty,ok
mp-999455,NaSmS2,ok,ok,ok,empty,empty,ok,ok,ok,ok,ok,empty,empty,empty,ok
mp-999460,NaScS2,ok,ok,ok,ok,empty,ok,ok,ok,ok,ok,ok,empty,empty,ok
mp-999461,NaPrSe2,ok,ok,empty,empty,empty,ok,ok,ok,ok,ok,ok,empty,empty,ok
mp-999470,NaNdS2,ok,ok,ok,empty,empty,ok,ok,ok,ok,ok,ok,empty,empty,ok
mp-999471,NaNdSe2,ok,ok,empty,empty,empty,ok,ok,ok,ok,ok,ok,empty,empty,ok
mp-999472,NaLaSe2,ok,ok,empty,ok,empty,ok,ok,ok,ok,ok,ok,empty,empty,ok
mp-999474,NaHoSe2,ok,ok,ok,empty,empty,ok,ok,ok,ok,ok,ok,empty,empty,ok
mp-999488,NaDySe2,ok,ok,empty,empty,empty,ok,ok,ok,ok,ok,ok,empty,empty,ok
mp-999489,NaGdSe2,ok,ok,empty,empty,empty,ok,ok,ok,ok,ok,ok,empty,empty,ok
mp-999490,NaDyS2,ok,ok,ok,empty,empty,ok,ok,ok,ok,ok,ok,empty,empty,ok
