material_id,path,status,error
mp-3346593,cif/na_bandgap_ge1/mp-3346593.cif,skipped,
mp-3346580,cif/na_bandgap_ge1/mp-3346580.cif,skipped,
mp-3346497,cif/na_bandgap_ge1/mp-3346497.cif,skipped,
mp-3346528,cif/na_bandgap_ge1/mp-3346528.cif,skipped,
mp-3347061,cif/na_bandgap_ge1/mp-3347061.cif,skipped,
mp-3346843,cif/na_bandgap_ge1/mp-3346843.cif,skipped,
mp-3347018,cif/na_bandgap_ge1/mp-3347018.cif,skipped,
mp-3347136,cif/na_bandgap_ge1/mp-3347136.cif,skipped,
mp-3347346,cif/na_bandgap_ge1/mp-3347346.cif,skipped,
mp-1521478,cif/na_bandgap_ge1/mp-1521478.cif,skipped,
mp-1521559,cif/na_bandgap_ge1/mp-1521559.cif,ok,
mp-1521753,cif/na_bandgap_ge1/mp-1521753.cif,ok,
mp-1521862,cif/na_bandgap_ge1/mp-1521862.cif,ok,
mp-1521929,cif/na_bandgap_ge1/mp-1521929.cif,ok,
mp-1521935,cif/na_bandgap_ge1/mp-1521935.cif,ok,
mp-1521963,cif/na_bandgap_ge1/mp-1521963.cif,ok,
mp-1521941,cif/na_bandgap_ge1/mp-1521941.cif,ok,
mp-1521981,cif/na_bandgap_ge1/mp-1521981.cif,ok,
mp-1522015,cif/na_bandgap_ge1/mp-1522015.cif,ok,
mp-1522095,cif/na_bandgap_ge1/mp-1522095.cif,ok,
mp-1522088,cif/na_bandgap_ge1/mp-1522088.cif,ok,
mp-1522146,cif/na_bandgap_ge1/mp-1522146.cif,ok,
mp-1522178,cif/na_bandgap_ge1/mp-1522178.cif,ok,
mp-1522207,cif/na_bandgap_ge1/mp-1522207.cif,ok,
mp-1522211,cif/na_bandgap_ge1/mp-1522211.cif,ok,
mp-1522311,cif/na_bandgap_ge1/mp-1522311.cif,ok,
mp-1522343,cif/na_bandgap_ge1/mp-1522343.cif,ok,
mp-1522332,cif/na_bandgap_ge1/mp-1522332.cif,ok,
mp-1522333,cif/na_bandgap_ge1/mp-1522333.cif,ok,
mp-1522414,cif/na_bandgap_ge1/mp-1522414.cif,ok,
mp-1522549,cif/na_bandgap_ge1/mp-1522549.cif,ok,
mp-1522634,cif/na_bandgap_ge1/mp-1522634.cif,ok,
mp-1522952,cif/na_bandgap_ge1/mp-1522952.cif,ok,
mp-1522999,cif/na_bandgap_ge1/mp-1522999.cif,ok,
mp-1523004,cif/na_bandgap_ge1/mp-1523004.cif,ok,
mp-1523242,cif/na_bandgap_ge1/mp-1523242.cif,ok,
mp-1523368,cif/na_bandgap_ge1/mp-1523368.cif,ok,
mp-1565615,cif/na_bandgap_ge1/mp-1565615.cif,ok,
mp-1667139,cif/na_bandgap_ge1/mp-1667139.cif,ok,
mp-1667394,cif/na_bandgap_ge1/mp-1667394.cif,ok,
mp-1977728,cif/na_bandgap_ge1/mp-1977728.cif,ok,
mp-1981564,cif/na_bandgap_ge1/mp-1981564.cif,ok,
mp-1984978,cif/na_bandgap_ge1/mp-1984978.cif,ok,
mp-2030757,cif/na_bandgap_ge1/mp-2030757.cif,ok,
mp-2029994,cif/na_bandgap_ge1/mp-2029994.cif,ok,
mp-2210651,cif/na_bandgap_ge1/mp-2210651.cif,ok,
mp-2210654,cif/na_bandgap_ge1/mp-2210654.cif,ok,
mp-2217217,cif/na_bandgap_ge1/mp-2217217.cif,ok,
mp-2222874,cif/na_bandgap_ge1/mp-2222874.cif,ok,
mp-2223065,cif/na_bandgap_ge1/mp-2223065.cif,ok,
mp-2226963,cif/na_bandgap_ge1/mp-2226963.cif,ok,
mp-2227074,cif/na_bandgap_ge1/mp-2227074.cif,ok,
mp-2228684,cif/na_bandgap_ge1/mp-2228684.cif,ok,
mp-2228762,cif/na_bandgap_ge1/mp-2228762.cif,ok,
mp-2229079,cif/na_bandgap_ge1/mp-2229079.cif,ok,
mp-2229135,cif/na_bandgap_ge1/mp-2229135.cif,ok,
mp-2231270,cif/na_bandgap_ge1/mp-2231270.cif,ok,
mp-2231703,cif/na_bandgap_ge1/mp-2231703.cif,ok,
mp-2232108,cif/na_bandgap_ge1/mp-2232108.cif,ok,
mp-2232210,cif/na_bandgap_ge1/mp-2232210.cif,ok,
mp-2232356,cif/na_bandgap_ge1/mp-2232356.cif,ok,
mp-2232370,cif/na_bandgap_ge1/mp-2232370.cif,ok,
mp-2233264,cif/na_bandgap_ge1/mp-2233264.cif,ok,
mp-2240138,cif/na_bandgap_ge1/mp-2240138.cif,ok,
mp-2241208,cif/na_bandgap_ge1/mp-2241208.cif,ok,
mp-2646917,cif/na_bandgap_ge1/mp-2646917.cif,ok,
mp-2646947,cif/na_bandgap_ge1/mp-2646947.cif,ok,
mp-2646982,cif/na_bandgap_ge1/mp-2646982.cif,ok,
mp-2712539,cif/na_bandgap_ge1/mp-2712539.cif,ok,
mp-2712541,cif/na_bandgap_ge1/mp-2712541.cif,ok,
mp-2712545,cif/na_bandgap_ge1/mp-2712545.cif,ok,
mp-2712550,cif/na_bandgap_ge1/mp-2712550.cif,ok,
mp-2712555,cif/na_bandgap_ge1/mp-2712555.cif,ok,
mp-2712559,cif/na_bandgap_ge1/mp-2712559.cif,ok,
mp-2712572,cif/na_bandgap_ge1/mp-2712572.cif,ok,
mp-2712568,cif/na_bandgap_ge1/mp-2712568.cif,ok,
mp-2712567,cif/na_bandgap_ge1/mp-2712567.cif,ok,
mp-2712578,cif/na_bandgap_ge1/mp-2712578.cif,ok,
mp-2712584,cif/na_bandgap_ge1/mp-2712584.cif,ok,
mp-2712591,cif/na_bandgap_ge1/mp-2712591.cif,ok,
mp-2712595,cif/na_bandgap_ge1/mp-2712595.cif,ok,
mp-2712606,cif/na_bandgap_ge1/mp-2712606.cif,ok,
mp-2712602,cif/na_bandgap_ge1/mp-2712602.cif,ok,
mp-2712605,cif/na_bandgap_ge1/mp-2712605.cif,ok,
mp-2712618,cif/na_bandgap_ge1/mp-2712618.cif,ok,
mp-2712609,cif/na_bandgap_ge1/mp-2712609.cif,ok,
mp-2712608,cif/na_bandgap_ge1/mp-2712608.cif,ok,
mp-2712612,cif/na_bandgap_ge1/mp-2712612.cif,ok,
mp-2712615,cif/na_bandgap_ge1/mp-2712615.cif,ok,
mp-2712623,cif/na_bandgap_ge1/mp-2712623.cif,ok,
mp-2712627,cif/na_bandgap_ge1/mp-2712627.cif,ok,
mp-2712637,cif/na_bandgap_ge1/mp-2712637.cif,ok,
mp-2712634,cif/na_bandgap_ge1/mp-2712634.cif,ok,
mp-2712633,cif/na_bandgap_ge1/mp-2712633.cif,ok,
mp-2712640,cif/na_bandgap_ge1/mp-2712640.cif,ok,
mp-2712648,cif/na_bandgap_ge1/mp-2712648.cif,ok,
mp-2712642,cif/na_bandgap_ge1/mp-2712642.cif,ok,
mp-2712660,cif/na_bandgap_ge1/mp-2712660.cif,ok,
mp-2712656,cif/na_bandgap_ge1/mp-2712656.cif,ok,
mp-2712658,cif/na_bandgap_ge1/mp-2712658.cif,ok,
mp-2712674,cif/na_bandgap_ge1/mp-2712674.cif,ok,
mp-2712690,cif/na_bandgap_ge1/mp-2712690.cif,ok,
mp-2712687,cif/na_bandgap_ge1/mp-2712687.cif,ok,
mp-2712685,cif/na_bandgap_ge1/mp-2712685.cif,ok,
mp-2712693,cif/na_bandgap_ge1/mp-2712693.cif,ok,
mp-2712699,cif/na_bandgap_ge1/mp-2712699.cif,ok,
mp-2712697,cif/na_bandgap_ge1/mp-2712697.cif,ok,
mp-2712713,cif/na_bandgap_ge1/mp-2712713.cif,ok,
mp-2712708,cif/na_bandgap_ge1/mp-2712708.cif,ok,
mp-2712720,cif/na_bandgap_ge1/mp-2712720.cif,ok,
mp-2712717,cif/na_bandgap_ge1/mp-2712717.cif,ok,
mp-2712737,cif/na_bandgap_ge1/mp-2712737.cif,ok,
mp-2712741,cif/na_bandgap_ge1/mp-2712741.cif,ok,
mp-2712746,cif/na_bandgap_ge1/mp-2712746.cif,ok,
mp-2712745,cif/na_bandgap_ge1/mp-2712745.cif,ok,
mp-2712747,cif/na_bandgap_ge1/mp-2712747.cif,ok,
mp-2712749,cif/na_bandgap_ge1/mp-2712749.cif,ok,
mp-2712757,cif/na_bandgap_ge1/mp-2712757.cif,ok,
mp-2712754,cif/na_bandgap_ge1/mp-2712754.cif,ok,
mp-2712763,cif/na_bandgap_ge1/mp-2712763.cif,ok,
mp-2712764,cif/na_bandgap_ge1/mp-2712764.cif,ok,
mp-2712766,cif/na_bandgap_ge1/mp-2712766.cif,ok,
mp-2712765,cif/na_bandgap_ge1/mp-2712765.cif,ok,
mp-2712773,cif/na_bandgap_ge1/mp-2712773.cif,ok,
mp-2712772,cif/na_bandgap_ge1/mp-2712772.cif,ok,
mp-2712781,cif/na_bandgap_ge1/mp-2712781.cif,ok,
mp-2712782,cif/na_bandgap_ge1/mp-2712782.cif,ok,
mp-2712787,cif/na_bandgap_ge1/mp-2712787.cif,ok,
mp-2712792,cif/na_bandgap_ge1/mp-2712792.cif,ok,
mp-2712804,cif/na_bandgap_ge1/mp-2712804.cif,ok,
mp-2712801,cif/na_bandgap_ge1/mp-2712801.cif,ok,
mp-2712817,cif/na_bandgap_ge1/mp-2712817.cif,ok,
mp-2713163,cif/na_bandgap_ge1/mp-2713163.cif,ok,
mp-2713165,cif/na_bandgap_ge1/mp-2713165.cif,ok,
mp-2713177,cif/na_bandgap_ge1/mp-2713177.cif,ok,
mp-2713197,cif/na_bandgap_ge1/mp-2713197.cif,ok,
mp-2713205,cif/na_bandgap_ge1/mp-2713205.cif,ok,
mp-2713211,cif/na_bandgap_ge1/mp-2713211.cif,ok,
mp-2713217,cif/na_bandgap_ge1/mp-2713217.cif,ok,
mp-2713340,cif/na_bandgap_ge1/mp-2713340.cif,ok,
mp-2713361,cif/na_bandgap_ge1/mp-2713361.cif,ok,
mp-2713383,cif/na_bandgap_ge1/mp-2713383.cif,ok,
mp-2713379,cif/na_bandgap_ge1/mp-2713379.cif,ok,
mp-2713401,cif/na_bandgap_ge1/mp-2713401.cif,ok,
mp-2713437,cif/na_bandgap_ge1/mp-2713437.cif,ok,
mp-2713457,cif/na_bandgap_ge1/mp-2713457.cif,ok,
mp-2713507,cif/na_bandgap_ge1/mp-2713507.cif,ok,
mp-2713512,cif/na_bandgap_ge1/mp-2713512.cif,ok,
mp-2713518,cif/na_bandgap_ge1/mp-2713518.cif,ok,
mp-2713523,cif/na_bandgap_ge1/mp-2713523.cif,ok,
mp-2713728,cif/na_bandgap_ge1/mp-2713728.cif,ok,
mp-2713726,cif/na_bandgap_ge1/mp-2713726.cif,ok,
mp-2713738,cif/na_bandgap_ge1/mp-2713738.cif,ok,
mp-2713747,cif/na_bandgap_ge1/mp-2713747.cif,ok,
mp-2713755,cif/na_bandgap_ge1/mp-2713755.cif,ok,
mp-2713767,cif/na_bandgap_ge1/mp-2713767.cif,ok,
mp-2713765,cif/na_bandgap_ge1/mp-2713765.cif,ok,
mp-2713768,cif/na_bandgap_ge1/mp-2713768.cif,ok,
mp-2713786,cif/na_bandgap_ge1/mp-2713786.cif,ok,
mp-2713799,cif/na_bandgap_ge1/mp-2713799.cif,ok,
mp-2713801,cif/na_bandgap_ge1/mp-2713801.cif,ok,
mp-2713811,cif/na_bandgap_ge1/mp-2713811.cif,ok,
mp-2713814,cif/na_bandgap_ge1/mp-2713814.cif,ok,
mp-2713813,cif/na_bandgap_ge1/mp-2713813.cif,ok,
mp-2713817,cif/na_bandgap_ge1/mp-2713817.cif,ok,
mp-2713825,cif/na_bandgap_ge1/mp-2713825.cif,ok,
mp-2713832,cif/na_bandgap_ge1/mp-2713832.cif,ok,
mp-2713844,cif/na_bandgap_ge1/mp-2713844.cif,ok,
mp-2713842,cif/na_bandgap_ge1/mp-2713842.cif,ok,
mp-2713866,cif/na_bandgap_ge1/mp-2713866.cif,ok,
mp-2713867,cif/na_bandgap_ge1/mp-2713867.cif,ok,
mp-2713883,cif/na_bandgap_ge1/mp-2713883.cif,ok,
mp-2713894,cif/na_bandgap_ge1/mp-2713894.cif,ok,
mp-2713906,cif/na_bandgap_ge1/mp-2713906.cif,ok,
mp-2713916,cif/na_bandgap_ge1/mp-2713916.cif,ok,
mp-2713953,cif/na_bandgap_ge1/mp-2713953.cif,ok,
mp-2713965,cif/na_bandgap_ge1/mp-2713965.cif,ok,
mp-2713958,cif/na_bandgap_ge1/mp-2713958.cif,ok,
mp-2713975,cif/na_bandgap_ge1/mp-2713975.cif,ok,
mp-2713980,cif/na_bandgap_ge1/mp-2713980.cif,ok,
mp-2713983,cif/na_bandgap_ge1/mp-2713983.cif,ok,
mp-2713994,cif/na_bandgap_ge1/mp-2713994.cif,ok,
mp-2714004,cif/na_bandgap_ge1/mp-2714004.cif,ok,
mp-2714019,cif/na_bandgap_ge1/mp-2714019.cif,ok,
mp-2714016,cif/na_bandgap_ge1/mp-2714016.cif,ok,
mp-2714020,cif/na_bandgap_ge1/mp-2714020.cif,ok,
mp-2714015,cif/na_bandgap_ge1/mp-2714015.cif,ok,
mp-2714017,cif/na_bandgap_ge1/mp-2714017.cif,ok,
mp-2714025,cif/na_bandgap_ge1/mp-2714025.cif,ok,
mp-2714029,cif/na_bandgap_ge1/mp-2714029.cif,ok,
mp-2714035,cif/na_bandgap_ge1/mp-2714035.cif,ok,
mp-2714038,cif/na_bandgap_ge1/mp-2714038.cif,ok,
mp-2714049,cif/na_bandgap_ge1/mp-2714049.cif,ok,
mp-2714044,cif/na_bandgap_ge1/mp-2714044.cif,ok,
mp-2714057,cif/na_bandgap_ge1/mp-2714057.cif,ok,
mp-2714064,cif/na_bandgap_ge1/mp-2714064.cif,ok,
mp-2714062,cif/na_bandgap_ge1/mp-2714062.cif,ok,
mp-2714060,cif/na_bandgap_ge1/mp-2714060.cif,ok,
mp-2714075,cif/na_bandgap_ge1/mp-2714075.cif,ok,
mp-2714082,cif/na_bandgap_ge1/mp-2714082.cif,ok,
mp-2714077,cif/na_bandgap_ge1/mp-2714077.cif,ok,
mp-2714083,cif/na_bandgap_ge1/mp-2714083.cif,ok,
mp-2714086,cif/na_bandgap_ge1/mp-2714086.cif,ok,
mp-2714089,cif/na_bandgap_ge1/mp-2714089.cif,ok,
mp-2714094,cif/na_bandgap_ge1/mp-2714094.cif,ok,
mp-2714113,cif/na_bandgap_ge1/mp-2714113.cif,ok,
mp-2714124,cif/na_bandgap_ge1/mp-2714124.cif,ok,
mp-2714122,cif/na_bandgap_ge1/mp-2714122.cif,ok,
mp-2714136,cif/na_bandgap_ge1/mp-2714136.cif,ok,
mp-2714133,cif/na_bandgap_ge1/mp-2714133.cif,ok,
mp-2714132,cif/na_bandgap_ge1/mp-2714132.cif,ok,
mp-2714138,cif/na_bandgap_ge1/mp-2714138.cif,ok,
mp-2714142,cif/na_bandgap_ge1/mp-2714142.cif,ok,
mp-2714149,cif/na_bandgap_ge1/mp-2714149.cif,ok,
mp-2714151,cif/na_bandgap_ge1/mp-2714151.cif,ok,
mp-2714155,cif/na_bandgap_ge1/mp-2714155.cif,ok,
mp-2714161,cif/na_bandgap_ge1/mp-2714161.cif,ok,
mp-2714166,cif/na_bandgap_ge1/mp-2714166.cif,ok,
mp-2714164,cif/na_bandgap_ge1/mp-2714164.cif,ok,
mp-2714175,cif/na_bandgap_ge1/mp-2714175.cif,ok,
mp-2714187,cif/na_bandgap_ge1/mp-2714187.cif,ok,
mp-2714188,cif/na_bandgap_ge1/mp-2714188.cif,ok,
mp-2714195,cif/na_bandgap_ge1/mp-2714195.cif,ok,
mp-2714189,cif/na_bandgap_ge1/mp-2714189.cif,ok,
mp-2714193,cif/na_bandgap_ge1/mp-2714193.cif,ok,
mp-2714197,cif/na_bandgap_ge1/mp-2714197.cif,ok,
mp-2714226,cif/na_bandgap_ge1/mp-2714226.cif,ok,
mp-2714231,cif/na_bandgap_ge1/mp-2714231.cif,ok,
mp-2714237,cif/na_bandgap_ge1/mp-2714237.cif,ok,
mp-2714239,cif/na_bandgap_ge1/mp-2714239.cif,ok,
mp-2714236,cif/na_bandgap_ge1/mp-2714236.cif,ok,
mp-2714253,cif/na_bandgap_ge1/mp-2714253.cif,ok,
mp-2714252,cif/na_bandgap_ge1/mp-2714252.cif,ok,
mp-2714261,cif/na_bandgap_ge1/mp-2714261.cif,ok,
mp-2714259,cif/na_bandgap_ge1/mp-2714259.cif,ok,
mp-2714262,cif/na_bandgap_ge1/mp-2714262.cif,ok,
mp-2714275,cif/na_bandgap_ge1/mp-2714275.cif,ok,
mp-2714281,cif/na_bandgap_ge1/mp-2714281.cif,ok,
mp-2714294,cif/na_bandgap_ge1/mp-2714294.cif,ok,
mp-2714293,cif/na_bandgap_ge1/mp-2714293.cif,ok,
mp-2714295,cif/na_bandgap_ge1/mp-2714295.cif,ok,
mp-2714291,cif/na_bandgap_ge1/mp-2714291.cif,ok,
mp-2714315,cif/na_bandgap_ge1/mp-2714315.cif,ok,
mp-2714330,cif/na_bandgap_ge1/mp-2714330.cif,ok,
mp-2714346,cif/na_bandgap_ge1/mp-2714346.cif,ok,
mp-2714350,cif/na_bandgap_ge1/mp-2714350.cif,ok,
mp-2714344,cif/na_bandgap_ge1/mp-2714344.cif,ok,
mp-2714370,cif/na_bandgap_ge1/mp-2714370.cif,ok,
mp-2714377,cif/na_bandgap_ge1/mp-2714377.cif,ok,
mp-2714375,cif/na_bandgap_ge1/mp-2714375.cif,ok,
mp-2714385,cif/na_bandgap_ge1/mp-2714385.cif,ok,
mp-2714395,cif/na_bandgap_ge1/mp-2714395.cif,ok,
mp-2714400,cif/na_bandgap_ge1/mp-2714400.cif,ok,
mp-2714426,cif/na_bandgap_ge1/mp-2714426.cif,ok,
mp-2714445,cif/na_bandgap_ge1/mp-2714445.cif,ok,
mp-2714464,cif/na_bandgap_ge1/mp-2714464.cif,ok,
mp-2714474,cif/na_bandgap_ge1/mp-2714474.cif,ok,
mp-2714495,cif/na_bandgap_ge1/mp-2714495.cif,ok,
mp-2714503,cif/na_bandgap_ge1/mp-2714503.cif,ok,
mp-2714517,cif/na_bandgap_ge1/mp-2714517.cif,ok,
mp-2714524,cif/na_bandgap_ge1/mp-2714524.cif,ok,
mp-2714544,cif/na_bandgap_ge1/mp-2714544.cif,ok,
mp-2714565,cif/na_bandgap_ge1/mp-2714565.cif,ok,
mp-2714574,cif/na_bandgap_ge1/mp-2714574.cif,ok,
mp-2714585,cif/na_bandgap_ge1/mp-2714585.cif,ok,
mp-2714586,cif/na_bandgap_ge1/mp-2714586.cif,ok,
mp-2714582,cif/na_bandgap_ge1/mp-2714582.cif,ok,
mp-2714595,cif/na_bandgap_ge1/mp-2714595.cif,ok,
mp-2714604,cif/na_bandgap_ge1/mp-2714604.cif,ok,
mp-2714607,cif/na_bandgap_ge1/mp-2714607.cif,ok,
mp-2714630,cif/na_bandgap_ge1/mp-2714630.cif,ok,
mp-2714640,cif/na_bandgap_ge1/mp-2714640.cif,ok,
mp-2714689,cif/na_bandgap_ge1/mp-2714689.cif,ok,
mp-2714691,cif/na_bandgap_ge1/mp-2714691.cif,ok,
mp-2714703,cif/na_bandgap_ge1/mp-2714703.cif,ok,
mp-2714707,cif/na_bandgap_ge1/mp-2714707.cif,ok,
mp-2714722,cif/na_bandgap_ge1/mp-2714722.cif,ok,
mp-2714736,cif/na_bandgap_ge1/mp-2714736.cif,ok,
mp-2714747,cif/na_bandgap_ge1/mp-2714747.cif,ok,
mp-2714755,cif/na_bandgap_ge1/mp-2714755.cif,ok,
mp-2714757,cif/na_bandgap_ge1/mp-2714757.cif,ok,
mp-2714782,cif/na_bandgap_ge1/mp-2714782.cif,ok,
mp-2714791,cif/na_bandgap_ge1/mp-2714791.cif,ok,
mp-2714834,cif/na_bandgap_ge1/mp-2714834.cif,ok,
mp-2714838,cif/na_bandgap_ge1/mp-2714838.cif,ok,
mp-2714852,cif/na_bandgap_ge1/mp-2714852.cif,ok,
mp-2714869,cif/na_bandgap_ge1/mp-2714869.cif,ok,
mp-2714885,cif/na_bandgap_ge1/mp-2714885.cif,ok,
mp-2714889,cif/na_bandgap_ge1/mp-2714889.cif,ok,
mp-2715526,cif/na_bandgap_ge1/mp-2715526.cif,ok,
mp-2715528,cif/na_bandgap_ge1/mp-2715528.cif,ok,
mp-2715545,cif/na_bandgap_ge1/mp-2715545.cif,ok,
mp-2715546,cif/na_bandgap_ge1/mp-2715546.cif,ok,
mp-2715547,cif/na_bandgap_ge1/mp-2715547.cif,ok,
mp-2715552,cif/na_bandgap_ge1/mp-2715552.cif,ok,
mp-2715555,cif/na_bandgap_ge1/mp-2715555.cif,ok,
mp-2715562,cif/na_bandgap_ge1/mp-2715562.cif,ok,
mp-2715563,cif/na_bandgap_ge1/mp-2715563.cif,ok,
mp-2715564,cif/na_bandgap_ge1/mp-2715564.cif,ok,
mp-2715568,cif/na_bandgap_ge1/mp-2715568.cif,ok,
mp-2715580,cif/na_bandgap_ge1/mp-2715580.cif,ok,
mp-2715582,cif/na_bandgap_ge1/mp-2715582.cif,ok,
mp-2715587,cif/na_bandgap_ge1/mp-2715587.cif,ok,
mp-2715599,cif/na_bandgap_ge1/mp-2715599.cif,ok,
mp-2715603,cif/na_bandgap_ge1/mp-2715603.cif,ok,
mp-2715608,cif/na_bandgap_ge1/mp-2715608.cif,ok,
mp-2715612,cif/na_bandgap_ge1/mp-2715612.cif,ok,
mp-2715616,cif/na_bandgap_ge1/mp-2715616.cif,ok,
mp-2715624,cif/na_bandgap_ge1/mp-2715624.cif,ok,
mp-2715628,cif/na_bandgap_ge1/mp-2715628.cif,ok,
mp-2715650,cif/na_bandgap_ge1/mp-2715650.cif,ok,
mp-2715642,cif/na_bandgap_ge1/mp-2715642.cif,ok,
mp-2715645,cif/na_bandgap_ge1/mp-2715645.cif,ok,
mp-2715671,cif/na_bandgap_ge1/mp-2715671.cif,ok,
mp-2715673,cif/na_bandgap_ge1/mp-2715673.cif,ok,
mp-2715675,cif/na_bandgap_ge1/mp-2715675.cif,ok,
mp-2715682,cif/na_bandgap_ge1/mp-2715682.cif,ok,
mp-2715677,cif/na_bandgap_ge1/mp-2715677.cif,ok,
mp-2715693,cif/na_bandgap_ge1/mp-2715693.cif,ok,
mp-2715704,cif/na_bandgap_ge1/mp-2715704.cif,ok,
mp-2715722,cif/na_bandgap_ge1/mp-2715722.cif,ok,
mp-2715734,cif/na_bandgap_ge1/mp-2715734.cif,ok,
mp-2715729,cif/na_bandgap_ge1/mp-2715729.cif,ok,
mp-2715738,cif/na_bandgap_ge1/mp-2715738.cif,ok,
mp-2715748,cif/na_bandgap_ge1/mp-2715748.cif,ok,
mp-2715749,cif/na_bandgap_ge1/mp-2715749.cif,ok,
mp-2715751,cif/na_bandgap_ge1/mp-2715751.cif,ok,
mp-2715767,cif/na_bandgap_ge1/mp-2715767.cif,ok,
mp-2715770,cif/na_bandgap_ge1/mp-2715770.cif,ok,
mp-2715765,cif/na_bandgap_ge1/mp-2715765.cif,ok,
mp-2715783,cif/na_bandgap_ge1/mp-2715783.cif,ok,
mp-2715804,cif/na_bandgap_ge1/mp-2715804.cif,ok,
mp-2715802,cif/na_bandgap_ge1/mp-2715802.cif,ok,
mp-2715807,cif/na_bandgap_ge1/mp-2715807.cif,ok,
mp-2715810,cif/na_bandgap_ge1/mp-2715810.cif,ok,
mp-2715814,cif/na_bandgap_ge1/mp-2715814.cif,ok,
mp-2715811,cif/na_bandgap_ge1/mp-2715811.cif,ok,
mp-2715819,cif/na_bandgap_ge1/mp-2715819.cif,ok,
mp-2716121,cif/na_bandgap_ge1/mp-2716121.cif,ok,
mp-2716128,cif/na_bandgap_ge1/mp-2716128.cif,ok,
mp-2716123,cif/na_bandgap_ge1/mp-2716123.cif,ok,
mp-2716157,cif/na_bandgap_ge1/mp-2716157.cif,ok,
mp-2716162,cif/na_bandgap_ge1/mp-2716162.cif,ok,
mp-2716170,cif/na_bandgap_ge1/mp-2716170.cif,ok,
mp-2716186,cif/na_bandgap_ge1/mp-2716186.cif,ok,
mp-2716181,cif/na_bandgap_ge1/mp-2716181.cif,ok,
mp-2716188,cif/na_bandgap_ge1/mp-2716188.cif,ok,
mp-2716189,cif/na_bandgap_ge1/mp-2716189.cif,ok,
mp-2716202,cif/na_bandgap_ge1/mp-2716202.cif,ok,
mp-2716203,cif/na_bandgap_ge1/mp-2716203.cif,ok,
mp-2716216,cif/na_bandgap_ge1/mp-2716216.cif,ok,
mp-2716215,cif/na_bandgap_ge1/mp-2716215.cif,ok,
mp-2716217,cif/na_bandgap_ge1/mp-2716217.cif,ok,
mp-2716220,cif/na_bandgap_ge1/mp-2716220.cif,ok,
mp-2716231,cif/na_bandgap_ge1/mp-2716231.cif,ok,
mp-2716228,cif/na_bandgap_ge1/mp-2716228.cif,ok,
mp-2716240,cif/na_bandgap_ge1/mp-2716240.cif,ok,
mp-2716239,cif/na_bandgap_ge1/mp-2716239.cif,ok,
mp-2716245,cif/na_bandgap_ge1/mp-2716245.cif,ok,
mp-2716249,cif/na_bandgap_ge1/mp-2716249.cif,ok,
mp-2716260,cif/na_bandgap_ge1/mp-2716260.cif,ok,
mp-2716261,cif/na_bandgap_ge1/mp-2716261.cif,ok,
mp-2716263,cif/na_bandgap_ge1/mp-2716263.cif,ok,
mp-2716269,cif/na_bandgap_ge1/mp-2716269.cif,ok,
mp-2716284,cif/na_bandgap_ge1/mp-2716284.cif,ok,
mp-2716280,cif/na_bandgap_ge1/mp-2716280.cif,ok,
mp-2716277,cif/na_bandgap_ge1/mp-2716277.cif,ok,
mp-2716288,cif/na_bandgap_ge1/mp-2716288.cif,ok,
mp-2716289,cif/na_bandgap_ge1/mp-2716289.cif,ok,
mp-2716298,cif/na_bandgap_ge1/mp-2716298.cif,ok,
mp-2716294,cif/na_bandgap_ge1/mp-2716294.cif,ok,
mp-2716297,cif/na_bandgap_ge1/mp-2716297.cif,ok,
mp-2716302,cif/na_bandgap_ge1/mp-2716302.cif,ok,
mp-2716305,cif/na_bandgap_ge1/mp-2716305.cif,ok,
mp-2716314,cif/na_bandgap_ge1/mp-2716314.cif,ok,
mp-2716322,cif/na_bandgap_ge1/mp-2716322.cif,ok,
mp-2716326,cif/na_bandgap_ge1/mp-2716326.cif,ok,
mp-2716331,cif/na_bandgap_ge1/mp-2716331.cif,ok,
mp-2716337,cif/na_bandgap_ge1/mp-2716337.cif,ok,
mp-2716342,cif/na_bandgap_ge1/mp-2716342.cif,ok,
mp-2716348,cif/na_bandgap_ge1/mp-2716348.cif,ok,
mp-2716351,cif/na_bandgap_ge1/mp-2716351.cif,ok,
mp-2716352,cif/na_bandgap_ge1/mp-2716352.cif,ok,
mp-2716358,cif/na_bandgap_ge1/mp-2716358.cif,ok,
mp-2716354,cif/na_bandgap_ge1/mp-2716354.cif,ok,
mp-2716357,cif/na_bandgap_ge1/mp-2716357.cif,ok,
mp-2716365,cif/na_bandgap_ge1/mp-2716365.cif,ok,
mp-2716370,cif/na_bandgap_ge1/mp-2716370.cif,ok,
mp-2716372,cif/na_bandgap_ge1/mp-2716372.cif,ok,
mp-2716374,cif/na_bandgap_ge1/mp-2716374.cif,ok,
mp-2716368,cif/na_bandgap_ge1/mp-2716368.cif,ok,
mp-2716377,cif/na_bandgap_ge1/mp-2716377.cif,ok,
mp-2716375,cif/na_bandgap_ge1/mp-2716375.cif,ok,
mp-2716385,cif/na_bandgap_ge1/mp-2716385.cif,ok,
mp-2716394,cif/na_bandgap_ge1/mp-2716394.cif,ok,
mp-2716393,cif/na_bandgap_ge1/mp-2716393.cif,ok,
mp-2716403,cif/na_bandgap_ge1/mp-2716403.cif,ok,
mp-2716416,cif/na_bandgap_ge1/mp-2716416.cif,ok,
mp-2716410,cif/na_bandgap_ge1/mp-2716410.cif,ok,
mp-2716413,cif/na_bandgap_ge1/mp-2716413.cif,ok,
mp-2716429,cif/na_bandgap_ge1/mp-2716429.cif,ok,
mp-2716430,cif/na_bandgap_ge1/mp-2716430.cif,ok,
mp-2716425,cif/na_bandgap_ge1/mp-2716425.cif,ok,
mp-2716431,cif/na_bandgap_ge1/mp-2716431.cif,ok,
mp-2716428,cif/na_bandgap_ge1/mp-2716428.cif,ok,
mp-2716436,cif/na_bandgap_ge1/mp-2716436.cif,ok,
mp-2716441,cif/na_bandgap_ge1/mp-2716441.cif,ok,
mp-2716444,cif/na_bandgap_ge1/mp-2716444.cif,ok,
mp-2716446,cif/na_bandgap_ge1/mp-2716446.cif,ok,
mp-2716454,cif/na_bandgap_ge1/mp-2716454.cif,ok,
mp-2716453,cif/na_bandgap_ge1/mp-2716453.cif,ok,
mp-2716467,cif/na_bandgap_ge1/mp-2716467.cif,ok,
mp-2716468,cif/na_bandgap_ge1/mp-2716468.cif,ok,
mp-2716472,cif/na_bandgap_ge1/mp-2716472.cif,ok,
mp-2716480,cif/na_bandgap_ge1/mp-2716480.cif,ok,
mp-2716483,cif/na_bandgap_ge1/mp-2716483.cif,ok,
mp-2716494,cif/na_bandgap_ge1/mp-2716494.cif,ok,
mp-2716497,cif/na_bandgap_ge1/mp-2716497.cif,ok,
mp-2716502,cif/na_bandgap_ge1/mp-2716502.cif,ok,
mp-2716507,cif/na_bandgap_ge1/mp-2716507.cif,ok,
mp-2716508,cif/na_bandgap_ge1/mp-2716508.cif,ok,
mp-2716520,cif/na_bandgap_ge1/mp-2716520.cif,ok,
mp-2716536,cif/na_bandgap_ge1/mp-2716536.cif,ok,
mp-2716532,cif/na_bandgap_ge1/mp-2716532.cif,ok,
mp-2716533,cif/na_bandgap_ge1/mp-2716533.cif,ok,
mp-2716548,cif/na_bandgap_ge1/mp-2716548.cif,ok,
mp-2716551,cif/na_bandgap_ge1/mp-2716551.cif,ok,
mp-2716556,cif/na_bandgap_ge1/mp-2716556.cif,ok,
mp-2716543,cif/na_bandgap_ge1/mp-2716543.cif,ok,
mp-2716546,cif/na_bandgap_ge1/mp-2716546.cif,ok,
mp-2716561,cif/na_bandgap_ge1/mp-2716561.cif,ok,
mp-2716568,cif/na_bandgap_ge1/mp-2716568.cif,ok,
mp-2716572,cif/na_bandgap_ge1/mp-2716572.cif,ok,
mp-2720358,cif/na_bandgap_ge1/mp-2720358.cif,ok,
mp-2741573,cif/na_bandgap_ge1/mp-2741573.cif,ok,
mp-2761488,cif/na_bandgap_ge1/mp-2761488.cif,ok,
mp-2763561,cif/na_bandgap_ge1/mp-2763561.cif,ok,
mp-2767514,cif/na_bandgap_ge1/mp-2767514.cif,ok,
mp-2767672,cif/na_bandgap_ge1/mp-2767672.cif,ok,
mp-2901609,cif/na_bandgap_ge1/mp-2901609.cif,ok,
mp-3216573,cif/na_bandgap_ge1/mp-3216573.cif,ok,
mp-768103,cif/na_bandgap_ge1/mp-768103.cif,ok,
mp-768143,cif/na_bandgap_ge1/mp-768143.cif,ok,
mp-768127,cif/na_bandgap_ge1/mp-768127.cif,ok,
mp-768152,cif/na_bandgap_ge1/mp-768152.cif,ok,
mp-768209,cif/na_bandgap_ge1/mp-768209.cif,ok,
mp-768656,cif/na_bandgap_ge1/mp-768656.cif,ok,
mp-768661,cif/na_bandgap_ge1/mp-768661.cif,ok,
mp-769511,cif/na_bandgap_ge1/mp-769511.cif,ok,
mp-769564,cif/na_bandgap_ge1/mp-769564.cif,ok,
mp-770332,cif/na_bandgap_ge1/mp-770332.cif,ok,
mp-770772,cif/na_bandgap_ge1/mp-770772.cif,ok,
mp-770829,cif/na_bandgap_ge1/mp-770829.cif,ok,
mp-770900,cif/na_bandgap_ge1/mp-770900.cif,ok,
mp-771003,cif/na_bandgap_ge1/mp-771003.cif,ok,
mp-771007,cif/na_bandgap_ge1/mp-771007.cif,ok,
mp-771039,cif/na_bandgap_ge1/mp-771039.cif,ok,
mp-772044,cif/na_bandgap_ge1/mp-772044.cif,ok,
mp-772183,cif/na_bandgap_ge1/mp-772183.cif,ok,
mp-772234,cif/na_bandgap_ge1/mp-772234.cif,ok,
mp-772237,cif/na_bandgap_ge1/mp-772237.cif,ok,
mp-772274,cif/na_bandgap_ge1/mp-772274.cif,ok,
mp-772293,cif/na_bandgap_ge1/mp-772293.cif,ok,
mp-772307,cif/na_bandgap_ge1/mp-772307.cif,ok,
mp-772313,cif/na_bandgap_ge1/mp-772313.cif,ok,
mp-772419,cif/na_bandgap_ge1/mp-772419.cif,ok,
mp-772418,cif/na_bandgap_ge1/mp-772418.cif,ok,
mp-772444,cif/na_bandgap_ge1/mp-772444.cif,ok,
mp-772515,cif/na_bandgap_ge1/mp-772515.cif,ok,
mp-772519,cif/na_bandgap_ge1/mp-772519.cif,ok,
mp-772559,cif/na_bandgap_ge1/mp-772559.cif,ok,
mp-772558,cif/na_bandgap_ge1/mp-772558.cif,ok,
mp-772605,cif/na_bandgap_ge1/mp-772605.cif,ok,
mp-772615,cif/na_bandgap_ge1/mp-772615.cif,ok,
mp-772595,cif/na_bandgap_ge1/mp-772595.cif,ok,
mp-772636,cif/na_bandgap_ge1/mp-772636.cif,ok,
mp-772618,cif/na_bandgap_ge1/mp-772618.cif,ok,
mp-772634,cif/na_bandgap_ge1/mp-772634.cif,ok,
mp-772652,cif/na_bandgap_ge1/mp-772652.cif,ok,
mp-772651,cif/na_bandgap_ge1/mp-772651.cif,ok,
mp-772717,cif/na_bandgap_ge1/mp-772717.cif,ok,
mp-772727,cif/na_bandgap_ge1/mp-772727.cif,ok,
mp-772718,cif/na_bandgap_ge1/mp-772718.cif,ok,
mp-772927,cif/na_bandgap_ge1/mp-772927.cif,ok,
mp-773725,cif/na_bandgap_ge1/mp-773725.cif,ok,
mp-773801,cif/na_bandgap_ge1/mp-773801.cif,ok,
mp-773906,cif/na_bandgap_ge1/mp-773906.cif,ok,
mp-774241,cif/na_bandgap_ge1/mp-774241.cif,ok,
mp-774833,cif/na_bandgap_ge1/mp-774833.cif,ok,
mp-775021,cif/na_bandgap_ge1/mp-775021.cif,ok,
mp-775132,cif/na_bandgap_ge1/mp-775132.cif,ok,
mp-775412,cif/na_bandgap_ge1/mp-775412.cif,ok,
mp-775490,cif/na_bandgap_ge1/mp-775490.cif,ok,
mp-775862,cif/na_bandgap_ge1/mp-775862.cif,ok,
mp-775855,cif/na_bandgap_ge1/mp-775855.cif,ok,
mp-775900,cif/na_bandgap_ge1/mp-775900.cif,ok,
mp-775876,cif/na_bandgap_ge1/mp-775876.cif,ok,
mp-776043,cif/na_bandgap_ge1/mp-776043.cif,ok,
mp-776294,cif/na_bandgap_ge1/mp-776294.cif,ok,
mp-776332,cif/na_bandgap_ge1/mp-776332.cif,ok,
mp-776388,cif/na_bandgap_ge1/mp-776388.cif,ok,
mp-776523,cif/na_bandgap_ge1/mp-776523.cif,ok,
mp-776520,cif/na_bandgap_ge1/mp-776520.cif,ok,
mp-776529,cif/na_bandgap_ge1/mp-776529.cif,ok,
mp-776555,cif/na_bandgap_ge1/mp-776555.cif,ok,
mp-776567,cif/na_bandgap_ge1/mp-776567.cif,ok,
mp-776599,cif/na_bandgap_ge1/mp-776599.cif,ok,
mp-779031,cif/na_bandgap_ge1/mp-779031.cif,ok,
mp-779682,cif/na_bandgap_ge1/mp-779682.cif,ok,
mp-780238,cif/na_bandgap_ge1/mp-780238.cif,ok,
mp-780403,cif/na_bandgap_ge1/mp-780403.cif,ok,
mp-849337,cif/na_bandgap_ge1/mp-849337.cif,ok,
mp-849748,cif/na_bandgap_ge1/mp-849748.cif,ok,
mp-849785,cif/na_bandgap_ge1/mp-849785.cif,ok,
mp-849796,cif/na_bandgap_ge1/mp-849796.cif,ok,
mp-850003,cif/na_bandgap_ge1/mp-850003.cif,ok,
mp-850021,cif/na_bandgap_ge1/mp-850021.cif,ok,
mp-850814,cif/na_bandgap_ge1/mp-850814.cif,ok,
mp-860798,cif/na_bandgap_ge1/mp-860798.cif,ok,
mp-861607,cif/na_bandgap_ge1/mp-861607.cif,ok,
mp-861868,cif/na_bandgap_ge1/mp-861868.cif,ok,
mp-861944,cif/na_bandgap_ge1/mp-861944.cif,ok,
mp-861957,cif/na_bandgap_ge1/mp-861957.cif,ok,
mp-862693,cif/na_bandgap_ge1/mp-862693.cif,ok,
mp-862999,cif/na_bandgap_ge1/mp-862999.cif,ok,
mp-863031,cif/na_bandgap_ge1/mp-863031.cif,ok,
mp-864766,cif/na_bandgap_ge1/mp-864766.cif,ok,
mp-864891,cif/na_bandgap_ge1/mp-864891.cif,ok,
mp-865095,cif/na_bandgap_ge1/mp-865095.cif,ok,
mp-865120,cif/na_bandgap_ge1/mp-865120.cif,ok,
mp-866078,cif/na_bandgap_ge1/mp-866078.cif,ok,
mp-866298,cif/na_bandgap_ge1/mp-866298.cif,ok,
mp-866302,cif/na_bandgap_ge1/mp-866302.cif,ok,
mp-866641,cif/na_bandgap_ge1/mp-866641.cif,ok,
mp-866649,cif/na_bandgap_ge1/mp-866649.cif,ok,
mp-867515,cif/na_bandgap_ge1/mp-867515.cif,ok,
mp-880385,cif/na_bandgap_ge1/mp-880385.cif,ok,
mp-961685,cif/na_bandgap_ge1/mp-961685.cif,ok,
mp-962066,cif/na_bandgap_ge1/mp-962066.cif,ok,
mp-971633,cif/na_bandgap_ge1/mp-971633.cif,ok,
mp-975958,cif/na_bandgap_ge1/mp-975958.cif,ok,
mp-976181,cif/na_bandgap_ge1/mp-976181.cif,ok,
mp-976402,cif/na_bandgap_ge1/mp-976402.cif,ok,
mp-976447,cif/na_bandgap_ge1/mp-976447.cif,ok,
mp-977569,cif/na_bandgap_ge1/mp-977569.cif,ok,
mp-978278,cif/na_bandgap_ge1/mp-978278.cif,ok,
mp-984519,cif/na_bandgap_ge1/mp-984519.cif,ok,
mp-985594,cif/na_bandgap_ge1/mp-985594.cif,ok,
mp-985593,cif/na_bandgap_ge1/mp-985593.cif,ok,
mp-985610,cif/na_bandgap_ge1/mp-985610.cif,ok,
mp-989400,cif/na_bandgap_ge1/mp-989400.cif,ok,
mp-989514,cif/na_bandgap_ge1/mp-989514.cif,ok,
mp-989520,cif/na_bandgap_ge1/mp-989520.cif,ok,
mp-989533,cif/na_bandgap_ge1/mp-989533.cif,ok,
mp-989523,cif/na_bandgap_ge1/mp-989523.cif,ok,
mp-989527,cif/na_bandgap_ge1/mp-989527.cif,ok,
mp-989561,cif/na_bandgap_ge1/mp-989561.cif,ok,
mp-989563,cif/na_bandgap_ge1/mp-989563.cif,ok,
mp-989548,cif/na_bandgap_ge1/mp-989548.cif,ok,
mp-989541,cif/na_bandgap_ge1/mp-989541.cif,ok,
mp-989545,cif/na_bandgap_ge1/mp-989545.cif,ok,
mp-989547,cif/na_bandgap_ge1/mp-989547.cif,ok,
mp-989578,cif/na_bandgap_ge1/mp-989578.cif,ok,
mp-989594,cif/na_bandgap_ge1/mp-989594.cif,ok,
mp-989571,cif/na_bandgap_ge1/mp-989571.cif,ok,
mp-989608,cif/na_bandgap_ge1/mp-989608.cif,ok,
mp-989610,cif/na_bandgap_ge1/mp-989610.cif,ok,
mp-989642,cif/na_bandgap_ge1/mp-989642.cif,ok,
mp-996943,cif/na_bandgap_ge1/mp-996943.cif,ok,
mp-997089,cif/na_bandgap_ge1/mp-997089.cif,ok,
mp-999126,cif/na_bandgap_ge1/mp-999126.cif,ok,
mp-999127,cif/na_bandgap_ge1/mp-999127.cif,ok,
mp-999274,cif/na_bandgap_ge1/mp-999274.cif,ok,
mp-999450,cif/na_bandgap_ge1/mp-999450.cif,ok,
mp-999460,cif/na_bandgap_ge1/mp-999460.cif,ok,
mp-999461,cif/na_bandgap_ge1/mp-999461.cif,ok,
mp-999447,cif/na_bandgap_ge1/mp-999447.cif,ok,
mp-999448,cif/na_bandgap_ge1/mp-999448.cif,ok,
mp-999470,cif/na_bandgap_ge1/mp-999470.cif,ok,
mp-999455,cif/na_bandgap_ge1/mp-999455.cif,ok,
mp-999472,cif/na_bandgap_ge1/mp-999472.cif,ok,
mp-999490,cif/na_bandgap_ge1/mp-999490.cif,ok,
mp-999489,cif/na_bandgap_ge1/mp-999489.cif,ok,
mp-999471,cif/na_bandgap_ge1/mp-999471.cif,ok,
mp-999474,cif/na_bandgap_ge1/mp-999474.cif,ok,
mp-999488,cif/na_bandgap_ge1/mp-999488.cif,ok,
mp-1002069,cif/na_bandgap_ge1/mp-1002069.cif,ok,
mp-1002081,cif/na_bandgap_ge1/mp-1002081.cif,ok,
mp-1007637,cif/na_bandgap_ge1/mp-1007637.cif,ok,
mp-1009220,cif/na_bandgap_ge1/mp-1009220.cif,ok,
mp-1012678,cif/na_bandgap_ge1/mp-1012678.cif,ok,
mp-1012791,cif/na_bandgap_ge1/mp-1012791.cif,ok,
mp-1013843,cif/na_bandgap_ge1/mp-1013843.cif,ok,
mp-1016119,cif/na_bandgap_ge1/mp-1016119.cif,ok,
mp-1016152,cif/na_bandgap_ge1/mp-1016152.cif,ok,
mp-1019523,cif/na_bandgap_ge1/mp-1019523.cif,ok,
mp-1019554,cif/na_bandgap_ge1/mp-1019554.cif,ok,
mp-1019555,cif/na_bandgap_ge1/mp-1019555.cif,ok,
mp-1019787,cif/na_bandgap_ge1/mp-1019787.cif,ok,
mp-1020596,cif/na_bandgap_ge1/mp-1020596.cif,ok,
mp-1020624,cif/na_bandgap_ge1/mp-1020624.cif,ok,
mp-1020630,cif/na_bandgap_ge1/mp-1020630.cif,ok,
mp-1020646,cif/na_bandgap_ge1/mp-1020646.cif,ok,
mp-1020648,cif/na_bandgap_ge1/mp-1020648.cif,ok,
mp-1020657,cif/na_bandgap_ge1/mp-1020657.cif,ok,
mp-1020661,cif/na_bandgap_ge1/mp-1020661.cif,ok,
mp-1020655,cif/na_bandgap_ge1/mp-1020655.cif,ok,
mp-1020683,cif/na_bandgap_ge1/mp-1020683.cif,ok,
mp-1020658,cif/na_bandgap_ge1/mp-1020658.cif,ok,
mp-1021431,cif/na_bandgap_ge1/mp-1021431.cif,ok,
mp-1021514,cif/na_bandgap_ge1/mp-1021514.cif,ok,
mp-1030655,cif/na_bandgap_ge1/mp-1030655.cif,ok,
mp-1030657,cif/na_bandgap_ge1/mp-1030657.cif,ok,
mp-1030658,cif/na_bandgap_ge1/mp-1030658.cif,ok,
mp-1030690,cif/na_bandgap_ge1/mp-1030690.cif,ok,
mp-1030755,cif/na_bandgap_ge1/mp-1030755.cif,ok,
mp-1030710,cif/na_bandgap_ge1/mp-1030710.cif,ok,
mp-1030676,cif/na_bandgap_ge1/mp-1030676.cif,ok,
mp-1030699,cif/na_bandgap_ge1/mp-1030699.cif,ok,
mp-1030726,cif/na_bandgap_ge1/mp-1030726.cif,ok,
mp-1030730,cif/na_bandgap_ge1/mp-1030730.cif,ok,
mp-1030787,cif/na_bandgap_ge1/mp-1030787.cif,ok,
mp-1030819,cif/na_bandgap_ge1/mp-1030819.cif,ok,
mp-1030910,cif/na_bandgap_ge1/mp-1030910.cif,ok,
mp-1031108,cif/na_bandgap_ge1/mp-1031108.cif,ok,
mp-1031159,cif/na_bandgap_ge1/mp-1031159.cif,ok,
mp-1031529,cif/na_bandgap_ge1/mp-1031529.cif,ok,
mp-1031510,cif/na_bandgap_ge1/mp-1031510.cif,ok,
mp-1032382,cif/na_bandgap_ge1/mp-1032382.cif,ok,
mp-1032374,cif/na_bandgap_ge1/mp-1032374.cif,ok,
mp-1032845,cif/na_bandgap_ge1/mp-1032845.cif,ok,
mp-1032844,cif/na_bandgap_ge1/mp-1032844.cif,ok,
mp-1034015,cif/na_bandgap_ge1/mp-1034015.cif,ok,
mp-1033973,cif/na_bandgap_ge1/mp-1033973.cif,ok,
mp-1034357,cif/na_bandgap_ge1/mp-1034357.cif,ok,
mp-1034329,cif/na_bandgap_ge1/mp-1034329.cif,ok,
mp-1034355,cif/na_bandgap_ge1/mp-1034355.cif,ok,
mp-1034338,cif/na_bandgap_ge1/mp-1034338.cif,ok,
mp-1034314,cif/na_bandgap_ge1/mp-1034314.cif,ok,
mp-1034594,cif/na_bandgap_ge1/mp-1034594.cif,ok,
mp-1034599,cif/na_bandgap_ge1/mp-1034599.cif,ok,
mp-1034600,cif/na_bandgap_ge1/mp-1034600.cif,ok,
mp-1034602,cif/na_bandgap_ge1/mp-1034602.cif,ok,
mp-1034607,cif/na_bandgap_ge1/mp-1034607.cif,ok,
mp-1034618,cif/na_bandgap_ge1/mp-1034618.cif,ok,
mp-1034563,cif/na_bandgap_ge1/mp-1034563.cif,ok,
mp-1034608,cif/na_bandgap_ge1/mp-1034608.cif,ok,
mp-1034663,cif/na_bandgap_ge1/mp-1034663.cif,ok,
mp-1034638,cif/na_bandgap_ge1/mp-1034638.cif,ok,
mp-1034637,cif/na_bandgap_ge1/mp-1034637.cif,ok,
mp-1034626,cif/na_bandgap_ge1/mp-1034626.cif,ok,
mp-1034744,cif/na_bandgap_ge1/mp-1034744.cif,ok,
mp-1034797,cif/na_bandgap_ge1/mp-1034797.cif,ok,
mp-1034839,cif/na_bandgap_ge1/mp-1034839.cif,ok,
mp-1034881,cif/na_bandgap_ge1/mp-1034881.cif,ok,
mp-1034901,cif/na_bandgap_ge1/mp-1034901.cif,ok,
mp-1035030,cif/na_bandgap_ge1/mp-1035030.cif,ok,
mp-1035183,cif/na_bandgap_ge1/mp-1035183.cif,ok,
mp-1035394,cif/na_bandgap_ge1/mp-1035394.cif,ok,
mp-1035403,cif/na_bandgap_ge1/mp-1035403.cif,ok,
mp-1035418,cif/na_bandgap_ge1/mp-1035418.cif,ok,
mp-1035457,cif/na_bandgap_ge1/mp-1035457.cif,ok,
mp-1035481,cif/na_bandgap_ge1/mp-1035481.cif,ok,
mp-1035917,cif/na_bandgap_ge1/mp-1035917.cif,ok,
mp-1035940,cif/na_bandgap_ge1/mp-1035940.cif,ok,
mp-1039794,cif/na_bandgap_ge1/mp-1039794.cif,ok,
mp-1039824,cif/na_bandgap_ge1/mp-1039824.cif,ok,
mp-1039849,cif/na_bandgap_ge1/mp-1039849.cif,ok,
mp-1039846,cif/na_bandgap_ge1/mp-1039846.cif,ok,
mp-1040385,cif/na_bandgap_ge1/mp-1040385.cif,ok,
mp-1064952,cif/na_bandgap_ge1/mp-1064952.cif,ok,
mp-1066400,cif/na_bandgap_ge1/mp-1066400.cif,ok,
mp-1078237,cif/na_bandgap_ge1/mp-1078237.cif,ok,
mp-1078217,cif/na_bandgap_ge1/mp-1078217.cif,ok,
mp-1078295,cif/na_bandgap_ge1/mp-1078295.cif,ok,
mp-1078336,cif/na_bandgap_ge1/mp-1078336.cif,ok,
mp-1078750,cif/na_bandgap_ge1/mp-1078750.cif,ok,
mp-1078933,cif/na_bandgap_ge1/mp-1078933.cif,ok,
mp-1079096,cif/na_bandgap_ge1/mp-1079096.cif,ok,
mp-1079088,cif/na_bandgap_ge1/mp-1079088.cif,ok,
mp-1079248,cif/na_bandgap_ge1/mp-1079248.cif,ok,
mp-1079339,cif/na_bandgap_ge1/mp-1079339.cif,ok,
mp-1079436,cif/na_bandgap_ge1/mp-1079436.cif,ok,
mp-1079583,cif/na_bandgap_ge1/mp-1079583.cif,ok,
mp-1080017,cif/na_bandgap_ge1/mp-1080017.cif,ok,
mp-1080041,cif/na_bandgap_ge1/mp-1080041.cif,ok,
mp-1080753,cif/na_bandgap_ge1/mp-1080753.cif,ok,
mp-1087215,cif/na_bandgap_ge1/mp-1087215.cif,ok,
mp-1091394,cif/na_bandgap_ge1/mp-1091394.cif,ok,
mp-1094092,cif/na_bandgap_ge1/mp-1094092.cif,ok,
mp-1094113,cif/na_bandgap_ge1/mp-1094113.cif,ok,
mp-1094103,cif/na_bandgap_ge1/mp-1094103.cif,ok,
mp-1094098,cif/na_bandgap_ge1/mp-1094098.cif,ok,
mp-1094149,cif/na_bandgap_ge1/mp-1094149.cif,ok,
mp-1095176,cif/na_bandgap_ge1/mp-1095176.cif,ok,
mp-1096496,cif/na_bandgap_ge1/mp-1096496.cif,ok,
mp-1096979,cif/na_bandgap_ge1/mp-1096979.cif,ok,
mp-1097229,cif/na_bandgap_ge1/mp-1097229.cif,ok,
mp-1097361,cif/na_bandgap_ge1/mp-1097361.cif,ok,
mp-1097519,cif/na_bandgap_ge1/mp-1097519.cif,ok,
mp-1098484,cif/na_bandgap_ge1/mp-1098484.cif,ok,
mp-1100443,cif/na_bandgap_ge1/mp-1100443.cif,ok,
mp-1101151,cif/na_bandgap_ge1/mp-1101151.cif,ok,
mp-1101482,cif/na_bandgap_ge1/mp-1101482.cif,ok,
mp-1101478,cif/na_bandgap_ge1/mp-1101478.cif,ok,
mp-1101475,cif/na_bandgap_ge1/mp-1101475.cif,ok,
mp-1101479,cif/na_bandgap_ge1/mp-1101479.cif,ok,
mp-1101666,cif/na_bandgap_ge1/mp-1101666.cif,ok,
mp-1101664,cif/na_bandgap_ge1/mp-1101664.cif,ok,
mp-1101653,cif/na_bandgap_ge1/mp-1101653.cif,ok,
mp-1101655,cif/na_bandgap_ge1/mp-1101655.cif,ok,
mp-1101661,cif/na_bandgap_ge1/mp-1101661.cif,ok,
mp-1101667,cif/na_bandgap_ge1/mp-1101667.cif,ok,
mp-1101657,cif/na_bandgap_ge1/mp-1101657.cif,ok,
mp-1101665,cif/na_bandgap_ge1/mp-1101665.cif,ok,
mp-1101663,cif/na_bandgap_ge1/mp-1101663.cif,ok,
mp-1101699,cif/na_bandgap_ge1/mp-1101699.cif,ok,
mp-1101703,cif/na_bandgap_ge1/mp-1101703.cif,ok,
mp-1101692,cif/na_bandgap_ge1/mp-1101692.cif,ok,
mp-1101719,cif/na_bandgap_ge1/mp-1101719.cif,ok,
mp-1101716,cif/na_bandgap_ge1/mp-1101716.cif,ok,
mp-1101862,cif/na_bandgap_ge1/mp-1101862.cif,ok,
mp-1102077,cif/na_bandgap_ge1/mp-1102077.cif,ok,
mp-1102092,cif/na_bandgap_ge1/mp-1102092.cif,ok,
mp-1102924,cif/na_bandgap_ge1/mp-1102924.cif,ok,
mp-1103169,cif/na_bandgap_ge1/mp-1103169.cif,ok,
mp-1103416,cif/na_bandgap_ge1/mp-1103416.cif,ok,
mp-1104533,cif/na_bandgap_ge1/mp-1104533.cif,ok,
mp-1104707,cif/na_bandgap_ge1/mp-1104707.cif,ok,
mp-1104817,cif/na_bandgap_ge1/mp-1104817.cif,ok,
mp-1104938,cif/na_bandgap_ge1/mp-1104938.cif,ok,
mp-1105143,cif/na_bandgap_ge1/mp-1105143.cif,ok,
mp-1105401,cif/na_bandgap_ge1/mp-1105401.cif,ok,
mp-1105542,cif/na_bandgap_ge1/mp-1105542.cif,ok,
mp-1105721,cif/na_bandgap_ge1/mp-1105721.cif,ok,
mp-1105769,cif/na_bandgap_ge1/mp-1105769.cif,ok,
mp-1105765,cif/na_bandgap_ge1/mp-1105765.cif,ok,
mp-1105823,cif/na_bandgap_ge1/mp-1105823.cif,ok,
mp-1105952,cif/na_bandgap_ge1/mp-1105952.cif,ok,
mp-1106050,cif/na_bandgap_ge1/mp-1106050.cif,ok,
mp-1110563,cif/na_bandgap_ge1/mp-1110563.cif,ok,
mp-1110566,cif/na_bandgap_ge1/mp-1110566.cif,ok,
mp-1110631,cif/na_bandgap_ge1/mp-1110631.cif,ok,
mp-1110663,cif/na_bandgap_ge1/mp-1110663.cif,ok,
mp-1110646,cif/na_bandgap_ge1/mp-1110646.cif,ok,
mp-1110642,cif/na_bandgap_ge1/mp-1110642.cif,ok,
mp-1110678,cif/na_bandgap_ge1/mp-1110678.cif,ok,
mp-1110701,cif/na_bandgap_ge1/mp-1110701.cif,ok,
mp-1110696,cif/na_bandgap_ge1/mp-1110696.cif,ok,
mp-1110703,cif/na_bandgap_ge1/mp-1110703.cif,ok,
mp-1110697,cif/na_bandgap_ge1/mp-1110697.cif,ok,
mp-1110704,cif/na_bandgap_ge1/mp-1110704.cif,ok,
mp-1110702,cif/na_bandgap_ge1/mp-1110702.cif,ok,
mp-1110700,cif/na_bandgap_ge1/mp-1110700.cif,ok,
mp-1110740,cif/na_bandgap_ge1/mp-1110740.cif,ok,
mp-1110742,cif/na_bandgap_ge1/mp-1110742.cif,ok,
mp-1110743,cif/na_bandgap_ge1/mp-1110743.cif,ok,
mp-1110741,cif/na_bandgap_ge1/mp-1110741.cif,ok,
mp-1110739,cif/na_bandgap_ge1/mp-1110739.cif,ok,
mp-1110770,cif/na_bandgap_ge1/mp-1110770.cif,ok,
mp-1110767,cif/na_bandgap_ge1/mp-1110767.cif,ok,
mp-1110768,cif/na_bandgap_ge1/mp-1110768.cif,ok,
mp-1110772,cif/na_bandgap_ge1/mp-1110772.cif,ok,
mp-1110769,cif/na_bandgap_ge1/mp-1110769.cif,ok,
mp-1110829,cif/na_bandgap_ge1/mp-1110829.cif,ok,
mp-1110830,cif/na_bandgap_ge1/mp-1110830.cif,ok,
mp-1110826,cif/na_bandgap_ge1/mp-1110826.cif,ok,
mp-1110833,cif/na_bandgap_ge1/mp-1110833.cif,ok,
mp-1110831,cif/na_bandgap_ge1/mp-1110831.cif,ok,
mp-1110860,cif/na_bandgap_ge1/mp-1110860.cif,ok,
mp-1110861,cif/na_bandgap_ge1/mp-1110861.cif,ok,
mp-1110862,cif/na_bandgap_ge1/mp-1110862.cif,ok,
mp-1110890,cif/na_bandgap_ge1/mp-1110890.cif,ok,
mp-1110896,cif/na_bandgap_ge1/mp-1110896.cif,ok,
mp-1110897,cif/na_bandgap_ge1/mp-1110897.cif,ok,
mp-1110892,cif/na_bandgap_ge1/mp-1110892.cif,ok,
mp-1110894,cif/na_bandgap_ge1/mp-1110894.cif,ok,
mp-1110893,cif/na_bandgap_ge1/mp-1110893.cif,ok,
mp-1110891,cif/na_bandgap_ge1/mp-1110891.cif,ok,
mp-1110888,cif/na_bandgap_ge1/mp-1110888.cif,ok,
mp-1110932,cif/na_bandgap_ge1/mp-1110932.cif,ok,
mp-1110933,cif/na_bandgap_ge1/mp-1110933.cif,ok,
mp-1110934,cif/na_bandgap_ge1/mp-1110934.cif,ok,
mp-1110968,cif/na_bandgap_ge1/mp-1110968.cif,ok,
mp-1110980,cif/na_bandgap_ge1/mp-1110980.cif,ok,
mp-1110961,cif/na_bandgap_ge1/mp-1110961.cif,ok,
mp-1110962,cif/na_bandgap_ge1/mp-1110962.cif,ok,
mp-1110963,cif/na_bandgap_ge1/mp-1110963.cif,ok,
mp-1110979,cif/na_bandgap_ge1/mp-1110979.cif,ok,
mp-1110981,cif/na_bandgap_ge1/mp-1110981.cif,ok,
mp-1110965,cif/na_bandgap_ge1/mp-1110965.cif,ok,
mp-1111098,cif/na_bandgap_ge1/mp-1111098.cif,ok,
mp-1111095,cif/na_bandgap_ge1/mp-1111095.cif,ok,
mp-1111106,cif/na_bandgap_ge1/mp-1111106.cif,ok,
mp-1111108,cif/na_bandgap_ge1/mp-1111108.cif,ok,
mp-1111105,cif/na_bandgap_ge1/mp-1111105.cif,ok,
mp-1111139,cif/na_bandgap_ge1/mp-1111139.cif,ok,
mp-1111127,cif/na_bandgap_ge1/mp-1111127.cif,ok,
mp-1111223,cif/na_bandgap_ge1/mp-1111223.cif,ok,
mp-1111240,cif/na_bandgap_ge1/mp-1111240.cif,ok,
mp-1111234,cif/na_bandgap_ge1/mp-1111234.cif,ok,
mp-1111346,cif/na_bandgap_ge1/mp-1111346.cif,ok,
mp-1111348,cif/na_bandgap_ge1/mp-1111348.cif,ok,
mp-1111350,cif/na_bandgap_ge1/mp-1111350.cif,ok,
mp-1111349,cif/na_bandgap_ge1/mp-1111349.cif,ok,
mp-1111434,cif/na_bandgap_ge1/mp-1111434.cif,ok,
mp-1111433,cif/na_bandgap_ge1/mp-1111433.cif,ok,
mp-1111550,cif/na_bandgap_ge1/mp-1111550.cif,ok,
mp-1111618,cif/na_bandgap_ge1/mp-1111618.cif,ok,
mp-1111640,cif/na_bandgap_ge1/mp-1111640.cif,ok,
mp-1111622,cif/na_bandgap_ge1/mp-1111622.cif,ok,
mp-1111641,cif/na_bandgap_ge1/mp-1111641.cif,ok,
mp-1111621,cif/na_bandgap_ge1/mp-1111621.cif,ok,
mp-1111616,cif/na_bandgap_ge1/mp-1111616.cif,ok,
mp-1111615,cif/na_bandgap_ge1/mp-1111615.cif,ok,
mp-1111652,cif/na_bandgap_ge1/mp-1111652.cif,ok,
mp-1111651,cif/na_bandgap_ge1/mp-1111651.cif,ok,
mp-1111639,cif/na_bandgap_ge1/mp-1111639.cif,ok,
mp-1111649,cif/na_bandgap_ge1/mp-1111649.cif,ok,
mp-1111647,cif/na_bandgap_ge1/mp-1111647.cif,ok,
mp-1111648,cif/na_bandgap_ge1/mp-1111648.cif,ok,
mp-1111824,cif/na_bandgap_ge1/mp-1111824.cif,ok,
mp-1111822,cif/na_bandgap_ge1/mp-1111822.cif,ok,
mp-1111821,cif/na_bandgap_ge1/mp-1111821.cif,ok,
mp-1111884,cif/na_bandgap_ge1/mp-1111884.cif,ok,
mp-1111820,cif/na_bandgap_ge1/mp-1111820.cif,ok,
mp-1111915,cif/na_bandgap_ge1/mp-1111915.cif,ok,
mp-1111979,cif/na_bandgap_ge1/mp-1111979.cif,ok,
mp-1112014,cif/na_bandgap_ge1/mp-1112014.cif,ok,
mp-1112137,cif/na_bandgap_ge1/mp-1112137.cif,ok,
mp-1112148,cif/na_bandgap_ge1/mp-1112148.cif,ok,
mp-1112141,cif/na_bandgap_ge1/mp-1112141.cif,ok,
mp-1112145,cif/na_bandgap_ge1/mp-1112145.cif,ok,
mp-1112142,cif/na_bandgap_ge1/mp-1112142.cif,ok,
mp-1112146,cif/na_bandgap_ge1/mp-1112146.cif,ok,
mp-1112140,cif/na_bandgap_ge1/mp-1112140.cif,ok,
mp-1112138,cif/na_bandgap_ge1/mp-1112138.cif,ok,
mp-1112144,cif/na_bandgap_ge1/mp-1112144.cif,ok,
mp-1112567,cif/na_bandgap_ge1/mp-1112567.cif,ok,
mp-1112534,cif/na_bandgap_ge1/mp-1112534.cif,ok,
mp-1112527,cif/na_bandgap_ge1/mp-1112527.cif,ok,
mp-1112569,cif/na_bandgap_ge1/mp-1112569.cif,ok,
mp-1112570,cif/na_bandgap_ge1/mp-1112570.cif,ok,
mp-1112596,cif/na_bandgap_ge1/mp-1112596.cif,ok,
mp-1112659,cif/na_bandgap_ge1/mp-1112659.cif,ok,
mp-1112661,cif/na_bandgap_ge1/mp-1112661.cif,ok,
mp-1112656,cif/na_bandgap_ge1/mp-1112656.cif,ok,
mp-1112657,cif/na_bandgap_ge1/mp-1112657.cif,ok,
mp-1112997,cif/na_bandgap_ge1/mp-1112997.cif,ok,
mp-1112988,cif/na_bandgap_ge1/mp-1112988.cif,ok,
mp-1113675,cif/na_bandgap_ge1/mp-1113675.cif,ok,
mp-1113669,cif/na_bandgap_ge1/mp-1113669.cif,ok,
mp-1113926,cif/na_bandgap_ge1/mp-1113926.cif,ok,
mp-1113929,cif/na_bandgap_ge1/mp-1113929.cif,ok,
mp-1113967,cif/na_bandgap_ge1/mp-1113967.cif,ok,
mp-1114011,cif/na_bandgap_ge1/mp-1114011.cif,ok,
mp-1114016,cif/na_bandgap_ge1/mp-1114016.cif,ok,
mp-1114015,cif/na_bandgap_ge1/mp-1114015.cif,ok,
mp-1114014,cif/na_bandgap_ge1/mp-1114014.cif,ok,
mp-1113963,cif/na_bandgap_ge1/mp-1113963.cif,ok,
mp-1114017,cif/na_bandgap_ge1/mp-1114017.cif,ok,
mp-1114019,cif/na_bandgap_ge1/mp-1114019.cif,ok,
mp-1114025,cif/na_bandgap_ge1/mp-1114025.cif,ok,
mp-1114024,cif/na_bandgap_ge1/mp-1114024.cif,ok,
mp-1114023,cif/na_bandgap_ge1/mp-1114023.cif,ok,
mp-1114018,cif/na_bandgap_ge1/mp-1114018.cif,ok,
mp-1114119,cif/na_bandgap_ge1/mp-1114119.cif,ok,
mp-1120756,cif/na_bandgap_ge1/mp-1120756.cif,ok,
mp-1120731,cif/na_bandgap_ge1/mp-1120731.cif,ok,
mp-1120767,cif/na_bandgap_ge1/mp-1120767.cif,ok,
mp-1120804,cif/na_bandgap_ge1/mp-1120804.cif,ok,
mp-1120795,cif/na_bandgap_ge1/mp-1120795.cif,ok,
mp-1121875,cif/na_bandgap_ge1/mp-1121875.cif,ok,
mp-1172939,cif/na_bandgap_ge1/mp-1172939.cif,ok,
mp-1173092,cif/na_bandgap_ge1/mp-1173092.cif,ok,
mp-1173071,cif/na_bandgap_ge1/mp-1173071.cif,ok,
mp-1173505,cif/na_bandgap_ge1/mp-1173505.cif,ok,
mp-1173467,cif/na_bandgap_ge1/mp-1173467.cif,ok,
mp-1173549,cif/na_bandgap_ge1/mp-1173549.cif,ok,
mp-1173559,cif/na_bandgap_ge1/mp-1173559.cif,ok,
mp-1173558,cif/na_bandgap_ge1/mp-1173558.cif,ok,
mp-1173567,cif/na_bandgap_ge1/mp-1173567.cif,ok,
mp-1173560,cif/na_bandgap_ge1/mp-1173560.cif,ok,
mp-1173541,cif/na_bandgap_ge1/mp-1173541.cif,ok,
mp-1173544,cif/na_bandgap_ge1/mp-1173544.cif,ok,
mp-1173582,cif/na_bandgap_ge1/mp-1173582.cif,ok,
mp-1173585,cif/na_bandgap_ge1/mp-1173585.cif,ok,
mp-1173592,cif/na_bandgap_ge1/mp-1173592.cif,ok,
mp-1173581,cif/na_bandgap_ge1/mp-1173581.cif,ok,
mp-1173576,cif/na_bandgap_ge1/mp-1173576.cif,ok,
mp-1173602,cif/na_bandgap_ge1/mp-1173602.cif,ok,
mp-1173608,cif/na_bandgap_ge1/mp-1173608.cif,ok,
mp-1173615,cif/na_bandgap_ge1/mp-1173615.cif,ok,
mp-1173631,cif/na_bandgap_ge1/mp-1173631.cif,ok,
mp-1173705,cif/na_bandgap_ge1/mp-1173705.cif,ok,
mp-1173649,cif/na_bandgap_ge1/mp-1173649.cif,ok,
mp-1173715,cif/na_bandgap_ge1/mp-1173715.cif,ok,
mp-1173651,cif/na_bandgap_ge1/mp-1173651.cif,ok,
mp-1173694,cif/na_bandgap_ge1/mp-1173694.cif,ok,
mp-1173735,cif/na_bandgap_ge1/mp-1173735.cif,ok,
mp-1173750,cif/na_bandgap_ge1/mp-1173750.cif,ok,
mp-1173734,cif/na_bandgap_ge1/mp-1173734.cif,ok,
mp-1173720,cif/na_bandgap_ge1/mp-1173720.cif,ok,
mp-1173770,cif/na_bandgap_ge1/mp-1173770.cif,ok,
mp-1173783,cif/na_bandgap_ge1/mp-1173783.cif,ok,
mp-1173815,cif/na_bandgap_ge1/mp-1173815.cif,ok,
mp-1173807,cif/na_bandgap_ge1/mp-1173807.cif,ok,
mp-1173823,cif/na_bandgap_ge1/mp-1173823.cif,ok,
mp-1173827,cif/na_bandgap_ge1/mp-1173827.cif,ok,
mp-1173842,cif/na_bandgap_ge1/mp-1173842.cif,ok,
mp-1173840,cif/na_bandgap_ge1/mp-1173840.cif,ok,
mp-1173857,cif/na_bandgap_ge1/mp-1173857.cif,ok,
mp-1179886,cif/na_bandgap_ge1/mp-1179886.cif,ok,
mp-1179949,cif/na_bandgap_ge1/mp-1179949.cif,ok,
mp-1179975,cif/na_bandgap_ge1/mp-1179975.cif,ok,
mp-1180020,cif/na_bandgap_ge1/mp-1180020.cif,ok,
mp-1180130,cif/na_bandgap_ge1/mp-1180130.cif,ok,
mp-1180119,cif/na_bandgap_ge1/mp-1180119.cif,ok,
mp-1180089,cif/na_bandgap_ge1/mp-1180089.cif,ok,
mp-1180153,cif/na_bandgap_ge1/mp-1180153.cif,ok,
mp-1180133,cif/na_bandgap_ge1/mp-1180133.cif,ok,
mp-1180149,cif/na_bandgap_ge1/mp-1180149.cif,ok,
mp-1180168,cif/na_bandgap_ge1/mp-1180168.cif,ok,
mp-1180167,cif/na_bandgap_ge1/mp-1180167.cif,ok,
mp-1180278,cif/na_bandgap_ge1/mp-1180278.cif,ok,
mp-1180560,cif/na_bandgap_ge1/mp-1180560.cif,ok,
mp-1180761,cif/na_bandgap_ge1/mp-1180761.cif,ok,
mp-1180887,cif/na_bandgap_ge1/mp-1180887.cif,ok,
mp-1180870,cif/na_bandgap_ge1/mp-1180870.cif,ok,
mp-1180855,cif/na_bandgap_ge1/mp-1180855.cif,ok,
mp-1182061,cif/na_bandgap_ge1/mp-1182061.cif,ok,
mp-1182298,cif/na_bandgap_ge1/mp-1182298.cif,ok,
mp-1182342,cif/na_bandgap_ge1/mp-1182342.cif,ok,
mp-1182445,cif/na_bandgap_ge1/mp-1182445.cif,ok,
mp-1182625,cif/na_bandgap_ge1/mp-1182625.cif,ok,
mp-1188528,cif/na_bandgap_ge1/mp-1188528.cif,ok,
mp-1188623,cif/na_bandgap_ge1/mp-1188623.cif,ok,
mp-1188818,cif/na_bandgap_ge1/mp-1188818.cif,ok,
mp-1189143,cif/na_bandgap_ge1/mp-1189143.cif,ok,
mp-1189134,cif/na_bandgap_ge1/mp-1189134.cif,ok,
mp-1189154,cif/na_bandgap_ge1/mp-1189154.cif,ok,
mp-1189194,cif/na_bandgap_ge1/mp-1189194.cif,ok,
mp-1189227,cif/na_bandgap_ge1/mp-1189227.cif,ok,
mp-1189265,cif/na_bandgap_ge1/mp-1189265.cif,ok,
mp-1189407,cif/na_bandgap_ge1/mp-1189407.cif,ok,
mp-1189460,cif/na_bandgap_ge1/mp-1189460.cif,ok,
mp-1189541,cif/na_bandgap_ge1/mp-1189541.cif,ok,
mp-1189520,cif/na_bandgap_ge1/mp-1189520.cif,ok,
mp-1189564,cif/na_bandgap_ge1/mp-1189564.cif,ok,
mp-1189723,cif/na_bandgap_ge1/mp-1189723.cif,ok,
mp-1189817,cif/na_bandgap_ge1/mp-1189817.cif,ok,
mp-1190015,cif/na_bandgap_ge1/mp-1190015.cif,ok,
mp-1190024,cif/na_bandgap_ge1/mp-1190024.cif,ok,
mp-1190311,cif/na_bandgap_ge1/mp-1190311.cif,ok,
mp-1190348,cif/na_bandgap_ge1/mp-1190348.cif,ok,
mp-1190366,cif/na_bandgap_ge1/mp-1190366.cif,ok,
mp-1190450,cif/na_bandgap_ge1/mp-1190450.cif,ok,
mp-1190540,cif/na_bandgap_ge1/mp-1190540.cif,ok,
mp-1190586,cif/na_bandgap_ge1/mp-1190586.cif,ok,
mp-1190761,cif/na_bandgap_ge1/mp-1190761.cif,ok,
mp-1190797,cif/na_bandgap_ge1/mp-1190797.cif,ok,
mp-1190848,cif/na_bandgap_ge1/mp-1190848.cif,ok,
mp-1190869,cif/na_bandgap_ge1/mp-1190869.cif,ok,
mp-1190931,cif/na_bandgap_ge1/mp-1190931.cif,ok,
mp-1191034,cif/na_bandgap_ge1/mp-1191034.cif,ok,
mp-1191547,cif/na_bandgap_ge1/mp-1191547.cif,ok,
mp-1191678,cif/na_bandgap_ge1/mp-1191678.cif,ok,
mp-1191970,cif/na_bandgap_ge1/mp-1191970.cif,ok,
mp-1192032,cif/na_bandgap_ge1/mp-1192032.cif,ok,
mp-1192167,cif/na_bandgap_ge1/mp-1192167.cif,ok,
mp-1192203,cif/na_bandgap_ge1/mp-1192203.cif,ok,
mp-1192213,cif/na_bandgap_ge1/mp-1192213.cif,ok,
mp-1192726,cif/na_bandgap_ge1/mp-1192726.cif,ok,
mp-1192772,cif/na_bandgap_ge1/mp-1192772.cif,ok,
mp-1192874,cif/na_bandgap_ge1/mp-1192874.cif,ok,
mp-1192905,cif/na_bandgap_ge1/mp-1192905.cif,ok,
mp-1193007,cif/na_bandgap_ge1/mp-1193007.cif,ok,
mp-1193109,cif/na_bandgap_ge1/mp-1193109.cif,ok,
mp-1193256,cif/na_bandgap_ge1/mp-1193256.cif,ok,
mp-1193468,cif/na_bandgap_ge1/mp-1193468.cif,ok,
mp-1193488,cif/na_bandgap_ge1/mp-1193488.cif,ok,
mp-1193570,cif/na_bandgap_ge1/mp-1193570.cif,ok,
mp-1193615,cif/na_bandgap_ge1/mp-1193615.cif,ok,
mp-1193627,cif/na_bandgap_ge1/mp-1193627.cif,ok,
mp-1193688,cif/na_bandgap_ge1/mp-1193688.cif,ok,
mp-1193739,cif/na_bandgap_ge1/mp-1193739.cif,ok,
mp-1193789,cif/na_bandgap_ge1/mp-1193789.cif,ok,
mp-1193859,cif/na_bandgap_ge1/mp-1193859.cif,ok,
mp-1193942,cif/na_bandgap_ge1/mp-1193942.cif,ok,
mp-1194067,cif/na_bandgap_ge1/mp-1194067.cif,ok,
mp-1194338,cif/na_bandgap_ge1/mp-1194338.cif,ok,
mp-1194561,cif/na_bandgap_ge1/mp-1194561.cif,ok,
mp-1194630,cif/na_bandgap_ge1/mp-1194630.cif,ok,
mp-1194653,cif/na_bandgap_ge1/mp-1194653.cif,ok,
mp-1194728,cif/na_bandgap_ge1/mp-1194728.cif,ok,
mp-1194788,cif/na_bandgap_ge1/mp-1194788.cif,ok,
mp-1194823,cif/na_bandgap_ge1/mp-1194823.cif,ok,
mp-1194840,cif/na_bandgap_ge1/mp-1194840.cif,ok,
mp-1194852,cif/na_bandgap_ge1/mp-1194852.cif,ok,
mp-1194878,cif/na_bandgap_ge1/mp-1194878.cif,ok,
mp-1194954,cif/na_bandgap_ge1/mp-1194954.cif,ok,
mp-1194999,cif/na_bandgap_ge1/mp-1194999.cif,ok,
mp-1195048,cif/na_bandgap_ge1/mp-1195048.cif,ok,
mp-1195058,cif/na_bandgap_ge1/mp-1195058.cif,ok,
mp-1195079,cif/na_bandgap_ge1/mp-1195079.cif,ok,
mp-1195110,cif/na_bandgap_ge1/mp-1195110.cif,ok,
mp-1195148,cif/na_bandgap_ge1/mp-1195148.cif,ok,
mp-1195176,cif/na_bandgap_ge1/mp-1195176.cif,ok,
mp-1195192,cif/na_bandgap_ge1/mp-1195192.cif,ok,
mp-1195185,cif/na_bandgap_ge1/mp-1195185.cif,ok,
mp-1195227,cif/na_bandgap_ge1/mp-1195227.cif,ok,
mp-1195286,cif/na_bandgap_ge1/mp-1195286.cif,ok,
mp-1195353,cif/na_bandgap_ge1/mp-1195353.cif,ok,
mp-1195419,cif/na_bandgap_ge1/mp-1195419.cif,ok,
mp-1195423,cif/na_bandgap_ge1/mp-1195423.cif,ok,
mp-1195468,cif/na_bandgap_ge1/mp-1195468.cif,ok,
mp-1195575,cif/na_bandgap_ge1/mp-1195575.cif,ok,
mp-1195646,cif/na_bandgap_ge1/mp-1195646.cif,ok,
mp-1195647,cif/na_bandgap_ge1/mp-1195647.cif,ok,
mp-1195665,cif/na_bandgap_ge1/mp-1195665.cif,ok,
mp-1195726,cif/na_bandgap_ge1/mp-1195726.cif,ok,
mp-1195769,cif/na_bandgap_ge1/mp-1195769.cif,ok,
mp-1195785,cif/na_bandgap_ge1/mp-1195785.cif,ok,
mp-1195803,cif/na_bandgap_ge1/mp-1195803.cif,ok,
mp-1195859,cif/na_bandgap_ge1/mp-1195859.cif,ok,
mp-1195867,cif/na_bandgap_ge1/mp-1195867.cif,ok,
mp-1195918,cif/na_bandgap_ge1/mp-1195918.cif,ok,
mp-1195917,cif/na_bandgap_ge1/mp-1195917.cif,ok,
mp-1195950,cif/na_bandgap_ge1/mp-1195950.cif,ok,
mp-1196019,cif/na_bandgap_ge1/mp-1196019.cif,ok,
mp-1196022,cif/na_bandgap_ge1/mp-1196022.cif,ok,
mp-1196084,cif/na_bandgap_ge1/mp-1196084.cif,ok,
mp-1196131,cif/na_bandgap_ge1/mp-1196131.cif,ok,
mp-1196288,cif/na_bandgap_ge1/mp-1196288.cif,ok,
mp-1196607,cif/na_bandgap_ge1/mp-1196607.cif,ok,
mp-1196753,cif/na_bandgap_ge1/mp-1196753.cif,ok,
mp-1196828,cif/na_bandgap_ge1/mp-1196828.cif,ok,
mp-1197034,cif/na_bandgap_ge1/mp-1197034.cif,ok,
mp-1197042,cif/na_bandgap_ge1/mp-1197042.cif,ok,
mp-1197226,cif/na_bandgap_ge1/mp-1197226.cif,ok,
mp-1197419,cif/na_bandgap_ge1/mp-1197419.cif,ok,
mp-1197430,cif/na_bandgap_ge1/mp-1197430.cif,ok,
mp-1197566,cif/na_bandgap_ge1/mp-1197566.cif,ok,
mp-1197635,cif/na_bandgap_ge1/mp-1197635.cif,ok,
mp-1197676,cif/na_bandgap_ge1/mp-1197676.cif,ok,
mp-1197746,cif/na_bandgap_ge1/mp-1197746.cif,ok,
mp-1197875,cif/na_bandgap_ge1/mp-1197875.cif,ok,
mp-1197973,cif/na_bandgap_ge1/mp-1197973.cif,ok,
mp-1198003,cif/na_bandgap_ge1/mp-1198003.cif,ok,
mp-1198056,cif/na_bandgap_ge1/mp-1198056.cif,ok,
mp-1198142,cif/na_bandgap_ge1/mp-1198142.cif,ok,
mp-1198126,cif/na_bandgap_ge1/mp-1198126.cif,ok,
mp-1198236,cif/na_bandgap_ge1/mp-1198236.cif,ok,
mp-1198287,cif/na_bandgap_ge1/mp-1198287.cif,ok,
mp-1198290,cif/na_bandgap_ge1/mp-1198290.cif,ok,
mp-1198378,cif/na_bandgap_ge1/mp-1198378.cif,ok,
mp-1198421,cif/na_bandgap_ge1/mp-1198421.cif,ok,
mp-1198448,cif/na_bandgap_ge1/mp-1198448.cif,ok,
mp-1198462,cif/na_bandgap_ge1/mp-1198462.cif,ok,
mp-1198497,cif/na_bandgap_ge1/mp-1198497.cif,ok,
mp-1198514,cif/na_bandgap_ge1/mp-1198514.cif,ok,
mp-1198616,cif/na_bandgap_ge1/mp-1198616.cif,ok,
mp-1198731,cif/na_bandgap_ge1/mp-1198731.cif,ok,
mp-1198806,cif/na_bandgap_ge1/mp-1198806.cif,ok,
mp-1199037,cif/na_bandgap_ge1/mp-1199037.cif,ok,
mp-1199057,cif/na_bandgap_ge1/mp-1199057.cif,ok,
mp-1199124,cif/na_bandgap_ge1/mp-1199124.cif,ok,
mp-1199345,cif/na_bandgap_ge1/mp-1199345.cif,ok,
mp-1199404,cif/na_bandgap_ge1/mp-1199404.cif,ok,
mp-1199438,cif/na_bandgap_ge1/mp-1199438.cif,ok,
mp-1199471,cif/na_bandgap_ge1/mp-1199471.cif,ok,
mp-1199541,cif/na_bandgap_ge1/mp-1199541.cif,ok,
mp-1199593,cif/na_bandgap_ge1/mp-1199593.cif,ok,
mp-1199624,cif/na_bandgap_ge1/mp-1199624.cif,ok,
mp-1199631,cif/na_bandgap_ge1/mp-1199631.cif,ok,
mp-1199672,cif/na_bandgap_ge1/mp-1199672.cif,ok,
mp-1199704,cif/na_bandgap_ge1/mp-1199704.cif,ok,
mp-1199766,cif/na_bandgap_ge1/mp-1199766.cif,ok,
mp-1199865,cif/na_bandgap_ge1/mp-1199865.cif,ok,
mp-1199908,cif/na_bandgap_ge1/mp-1199908.cif,ok,
mp-1199928,cif/na_bandgap_ge1/mp-1199928.cif,ok,
mp-1199991,cif/na_bandgap_ge1/mp-1199991.cif,ok,
mp-1199996,cif/na_bandgap_ge1/mp-1199996.cif,ok,
mp-1200037,cif/na_bandgap_ge1/mp-1200037.cif,ok,
mp-1200123,cif/na_bandgap_ge1/mp-1200123.cif,ok,
mp-1200250,cif/na_bandgap_ge1/mp-1200250.cif,ok,
mp-1200327,cif/na_bandgap_ge1/mp-1200327.cif,ok,
mp-1200350,cif/na_bandgap_ge1/mp-1200350.cif,ok,
mp-1200387,cif/na_bandgap_ge1/mp-1200387.cif,ok,
mp-1200510,cif/na_bandgap_ge1/mp-1200510.cif,ok,
mp-1200546,cif/na_bandgap_ge1/mp-1200546.cif,ok,
mp-1200576,cif/na_bandgap_ge1/mp-1200576.cif,ok,
mp-1200709,cif/na_bandgap_ge1/mp-1200709.cif,ok,
mp-1200829,cif/na_bandgap_ge1/mp-1200829.cif,ok,
mp-1200852,cif/na_bandgap_ge1/mp-1200852.cif,ok,
mp-1200860,cif/na_bandgap_ge1/mp-1200860.cif,ok,
mp-1200873,cif/na_bandgap_ge1/mp-1200873.cif,ok,
mp-1201038,cif/na_bandgap_ge1/mp-1201038.cif,ok,
mp-1201060,cif/na_bandgap_ge1/mp-1201060.cif,ok,
mp-1201186,cif/na_bandgap_ge1/mp-1201186.cif,ok,
mp-1201259,cif/na_bandgap_ge1/mp-1201259.cif,ok,
mp-1201482,cif/na_bandgap_ge1/mp-1201482.cif,ok,
mp-1201634,cif/na_bandgap_ge1/mp-1201634.cif,ok,
mp-1201672,cif/na_bandgap_ge1/mp-1201672.cif,ok,
mp-1201715,cif/na_bandgap_ge1/mp-1201715.cif,ok,
mp-1201766,cif/na_bandgap_ge1/mp-1201766.cif,ok,
mp-1201802,cif/na_bandgap_ge1/mp-1201802.cif,ok,
mp-1201841,cif/na_bandgap_ge1/mp-1201841.cif,ok,
mp-1201921,cif/na_bandgap_ge1/mp-1201921.cif,ok,
mp-1201964,cif/na_bandgap_ge1/mp-1201964.cif,ok,
mp-1202065,cif/na_bandgap_ge1/mp-1202065.cif,ok,
mp-1202169,cif/na_bandgap_ge1/mp-1202169.cif,ok,
mp-1202184,cif/na_bandgap_ge1/mp-1202184.cif,ok,
mp-1202202,cif/na_bandgap_ge1/mp-1202202.cif,ok,
mp-1202242,cif/na_bandgap_ge1/mp-1202242.cif,ok,
mp-1202375,cif/na_bandgap_ge1/mp-1202375.cif,ok,
mp-1202445,cif/na_bandgap_ge1/mp-1202445.cif,ok,
mp-1202449,cif/na_bandgap_ge1/mp-1202449.cif,ok,
mp-1202504,cif/na_bandgap_ge1/mp-1202504.cif,ok,
mp-1202654,cif/na_bandgap_ge1/mp-1202654.cif,ok,
mp-1202725,cif/na_bandgap_ge1/mp-1202725.cif,ok,
mp-1202863,cif/na_bandgap_ge1/mp-1202863.cif,ok,
mp-1202889,cif/na_bandgap_ge1/mp-1202889.cif,ok,
mp-1202879,cif/na_bandgap_ge1/mp-1202879.cif,ok,
mp-1202931,cif/na_bandgap_ge1/mp-1202931.cif,ok,
mp-1202992,cif/na_bandgap_ge1/mp-1202992.cif,ok,
mp-1203023,cif/na_bandgap_ge1/mp-1203023.cif,ok,
mp-1203079,cif/na_bandgap_ge1/mp-1203079.cif,ok,
mp-1203101,cif/na_bandgap_ge1/mp-1203101.cif,ok,
mp-1203290,cif/na_bandgap_ge1/mp-1203290.cif,ok,
mp-1203293,cif/na_bandgap_ge1/mp-1203293.cif,ok,
mp-1203355,cif/na_bandgap_ge1/mp-1203355.cif,ok,
mp-1203390,cif/na_bandgap_ge1/mp-1203390.cif,ok,
mp-1203462,cif/na_bandgap_ge1/mp-1203462.cif,ok,
mp-1203484,cif/na_bandgap_ge1/mp-1203484.cif,ok,
mp-1203514,cif/na_bandgap_ge1/mp-1203514.cif,ok,
mp-1203686,cif/na_bandgap_ge1/mp-1203686.cif,ok,
mp-1203739,cif/na_bandgap_ge1/mp-1203739.cif,ok,
mp-1203846,cif/na_bandgap_ge1/mp-1203846.cif,ok,
mp-1203874,cif/na_bandgap_ge1/mp-1203874.cif,ok,
mp-1203906,cif/na_bandgap_ge1/mp-1203906.cif,ok,
mp-1204074,cif/na_bandgap_ge1/mp-1204074.cif,ok,
mp-1204228,cif/na_bandgap_ge1/mp-1204228.cif,ok,
mp-1204493,cif/na_bandgap_ge1/mp-1204493.cif,ok,
mp-1204585,cif/na_bandgap_ge1/mp-1204585.cif,ok,
mp-1204623,cif/na_bandgap_ge1/mp-1204623.cif,ok,
mp-1204626,cif/na_bandgap_ge1/mp-1204626.cif,ok,
mp-1204847,cif/na_bandgap_ge1/mp-1204847.cif,ok,
mp-1204868,cif/na_bandgap_ge1/mp-1204868.cif,ok,
mp-1205269,cif/na_bandgap_ge1/mp-1205269.cif,ok,
mp-1205341,cif/na_bandgap_ge1/mp-1205341.cif,ok,
mp-1205423,cif/na_bandgap_ge1/mp-1205423.cif,ok,
mp-1205541,cif/na_bandgap_ge1/mp-1205541.cif,ok,
mp-1205542,cif/na_bandgap_ge1/mp-1205542.cif,ok,
mp-1205696,cif/na_bandgap_ge1/mp-1205696.cif,ok,
mp-1205743,cif/na_bandgap_ge1/mp-1205743.cif,ok,
mp-1205831,cif/na_bandgap_ge1/mp-1205831.cif,ok,
mp-1205802,cif/na_bandgap_ge1/mp-1205802.cif,ok,
mp-1205868,cif/na_bandgap_ge1/mp-1205868.cif,ok,
mp-1206059,cif/na_bandgap_ge1/mp-1206059.cif,ok,
mp-1206266,cif/na_bandgap_ge1/mp-1206266.cif,ok,
mp-1206388,cif/na_bandgap_ge1/mp-1206388.cif,ok,
mp-1206562,cif/na_bandgap_ge1/mp-1206562.cif,ok,
mp-1206690,cif/na_bandgap_ge1/mp-1206690.cif,ok,
mp-1206737,cif/na_bandgap_ge1/mp-1206737.cif,ok,
mp-1206873,cif/na_bandgap_ge1/mp-1206873.cif,ok,
mp-1209409,cif/na_bandgap_ge1/mp-1209409.cif,ok,
mp-1209462,cif/na_bandgap_ge1/mp-1209462.cif,ok,
mp-1209960,cif/na_bandgap_ge1/mp-1209960.cif,ok,
mp-1209982,cif/na_bandgap_ge1/mp-1209982.cif,ok,
mp-1209961,cif/na_bandgap_ge1/mp-1209961.cif,ok,
mp-1209986,cif/na_bandgap_ge1/mp-1209986.cif,ok,
mp-1209957,cif/na_bandgap_ge1/mp-1209957.cif,ok,
mp-1209980,cif/na_bandgap_ge1/mp-1209980.cif,ok,
mp-1209968,cif/na_bandgap_ge1/mp-1209968.cif,ok,
mp-1210003,cif/na_bandgap_ge1/mp-1210003.cif,ok,
mp-1210002,cif/na_bandgap_ge1/mp-1210002.cif,ok,
mp-1210006,cif/na_bandgap_ge1/mp-1210006.cif,ok,
mp-1209999,cif/na_bandgap_ge1/mp-1209999.cif,ok,
mp-1209998,cif/na_bandgap_ge1/mp-1209998.cif,ok,
mp-1210016,cif/na_bandgap_ge1/mp-1210016.cif,ok,
mp-1210040,cif/na_bandgap_ge1/mp-1210040.cif,ok,
mp-1210021,cif/na_bandgap_ge1/mp-1210021.cif,ok,
mp-1210031,cif/na_bandgap_ge1/mp-1210031.cif,ok,
mp-1210039,cif/na_bandgap_ge1/mp-1210039.cif,ok,
mp-1210052,cif/na_bandgap_ge1/mp-1210052.cif,ok,
mp-1210062,cif/na_bandgap_ge1/mp-1210062.cif,ok,
mp-1210084,cif/na_bandgap_ge1/mp-1210084.cif,ok,
mp-1210085,cif/na_bandgap_ge1/mp-1210085.cif,ok,
mp-1210088,cif/na_bandgap_ge1/mp-1210088.cif,ok,
mp-1210092,cif/na_bandgap_ge1/mp-1210092.cif,ok,
mp-1210094,cif/na_bandgap_ge1/mp-1210094.cif,ok,
mp-1210072,cif/na_bandgap_ge1/mp-1210072.cif,ok,
mp-1210086,cif/na_bandgap_ge1/mp-1210086.cif,ok,
mp-1210079,cif/na_bandgap_ge1/mp-1210079.cif,ok,
mp-1210101,cif/na_bandgap_ge1/mp-1210101.cif,ok,
mp-1210133,cif/na_bandgap_ge1/mp-1210133.cif,ok,
mp-1210115,cif/na_bandgap_ge1/mp-1210115.cif,ok,
mp-1210122,cif/na_bandgap_ge1/mp-1210122.cif,ok,
mp-1210128,cif/na_bandgap_ge1/mp-1210128.cif,ok,
mp-1210126,cif/na_bandgap_ge1/mp-1210126.cif,ok,
mp-1210123,cif/na_bandgap_ge1/mp-1210123.cif,ok,
mp-1210121,cif/na_bandgap_ge1/mp-1210121.cif,ok,
mp-1210140,cif/na_bandgap_ge1/mp-1210140.cif,ok,
mp-1210138,cif/na_bandgap_ge1/mp-1210138.cif,ok,
mp-1210155,cif/na_bandgap_ge1/mp-1210155.cif,ok,
mp-1210161,cif/na_bandgap_ge1/mp-1210161.cif,ok,
mp-1210160,cif/na_bandgap_ge1/mp-1210160.cif,ok,
mp-1210165,cif/na_bandgap_ge1/mp-1210165.cif,ok,
mp-1210202,cif/na_bandgap_ge1/mp-1210202.cif,ok,
mp-1210199,cif/na_bandgap_ge1/mp-1210199.cif,ok,
mp-1210192,cif/na_bandgap_ge1/mp-1210192.cif,ok,
mp-1210191,cif/na_bandgap_ge1/mp-1210191.cif,ok,
mp-1210210,cif/na_bandgap_ge1/mp-1210210.cif,ok,
mp-1210195,cif/na_bandgap_ge1/mp-1210195.cif,ok,
mp-1210232,cif/na_bandgap_ge1/mp-1210232.cif,ok,
mp-1210219,cif/na_bandgap_ge1/mp-1210219.cif,ok,
mp-1210245,cif/na_bandgap_ge1/mp-1210245.cif,ok,
mp-1210272,cif/na_bandgap_ge1/mp-1210272.cif,ok,
mp-1210261,cif/na_bandgap_ge1/mp-1210261.cif,ok,
mp-1210269,cif/na_bandgap_ge1/mp-1210269.cif,ok,
mp-1210279,cif/na_bandgap_ge1/mp-1210279.cif,ok,
mp-1210293,cif/na_bandgap_ge1/mp-1210293.cif,ok,
mp-1210307,cif/na_bandgap_ge1/mp-1210307.cif,ok,
mp-1210323,cif/na_bandgap_ge1/mp-1210323.cif,ok,
mp-1210338,cif/na_bandgap_ge1/mp-1210338.cif,ok,
mp-1210388,cif/na_bandgap_ge1/mp-1210388.cif,ok,
mp-1210406,cif/na_bandgap_ge1/mp-1210406.cif,ok,
mp-1210421,cif/na_bandgap_ge1/mp-1210421.cif,ok,
mp-1210447,cif/na_bandgap_ge1/mp-1210447.cif,ok,
mp-1210454,cif/na_bandgap_ge1/mp-1210454.cif,ok,
mp-1210486,cif/na_bandgap_ge1/mp-1210486.cif,ok,
mp-1210557,cif/na_bandgap_ge1/mp-1210557.cif,ok,
mp-1210660,cif/na_bandgap_ge1/mp-1210660.cif,ok,
mp-1210777,cif/na_bandgap_ge1/mp-1210777.cif,ok,
mp-1210806,cif/na_bandgap_ge1/mp-1210806.cif,ok,
mp-1210845,cif/na_bandgap_ge1/mp-1210845.cif,ok,
mp-1210892,cif/na_bandgap_ge1/mp-1210892.cif,ok,
mp-1211315,cif/na_bandgap_ge1/mp-1211315.cif,ok,
mp-1211611,cif/na_bandgap_ge1/mp-1211611.cif,ok,
mp-1211627,cif/na_bandgap_ge1/mp-1211627.cif,ok,
mp-1211916,cif/na_bandgap_ge1/mp-1211916.cif,ok,
mp-1211990,cif/na_bandgap_ge1/mp-1211990.cif,ok,
mp-1212132,cif/na_bandgap_ge1/mp-1212132.cif,ok,
mp-1212264,cif/na_bandgap_ge1/mp-1212264.cif,ok,
mp-1212281,cif/na_bandgap_ge1/mp-1212281.cif,ok,
mp-1212364,cif/na_bandgap_ge1/mp-1212364.cif,ok,
mp-1212500,cif/na_bandgap_ge1/mp-1212500.cif,ok,
mp-1212549,cif/na_bandgap_ge1/mp-1212549.cif,ok,
mp-1212547,cif/na_bandgap_ge1/mp-1212547.cif,ok,
mp-1213441,cif/na_bandgap_ge1/mp-1213441.cif,ok,
mp-1213570,cif/na_bandgap_ge1/mp-1213570.cif,ok,
mp-1213599,cif/na_bandgap_ge1/mp-1213599.cif,ok,
mp-1213705,cif/na_bandgap_ge1/mp-1213705.cif,ok,
mp-1214476,cif/na_bandgap_ge1/mp-1214476.cif,ok,
mp-1214538,cif/na_bandgap_ge1/mp-1214538.cif,ok,
mp-1214564,cif/na_bandgap_ge1/mp-1214564.cif,ok,
mp-1214563,cif/na_bandgap_ge1/mp-1214563.cif,ok,
mp-1214635,cif/na_bandgap_ge1/mp-1214635.cif,ok,
mp-1214692,cif/na_bandgap_ge1/mp-1214692.cif,ok,
mp-1219637,cif/na_bandgap_ge1/mp-1219637.cif,ok,
mp-1219651,cif/na_bandgap_ge1/mp-1219651.cif,ok,
mp-1219802,cif/na_bandgap_ge1/mp-1219802.cif,ok,
mp-1220682,cif/na_bandgap_ge1/mp-1220682.cif,ok,
mp-1220684,cif/na_bandgap_ge1/mp-1220684.cif,ok,
mp-1220690,cif/na_bandgap_ge1/mp-1220690.cif,ok,
mp-1220703,cif/na_bandgap_ge1/mp-1220703.cif,ok,
mp-1220706,cif/na_bandgap_ge1/mp-1220706.cif,ok,
mp-1220714,cif/na_bandgap_ge1/mp-1220714.cif,ok,
mp-1220708,cif/na_bandgap_ge1/mp-1220708.cif,ok,
mp-1220698,cif/na_bandgap_ge1/mp-1220698.cif,ok,
mp-1220707,cif/na_bandgap_ge1/mp-1220707.cif,ok,
mp-1220741,cif/na_bandgap_ge1/mp-1220741.cif,ok,
mp-1220733,cif/na_bandgap_ge1/mp-1220733.cif,ok,
mp-1220744,cif/na_bandgap_ge1/mp-1220744.cif,ok,
mp-1220735,cif/na_bandgap_ge1/mp-1220735.cif,ok,
mp-1220749,cif/na_bandgap_ge1/mp-1220749.cif,ok,
mp-1220731,cif/na_bandgap_ge1/mp-1220731.cif,ok,
mp-1220764,cif/na_bandgap_ge1/mp-1220764.cif,ok,
mp-1220780,cif/na_bandgap_ge1/mp-1220780.cif,ok,
mp-1220785,cif/na_bandgap_ge1/mp-1220785.cif,ok,
mp-1220768,cif/na_bandgap_ge1/mp-1220768.cif,ok,
mp-1220776,cif/na_bandgap_ge1/mp-1220776.cif,ok,
mp-1220781,cif/na_bandgap_ge1/mp-1220781.cif,ok,
mp-1220787,cif/na_bandgap_ge1/mp-1220787.cif,ok,
mp-1220772,cif/na_bandgap_ge1/mp-1220772.cif,ok,
mp-1220802,cif/na_bandgap_ge1/mp-1220802.cif,ok,
mp-1220792,cif/na_bandgap_ge1/mp-1220792.cif,ok,
mp-1220800,cif/na_bandgap_ge1/mp-1220800.cif,ok,
mp-1220801,cif/na_bandgap_ge1/mp-1220801.cif,ok,
mp-1220803,cif/na_bandgap_ge1/mp-1220803.cif,ok,
mp-1220814,cif/na_bandgap_ge1/mp-1220814.cif,ok,
mp-1220821,cif/na_bandgap_ge1/mp-1220821.cif,ok,
mp-1220822,cif/na_bandgap_ge1/mp-1220822.cif,ok,
mp-1220819,cif/na_bandgap_ge1/mp-1220819.cif,ok,
mp-1220826,cif/na_bandgap_ge1/mp-1220826.cif,ok,
mp-1220818,cif/na_bandgap_ge1/mp-1220818.cif,ok,
mp-1220832,cif/na_bandgap_ge1/mp-1220832.cif,ok,
mp-1220817,cif/na_bandgap_ge1/mp-1220817.cif,ok,
mp-1220820,cif/na_bandgap_ge1/mp-1220820.cif,ok,
mp-1220837,cif/na_bandgap_ge1/mp-1220837.cif,ok,
mp-1220823,cif/na_bandgap_ge1/mp-1220823.cif,ok,
mp-1220853,cif/na_bandgap_ge1/mp-1220853.cif,ok,
mp-1220855,cif/na_bandgap_ge1/mp-1220855.cif,ok,
mp-1220859,cif/na_bandgap_ge1/mp-1220859.cif,ok,
mp-1220863,cif/na_bandgap_ge1/mp-1220863.cif,ok,
mp-1220852,cif/na_bandgap_ge1/mp-1220852.cif,ok,
mp-1220861,cif/na_bandgap_ge1/mp-1220861.cif,ok,
mp-1220851,cif/na_bandgap_ge1/mp-1220851.cif,ok,
mp-1220854,cif/na_bandgap_ge1/mp-1220854.cif,ok,
mp-1220868,cif/na_bandgap_ge1/mp-1220868.cif,ok,
mp-1220885,cif/na_bandgap_ge1/mp-1220885.cif,ok,
mp-1220886,cif/na_bandgap_ge1/mp-1220886.cif,ok,
mp-1220889,cif/na_bandgap_ge1/mp-1220889.cif,ok,
mp-1220877,cif/na_bandgap_ge1/mp-1220877.cif,ok,
mp-1220871,cif/na_bandgap_ge1/mp-1220871.cif,ok,
mp-1220919,cif/na_bandgap_ge1/mp-1220919.cif,ok,
mp-1220903,cif/na_bandgap_ge1/mp-1220903.cif,ok,
mp-1220897,cif/na_bandgap_ge1/mp-1220897.cif,ok,
mp-1220894,cif/na_bandgap_ge1/mp-1220894.cif,ok,
mp-1220902,cif/na_bandgap_ge1/mp-1220902.cif,ok,
mp-1220906,cif/na_bandgap_ge1/mp-1220906.cif,ok,
mp-1220909,cif/na_bandgap_ge1/mp-1220909.cif,ok,
mp-1220905,cif/na_bandgap_ge1/mp-1220905.cif,ok,
mp-1220920,cif/na_bandgap_ge1/mp-1220920.cif,ok,
mp-1220912,cif/na_bandgap_ge1/mp-1220912.cif,ok,
mp-1220916,cif/na_bandgap_ge1/mp-1220916.cif,ok,
mp-1220913,cif/na_bandgap_ge1/mp-1220913.cif,ok,
mp-1220900,cif/na_bandgap_ge1/mp-1220900.cif,ok,
mp-1220901,cif/na_bandgap_ge1/mp-1220901.cif,ok,
mp-1220908,cif/na_bandgap_ge1/mp-1220908.cif,ok,
mp-1220915,cif/na_bandgap_ge1/mp-1220915.cif,ok,
mp-1220925,cif/na_bandgap_ge1/mp-1220925.cif,ok,
mp-1220931,cif/na_bandgap_ge1/mp-1220931.cif,ok,
mp-1220922,cif/na_bandgap_ge1/mp-1220922.cif,ok,
mp-1220943,cif/na_bandgap_ge1/mp-1220943.cif,ok,
mp-1220936,cif/na_bandgap_ge1/mp-1220936.cif,ok,
mp-1220924,cif/na_bandgap_ge1/mp-1220924.cif,ok,
mp-1220927,cif/na_bandgap_ge1/mp-1220927.cif,ok,
mp-1220960,cif/na_bandgap_ge1/mp-1220960.cif,ok,
mp-1220951,cif/na_bandgap_ge1/mp-1220951.cif,ok,
mp-1220958,cif/na_bandgap_ge1/mp-1220958.cif,ok,
mp-1220946,cif/na_bandgap_ge1/mp-1220946.cif,ok,
mp-1220948,cif/na_bandgap_ge1/mp-1220948.cif,ok,
mp-1220970,cif/na_bandgap_ge1/mp-1220970.cif,ok,
mp-1220952,cif/na_bandgap_ge1/mp-1220952.cif,ok,
mp-1220972,cif/na_bandgap_ge1/mp-1220972.cif,ok,
mp-1220980,cif/na_bandgap_ge1/mp-1220980.cif,ok,
mp-1220974,cif/na_bandgap_ge1/mp-1220974.cif,ok,
mp-1220989,cif/na_bandgap_ge1/mp-1220989.cif,ok,
mp-1220997,cif/na_bandgap_ge1/mp-1220997.cif,ok,
mp-1220983,cif/na_bandgap_ge1/mp-1220983.cif,ok,
mp-1220979,cif/na_bandgap_ge1/mp-1220979.cif,ok,
mp-1220986,cif/na_bandgap_ge1/mp-1220986.cif,ok,
mp-1220984,cif/na_bandgap_ge1/mp-1220984.cif,ok,
mp-1221000,cif/na_bandgap_ge1/mp-1221000.cif,ok,
mp-1220995,cif/na_bandgap_ge1/mp-1220995.cif,ok,
mp-1220977,cif/na_bandgap_ge1/mp-1220977.cif,ok,
mp-1220990,cif/na_bandgap_ge1/mp-1220990.cif,ok,
mp-1220993,cif/na_bandgap_ge1/mp-1220993.cif,ok,
mp-1220999,cif/na_bandgap_ge1/mp-1220999.cif,ok,
mp-1220982,cif/na_bandgap_ge1/mp-1220982.cif,ok,
mp-1221004,cif/na_bandgap_ge1/mp-1221004.cif,ok,
mp-1221010,cif/na_bandgap_ge1/mp-1221010.cif,ok,
mp-1221012,cif/na_bandgap_ge1/mp-1221012.cif,ok,
mp-1221013,cif/na_bandgap_ge1/mp-1221013.cif,ok,
mp-1221015,cif/na_bandgap_ge1/mp-1221015.cif,ok,
mp-1221016,cif/na_bandgap_ge1/mp-1221016.cif,ok,
mp-1221019,cif/na_bandgap_ge1/mp-1221019.cif,ok,
mp-1221026,cif/na_bandgap_ge1/mp-1221026.cif,ok,
mp-1221038,cif/na_bandgap_ge1/mp-1221038.cif,ok,
mp-1221027,cif/na_bandgap_ge1/mp-1221027.cif,ok,
mp-1221032,cif/na_bandgap_ge1/mp-1221032.cif,ok,
mp-1221031,cif/na_bandgap_ge1/mp-1221031.cif,ok,
mp-1221050,cif/na_bandgap_ge1/mp-1221050.cif,ok,
mp-1221036,cif/na_bandgap_ge1/mp-1221036.cif,ok,
mp-1221045,cif/na_bandgap_ge1/mp-1221045.cif,ok,
mp-1221029,cif/na_bandgap_ge1/mp-1221029.cif,ok,
mp-1221028,cif/na_bandgap_ge1/mp-1221028.cif,ok,
mp-1221048,cif/na_bandgap_ge1/mp-1221048.cif,ok,
mp-1221039,cif/na_bandgap_ge1/mp-1221039.cif,ok,
mp-1221034,cif/na_bandgap_ge1/mp-1221034.cif,ok,
mp-1221047,cif/na_bandgap_ge1/mp-1221047.cif,ok,
mp-1221058,cif/na_bandgap_ge1/mp-1221058.cif,ok,
mp-1221059,cif/na_bandgap_ge1/mp-1221059.cif,ok,
mp-1221075,cif/na_bandgap_ge1/mp-1221075.cif,ok,
mp-1221055,cif/na_bandgap_ge1/mp-1221055.cif,ok,
mp-1221062,cif/na_bandgap_ge1/mp-1221062.cif,ok,
mp-1221066,cif/na_bandgap_ge1/mp-1221066.cif,ok,
mp-1221069,cif/na_bandgap_ge1/mp-1221069.cif,ok,
mp-1221056,cif/na_bandgap_ge1/mp-1221056.cif,ok,
mp-1221083,cif/na_bandgap_ge1/mp-1221083.cif,ok,
mp-1221086,cif/na_bandgap_ge1/mp-1221086.cif,ok,
mp-1221076,cif/na_bandgap_ge1/mp-1221076.cif,ok,
mp-1221079,cif/na_bandgap_ge1/mp-1221079.cif,ok,
mp-1221081,cif/na_bandgap_ge1/mp-1221081.cif,ok,
mp-1221100,cif/na_bandgap_ge1/mp-1221100.cif,ok,
mp-1221104,cif/na_bandgap_ge1/mp-1221104.cif,ok,
mp-1221101,cif/na_bandgap_ge1/mp-1221101.cif,ok,
mp-1221102,cif/na_bandgap_ge1/mp-1221102.cif,ok,
mp-1221077,cif/na_bandgap_ge1/mp-1221077.cif,ok,
mp-1221096,cif/na_bandgap_ge1/mp-1221096.cif,ok,
mp-1221098,cif/na_bandgap_ge1/mp-1221098.cif,ok,
mp-1221106,cif/na_bandgap_ge1/mp-1221106.cif,ok,
mp-1221089,cif/na_bandgap_ge1/mp-1221089.cif,ok,
mp-1221090,cif/na_bandgap_ge1/mp-1221090.cif,ok,
mp-1221108,cif/na_bandgap_ge1/mp-1221108.cif,ok,
mp-1221124,cif/na_bandgap_ge1/mp-1221124.cif,ok,
mp-1221129,cif/na_bandgap_ge1/mp-1221129.cif,ok,
mp-1221121,cif/na_bandgap_ge1/mp-1221121.cif,ok,
mp-1221117,cif/na_bandgap_ge1/mp-1221117.cif,ok,
mp-1221119,cif/na_bandgap_ge1/mp-1221119.cif,ok,
mp-1221127,cif/na_bandgap_ge1/mp-1221127.cif,ok,
mp-1221125,cif/na_bandgap_ge1/mp-1221125.cif,ok,
mp-1221115,cif/na_bandgap_ge1/mp-1221115.cif,ok,
mp-1221120,cif/na_bandgap_ge1/mp-1221120.cif,ok,
mp-1221130,cif/na_bandgap_ge1/mp-1221130.cif,ok,
mp-1221116,cif/na_bandgap_ge1/mp-1221116.cif,ok,
mp-1221128,cif/na_bandgap_ge1/mp-1221128.cif,ok,
mp-1221134,cif/na_bandgap_ge1/mp-1221134.cif,ok,
mp-1221133,cif/na_bandgap_ge1/mp-1221133.cif,ok,
mp-1221138,cif/na_bandgap_ge1/mp-1221138.cif,ok,
mp-1221145,cif/na_bandgap_ge1/mp-1221145.cif,ok,
mp-1221143,cif/na_bandgap_ge1/mp-1221143.cif,ok,
mp-1221159,cif/na_bandgap_ge1/mp-1221159.cif,ok,
mp-1221168,cif/na_bandgap_ge1/mp-1221168.cif,ok,
mp-1221182,cif/na_bandgap_ge1/mp-1221182.cif,ok,
mp-1221204,cif/na_bandgap_ge1/mp-1221204.cif,ok,
mp-1221694,cif/na_bandgap_ge1/mp-1221694.cif,ok,
mp-1221823,cif/na_bandgap_ge1/mp-1221823.cif,ok,
mp-1223318,cif/na_bandgap_ge1/mp-1223318.cif,ok,
mp-1223313,cif/na_bandgap_ge1/mp-1223313.cif,ok,
mp-1223317,cif/na_bandgap_ge1/mp-1223317.cif,ok,
mp-1223364,cif/na_bandgap_ge1/mp-1223364.cif,ok,
mp-1223345,cif/na_bandgap_ge1/mp-1223345.cif,ok,
mp-1223389,cif/na_bandgap_ge1/mp-1223389.cif,ok,
mp-1223398,cif/na_bandgap_ge1/mp-1223398.cif,ok,
mp-1223435,cif/na_bandgap_ge1/mp-1223435.cif,ok,
mp-1223429,cif/na_bandgap_ge1/mp-1223429.cif,ok,
mp-1223475,cif/na_bandgap_ge1/mp-1223475.cif,ok,
mp-1223483,cif/na_bandgap_ge1/mp-1223483.cif,ok,
mp-1223494,cif/na_bandgap_ge1/mp-1223494.cif,ok,
mp-1223505,cif/na_bandgap_ge1/mp-1223505.cif,ok,
mp-1223552,cif/na_bandgap_ge1/mp-1223552.cif,ok,
mp-1223561,cif/na_bandgap_ge1/mp-1223561.cif,ok,
mp-1223601,cif/na_bandgap_ge1/mp-1223601.cif,ok,
mp-1223684,cif/na_bandgap_ge1/mp-1223684.cif,ok,
mp-1223810,cif/na_bandgap_ge1/mp-1223810.cif,ok,
mp-1223796,cif/na_bandgap_ge1/mp-1223796.cif,ok,
mp-1223813,cif/na_bandgap_ge1/mp-1223813.cif,ok,
mp-1223827,cif/na_bandgap_ge1/mp-1223827.cif,ok,
mp-1223818,cif/na_bandgap_ge1/mp-1223818.cif,ok,
mp-1223869,cif/na_bandgap_ge1/mp-1223869.cif,ok,
mp-1223871,cif/na_bandgap_ge1/mp-1223871.cif,ok,
mp-1223916,cif/na_bandgap_ge1/mp-1223916.cif,ok,
mp-1223924,cif/na_bandgap_ge1/mp-1223924.cif,ok,
mp-1224007,cif/na_bandgap_ge1/mp-1224007.cif,ok,
mp-1224011,cif/na_bandgap_ge1/mp-1224011.cif,ok,
mp-1224179,cif/na_bandgap_ge1/mp-1224179.cif,ok,
mp-1224220,cif/na_bandgap_ge1/mp-1224220.cif,ok,
mp-1224256,cif/na_bandgap_ge1/mp-1224256.cif,ok,
mp-1224270,cif/na_bandgap_ge1/mp-1224270.cif,ok,
mp-1224551,cif/na_bandgap_ge1/mp-1224551.cif,ok,
mp-1224582,cif/na_bandgap_ge1/mp-1224582.cif,ok,
mp-1225970,cif/na_bandgap_ge1/mp-1225970.cif,ok,
mp-1226923,cif/na_bandgap_ge1/mp-1226923.cif,ok,
mp-1227835,cif/na_bandgap_ge1/mp-1227835.cif,ok,
mp-1227883,cif/na_bandgap_ge1/mp-1227883.cif,ok,
mp-1227892,cif/na_bandgap_ge1/mp-1227892.cif,ok,
mp-1227913,cif/na_bandgap_ge1/mp-1227913.cif,ok,
mp-1228279,cif/na_bandgap_ge1/mp-1228279.cif,ok,
mp-1228472,cif/na_bandgap_ge1/mp-1228472.cif,ok,
mp-1228553,cif/na_bandgap_ge1/mp-1228553.cif,ok,
mp-1228567,cif/na_bandgap_ge1/mp-1228567.cif,ok,
mp-1228577,cif/na_bandgap_ge1/mp-1228577.cif,ok,
mp-1238646,cif/na_bandgap_ge1/mp-1238646.cif,ok,
mp-1238774,cif/na_bandgap_ge1/mp-1238774.cif,ok,
mp-1245743,cif/na_bandgap_ge1/mp-1245743.cif,ok,
mp-1246093,cif/na_bandgap_ge1/mp-1246093.cif,ok,
mp-1246168,cif/na_bandgap_ge1/mp-1246168.cif,ok,
mp-1246268,cif/na_bandgap_ge1/mp-1246268.cif,ok,
mp-1246750,cif/na_bandgap_ge1/mp-1246750.cif,ok,
mp-1247561,cif/na_bandgap_ge1/mp-1247561.cif,ok,
mp-1248468,cif/na_bandgap_ge1/mp-1248468.cif,ok,
mp-1256265,cif/na_bandgap_ge1/mp-1256265.cif,ok,
mp-1262161,cif/na_bandgap_ge1/mp-1262161.cif,ok,
mp-1263670,cif/na_bandgap_ge1/mp-1263670.cif,ok,
mp-1272321,cif/na_bandgap_ge1/mp-1272321.cif,ok,
mp-1272968,cif/na_bandgap_ge1/mp-1272968.cif,ok,
mp-1276259,cif/na_bandgap_ge1/mp-1276259.cif,ok,
mp-1280674,cif/na_bandgap_ge1/mp-1280674.cif,ok,
mp-1283194,cif/na_bandgap_ge1/mp-1283194.cif,ok,
mp-1283729,cif/na_bandgap_ge1/mp-1283729.cif,ok,
mp-1287635,cif/na_bandgap_ge1/mp-1287635.cif,ok,
mp-1304173,cif/na_bandgap_ge1/mp-1304173.cif,ok,
mp-1306808,cif/na_bandgap_ge1/mp-1306808.cif,ok,
mp-1307582,cif/na_bandgap_ge1/mp-1307582.cif,ok,
mp-1312265,cif/na_bandgap_ge1/mp-1312265.cif,ok,
mp-1346558,cif/na_bandgap_ge1/mp-1346558.cif,ok,
mp-1394437,cif/na_bandgap_ge1/mp-1394437.cif,ok,
mp-1516254,cif/na_bandgap_ge1/mp-1516254.cif,ok,
mp-1516329,cif/na_bandgap_ge1/mp-1516329.cif,ok,
mp-1516358,cif/na_bandgap_ge1/mp-1516358.cif,ok,
mp-1516357,cif/na_bandgap_ge1/mp-1516357.cif,ok,
mp-1516403,cif/na_bandgap_ge1/mp-1516403.cif,ok,
mp-1516455,cif/na_bandgap_ge1/mp-1516455.cif,ok,
mp-1516496,cif/na_bandgap_ge1/mp-1516496.cif,ok,
mp-1516529,cif/na_bandgap_ge1/mp-1516529.cif,ok,
mp-1516595,cif/na_bandgap_ge1/mp-1516595.cif,ok,
mp-1516618,cif/na_bandgap_ge1/mp-1516618.cif,ok,
mp-1516632,cif/na_bandgap_ge1/mp-1516632.cif,ok,
mp-1516633,cif/na_bandgap_ge1/mp-1516633.cif,ok,
mp-1516668,cif/na_bandgap_ge1/mp-1516668.cif,ok,
mp-1516713,cif/na_bandgap_ge1/mp-1516713.cif,ok,
mp-1516752,cif/na_bandgap_ge1/mp-1516752.cif,ok,
mp-1516737,cif/na_bandgap_ge1/mp-1516737.cif,ok,
mp-1516757,cif/na_bandgap_ge1/mp-1516757.cif,ok,
mp-1516849,cif/na_bandgap_ge1/mp-1516849.cif,ok,
mp-1516939,cif/na_bandgap_ge1/mp-1516939.cif,ok,
mp-1516963,cif/na_bandgap_ge1/mp-1516963.cif,ok,
mp-1517014,cif/na_bandgap_ge1/mp-1517014.cif,ok,
mp-1517067,cif/na_bandgap_ge1/mp-1517067.cif,ok,
mp-1517122,cif/na_bandgap_ge1/mp-1517122.cif,ok,
mp-1517146,cif/na_bandgap_ge1/mp-1517146.cif,ok,
mp-1517329,cif/na_bandgap_ge1/mp-1517329.cif,ok,
mp-1517333,cif/na_bandgap_ge1/mp-1517333.cif,ok,
mp-1517370,cif/na_bandgap_ge1/mp-1517370.cif,ok,
mp-1517423,cif/na_bandgap_ge1/mp-1517423.cif,ok,
mp-1517426,cif/na_bandgap_ge1/mp-1517426.cif,ok,
mp-1517453,cif/na_bandgap_ge1/mp-1517453.cif,ok,
mp-1517464,cif/na_bandgap_ge1/mp-1517464.cif,ok,
mp-1517501,cif/na_bandgap_ge1/mp-1517501.cif,ok,
mp-1517519,cif/na_bandgap_ge1/mp-1517519.cif,ok,
mp-1517509,cif/na_bandgap_ge1/mp-1517509.cif,ok,
mp-1517581,cif/na_bandgap_ge1/mp-1517581.cif,ok,
mp-1517896,cif/na_bandgap_ge1/mp-1517896.cif,ok,
mp-1517995,cif/na_bandgap_ge1/mp-1517995.cif,ok,
mp-1518106,cif/na_bandgap_ge1/mp-1518106.cif,ok,
mp-1518090,cif/na_bandgap_ge1/mp-1518090.cif,ok,
mp-1518127,cif/na_bandgap_ge1/mp-1518127.cif,ok,
mp-1518125,cif/na_bandgap_ge1/mp-1518125.cif,ok,
mp-1518151,cif/na_bandgap_ge1/mp-1518151.cif,ok,
mp-1518179,cif/na_bandgap_ge1/mp-1518179.cif,ok,
mp-1518247,cif/na_bandgap_ge1/mp-1518247.cif,ok,
mp-1518258,cif/na_bandgap_ge1/mp-1518258.cif,ok,
mp-1518296,cif/na_bandgap_ge1/mp-1518296.cif,ok,
mp-1518369,cif/na_bandgap_ge1/mp-1518369.cif,ok,
mp-1518358,cif/na_bandgap_ge1/mp-1518358.cif,ok,
mp-1518378,cif/na_bandgap_ge1/mp-1518378.cif,ok,
mp-1518455,cif/na_bandgap_ge1/mp-1518455.cif,ok,
mp-1518530,cif/na_bandgap_ge1/mp-1518530.cif,ok,
mp-1518586,cif/na_bandgap_ge1/mp-1518586.cif,ok,
mp-1518616,cif/na_bandgap_ge1/mp-1518616.cif,ok,
mp-1518751,cif/na_bandgap_ge1/mp-1518751.cif,ok,
mp-1518824,cif/na_bandgap_ge1/mp-1518824.cif,ok,
mp-1518812,cif/na_bandgap_ge1/mp-1518812.cif,ok,
mp-1518838,cif/na_bandgap_ge1/mp-1518838.cif,ok,
mp-1518904,cif/na_bandgap_ge1/mp-1518904.cif,ok,
mp-1518948,cif/na_bandgap_ge1/mp-1518948.cif,ok,
mp-1519011,cif/na_bandgap_ge1/mp-1519011.cif,ok,
mp-1519024,cif/na_bandgap_ge1/mp-1519024.cif,ok,
mp-1519049,cif/na_bandgap_ge1/mp-1519049.cif,ok,
mp-1519080,cif/na_bandgap_ge1/mp-1519080.cif,ok,
mp-1519128,cif/na_bandgap_ge1/mp-1519128.cif,ok,
mp-1519147,cif/na_bandgap_ge1/mp-1519147.cif,ok,
mp-1519230,cif/na_bandgap_ge1/mp-1519230.cif,ok,
mp-1519218,cif/na_bandgap_ge1/mp-1519218.cif,ok,
mp-1519260,cif/na_bandgap_ge1/mp-1519260.cif,ok,
mp-1519314,cif/na_bandgap_ge1/mp-1519314.cif,ok,
mp-1519393,cif/na_bandgap_ge1/mp-1519393.cif,ok,
mp-1519487,cif/na_bandgap_ge1/mp-1519487.cif,ok,
mp-1519478,cif/na_bandgap_ge1/mp-1519478.cif,ok,
mp-1519525,cif/na_bandgap_ge1/mp-1519525.cif,ok,
mp-1519609,cif/na_bandgap_ge1/mp-1519609.cif,ok,
mp-1519625,cif/na_bandgap_ge1/mp-1519625.cif,ok,
mp-1519664,cif/na_bandgap_ge1/mp-1519664.cif,ok,
mp-1519691,cif/na_bandgap_ge1/mp-1519691.cif,ok,
mp-1519810,cif/na_bandgap_ge1/mp-1519810.cif,ok,
mp-1519867,cif/na_bandgap_ge1/mp-1519867.cif,ok,
mp-1520014,cif/na_bandgap_ge1/mp-1520014.cif,ok,
mp-1520168,cif/na_bandgap_ge1/mp-1520168.cif,ok,
mp-1520207,cif/na_bandgap_ge1/mp-1520207.cif,ok,
mp-1520242,cif/na_bandgap_ge1/mp-1520242.cif,ok,
mp-1520399,cif/na_bandgap_ge1/mp-1520399.cif,ok,
mp-1520495,cif/na_bandgap_ge1/mp-1520495.cif,ok,
mp-1520589,cif/na_bandgap_ge1/mp-1520589.cif,ok,
mp-1520760,cif/na_bandgap_ge1/mp-1520760.cif,ok,
mp-1520882,cif/na_bandgap_ge1/mp-1520882.cif,ok,
mp-1520890,cif/na_bandgap_ge1/mp-1520890.cif,ok,
mp-1520904,cif/na_bandgap_ge1/mp-1520904.cif,ok,
mp-1520946,cif/na_bandgap_ge1/mp-1520946.cif,ok,
mp-1521011,cif/na_bandgap_ge1/mp-1521011.cif,ok,
mp-1521091,cif/na_bandgap_ge1/mp-1521091.cif,ok,
mp-1521141,cif/na_bandgap_ge1/mp-1521141.cif,ok,
mp-1521181,cif/na_bandgap_ge1/mp-1521181.cif,ok,
mp-1521388,cif/na_bandgap_ge1/mp-1521388.cif,ok,
mp-1521407,cif/na_bandgap_ge1/mp-1521407.cif,ok,
mp-1521459,cif/na_bandgap_ge1/mp-1521459.cif,ok,
mp-682,cif/na_bandgap_ge1/mp-682.cif,ok,
mp-1267,cif/na_bandgap_ge1/mp-1267.cif,ok,
mp-2400,cif/na_bandgap_ge1/mp-2400.cif,ok,
mp-2402,cif/na_bandgap_ge1/mp-2402.cif,ok,
mp-2955,cif/na_bandgap_ge1/mp-2955.cif,ok,
mp-2964,cif/na_bandgap_ge1/mp-2964.cif,ok,
mp-3136,cif/na_bandgap_ge1/mp-3136.cif,ok,
mp-3269,cif/na_bandgap_ge1/mp-3269.cif,ok,
mp-3338,cif/na_bandgap_ge1/mp-3338.cif,ok,
mp-3405,cif/na_bandgap_ge1/mp-3405.cif,ok,
mp-3468,cif/na_bandgap_ge1/mp-3468.cif,ok,
mp-3521,cif/na_bandgap_ge1/mp-3521.cif,ok,
mp-3613,cif/na_bandgap_ge1/mp-3613.cif,ok,
mp-3671,cif/na_bandgap_ge1/mp-3671.cif,ok,
mp-3744,cif/na_bandgap_ge1/mp-3744.cif,ok,
mp-3795,cif/na_bandgap_ge1/mp-3795.cif,ok,
mp-3858,cif/na_bandgap_ge1/mp-3858.cif,ok,
mp-3889,cif/na_bandgap_ge1/mp-3889.cif,ok,
mp-3967,cif/na_bandgap_ge1/mp-3967.cif,ok,
mp-4170,cif/na_bandgap_ge1/mp-4170.cif,ok,
mp-4360,cif/na_bandgap_ge1/mp-4360.cif,ok,
mp-4419,cif/na_bandgap_ge1/mp-4419.cif,ok,
mp-4482,cif/na_bandgap_ge1/mp-4482.cif,ok,
mp-4514,cif/na_bandgap_ge1/mp-4514.cif,ok,
mp-4531,cif/na_bandgap_ge1/mp-4531.cif,ok,
mp-4534,cif/na_bandgap_ge1/mp-4534.cif,ok,
mp-4681,cif/na_bandgap_ge1/mp-4681.cif,ok,
mp-4675,cif/na_bandgap_ge1/mp-4675.cif,ok,
mp-4699,cif/na_bandgap_ge1/mp-4699.cif,ok,
mp-4734,cif/na_bandgap_ge1/mp-4734.cif,ok,
mp-4748,cif/na_bandgap_ge1/mp-4748.cif,ok,
mp-5088,cif/na_bandgap_ge1/mp-5088.cif,ok,
mp-5175,cif/na_bandgap_ge1/mp-5175.cif,ok,
mp-5339,cif/na_bandgap_ge1/mp-5339.cif,ok,
mp-5475,cif/na_bandgap_ge1/mp-5475.cif,ok,
mp-5558,cif/na_bandgap_ge1/mp-5558.cif,ok,
mp-5586,cif/na_bandgap_ge1/mp-5586.cif,ok,
mp-5694,cif/na_bandgap_ge1/mp-5694.cif,ok,
mp-5942,cif/na_bandgap_ge1/mp-5942.cif,ok,
mp-5955,cif/na_bandgap_ge1/mp-5955.cif,ok,
mp-6058,cif/na_bandgap_ge1/mp-6058.cif,ok,
mp-6066,cif/na_bandgap_ge1/mp-6066.cif,ok,
mp-6124,cif/na_bandgap_ge1/mp-6124.cif,ok,
mp-6163,cif/na_bandgap_ge1/mp-6163.cif,ok,
mp-6181,cif/na_bandgap_ge1/mp-6181.cif,ok,
mp-6204,cif/na_bandgap_ge1/mp-6204.cif,ok,
mp-6226,cif/na_bandgap_ge1/mp-6226.cif,ok,
mp-6273,cif/na_bandgap_ge1/mp-6273.cif,ok,
mp-6290,cif/na_bandgap_ge1/mp-6290.cif,ok,
mp-6333,cif/na_bandgap_ge1/mp-6333.cif,ok,
mp-6358,cif/na_bandgap_ge1/mp-6358.cif,ok,
mp-6361,cif/na_bandgap_ge1/mp-6361.cif,ok,
mp-6392,cif/na_bandgap_ge1/mp-6392.cif,ok,
mp-6455,cif/na_bandgap_ge1/mp-6455.cif,ok,
mp-6475,cif/na_bandgap_ge1/mp-6475.cif,ok,
mp-6526,cif/na_bandgap_ge1/mp-6526.cif,ok,
mp-6514,cif/na_bandgap_ge1/mp-6514.cif,ok,
mp-6525,cif/na_bandgap_ge1/mp-6525.cif,ok,
mp-6528,cif/na_bandgap_ge1/mp-6528.cif,ok,
mp-6566,cif/na_bandgap_ge1/mp-6566.cif,ok,
mp-6575,cif/na_bandgap_ge1/mp-6575.cif,ok,
mp-6586,cif/na_bandgap_ge1/mp-6586.cif,ok,
mp-6633,cif/na_bandgap_ge1/mp-6633.cif,ok,
mp-6660,cif/na_bandgap_ge1/mp-6660.cif,ok,
mp-6663,cif/na_bandgap_ge1/mp-6663.cif,ok,
mp-6684,cif/na_bandgap_ge1/mp-6684.cif,ok,
mp-6686,cif/na_bandgap_ge1/mp-6686.cif,ok,
mp-6712,cif/na_bandgap_ge1/mp-6712.cif,ok,
mp-6699,cif/na_bandgap_ge1/mp-6699.cif,ok,
mp-6761,cif/na_bandgap_ge1/mp-6761.cif,ok,
mp-6741,cif/na_bandgap_ge1/mp-6741.cif,ok,
mp-6783,cif/na_bandgap_ge1/mp-6783.cif,ok,
mp-6822,cif/na_bandgap_ge1/mp-6822.cif,ok,
mp-6798,cif/na_bandgap_ge1/mp-6798.cif,ok,
mp-6855,cif/na_bandgap_ge1/mp-6855.cif,ok,
mp-6841,cif/na_bandgap_ge1/mp-6841.cif,ok,
mp-6896,cif/na_bandgap_ge1/mp-6896.cif,ok,
mp-6948,cif/na_bandgap_ge1/mp-6948.cif,ok,
mp-6973,cif/na_bandgap_ge1/mp-6973.cif,ok,
mp-6964,cif/na_bandgap_ge1/mp-6964.cif,ok,
mp-6983,cif/na_bandgap_ge1/mp-6983.cif,ok,
mp-7090,cif/na_bandgap_ge1/mp-7090.cif,ok,
mp-7074,cif/na_bandgap_ge1/mp-7074.cif,ok,
mp-7220,cif/na_bandgap_ge1/mp-7220.cif,ok,
mp-7257,cif/na_bandgap_ge1/mp-7257.cif,ok,
mp-7386,cif/na_bandgap_ge1/mp-7386.cif,ok,
mp-7388,cif/na_bandgap_ge1/mp-7388.cif,ok,
mp-7469,cif/na_bandgap_ge1/mp-7469.cif,ok,
mp-7723,cif/na_bandgap_ge1/mp-7723.cif,ok,
mp-7719,cif/na_bandgap_ge1/mp-7719.cif,ok,
mp-7748,cif/na_bandgap_ge1/mp-7748.cif,ok,
mp-7853,cif/na_bandgap_ge1/mp-7853.cif,ok,
mp-7914,cif/na_bandgap_ge1/mp-7914.cif,ok,
mp-8054,cif/na_bandgap_ge1/mp-8054.cif,ok,
mp-8075,cif/na_bandgap_ge1/mp-8075.cif,ok,
mp-8084,cif/na_bandgap_ge1/mp-8084.cif,ok,
mp-8128,cif/na_bandgap_ge1/mp-8128.cif,ok,
mp-8153,cif/na_bandgap_ge1/mp-8153.cif,ok,
mp-8260,cif/na_bandgap_ge1/mp-8260.cif,ok,
mp-8314,cif/na_bandgap_ge1/mp-8314.cif,ok,
mp-8333,cif/na_bandgap_ge1/mp-8333.cif,ok,
mp-8341,cif/na_bandgap_ge1/mp-8341.cif,ok,
mp-8351,cif/na_bandgap_ge1/mp-8351.cif,ok,
mp-8453,cif/na_bandgap_ge1/mp-8453.cif,ok,
mp-8452,cif/na_bandgap_ge1/mp-8452.cif,ok,
mp-8470,cif/na_bandgap_ge1/mp-8470.cif,ok,
mp-8584,cif/na_bandgap_ge1/mp-8584.cif,ok,
mp-8658,cif/na_bandgap_ge1/mp-8658.cif,ok,
mp-8678,cif/na_bandgap_ge1/mp-8678.cif,ok,
mp-8696,cif/na_bandgap_ge1/mp-8696.cif,ok,
mp-8754,cif/na_bandgap_ge1/mp-8754.cif,ok,
mp-8755,cif/na_bandgap_ge1/mp-8755.cif,ok,
mp-8799,cif/na_bandgap_ge1/mp-8799.cif,ok,
mp-8830,cif/na_bandgap_ge1/mp-8830.cif,ok,
mp-8961,cif/na_bandgap_ge1/mp-8961.cif,ok,
mp-8960,cif/na_bandgap_ge1/mp-8960.cif,ok,
mp-8973,cif/na_bandgap_ge1/mp-8973.cif,ok,
mp-9035,cif/na_bandgap_ge1/mp-9035.cif,ok,
mp-9069,cif/na_bandgap_ge1/mp-9069.cif,ok,
mp-9076,cif/na_bandgap_ge1/mp-9076.cif,ok,
mp-9068,cif/na_bandgap_ge1/mp-9068.cif,ok,
mp-9066,cif/na_bandgap_ge1/mp-9066.cif,ok,
mp-9212,cif/na_bandgap_ge1/mp-9212.cif,ok,
mp-9239,cif/na_bandgap_ge1/mp-9239.cif,ok,
mp-9427,cif/na_bandgap_ge1/mp-9427.cif,ok,
mp-9467,cif/na_bandgap_ge1/mp-9467.cif,ok,
mp-9489,cif/na_bandgap_ge1/mp-9489.cif,ok,
mp-9573,cif/na_bandgap_ge1/mp-9573.cif,ok,
mp-9666,cif/na_bandgap_ge1/mp-9666.cif,ok,
mp-9705,cif/na_bandgap_ge1/mp-9705.cif,ok,
mp-10163,cif/na_bandgap_ge1/mp-10163.cif,ok,
mp-10166,cif/na_bandgap_ge1/mp-10166.cif,ok,
mp-10226,cif/na_bandgap_ge1/mp-10226.cif,ok,
mp-10422,cif/na_bandgap_ge1/mp-10422.cif,ok,
mp-10461,cif/na_bandgap_ge1/mp-10461.cif,ok,
mp-10476,cif/na_bandgap_ge1/mp-10476.cif,ok,
mp-10474,cif/na_bandgap_ge1/mp-10474.cif,ok,
mp-10525,cif/na_bandgap_ge1/mp-10525.cif,ok,
mp-10572,cif/na_bandgap_ge1/mp-10572.cif,ok,
mp-10811,cif/na_bandgap_ge1/mp-10811.cif,ok,
mp-10804,cif/na_bandgap_ge1/mp-10804.cif,ok,
mp-10942,cif/na_bandgap_ge1/mp-10942.cif,ok,
mp-10935,cif/na_bandgap_ge1/mp-10935.cif,ok,
mp-11151,cif/na_bandgap_ge1/mp-11151.cif,ok,
mp-11180,cif/na_bandgap_ge1/mp-11180.cif,ok,
mp-11601,cif/na_bandgap_ge1/mp-11601.cif,ok,
mp-12180,cif/na_bandgap_ge1/mp-12180.cif,ok,
mp-12226,cif/na_bandgap_ge1/mp-12226.cif,ok,
mp-12309,cif/na_bandgap_ge1/mp-12309.cif,ok,
mp-12384,cif/na_bandgap_ge1/mp-12384.cif,ok,
mp-12485,cif/na_bandgap_ge1/mp-12485.cif,ok,
mp-12948,cif/na_bandgap_ge1/mp-12948.cif,ok,
mp-13019,cif/na_bandgap_ge1/mp-13019.cif,ok,
mp-13042,cif/na_bandgap_ge1/mp-13042.cif,ok,
mp-13170,cif/na_bandgap_ge1/mp-13170.cif,ok,
mp-13275,cif/na_bandgap_ge1/mp-13275.cif,ok,
mp-13599,cif/na_bandgap_ge1/mp-13599.cif,ok,
mp-13630,cif/na_bandgap_ge1/mp-13630.cif,ok,
mp-13718,cif/na_bandgap_ge1/mp-13718.cif,ok,
mp-13755,cif/na_bandgap_ge1/mp-13755.cif,ok,
mp-13815,cif/na_bandgap_ge1/mp-13815.cif,ok,
mp-13800,cif/na_bandgap_ge1/mp-13800.cif,ok,
mp-13791,cif/na_bandgap_ge1/mp-13791.cif,ok,
mp-13774,cif/na_bandgap_ge1/mp-13774.cif,ok,
mp-13799,cif/na_bandgap_ge1/mp-13799.cif,ok,
mp-13798,cif/na_bandgap_ge1/mp-13798.cif,ok,
mp-13816,cif/na_bandgap_ge1/mp-13816.cif,ok,
mp-13898,cif/na_bandgap_ge1/mp-13898.cif,ok,
mp-13926,cif/na_bandgap_ge1/mp-13926.cif,ok,
mp-13925,cif/na_bandgap_ge1/mp-13925.cif,ok,
mp-14037,cif/na_bandgap_ge1/mp-14037.cif,ok,
mp-14038,cif/na_bandgap_ge1/mp-14038.cif,ok,
mp-14039,cif/na_bandgap_ge1/mp-14039.cif,ok,
mp-14353,cif/na_bandgap_ge1/mp-14353.cif,ok,
mp-14380,cif/na_bandgap_ge1/mp-14380.cif,ok,
mp-14395,cif/na_bandgap_ge1/mp-14395.cif,ok,
mp-14401,cif/na_bandgap_ge1/mp-14401.cif,ok,
mp-14407,cif/na_bandgap_ge1/mp-14407.cif,ok,
mp-14484,cif/na_bandgap_ge1/mp-14484.cif,ok,
mp-14433,cif/na_bandgap_ge1/mp-14433.cif,ok,
mp-14531,cif/na_bandgap_ge1/mp-14531.cif,ok,
mp-14511,cif/na_bandgap_ge1/mp-14511.cif,ok,
mp-14515,cif/na_bandgap_ge1/mp-14515.cif,ok,
mp-14532,cif/na_bandgap_ge1/mp-14532.cif,ok,
mp-14648,cif/na_bandgap_ge1/mp-14648.cif,ok,
mp-14691,cif/na_bandgap_ge1/mp-14691.cif,ok,
mp-14722,cif/na_bandgap_ge1/mp-14722.cif,ok,
mp-14730,cif/na_bandgap_ge1/mp-14730.cif,ok,
mp-14901,cif/na_bandgap_ge1/mp-14901.cif,ok,
mp-15011,cif/na_bandgap_ge1/mp-15011.cif,ok,
mp-15141,cif/na_bandgap_ge1/mp-15141.cif,ok,
mp-15250,cif/na_bandgap_ge1/mp-15250.cif,ok,
mp-15318,cif/na_bandgap_ge1/mp-15318.cif,ok,
mp-15317,cif/na_bandgap_ge1/mp-15317.cif,ok,
mp-15515,cif/na_bandgap_ge1/mp-15515.cif,ok,
mp-15514,cif/na_bandgap_ge1/mp-15514.cif,ok,
mp-15543,cif/na_bandgap_ge1/mp-15543.cif,ok,
mp-15983,cif/na_bandgap_ge1/mp-15983.cif,ok,
mp-16291,cif/na_bandgap_ge1/mp-16291.cif,ok,
mp-16381,cif/na_bandgap_ge1/mp-16381.cif,ok,
mp-16553,cif/na_bandgap_ge1/mp-16553.cif,ok,
mp-16777,cif/na_bandgap_ge1/mp-16777.cif,ok,
mp-16927,cif/na_bandgap_ge1/mp-16927.cif,ok,
mp-17060,cif/na_bandgap_ge1/mp-17060.cif,ok,
mp-17142,cif/na_bandgap_ge1/mp-17142.cif,ok,
mp-17164,cif/na_bandgap_ge1/mp-17164.cif,ok,
mp-17165,cif/na_bandgap_ge1/mp-17165.cif,ok,
mp-17259,cif/na_bandgap_ge1/mp-17259.cif,ok,
mp-17357,cif/na_bandgap_ge1/mp-17357.cif,ok,
mp-17394,cif/na_bandgap_ge1/mp-17394.cif,ok,
mp-17433,cif/na_bandgap_ge1/mp-17433.cif,ok,
mp-17479,cif/na_bandgap_ge1/mp-17479.cif,ok,
mp-17487,cif/na_bandgap_ge1/mp-17487.cif,ok,
mp-17509,cif/na_bandgap_ge1/mp-17509.cif,ok,
mp-17507,cif/na_bandgap_ge1/mp-17507.cif,ok,
mp-17523,cif/na_bandgap_ge1/mp-17523.cif,ok,
mp-17636,cif/na_bandgap_ge1/mp-17636.cif,ok,
mp-17771,cif/na_bandgap_ge1/mp-17771.cif,ok,
mp-17839,cif/na_bandgap_ge1/mp-17839.cif,ok,
mp-17850,cif/na_bandgap_ge1/mp-17850.cif,ok,
mp-17864,cif/na_bandgap_ge1/mp-17864.cif,ok,
mp-17868,cif/na_bandgap_ge1/mp-17868.cif,ok,
mp-17876,cif/na_bandgap_ge1/mp-17876.cif,ok,
mp-17891,cif/na_bandgap_ge1/mp-17891.cif,ok,
mp-17944,cif/na_bandgap_ge1/mp-17944.cif,ok,
mp-17967,cif/na_bandgap_ge1/mp-17967.cif,ok,
mp-18005,cif/na_bandgap_ge1/mp-18005.cif,ok,
mp-18245,cif/na_bandgap_ge1/mp-18245.cif,ok,
mp-18334,cif/na_bandgap_ge1/mp-18334.cif,ok,
mp-18401,cif/na_bandgap_ge1/mp-18401.cif,ok,
mp-18435,cif/na_bandgap_ge1/mp-18435.cif,ok,
mp-18455,cif/na_bandgap_ge1/mp-18455.cif,ok,
mp-18518,cif/na_bandgap_ge1/mp-18518.cif,ok,
mp-18547,cif/na_bandgap_ge1/mp-18547.cif,ok,
mp-18629,cif/na_bandgap_ge1/mp-18629.cif,ok,
mp-18641,cif/na_bandgap_ge1/mp-18641.cif,ok,
mp-18730,cif/na_bandgap_ge1/mp-18730.cif,ok,
mp-18774,cif/na_bandgap_ge1/mp-18774.cif,ok,
mp-18851,cif/na_bandgap_ge1/mp-18851.cif,ok,
mp-18873,cif/na_bandgap_ge1/mp-18873.cif,ok,
mp-18897,cif/na_bandgap_ge1/mp-18897.cif,ok,
mp-18921,cif/na_bandgap_ge1/mp-18921.cif,ok,
mp-18953,cif/na_bandgap_ge1/mp-18953.cif,ok,
mp-18964,cif/na_bandgap_ge1/mp-18964.cif,ok,
mp-19083,cif/na_bandgap_ge1/mp-19083.cif,ok,
mp-19130,cif/na_bandgap_ge1/mp-19130.cif,ok,
mp-19230,cif/na_bandgap_ge1/mp-19230.cif,ok,
mp-19226,cif/na_bandgap_ge1/mp-19226.cif,ok,
mp-19280,cif/na_bandgap_ge1/mp-19280.cif,ok,
mp-19291,cif/na_bandgap_ge1/mp-19291.cif,ok,
mp-19302,cif/na_bandgap_ge1/mp-19302.cif,ok,
mp-19349,cif/na_bandgap_ge1/mp-19349.cif,ok,
mp-19359,cif/na_bandgap_ge1/mp-19359.cif,ok,
mp-19367,cif/na_bandgap_ge1/mp-19367.cif,ok,
mp-19432,cif/na_bandgap_ge1/mp-19432.cif,ok,
mp-19449,cif/na_bandgap_ge1/mp-19449.cif,ok,
mp-19447,cif/na_bandgap_ge1/mp-19447.cif,ok,
mp-20011,cif/na_bandgap_ge1/mp-20011.cif,ok,
mp-20156,cif/na_bandgap_ge1/mp-20156.cif,ok,
mp-20289,cif/na_bandgap_ge1/mp-20289.cif,ok,
mp-20343,cif/na_bandgap_ge1/mp-20343.cif,ok,
mp-20678,cif/na_bandgap_ge1/mp-20678.cif,ok,
mp-20980,cif/na_bandgap_ge1/mp-20980.cif,ok,
mp-21060,cif/na_bandgap_ge1/mp-21060.cif,ok,
mp-21213,cif/na_bandgap_ge1/mp-21213.cif,ok,
mp-21404,cif/na_bandgap_ge1/mp-21404.cif,ok,
mp-21511,cif/na_bandgap_ge1/mp-21511.cif,ok,
mp-21798,cif/na_bandgap_ge1/mp-21798.cif,ok,
mp-21867,cif/na_bandgap_ge1/mp-21867.cif,ok,
mp-21913,cif/na_bandgap_ge1/mp-21913.cif,ok,
mp-21966,cif/na_bandgap_ge1/mp-21966.cif,ok,
mp-22003,cif/na_bandgap_ge1/mp-22003.cif,ok,
mp-22076,cif/na_bandgap_ge1/mp-22076.cif,ok,
mp-22091,cif/na_bandgap_ge1/mp-22091.cif,ok,
mp-22163,cif/na_bandgap_ge1/mp-22163.cif,ok,
mp-22212,cif/na_bandgap_ge1/mp-22212.cif,ok,
mp-22242,cif/na_bandgap_ge1/mp-22242.cif,ok,
mp-22473,cif/na_bandgap_ge1/mp-22473.cif,ok,
mp-22457,cif/na_bandgap_ge1/mp-22457.cif,ok,
mp-22614,cif/na_bandgap_ge1/mp-22614.cif,ok,
mp-22748,cif/na_bandgap_ge1/mp-22748.cif,ok,
mp-22851,cif/na_bandgap_ge1/mp-22851.cif,ok,
mp-22862,cif/na_bandgap_ge1/mp-22862.cif,ok,
mp-22916,cif/na_bandgap_ge1/mp-22916.cif,ok,
mp-22968,cif/na_bandgap_ge1/mp-22968.cif,ok,
mp-22989,cif/na_bandgap_ge1/mp-22989.cif,ok,
mp-22984,cif/na_bandgap_ge1/mp-22984.cif,ok,
mp-23054,cif/na_bandgap_ge1/mp-23054.cif,ok,
mp-23110,cif/na_bandgap_ge1/mp-23110.cif,ok,
mp-23120,cif/na_bandgap_ge1/mp-23120.cif,ok,
mp-23268,cif/na_bandgap_ge1/mp-23268.cif,ok,
mp-23339,cif/na_bandgap_ge1/mp-23339.cif,ok,
mp-23330,cif/na_bandgap_ge1/mp-23330.cif,ok,
mp-23363,cif/na_bandgap_ge1/mp-23363.cif,ok,
mp-23621,cif/na_bandgap_ge1/mp-23621.cif,ok,
mp-23674,cif/na_bandgap_ge1/mp-23674.cif,ok,
mp-23684,cif/na_bandgap_ge1/mp-23684.cif,ok,
mp-23704,cif/na_bandgap_ge1/mp-23704.cif,ok,
mp-23730,cif/na_bandgap_ge1/mp-23730.cif,ok,
mp-23758,cif/na_bandgap_ge1/mp-23758.cif,ok,
mp-23784,cif/na_bandgap_ge1/mp-23784.cif,ok,
mp-23799,cif/na_bandgap_ge1/mp-23799.cif,ok,
mp-23792,cif/na_bandgap_ge1/mp-23792.cif,ok,
mp-23850,cif/na_bandgap_ge1/mp-23850.cif,ok,
mp-23870,cif/na_bandgap_ge1/mp-23870.cif,ok,
mp-23891,cif/na_bandgap_ge1/mp-23891.cif,ok,
mp-23918,cif/na_bandgap_ge1/mp-23918.cif,ok,
mp-23940,cif/na_bandgap_ge1/mp-23940.cif,ok,
mp-23986,cif/na_bandgap_ge1/mp-23986.cif,ok,
mp-24001,cif/na_bandgap_ge1/mp-24001.cif,ok,
mp-24046,cif/na_bandgap_ge1/mp-24046.cif,ok,
mp-24109,cif/na_bandgap_ge1/mp-24109.cif,ok,
mp-24193,cif/na_bandgap_ge1/mp-24193.cif,ok,
mp-24412,cif/na_bandgap_ge1/mp-24412.cif,ok,
mp-24488,cif/na_bandgap_ge1/mp-24488.cif,ok,
mp-24586,cif/na_bandgap_ge1/mp-24586.cif,ok,
mp-24646,cif/na_bandgap_ge1/mp-24646.cif,ok,
mp-24733,cif/na_bandgap_ge1/mp-24733.cif,ok,
mp-24810,cif/na_bandgap_ge1/mp-24810.cif,ok,
mp-27374,cif/na_bandgap_ge1/mp-27374.cif,ok,
mp-27401,cif/na_bandgap_ge1/mp-27401.cif,ok,
mp-27420,cif/na_bandgap_ge1/mp-27420.cif,ok,
mp-27500,cif/na_bandgap_ge1/mp-27500.cif,ok,
mp-27573,cif/na_bandgap_ge1/mp-27573.cif,ok,
mp-27837,cif/na_bandgap_ge1/mp-27837.cif,ok,
mp-27878,cif/na_bandgap_ge1/mp-27878.cif,ok,
mp-28177,cif/na_bandgap_ge1/mp-28177.cif,ok,
mp-28178,cif/na_bandgap_ge1/mp-28178.cif,ok,
mp-28179,cif/na_bandgap_ge1/mp-28179.cif,ok,
mp-28383,cif/na_bandgap_ge1/mp-28383.cif,ok,
mp-28569,cif/na_bandgap_ge1/mp-28569.cif,ok,
mp-28570,cif/na_bandgap_ge1/mp-28570.cif,ok,
mp-28595,cif/na_bandgap_ge1/mp-28595.cif,ok,
mp-28603,cif/na_bandgap_ge1/mp-28603.cif,ok,
mp-28679,cif/na_bandgap_ge1/mp-28679.cif,ok,
mp-28947,cif/na_bandgap_ge1/mp-28947.cif,ok,
mp-29001,cif/na_bandgap_ge1/mp-29001.cif,ok,
mp-29083,cif/na_bandgap_ge1/mp-29083.cif,ok,
mp-29269,cif/na_bandgap_ge1/mp-29269.cif,ok,
mp-29355,cif/na_bandgap_ge1/mp-29355.cif,ok,
mp-29395,cif/na_bandgap_ge1/mp-29395.cif,ok,
mp-29432,cif/na_bandgap_ge1/mp-29432.cif,ok,
mp-29566,cif/na_bandgap_ge1/mp-29566.cif,ok,
mp-29598,cif/na_bandgap_ge1/mp-29598.cif,ok,
mp-29929,cif/na_bandgap_ge1/mp-29929.cif,ok,
mp-30053,cif/na_bandgap_ge1/mp-30053.cif,ok,
mp-30965,cif/na_bandgap_ge1/mp-30965.cif,ok,
mp-30980,cif/na_bandgap_ge1/mp-30980.cif,ok,
mp-31086,cif/na_bandgap_ge1/mp-31086.cif,ok,
mp-34081,cif/na_bandgap_ge1/mp-34081.cif,ok,
mp-34284,cif/na_bandgap_ge1/mp-34284.cif,ok,
mp-34806,cif/na_bandgap_ge1/mp-34806.cif,ok,
mp-34763,cif/na_bandgap_ge1/mp-34763.cif,ok,
mp-36582,cif/na_bandgap_ge1/mp-36582.cif,ok,
mp-37267,cif/na_bandgap_ge1/mp-37267.cif,ok,
mp-38103,cif/na_bandgap_ge1/mp-38103.cif,ok,
mp-38222,cif/na_bandgap_ge1/mp-38222.cif,ok,
mp-38725,cif/na_bandgap_ge1/mp-38725.cif,ok,
mp-39681,cif/na_bandgap_ge1/mp-39681.cif,ok,
mp-39712,cif/na_bandgap_ge1/mp-39712.cif,ok,
mp-39843,cif/na_bandgap_ge1/mp-39843.cif,ok,
mp-40286,cif/na_bandgap_ge1/mp-40286.cif,ok,
mp-40451,cif/na_bandgap_ge1/mp-40451.cif,ok,
mp-40161,cif/na_bandgap_ge1/mp-40161.cif,ok,
mp-40668,cif/na_bandgap_ge1/mp-40668.cif,ok,
mp-40478,cif/na_bandgap_ge1/mp-40478.cif,ok,
mp-40484,cif/na_bandgap_ge1/mp-40484.cif,ok,
mp-40830,cif/na_bandgap_ge1/mp-40830.cif,ok,
mp-40685,cif/na_bandgap_ge1/mp-40685.cif,ok,
mp-42190,cif/na_bandgap_ge1/mp-42190.cif,ok,
mp-42255,cif/na_bandgap_ge1/mp-42255.cif,ok,
mp-42981,cif/na_bandgap_ge1/mp-42981.cif,ok,
mp-42599,cif/na_bandgap_ge1/mp-42599.cif,ok,
mp-42897,cif/na_bandgap_ge1/mp-42897.cif,ok,
mp-43134,cif/na_bandgap_ge1/mp-43134.cif,ok,
mp-504495,cif/na_bandgap_ge1/mp-504495.cif,ok,
mp-504611,cif/na_bandgap_ge1/mp-504611.cif,ok,
mp-504600,cif/na_bandgap_ge1/mp-504600.cif,ok,
mp-504845,cif/na_bandgap_ge1/mp-504845.cif,ok,
mp-504943,cif/na_bandgap_ge1/mp-504943.cif,ok,
mp-504944,cif/na_bandgap_ge1/mp-504944.cif,ok,
mp-505066,cif/na_bandgap_ge1/mp-505066.cif,ok,
mp-505077,cif/na_bandgap_ge1/mp-505077.cif,ok,
mp-505102,cif/na_bandgap_ge1/mp-505102.cif,ok,
mp-505170,cif/na_bandgap_ge1/mp-505170.cif,ok,
mp-505179,cif/na_bandgap_ge1/mp-505179.cif,ok,
mp-505381,cif/na_bandgap_ge1/mp-505381.cif,ok,
mp-505478,cif/na_bandgap_ge1/mp-505478.cif,ok,
mp-505701,cif/na_bandgap_ge1/mp-505701.cif,ok,
mp-505772,cif/na_bandgap_ge1/mp-505772.cif,ok,
mp-505771,cif/na_bandgap_ge1/mp-505771.cif,ok,
mp-505821,cif/na_bandgap_ge1/mp-505821.cif,ok,
mp-510328,cif/na_bandgap_ge1/mp-510328.cif,ok,
mp-510606,cif/na_bandgap_ge1/mp-510606.cif,ok,
mp-534778,cif/na_bandgap_ge1/mp-534778.cif,ok,
mp-534850,cif/na_bandgap_ge1/mp-534850.cif,ok,
mp-534889,cif/na_bandgap_ge1/mp-534889.cif,ok,
mp-540550,cif/na_bandgap_ge1/mp-540550.cif,ok,
mp-540554,cif/na_bandgap_ge1/mp-540554.cif,ok,
mp-540714,cif/na_bandgap_ge1/mp-540714.cif,ok,
mp-540721,cif/na_bandgap_ge1/mp-540721.cif,ok,
mp-540993,cif/na_bandgap_ge1/mp-540993.cif,ok,
mp-2716439,cif/na_bandgap_ge1/mp-2716439.cif,ok,
mp-2716442,cif/na_bandgap_ge1/mp-2716442.cif,ok,
mp-2716440,cif/na_bandgap_ge1/mp-2716440.cif,ok,
mp-2716443,cif/na_bandgap_ge1/mp-2716443.cif,ok,
mp-2716448,cif/na_bandgap_ge1/mp-2716448.cif,ok,
mp-2716451,cif/na_bandgap_ge1/mp-2716451.cif,ok,
mp-2716452,cif/na_bandgap_ge1/mp-2716452.cif,ok,
mp-2716459,cif/na_bandgap_ge1/mp-2716459.cif,ok,
mp-2716463,cif/na_bandgap_ge1/mp-2716463.cif,ok,
mp-2716464,cif/na_bandgap_ge1/mp-2716464.cif,ok,
mp-2716469,cif/na_bandgap_ge1/mp-2716469.cif,ok,
mp-2716475,cif/na_bandgap_ge1/mp-2716475.cif,ok,
mp-2716476,cif/na_bandgap_ge1/mp-2716476.cif,ok,
mp-2716488,cif/na_bandgap_ge1/mp-2716488.cif,ok,
mp-2716486,cif/na_bandgap_ge1/mp-2716486.cif,ok,
mp-2716496,cif/na_bandgap_ge1/mp-2716496.cif,ok,
mp-2716501,cif/na_bandgap_ge1/mp-2716501.cif,ok,
mp-2716514,cif/na_bandgap_ge1/mp-2716514.cif,ok,
mp-2716555,cif/na_bandgap_ge1/mp-2716555.cif,ok,
mp-2716558,cif/na_bandgap_ge1/mp-2716558.cif,ok,
mp-2716562,cif/na_bandgap_ge1/mp-2716562.cif,ok,
mp-2740498,cif/na_bandgap_ge1/mp-2740498.cif,ok,
mp-2831941,cif/na_bandgap_ge1/mp-2831941.cif,ok,
mp-768053,cif/na_bandgap_ge1/mp-768053.cif,ok,
mp-767960,cif/na_bandgap_ge1/mp-767960.cif,ok,
mp-768042,cif/na_bandgap_ge1/mp-768042.cif,ok,
mp-768077,cif/na_bandgap_ge1/mp-768077.cif,ok,
mp-768081,cif/na_bandgap_ge1/mp-768081.cif,ok,
mp-768108,cif/na_bandgap_ge1/mp-768108.cif,ok,
mp-768094,cif/na_bandgap_ge1/mp-768094.cif,ok,
mp-768120,cif/na_bandgap_ge1/mp-768120.cif,ok,
mp-768140,cif/na_bandgap_ge1/mp-768140.cif,ok,
mp-768144,cif/na_bandgap_ge1/mp-768144.cif,ok,
mp-768146,cif/na_bandgap_ge1/mp-768146.cif,ok,
mp-768141,cif/na_bandgap_ge1/mp-768141.cif,ok,
mp-768129,cif/na_bandgap_ge1/mp-768129.cif,ok,
mp-768554,cif/na_bandgap_ge1/mp-768554.cif,ok,
mp-768592,cif/na_bandgap_ge1/mp-768592.cif,ok,
mp-768598,cif/na_bandgap_ge1/mp-768598.cif,ok,
mp-768867,cif/na_bandgap_ge1/mp-768867.cif,ok,
mp-769073,cif/na_bandgap_ge1/mp-769073.cif,ok,
mp-769074,cif/na_bandgap_ge1/mp-769074.cif,ok,
mp-769506,cif/na_bandgap_ge1/mp-769506.cif,ok,
mp-769515,cif/na_bandgap_ge1/mp-769515.cif,ok,
mp-769565,cif/na_bandgap_ge1/mp-769565.cif,ok,
mp-769616,cif/na_bandgap_ge1/mp-769616.cif,ok,
mp-770717,cif/na_bandgap_ge1/mp-770717.cif,ok,
mp-770912,cif/na_bandgap_ge1/mp-770912.cif,ok,
mp-771026,cif/na_bandgap_ge1/mp-771026.cif,ok,
mp-771012,cif/na_bandgap_ge1/mp-771012.cif,ok,
mp-771025,cif/na_bandgap_ge1/mp-771025.cif,ok,
mp-771142,cif/na_bandgap_ge1/mp-771142.cif,ok,
mp-771138,cif/na_bandgap_ge1/mp-771138.cif,ok,
mp-771169,cif/na_bandgap_ge1/mp-771169.cif,ok,
mp-771166,cif/na_bandgap_ge1/mp-771166.cif,ok,
mp-771248,cif/na_bandgap_ge1/mp-771248.cif,ok,
mp-771774,cif/na_bandgap_ge1/mp-771774.cif,ok,
mp-771824,cif/na_bandgap_ge1/mp-771824.cif,ok,
mp-771954,cif/na_bandgap_ge1/mp-771954.cif,ok,
mp-772048,cif/na_bandgap_ge1/mp-772048.cif,ok,
mp-772117,cif/na_bandgap_ge1/mp-772117.cif,ok,
mp-772154,cif/na_bandgap_ge1/mp-772154.cif,ok,
mp-772415,cif/na_bandgap_ge1/mp-772415.cif,ok,
mp-772414,cif/na_bandgap_ge1/mp-772414.cif,ok,
mp-772411,cif/na_bandgap_ge1/mp-772411.cif,ok,
mp-772500,cif/na_bandgap_ge1/mp-772500.cif,ok,
mp-772499,cif/na_bandgap_ge1/mp-772499.cif,ok,
mp-772501,cif/na_bandgap_ge1/mp-772501.cif,ok,
mp-772544,cif/na_bandgap_ge1/mp-772544.cif,ok,
mp-772551,cif/na_bandgap_ge1/mp-772551.cif,ok,
mp-772555,cif/na_bandgap_ge1/mp-772555.cif,ok,
mp-772567,cif/na_bandgap_ge1/mp-772567.cif,ok,
mp-772625,cif/na_bandgap_ge1/mp-772625.cif,ok,
mp-772769,cif/na_bandgap_ge1/mp-772769.cif,ok,
mp-772811,cif/na_bandgap_ge1/mp-772811.cif,ok,
mp-772863,cif/na_bandgap_ge1/mp-772863.cif,ok,
mp-772842,cif/na_bandgap_ge1/mp-772842.cif,ok,
mp-772930,cif/na_bandgap_ge1/mp-772930.cif,ok,
mp-773122,cif/na_bandgap_ge1/mp-773122.cif,ok,
mp-773178,cif/na_bandgap_ge1/mp-773178.cif,ok,
mp-773190,cif/na_bandgap_ge1/mp-773190.cif,ok,
mp-773663,cif/na_bandgap_ge1/mp-773663.cif,ok,
mp-774074,cif/na_bandgap_ge1/mp-774074.cif,ok,
mp-774499,cif/na_bandgap_ge1/mp-774499.cif,ok,
mp-774527,cif/na_bandgap_ge1/mp-774527.cif,ok,
mp-774705,cif/na_bandgap_ge1/mp-774705.cif,ok,
mp-774717,cif/na_bandgap_ge1/mp-774717.cif,ok,
mp-774816,cif/na_bandgap_ge1/mp-774816.cif,ok,
mp-776392,cif/na_bandgap_ge1/mp-776392.cif,ok,
mp-776424,cif/na_bandgap_ge1/mp-776424.cif,ok,
mp-776952,cif/na_bandgap_ge1/mp-776952.cif,ok,
mp-778057,cif/na_bandgap_ge1/mp-778057.cif,ok,
mp-778404,cif/na_bandgap_ge1/mp-778404.cif,ok,
mp-779477,cif/na_bandgap_ge1/mp-779477.cif,ok,
mp-779729,cif/na_bandgap_ge1/mp-779729.cif,ok,
mp-779908,cif/na_bandgap_ge1/mp-779908.cif,ok,
mp-780053,cif/na_bandgap_ge1/mp-780053.cif,ok,
mp-780181,cif/na_bandgap_ge1/mp-780181.cif,ok,
mp-780184,cif/na_bandgap_ge1/mp-780184.cif,ok,
mp-780246,cif/na_bandgap_ge1/mp-780246.cif,ok,
mp-780306,cif/na_bandgap_ge1/mp-780306.cif,ok,
mp-780656,cif/na_bandgap_ge1/mp-780656.cif,ok,
mp-780676,cif/na_bandgap_ge1/mp-780676.cif,ok,
mp-780698,cif/na_bandgap_ge1/mp-780698.cif,ok,
mp-780913,cif/na_bandgap_ge1/mp-780913.cif,ok,
mp-781495,cif/na_bandgap_ge1/mp-781495.cif,ok,
mp-781712,cif/na_bandgap_ge1/mp-781712.cif,ok,
mp-781948,cif/na_bandgap_ge1/mp-781948.cif,ok,
mp-818654,cif/na_bandgap_ge1/mp-818654.cif,ok,
mp-849320,cif/na_bandgap_ge1/mp-849320.cif,ok,
mp-849718,cif/na_bandgap_ge1/mp-849718.cif,ok,
mp-849730,cif/na_bandgap_ge1/mp-849730.cif,ok,
mp-850201,cif/na_bandgap_ge1/mp-850201.cif,ok,
mp-850251,cif/na_bandgap_ge1/mp-850251.cif,ok,
mp-851118,cif/na_bandgap_ge1/mp-851118.cif,ok,
mp-851402,cif/na_bandgap_ge1/mp-851402.cif,ok,
mp-861906,cif/na_bandgap_ge1/mp-861906.cif,ok,
mp-865500,cif/na_bandgap_ge1/mp-865500.cif,ok,
mp-866613,cif/na_bandgap_ge1/mp-866613.cif,ok,
mp-973225,cif/na_bandgap_ge1/mp-973225.cif,ok,
mp-978284,cif/na_bandgap_ge1/mp-978284.cif,ok,
mp-989504,cif/na_bandgap_ge1/mp-989504.cif,ok,
mp-990440,cif/na_bandgap_ge1/mp-990440.cif,ok,
mp-1001112,cif/na_bandgap_ge1/mp-1001112.cif,ok,
mp-1011858,cif/na_bandgap_ge1/mp-1011858.cif,ok,
mp-1011834,cif/na_bandgap_ge1/mp-1011834.cif,ok,
mp-1011860,cif/na_bandgap_ge1/mp-1011860.cif,ok,
mp-1013565,cif/na_bandgap_ge1/mp-1013565.cif,ok,
mp-1013599,cif/na_bandgap_ge1/mp-1013599.cif,ok,
mp-1013577,cif/na_bandgap_ge1/mp-1013577.cif,ok,
mp-1013911,cif/na_bandgap_ge1/mp-1013911.cif,ok,
mp-1019551,cif/na_bandgap_ge1/mp-1019551.cif,ok,
mp-1019611,cif/na_bandgap_ge1/mp-1019611.cif,ok,
mp-1019888,cif/na_bandgap_ge1/mp-1019888.cif,ok,
mp-1020159,cif/na_bandgap_ge1/mp-1020159.cif,ok,
mp-1020141,cif/na_bandgap_ge1/mp-1020141.cif,ok,
mp-1020144,cif/na_bandgap_ge1/mp-1020144.cif,ok,
mp-1020146,cif/na_bandgap_ge1/mp-1020146.cif,ok,
mp-1020147,cif/na_bandgap_ge1/mp-1020147.cif,ok,
mp-1020142,cif/na_bandgap_ge1/mp-1020142.cif,ok,
mp-1020145,cif/na_bandgap_ge1/mp-1020145.cif,ok,
mp-1020181,cif/na_bandgap_ge1/mp-1020181.cif,ok,
mp-1020180,cif/na_bandgap_ge1/mp-1020180.cif,ok,
mp-1021465,cif/na_bandgap_ge1/mp-1021465.cif,ok,
mp-1024050,cif/na_bandgap_ge1/mp-1024050.cif,ok,
mp-1024049,cif/na_bandgap_ge1/mp-1024049.cif,ok,
mp-1024067,cif/na_bandgap_ge1/mp-1024067.cif,ok,
mp-1024069,cif/na_bandgap_ge1/mp-1024069.cif,ok,
mp-1024076,cif/na_bandgap_ge1/mp-1024076.cif,ok,
mp-1024052,cif/na_bandgap_ge1/mp-1024052.cif,ok,
mp-1024051,cif/na_bandgap_ge1/mp-1024051.cif,ok,
mp-1024072,cif/na_bandgap_ge1/mp-1024072.cif,ok,
mp-1029851,cif/na_bandgap_ge1/mp-1029851.cif,ok,
mp-1077081,cif/na_bandgap_ge1/mp-1077081.cif,ok,
mp-1078535,cif/na_bandgap_ge1/mp-1078535.cif,ok,
mp-1094108,cif/na_bandgap_ge1/mp-1094108.cif,ok,
mp-1094106,cif/na_bandgap_ge1/mp-1094106.cif,ok,
mp-1094107,cif/na_bandgap_ge1/mp-1094107.cif,ok,
mp-1097712,cif/na_bandgap_ge1/mp-1097712.cif,ok,
mp-1097724,cif/na_bandgap_ge1/mp-1097724.cif,ok,
mp-1101885,cif/na_bandgap_ge1/mp-1101885.cif,ok,
mp-1101899,cif/na_bandgap_ge1/mp-1101899.cif,ok,
mp-1102325,cif/na_bandgap_ge1/mp-1102325.cif,ok,
mp-1103515,cif/na_bandgap_ge1/mp-1103515.cif,ok,
mp-1103472,cif/na_bandgap_ge1/mp-1103472.cif,ok,
mp-1110618,cif/na_bandgap_ge1/mp-1110618.cif,ok,
mp-1110624,cif/na_bandgap_ge1/mp-1110624.cif,ok,
mp-1110626,cif/na_bandgap_ge1/mp-1110626.cif,ok,
mp-1110629,cif/na_bandgap_ge1/mp-1110629.cif,ok,
mp-1110621,cif/na_bandgap_ge1/mp-1110621.cif,ok,
mp-1110627,cif/na_bandgap_ge1/mp-1110627.cif,ok,
mp-1110619,cif/na_bandgap_ge1/mp-1110619.cif,ok,
mp-1110620,cif/na_bandgap_ge1/mp-1110620.cif,ok,
mp-1110623,cif/na_bandgap_ge1/mp-1110623.cif,ok,
mp-1110628,cif/na_bandgap_ge1/mp-1110628.cif,ok,
mp-1110657,cif/na_bandgap_ge1/mp-1110657.cif,ok,
mp-1110625,cif/na_bandgap_ge1/mp-1110625.cif,ok,
mp-1110904,cif/na_bandgap_ge1/mp-1110904.cif,ok,
mp-1110905,cif/na_bandgap_ge1/mp-1110905.cif,ok,
mp-1111019,cif/na_bandgap_ge1/mp-1111019.cif,ok,
mp-1111015,cif/na_bandgap_ge1/mp-1111015.cif,ok,
mp-1111005,cif/na_bandgap_ge1/mp-1111005.cif,ok,
mp-1110994,cif/na_bandgap_ge1/mp-1110994.cif,ok,
mp-1110995,cif/na_bandgap_ge1/mp-1110995.cif,ok,
mp-1111012,cif/na_bandgap_ge1/mp-1111012.cif,ok,
mp-1111018,cif/na_bandgap_ge1/mp-1111018.cif,ok,
mp-1110998,cif/na_bandgap_ge1/mp-1110998.cif,ok,
mp-1111010,cif/na_bandgap_ge1/mp-1111010.cif,ok,
mp-1111013,cif/na_bandgap_ge1/mp-1111013.cif,ok,
mp-1111014,cif/na_bandgap_ge1/mp-1111014.cif,ok,
mp-1111007,cif/na_bandgap_ge1/mp-1111007.cif,ok,
mp-1111017,cif/na_bandgap_ge1/mp-1111017.cif,ok,
mp-1111042,cif/na_bandgap_ge1/mp-1111042.cif,ok,
mp-1111075,cif/na_bandgap_ge1/mp-1111075.cif,ok,
mp-1111022,cif/na_bandgap_ge1/mp-1111022.cif,ok,
mp-1111056,cif/na_bandgap_ge1/mp-1111056.cif,ok,
mp-1111084,cif/na_bandgap_ge1/mp-1111084.cif,ok,
mp-1111094,cif/na_bandgap_ge1/mp-1111094.cif,ok,
mp-1111092,cif/na_bandgap_ge1/mp-1111092.cif,ok,
mp-1111086,cif/na_bandgap_ge1/mp-1111086.cif,ok,
mp-1111093,cif/na_bandgap_ge1/mp-1111093.cif,ok,
mp-1111090,cif/na_bandgap_ge1/mp-1111090.cif,ok,
mp-1111121,cif/na_bandgap_ge1/mp-1111121.cif,ok,
mp-1111132,cif/na_bandgap_ge1/mp-1111132.cif,ok,
mp-1111162,cif/na_bandgap_ge1/mp-1111162.cif,ok,
mp-1111192,cif/na_bandgap_ge1/mp-1111192.cif,ok,
mp-1111316,cif/na_bandgap_ge1/mp-1111316.cif,ok,
mp-1111320,cif/na_bandgap_ge1/mp-1111320.cif,ok,
mp-1111317,cif/na_bandgap_ge1/mp-1111317.cif,ok,
mp-1111329,cif/na_bandgap_ge1/mp-1111329.cif,ok,
mp-1111326,cif/na_bandgap_ge1/mp-1111326.cif,ok,
mp-1111323,cif/na_bandgap_ge1/mp-1111323.cif,ok,
mp-1111325,cif/na_bandgap_ge1/mp-1111325.cif,ok,
mp-1111331,cif/na_bandgap_ge1/mp-1111331.cif,ok,
mp-1111337,cif/na_bandgap_ge1/mp-1111337.cif,ok,
mp-1111334,cif/na_bandgap_ge1/mp-1111334.cif,ok,
mp-1111406,cif/na_bandgap_ge1/mp-1111406.cif,ok,
mp-1111404,cif/na_bandgap_ge1/mp-1111404.cif,ok,
mp-1111410,cif/na_bandgap_ge1/mp-1111410.cif,ok,
mp-1111407,cif/na_bandgap_ge1/mp-1111407.cif,ok,
mp-1111485,cif/na_bandgap_ge1/mp-1111485.cif,ok,
mp-1111476,cif/na_bandgap_ge1/mp-1111476.cif,ok,
mp-1111477,cif/na_bandgap_ge1/mp-1111477.cif,ok,
mp-1111488,cif/na_bandgap_ge1/mp-1111488.cif,ok,
mp-1111514,cif/na_bandgap_ge1/mp-1111514.cif,ok,
mp-1111474,cif/na_bandgap_ge1/mp-1111474.cif,ok,
mp-1111473,cif/na_bandgap_ge1/mp-1111473.cif,ok,
mp-1111475,cif/na_bandgap_ge1/mp-1111475.cif,ok,
mp-1111510,cif/na_bandgap_ge1/mp-1111510.cif,ok,
mp-1111508,cif/na_bandgap_ge1/mp-1111508.cif,ok,
mp-1111523,cif/na_bandgap_ge1/mp-1111523.cif,ok,
mp-1111532,cif/na_bandgap_ge1/mp-1111532.cif,ok,
mp-1111525,cif/na_bandgap_ge1/mp-1111525.cif,ok,
mp-1111545,cif/na_bandgap_ge1/mp-1111545.cif,ok,
mp-1111531,cif/na_bandgap_ge1/mp-1111531.cif,ok,
mp-1111534,cif/na_bandgap_ge1/mp-1111534.cif,ok,
mp-1111543,cif/na_bandgap_ge1/mp-1111543.cif,ok,
mp-1111549,cif/na_bandgap_ge1/mp-1111549.cif,ok,
mp-1111538,cif/na_bandgap_ge1/mp-1111538.cif,ok,
mp-1111586,cif/na_bandgap_ge1/mp-1111586.cif,ok,
mp-1111659,cif/na_bandgap_ge1/mp-1111659.cif,ok,
mp-1111739,cif/na_bandgap_ge1/mp-1111739.cif,ok,
mp-1111737,cif/na_bandgap_ge1/mp-1111737.cif,ok,
mp-1111744,cif/na_bandgap_ge1/mp-1111744.cif,ok,
mp-1111803,cif/na_bandgap_ge1/mp-1111803.cif,ok,
mp-1113284,cif/na_bandgap_ge1/mp-1113284.cif,ok,
mp-1113316,cif/na_bandgap_ge1/mp-1113316.cif,ok,
mp-1113318,cif/na_bandgap_ge1/mp-1113318.cif,ok,
mp-1113374,cif/na_bandgap_ge1/mp-1113374.cif,ok,
mp-1113375,cif/na_bandgap_ge1/mp-1113375.cif,ok,
mp-1113740,cif/na_bandgap_ge1/mp-1113740.cif,ok,
mp-1113739,cif/na_bandgap_ge1/mp-1113739.cif,ok,
mp-1113741,cif/na_bandgap_ge1/mp-1113741.cif,ok,
mp-1113839,cif/na_bandgap_ge1/mp-1113839.cif,ok,
mp-1113840,cif/na_bandgap_ge1/mp-1113840.cif,ok,
mp-1113919,cif/na_bandgap_ge1/mp-1113919.cif,ok,
mp-1113921,cif/na_bandgap_ge1/mp-1113921.cif,ok,
mp-1113900,cif/na_bandgap_ge1/mp-1113900.cif,ok,
mp-1114239,cif/na_bandgap_ge1/mp-1114239.cif,ok,
mp-1114241,cif/na_bandgap_ge1/mp-1114241.cif,ok,
mp-1114234,cif/na_bandgap_ge1/mp-1114234.cif,ok,
mp-1119338,cif/na_bandgap_ge1/mp-1119338.cif,ok,
mp-1120771,cif/na_bandgap_ge1/mp-1120771.cif,ok,
mp-1120790,cif/na_bandgap_ge1/mp-1120790.cif,ok,
mp-1173688,cif/na_bandgap_ge1/mp-1173688.cif,ok,
mp-1173733,cif/na_bandgap_ge1/mp-1173733.cif,ok,
mp-1173719,cif/na_bandgap_ge1/mp-1173719.cif,ok,
mp-1173724,cif/na_bandgap_ge1/mp-1173724.cif,ok,
mp-1173728,cif/na_bandgap_ge1/mp-1173728.cif,ok,
mp-1173753,cif/na_bandgap_ge1/mp-1173753.cif,ok,
mp-1173761,cif/na_bandgap_ge1/mp-1173761.cif,ok,
mp-1173760,cif/na_bandgap_ge1/mp-1173760.cif,ok,
mp-1173765,cif/na_bandgap_ge1/mp-1173765.cif,ok,
mp-1173798,cif/na_bandgap_ge1/mp-1173798.cif,ok,
mp-1173820,cif/na_bandgap_ge1/mp-1173820.cif,ok,
mp-1173829,cif/na_bandgap_ge1/mp-1173829.cif,ok,
mp-1173828,cif/na_bandgap_ge1/mp-1173828.cif,ok,
mp-1173838,cif/na_bandgap_ge1/mp-1173838.cif,ok,
mp-1173846,cif/na_bandgap_ge1/mp-1173846.cif,ok,
mp-1173852,cif/na_bandgap_ge1/mp-1173852.cif,ok,
mp-1173860,cif/na_bandgap_ge1/mp-1173860.cif,ok,
mp-1173855,cif/na_bandgap_ge1/mp-1173855.cif,ok,
mp-1173871,cif/na_bandgap_ge1/mp-1173871.cif,ok,
mp-1176373,cif/na_bandgap_ge1/mp-1176373.cif,ok,
mp-1176381,cif/na_bandgap_ge1/mp-1176381.cif,ok,
mp-1176395,cif/na_bandgap_ge1/mp-1176395.cif,ok,
mp-1176393,cif/na_bandgap_ge1/mp-1176393.cif,ok,
mp-1176392,cif/na_bandgap_ge1/mp-1176392.cif,ok,
mp-1176390,cif/na_bandgap_ge1/mp-1176390.cif,ok,
mp-1176400,cif/na_bandgap_ge1/mp-1176400.cif,ok,
mp-1176382,cif/na_bandgap_ge1/mp-1176382.cif,ok,
mp-1176399,cif/na_bandgap_ge1/mp-1176399.cif,ok,
mp-1176409,cif/na_bandgap_ge1/mp-1176409.cif,ok,
mp-1176411,cif/na_bandgap_ge1/mp-1176411.cif,ok,
mp-1176418,cif/na_bandgap_ge1/mp-1176418.cif,ok,
mp-1176445,cif/na_bandgap_ge1/mp-1176445.cif,ok,
mp-1176442,cif/na_bandgap_ge1/mp-1176442.cif,ok,
mp-1176546,cif/na_bandgap_ge1/mp-1176546.cif,ok,
mp-1176603,cif/na_bandgap_ge1/mp-1176603.cif,ok,
mp-1180336,cif/na_bandgap_ge1/mp-1180336.cif,ok,
mp-1180434,cif/na_bandgap_ge1/mp-1180434.cif,ok,
mp-1180690,cif/na_bandgap_ge1/mp-1180690.cif,ok,
mp-1180853,cif/na_bandgap_ge1/mp-1180853.cif,ok,
mp-1180838,cif/na_bandgap_ge1/mp-1180838.cif,ok,
mp-1181101,cif/na_bandgap_ge1/mp-1181101.cif,ok,
mp-1181692,cif/na_bandgap_ge1/mp-1181692.cif,ok,
mp-1182757,cif/na_bandgap_ge1/mp-1182757.cif,ok,
mp-1186029,cif/na_bandgap_ge1/mp-1186029.cif,ok,
mp-1188958,cif/na_bandgap_ge1/mp-1188958.cif,ok,
mp-1189952,cif/na_bandgap_ge1/mp-1189952.cif,ok,
mp-1190146,cif/na_bandgap_ge1/mp-1190146.cif,ok,
mp-1190141,cif/na_bandgap_ge1/mp-1190141.cif,ok,
mp-1190138,cif/na_bandgap_ge1/mp-1190138.cif,ok,
mp-1190145,cif/na_bandgap_ge1/mp-1190145.cif,ok,
mp-1190329,cif/na_bandgap_ge1/mp-1190329.cif,ok,
mp-1190388,cif/na_bandgap_ge1/mp-1190388.cif,ok,
mp-1190399,cif/na_bandgap_ge1/mp-1190399.cif,ok,
mp-1190429,cif/na_bandgap_ge1/mp-1190429.cif,ok,
mp-1190423,cif/na_bandgap_ge1/mp-1190423.cif,ok,
mp-1190448,cif/na_bandgap_ge1/mp-1190448.cif,ok,
mp-1190476,cif/na_bandgap_ge1/mp-1190476.cif,ok,
mp-1190487,cif/na_bandgap_ge1/mp-1190487.cif,ok,
mp-1190479,cif/na_bandgap_ge1/mp-1190479.cif,ok,
mp-1190512,cif/na_bandgap_ge1/mp-1190512.cif,ok,
mp-1190500,cif/na_bandgap_ge1/mp-1190500.cif,ok,
mp-1190551,cif/na_bandgap_ge1/mp-1190551.cif,ok,
mp-1190548,cif/na_bandgap_ge1/mp-1190548.cif,ok,
mp-1191084,cif/na_bandgap_ge1/mp-1191084.cif,ok,
mp-1191289,cif/na_bandgap_ge1/mp-1191289.cif,ok,
mp-1191673,cif/na_bandgap_ge1/mp-1191673.cif,ok,
mp-1191842,cif/na_bandgap_ge1/mp-1191842.cif,ok,
mp-1192379,cif/na_bandgap_ge1/mp-1192379.cif,ok,
mp-1192524,cif/na_bandgap_ge1/mp-1192524.cif,ok,
mp-1192640,cif/na_bandgap_ge1/mp-1192640.cif,ok,
mp-1193174,cif/na_bandgap_ge1/mp-1193174.cif,ok,
mp-1193526,cif/na_bandgap_ge1/mp-1193526.cif,ok,
mp-1194231,cif/na_bandgap_ge1/mp-1194231.cif,ok,
mp-1194580,cif/na_bandgap_ge1/mp-1194580.cif,ok,
mp-1194593,cif/na_bandgap_ge1/mp-1194593.cif,ok,
mp-1194587,cif/na_bandgap_ge1/mp-1194587.cif,ok,
mp-1194649,cif/na_bandgap_ge1/mp-1194649.cif,ok,
mp-1194692,cif/na_bandgap_ge1/mp-1194692.cif,ok,
mp-1194719,cif/na_bandgap_ge1/mp-1194719.cif,ok,
mp-1194796,cif/na_bandgap_ge1/mp-1194796.cif,ok,
mp-1194807,cif/na_bandgap_ge1/mp-1194807.cif,ok,
mp-1194897,cif/na_bandgap_ge1/mp-1194897.cif,ok,
mp-1194940,cif/na_bandgap_ge1/mp-1194940.cif,ok,
mp-1194989,cif/na_bandgap_ge1/mp-1194989.cif,ok,
mp-1195013,cif/na_bandgap_ge1/mp-1195013.cif,ok,
mp-1195011,cif/na_bandgap_ge1/mp-1195011.cif,ok,
mp-1195028,cif/na_bandgap_ge1/mp-1195028.cif,ok,
mp-1195067,cif/na_bandgap_ge1/mp-1195067.cif,ok,
mp-1195277,cif/na_bandgap_ge1/mp-1195277.cif,ok,
mp-1195293,cif/na_bandgap_ge1/mp-1195293.cif,ok,
mp-1195335,cif/na_bandgap_ge1/mp-1195335.cif,ok,
mp-1195435,cif/na_bandgap_ge1/mp-1195435.cif,ok,
mp-1195527,cif/na_bandgap_ge1/mp-1195527.cif,ok,
mp-1195532,cif/na_bandgap_ge1/mp-1195532.cif,ok,
mp-1195617,cif/na_bandgap_ge1/mp-1195617.cif,ok,
mp-1195634,cif/na_bandgap_ge1/mp-1195634.cif,ok,
mp-1195650,cif/na_bandgap_ge1/mp-1195650.cif,ok,
mp-1195661,cif/na_bandgap_ge1/mp-1195661.cif,ok,
mp-1195934,cif/na_bandgap_ge1/mp-1195934.cif,ok,
mp-1196027,cif/na_bandgap_ge1/mp-1196027.cif,ok,
mp-1196042,cif/na_bandgap_ge1/mp-1196042.cif,ok,
mp-1196197,cif/na_bandgap_ge1/mp-1196197.cif,ok,
mp-1196381,cif/na_bandgap_ge1/mp-1196381.cif,ok,
mp-1196425,cif/na_bandgap_ge1/mp-1196425.cif,ok,
mp-1196650,cif/na_bandgap_ge1/mp-1196650.cif,ok,
mp-1197089,cif/na_bandgap_ge1/mp-1197089.cif,ok,
mp-1197129,cif/na_bandgap_ge1/mp-1197129.cif,ok,
mp-1197210,cif/na_bandgap_ge1/mp-1197210.cif,ok,
mp-1197316,cif/na_bandgap_ge1/mp-1197316.cif,ok,
mp-1197622,cif/na_bandgap_ge1/mp-1197622.cif,ok,
mp-1197762,cif/na_bandgap_ge1/mp-1197762.cif,ok,
mp-1197813,cif/na_bandgap_ge1/mp-1197813.cif,ok,
mp-1197995,cif/na_bandgap_ge1/mp-1197995.cif,ok,
mp-1198063,cif/na_bandgap_ge1/mp-1198063.cif,ok,
mp-1198167,cif/na_bandgap_ge1/mp-1198167.cif,ok,
mp-1198166,cif/na_bandgap_ge1/mp-1198166.cif,ok,
mp-1198199,cif/na_bandgap_ge1/mp-1198199.cif,ok,
mp-1198211,cif/na_bandgap_ge1/mp-1198211.cif,ok,
mp-1198346,cif/na_bandgap_ge1/mp-1198346.cif,ok,
mp-1198443,cif/na_bandgap_ge1/mp-1198443.cif,ok,
mp-1198456,cif/na_bandgap_ge1/mp-1198456.cif,ok,
mp-1198653,cif/na_bandgap_ge1/mp-1198653.cif,ok,
mp-1198935,cif/na_bandgap_ge1/mp-1198935.cif,ok,
mp-1199031,cif/na_bandgap_ge1/mp-1199031.cif,ok,
mp-1199268,cif/na_bandgap_ge1/mp-1199268.cif,ok,
mp-1199562,cif/na_bandgap_ge1/mp-1199562.cif,ok,
mp-1199634,cif/na_bandgap_ge1/mp-1199634.cif,ok,
mp-1199680,cif/na_bandgap_ge1/mp-1199680.cif,ok,
mp-1200120,cif/na_bandgap_ge1/mp-1200120.cif,ok,
mp-1200274,cif/na_bandgap_ge1/mp-1200274.cif,ok,
mp-1200505,cif/na_bandgap_ge1/mp-1200505.cif,ok,
mp-1200522,cif/na_bandgap_ge1/mp-1200522.cif,ok,
mp-1200779,cif/na_bandgap_ge1/mp-1200779.cif,ok,
mp-1200782,cif/na_bandgap_ge1/mp-1200782.cif,ok,
mp-1200859,cif/na_bandgap_ge1/mp-1200859.cif,ok,
mp-1200866,cif/na_bandgap_ge1/mp-1200866.cif,ok,
mp-1200960,cif/na_bandgap_ge1/mp-1200960.cif,ok,
mp-1201027,cif/na_bandgap_ge1/mp-1201027.cif,ok,
mp-1201072,cif/na_bandgap_ge1/mp-1201072.cif,ok,
mp-1201138,cif/na_bandgap_ge1/mp-1201138.cif,ok,
mp-1201159,cif/na_bandgap_ge1/mp-1201159.cif,ok,
mp-1201258,cif/na_bandgap_ge1/mp-1201258.cif,ok,
mp-1201382,cif/na_bandgap_ge1/mp-1201382.cif,ok,
mp-1201418,cif/na_bandgap_ge1/mp-1201418.cif,ok,
mp-1201488,cif/na_bandgap_ge1/mp-1201488.cif,ok,
mp-1201517,cif/na_bandgap_ge1/mp-1201517.cif,ok,
mp-1201525,cif/na_bandgap_ge1/mp-1201525.cif,ok,
mp-1201519,cif/na_bandgap_ge1/mp-1201519.cif,ok,
mp-1201570,cif/na_bandgap_ge1/mp-1201570.cif,ok,
mp-1201618,cif/na_bandgap_ge1/mp-1201618.cif,ok,
mp-1201748,cif/na_bandgap_ge1/mp-1201748.cif,ok,
mp-1202012,cif/na_bandgap_ge1/mp-1202012.cif,ok,
mp-1202153,cif/na_bandgap_ge1/mp-1202153.cif,ok,
mp-1202247,cif/na_bandgap_ge1/mp-1202247.cif,ok,
mp-1202861,cif/na_bandgap_ge1/mp-1202861.cif,ok,
mp-1202901,cif/na_bandgap_ge1/mp-1202901.cif,ok,
mp-1203157,cif/na_bandgap_ge1/mp-1203157.cif,ok,
mp-1203216,cif/na_bandgap_ge1/mp-1203216.cif,ok,
mp-1203292,cif/na_bandgap_ge1/mp-1203292.cif,ok,
mp-1203350,cif/na_bandgap_ge1/mp-1203350.cif,ok,
mp-1203434,cif/na_bandgap_ge1/mp-1203434.cif,ok,
mp-1203476,cif/na_bandgap_ge1/mp-1203476.cif,ok,
mp-1203473,cif/na_bandgap_ge1/mp-1203473.cif,ok,
mp-1203771,cif/na_bandgap_ge1/mp-1203771.cif,ok,
mp-1203800,cif/na_bandgap_ge1/mp-1203800.cif,ok,
mp-1204029,cif/na_bandgap_ge1/mp-1204029.cif,ok,
mp-1204071,cif/na_bandgap_ge1/mp-1204071.cif,ok,
mp-1204100,cif/na_bandgap_ge1/mp-1204100.cif,ok,
mp-1204299,cif/na_bandgap_ge1/mp-1204299.cif,ok,
mp-1204300,cif/na_bandgap_ge1/mp-1204300.cif,ok,
mp-1204380,cif/na_bandgap_ge1/mp-1204380.cif,ok,
mp-1204556,cif/na_bandgap_ge1/mp-1204556.cif,ok,
mp-1204582,cif/na_bandgap_ge1/mp-1204582.cif,ok,
mp-1204609,cif/na_bandgap_ge1/mp-1204609.cif,ok,
mp-1204668,cif/na_bandgap_ge1/mp-1204668.cif,ok,
mp-1204808,cif/na_bandgap_ge1/mp-1204808.cif,ok,
mp-1205112,cif/na_bandgap_ge1/mp-1205112.cif,ok,
mp-1205325,cif/na_bandgap_ge1/mp-1205325.cif,ok,
mp-1205754,cif/na_bandgap_ge1/mp-1205754.cif,ok,
mp-1210267,cif/na_bandgap_ge1/mp-1210267.cif,ok,
mp-1210286,cif/na_bandgap_ge1/mp-1210286.cif,ok,
mp-1210311,cif/na_bandgap_ge1/mp-1210311.cif,ok,
mp-1210304,cif/na_bandgap_ge1/mp-1210304.cif,ok,
mp-1210356,cif/na_bandgap_ge1/mp-1210356.cif,ok,
mp-1210352,cif/na_bandgap_ge1/mp-1210352.cif,ok,
mp-1210373,cif/na_bandgap_ge1/mp-1210373.cif,ok,
mp-1210368,cif/na_bandgap_ge1/mp-1210368.cif,ok,
mp-1210375,cif/na_bandgap_ge1/mp-1210375.cif,ok,
mp-1210364,cif/na_bandgap_ge1/mp-1210364.cif,ok,
mp-1210374,cif/na_bandgap_ge1/mp-1210374.cif,ok,
mp-1210390,cif/na_bandgap_ge1/mp-1210390.cif,ok,
mp-1210399,cif/na_bandgap_ge1/mp-1210399.cif,ok,
mp-1210414,cif/na_bandgap_ge1/mp-1210414.cif,ok,
mp-1210432,cif/na_bandgap_ge1/mp-1210432.cif,ok,
mp-1210431,cif/na_bandgap_ge1/mp-1210431.cif,ok,
mp-1210433,cif/na_bandgap_ge1/mp-1210433.cif,ok,
mp-1210430,cif/na_bandgap_ge1/mp-1210430.cif,ok,
mp-1210436,cif/na_bandgap_ge1/mp-1210436.cif,ok,
mp-1210464,cif/na_bandgap_ge1/mp-1210464.cif,ok,
mp-1210466,cif/na_bandgap_ge1/mp-1210466.cif,ok,
mp-1210449,cif/na_bandgap_ge1/mp-1210449.cif,ok,
mp-1210483,cif/na_bandgap_ge1/mp-1210483.cif,ok,
mp-1210473,cif/na_bandgap_ge1/mp-1210473.cif,ok,
mp-1210475,cif/na_bandgap_ge1/mp-1210475.cif,ok,
mp-1210500,cif/na_bandgap_ge1/mp-1210500.cif,ok,
mp-1210505,cif/na_bandgap_ge1/mp-1210505.cif,ok,
mp-1210489,cif/na_bandgap_ge1/mp-1210489.cif,ok,
mp-1210527,cif/na_bandgap_ge1/mp-1210527.cif,ok,
mp-1210526,cif/na_bandgap_ge1/mp-1210526.cif,ok,
mp-1210516,cif/na_bandgap_ge1/mp-1210516.cif,ok,
mp-1210566,cif/na_bandgap_ge1/mp-1210566.cif,ok,
mp-1210579,cif/na_bandgap_ge1/mp-1210579.cif,ok,
mp-1210611,cif/na_bandgap_ge1/mp-1210611.cif,ok,
mp-1210635,cif/na_bandgap_ge1/mp-1210635.cif,ok,
mp-1210740,cif/na_bandgap_ge1/mp-1210740.cif,ok,
mp-1210816,cif/na_bandgap_ge1/mp-1210816.cif,ok,
mp-1210852,cif/na_bandgap_ge1/mp-1210852.cif,ok,
mp-1210886,cif/na_bandgap_ge1/mp-1210886.cif,ok,
mp-1210879,cif/na_bandgap_ge1/mp-1210879.cif,ok,
mp-1210899,cif/na_bandgap_ge1/mp-1210899.cif,ok,
mp-1210902,cif/na_bandgap_ge1/mp-1210902.cif,ok,
mp-1211049,cif/na_bandgap_ge1/mp-1211049.cif,ok,
mp-1211082,cif/na_bandgap_ge1/mp-1211082.cif,ok,
mp-1211096,cif/na_bandgap_ge1/mp-1211096.cif,ok,
mp-1211212,cif/na_bandgap_ge1/mp-1211212.cif,ok,
mp-1211357,cif/na_bandgap_ge1/mp-1211357.cif,ok,
mp-1211711,cif/na_bandgap_ge1/mp-1211711.cif,ok,
mp-1211978,cif/na_bandgap_ge1/mp-1211978.cif,ok,
mp-1212069,cif/na_bandgap_ge1/mp-1212069.cif,ok,
mp-1212565,cif/na_bandgap_ge1/mp-1212565.cif,ok,
mp-1214658,cif/na_bandgap_ge1/mp-1214658.cif,ok,
mp-1214664,cif/na_bandgap_ge1/mp-1214664.cif,ok,
mp-1214677,cif/na_bandgap_ge1/mp-1214677.cif,ok,
mp-1215058,cif/na_bandgap_ge1/mp-1215058.cif,ok,
mp-1220238,cif/na_bandgap_ge1/mp-1220238.cif,ok,
mp-1221258,cif/na_bandgap_ge1/mp-1221258.cif,ok,
mp-1221264,cif/na_bandgap_ge1/mp-1221264.cif,ok,
mp-1221270,cif/na_bandgap_ge1/mp-1221270.cif,ok,
mp-1221277,cif/na_bandgap_ge1/mp-1221277.cif,ok,
mp-1221267,cif/na_bandgap_ge1/mp-1221267.cif,ok,
mp-1221282,cif/na_bandgap_ge1/mp-1221282.cif,ok,
mp-1221302,cif/na_bandgap_ge1/mp-1221302.cif,ok,
mp-1221303,cif/na_bandgap_ge1/mp-1221303.cif,ok,
mp-1221293,cif/na_bandgap_ge1/mp-1221293.cif,ok,
mp-1221313,cif/na_bandgap_ge1/mp-1221313.cif,ok,
mp-1221317,cif/na_bandgap_ge1/mp-1221317.cif,ok,
mp-1221316,cif/na_bandgap_ge1/mp-1221316.cif,ok,
mp-1221315,cif/na_bandgap_ge1/mp-1221315.cif,ok,
mp-1221321,cif/na_bandgap_ge1/mp-1221321.cif,ok,
mp-1221329,cif/na_bandgap_ge1/mp-1221329.cif,ok,
mp-1221345,cif/na_bandgap_ge1/mp-1221345.cif,ok,
mp-1221337,cif/na_bandgap_ge1/mp-1221337.cif,ok,
mp-1221346,cif/na_bandgap_ge1/mp-1221346.cif,ok,
mp-1221344,cif/na_bandgap_ge1/mp-1221344.cif,ok,
mp-1221367,cif/na_bandgap_ge1/mp-1221367.cif,ok,
mp-1221374,cif/na_bandgap_ge1/mp-1221374.cif,ok,
mp-1221365,cif/na_bandgap_ge1/mp-1221365.cif,ok,
mp-1221355,cif/na_bandgap_ge1/mp-1221355.cif,ok,
mp-1221384,cif/na_bandgap_ge1/mp-1221384.cif,ok,
mp-1221383,cif/na_bandgap_ge1/mp-1221383.cif,ok,
mp-1221376,cif/na_bandgap_ge1/mp-1221376.cif,ok,
mp-1221385,cif/na_bandgap_ge1/mp-1221385.cif,ok,
mp-1221398,cif/na_bandgap_ge1/mp-1221398.cif,ok,
mp-1221399,cif/na_bandgap_ge1/mp-1221399.cif,ok,
mp-1221428,cif/na_bandgap_ge1/mp-1221428.cif,ok,
mp-1221423,cif/na_bandgap_ge1/mp-1221423.cif,ok,
mp-1221409,cif/na_bandgap_ge1/mp-1221409.cif,ok,
mp-1221451,cif/na_bandgap_ge1/mp-1221451.cif,ok,
mp-1221449,cif/na_bandgap_ge1/mp-1221449.cif,ok,
mp-1221453,cif/na_bandgap_ge1/mp-1221453.cif,ok,
mp-1221456,cif/na_bandgap_ge1/mp-1221456.cif,ok,
mp-1221459,cif/na_bandgap_ge1/mp-1221459.cif,ok,
mp-1221444,cif/na_bandgap_ge1/mp-1221444.cif,ok,
mp-1221476,cif/na_bandgap_ge1/mp-1221476.cif,ok,
mp-1221475,cif/na_bandgap_ge1/mp-1221475.cif,ok,
mp-1221481,cif/na_bandgap_ge1/mp-1221481.cif,ok,
mp-1221478,cif/na_bandgap_ge1/mp-1221478.cif,ok,
mp-1221470,cif/na_bandgap_ge1/mp-1221470.cif,ok,
mp-1221477,cif/na_bandgap_ge1/mp-1221477.cif,ok,
mp-1221472,cif/na_bandgap_ge1/mp-1221472.cif,ok,
mp-1221511,cif/na_bandgap_ge1/mp-1221511.cif,ok,
mp-1221527,cif/na_bandgap_ge1/mp-1221527.cif,ok,
mp-1221585,cif/na_bandgap_ge1/mp-1221585.cif,ok,
mp-1221604,cif/na_bandgap_ge1/mp-1221604.cif,ok,
mp-1221674,cif/na_bandgap_ge1/mp-1221674.cif,ok,
mp-1221800,cif/na_bandgap_ge1/mp-1221800.cif,ok,
mp-1221806,cif/na_bandgap_ge1/mp-1221806.cif,ok,
mp-1221844,cif/na_bandgap_ge1/mp-1221844.cif,ok,
mp-1221910,cif/na_bandgap_ge1/mp-1221910.cif,ok,
mp-1221915,cif/na_bandgap_ge1/mp-1221915.cif,ok,
mp-1221911,cif/na_bandgap_ge1/mp-1221911.cif,ok,
mp-1222730,cif/na_bandgap_ge1/mp-1222730.cif,ok,
mp-1223383,cif/na_bandgap_ge1/mp-1223383.cif,ok,
mp-1223630,cif/na_bandgap_ge1/mp-1223630.cif,ok,
mp-1223632,cif/na_bandgap_ge1/mp-1223632.cif,ok,
mp-1223707,cif/na_bandgap_ge1/mp-1223707.cif,ok,
mp-1227036,cif/na_bandgap_ge1/mp-1227036.cif,ok,
mp-1227924,cif/na_bandgap_ge1/mp-1227924.cif,ok,
mp-1228103,cif/na_bandgap_ge1/mp-1228103.cif,ok,
mp-1228581,cif/na_bandgap_ge1/mp-1228581.cif,ok,
mp-1228955,cif/na_bandgap_ge1/mp-1228955.cif,ok,
mp-1257731,cif/na_bandgap_ge1/mp-1257731.cif,ok,
mp-1518636,cif/na_bandgap_ge1/mp-1518636.cif,ok,
mp-1520572,cif/na_bandgap_ge1/mp-1520572.cif,ok,
mp-648,cif/na_bandgap_ge1/mp-648.cif,ok,
mp-1266,cif/na_bandgap_ge1/mp-1266.cif,ok,
mp-2352,cif/na_bandgap_ge1/mp-2352.cif,ok,
mp-2340,cif/na_bandgap_ge1/mp-2340.cif,ok,
mp-2784,cif/na_bandgap_ge1/mp-2784.cif,ok,
mp-3070,cif/na_bandgap_ge1/mp-3070.cif,ok,
mp-3143,cif/na_bandgap_ge1/mp-3143.cif,ok,
mp-3193,cif/na_bandgap_ge1/mp-3193.cif,ok,
mp-3285,cif/na_bandgap_ge1/mp-3285.cif,ok,
mp-3318,cif/na_bandgap_ge1/mp-3318.cif,ok,
mp-3488,cif/na_bandgap_ge1/mp-3488.cif,ok,
mp-3622,cif/na_bandgap_ge1/mp-3622.cif,ok,
mp-3775,cif/na_bandgap_ge1/mp-3775.cif,ok,
mp-3855,cif/na_bandgap_ge1/mp-3855.cif,ok,
mp-4068,cif/na_bandgap_ge1/mp-4068.cif,ok,
mp-4199,cif/na_bandgap_ge1/mp-4199.cif,ok,
mp-4533,cif/na_bandgap_ge1/mp-4533.cif,ok,
mp-4770,cif/na_bandgap_ge1/mp-4770.cif,ok,
mp-4829,cif/na_bandgap_ge1/mp-4829.cif,ok,
mp-4961,cif/na_bandgap_ge1/mp-4961.cif,ok,
mp-5004,cif/na_bandgap_ge1/mp-5004.cif,ok,
mp-5141,cif/na_bandgap_ge1/mp-5141.cif,ok,
mp-5416,cif/na_bandgap_ge1/mp-5416.cif,ok,
mp-5449,cif/na_bandgap_ge1/mp-5449.cif,ok,
mp-5784,cif/na_bandgap_ge1/mp-5784.cif,ok,
mp-5996,cif/na_bandgap_ge1/mp-5996.cif,ok,
mp-6026,cif/na_bandgap_ge1/mp-6026.cif,ok,
mp-6078,cif/na_bandgap_ge1/mp-6078.cif,ok,
mp-6119,cif/na_bandgap_ge1/mp-6119.cif,ok,
mp-6138,cif/na_bandgap_ge1/mp-6138.cif,ok,
mp-6144,cif/na_bandgap_ge1/mp-6144.cif,ok,
mp-6228,cif/na_bandgap_ge1/mp-6228.cif,ok,
mp-6236,cif/na_bandgap_ge1/mp-6236.cif,ok,
mp-6319,cif/na_bandgap_ge1/mp-6319.cif,ok,
mp-6331,cif/na_bandgap_ge1/mp-6331.cif,ok,
mp-6391,cif/na_bandgap_ge1/mp-6391.cif,ok,
mp-6397,cif/na_bandgap_ge1/mp-6397.cif,ok,
mp-6406,cif/na_bandgap_ge1/mp-6406.cif,ok,
mp-6402,cif/na_bandgap_ge1/mp-6402.cif,ok,
mp-6426,cif/na_bandgap_ge1/mp-6426.cif,ok,
mp-6481,cif/na_bandgap_ge1/mp-6481.cif,ok,
mp-6491,cif/na_bandgap_ge1/mp-6491.cif,ok,
mp-6507,cif/na_bandgap_ge1/mp-6507.cif,ok,
mp-6604,cif/na_bandgap_ge1/mp-6604.cif,ok,
mp-6675,cif/na_bandgap_ge1/mp-6675.cif,ok,
mp-6824,cif/na_bandgap_ge1/mp-6824.cif,ok,
mp-6838,cif/na_bandgap_ge1/mp-6838.cif,ok,
mp-6875,cif/na_bandgap_ge1/mp-6875.cif,ok,
mp-6903,cif/na_bandgap_ge1/mp-6903.cif,ok,
mp-7219,cif/na_bandgap_ge1/mp-7219.cif,ok,
mp-7725,cif/na_bandgap_ge1/mp-7725.cif,ok,
mp-8081,cif/na_bandgap_ge1/mp-8081.cif,ok,
mp-8086,cif/na_bandgap_ge1/mp-8086.cif,ok,
mp-8263,cif/na_bandgap_ge1/mp-8263.cif,ok,
mp-8257,cif/na_bandgap_ge1/mp-8257.cif,ok,
mp-8374,cif/na_bandgap_ge1/mp-8374.cif,ok,
mp-8871,cif/na_bandgap_ge1/mp-8871.cif,ok,
mp-8872,cif/na_bandgap_ge1/mp-8872.cif,ok,
mp-8989,cif/na_bandgap_ge1/mp-8989.cif,ok,
mp-9719,cif/na_bandgap_ge1/mp-9719.cif,ok,
mp-10246,cif/na_bandgap_ge1/mp-10246.cif,ok,
mp-10349,cif/na_bandgap_ge1/mp-10349.cif,ok,
mp-10340,cif/na_bandgap_ge1/mp-10340.cif,ok,
mp-10537,cif/na_bandgap_ge1/mp-10537.cif,ok,
mp-10837,cif/na_bandgap_ge1/mp-10837.cif,ok,
mp-11165,cif/na_bandgap_ge1/mp-11165.cif,ok,
mp-12159,cif/na_bandgap_ge1/mp-12159.cif,ok,
mp-12187,cif/na_bandgap_ge1/mp-12187.cif,ok,
mp-12240,cif/na_bandgap_ge1/mp-12240.cif,ok,
mp-13810,cif/na_bandgap_ge1/mp-13810.cif,ok,
mp-14030,cif/na_bandgap_ge1/mp-14030.cif,ok,
mp-14065,cif/na_bandgap_ge1/mp-14065.cif,ok,
mp-14536,cif/na_bandgap_ge1/mp-14536.cif,ok,
mp-14718,cif/na_bandgap_ge1/mp-14718.cif,ok,
mp-15113,cif/na_bandgap_ge1/mp-15113.cif,ok,
mp-15155,cif/na_bandgap_ge1/mp-15155.cif,ok,
mp-15385,cif/na_bandgap_ge1/mp-15385.cif,ok,
mp-15431,cif/na_bandgap_ge1/mp-15431.cif,ok,
mp-15541,cif/na_bandgap_ge1/mp-15541.cif,ok,
mp-15547,cif/na_bandgap_ge1/mp-15547.cif,ok,
mp-15548,cif/na_bandgap_ge1/mp-15548.cif,ok,
mp-16167,cif/na_bandgap_ge1/mp-16167.cif,ok,
mp-16283,cif/na_bandgap_ge1/mp-16283.cif,ok,
mp-16282,cif/na_bandgap_ge1/mp-16282.cif,ok,
mp-16737,cif/na_bandgap_ge1/mp-16737.cif,ok,
mp-16970,cif/na_bandgap_ge1/mp-16970.cif,ok,
mp-17183,cif/na_bandgap_ge1/mp-17183.cif,ok,
mp-17297,cif/na_bandgap_ge1/mp-17297.cif,ok,
mp-17438,cif/na_bandgap_ge1/mp-17438.cif,ok,
mp-17473,cif/na_bandgap_ge1/mp-17473.cif,ok,
mp-17560,cif/na_bandgap_ge1/mp-17560.cif,ok,
mp-17707,cif/na_bandgap_ge1/mp-17707.cif,ok,
mp-17709,cif/na_bandgap_ge1/mp-17709.cif,ok,
mp-17718,cif/na_bandgap_ge1/mp-17718.cif,ok,
mp-17785,cif/na_bandgap_ge1/mp-17785.cif,ok,
mp-17889,cif/na_bandgap_ge1/mp-17889.cif,ok,
mp-17939,cif/na_bandgap_ge1/mp-17939.cif,ok,
mp-17941,cif/na_bandgap_ge1/mp-17941.cif,ok,
mp-17964,cif/na_bandgap_ge1/mp-17964.cif,ok,
mp-17968,cif/na_bandgap_ge1/mp-17968.cif,ok,
mp-18033,cif/na_bandgap_ge1/mp-18033.cif,ok,
mp-18096,cif/na_bandgap_ge1/mp-18096.cif,ok,
mp-18075,cif/na_bandgap_ge1/mp-18075.cif,ok,
mp-18104,cif/na_bandgap_ge1/mp-18104.cif,ok,
mp-18212,cif/na_bandgap_ge1/mp-18212.cif,ok,
mp-18197,cif/na_bandgap_ge1/mp-18197.cif,ok,
mp-18492,cif/na_bandgap_ge1/mp-18492.cif,ok,
mp-18562,cif/na_bandgap_ge1/mp-18562.cif,ok,
mp-18568,cif/na_bandgap_ge1/mp-18568.cif,ok,
mp-18619,cif/na_bandgap_ge1/mp-18619.cif,ok,
mp-18779,cif/na_bandgap_ge1/mp-18779.cif,ok,
mp-18803,cif/na_bandgap_ge1/mp-18803.cif,ok,
mp-18852,cif/na_bandgap_ge1/mp-18852.cif,ok,
mp-18975,cif/na_bandgap_ge1/mp-18975.cif,ok,
mp-18984,cif/na_bandgap_ge1/mp-18984.cif,ok,
mp-19044,cif/na_bandgap_ge1/mp-19044.cif,ok,
mp-19080,cif/na_bandgap_ge1/mp-19080.cif,ok,
mp-19187,cif/na_bandgap_ge1/mp-19187.cif,ok,
mp-19329,cif/na_bandgap_ge1/mp-19329.cif,ok,
mp-19482,cif/na_bandgap_ge1/mp-19482.cif,ok,
mp-19760,cif/na_bandgap_ge1/mp-19760.cif,ok,
mp-19931,cif/na_bandgap_ge1/mp-19931.cif,ok,
mp-20161,cif/na_bandgap_ge1/mp-20161.cif,ok,
mp-20495,cif/na_bandgap_ge1/mp-20495.cif,ok,
mp-20763,cif/na_bandgap_ge1/mp-20763.cif,ok,
mp-20884,cif/na_bandgap_ge1/mp-20884.cif,ok,
mp-21282,cif/na_bandgap_ge1/mp-21282.cif,ok,
mp-21634,cif/na_bandgap_ge1/mp-21634.cif,ok,
mp-21762,cif/na_bandgap_ge1/mp-21762.cif,ok,
mp-21896,cif/na_bandgap_ge1/mp-21896.cif,ok,
mp-21940,cif/na_bandgap_ge1/mp-21940.cif,ok,
mp-21978,cif/na_bandgap_ge1/mp-21978.cif,ok,
mp-22313,cif/na_bandgap_ge1/mp-22313.cif,ok,
mp-22730,cif/na_bandgap_ge1/mp-22730.cif,ok,
mp-22820,cif/na_bandgap_ge1/mp-22820.cif,ok,
mp-23689,cif/na_bandgap_ge1/mp-23689.cif,ok,
mp-23787,cif/na_bandgap_ge1/mp-23787.cif,ok,
mp-24029,cif/na_bandgap_ge1/mp-24029.cif,ok,
mp-24228,cif/na_bandgap_ge1/mp-24228.cif,ok,
mp-24229,cif/na_bandgap_ge1/mp-24229.cif,ok,
mp-24369,cif/na_bandgap_ge1/mp-24369.cif,ok,
mp-24367,cif/na_bandgap_ge1/mp-24367.cif,ok,
mp-24413,cif/na_bandgap_ge1/mp-24413.cif,ok,
mp-27126,cif/na_bandgap_ge1/mp-27126.cif,ok,
mp-27248,cif/na_bandgap_ge1/mp-27248.cif,ok,
mp-27280,cif/na_bandgap_ge1/mp-27280.cif,ok,
mp-27307,cif/na_bandgap_ge1/mp-27307.cif,ok,
mp-27537,cif/na_bandgap_ge1/mp-27537.cif,ok,
mp-27622,cif/na_bandgap_ge1/mp-27622.cif,ok,
mp-27936,cif/na_bandgap_ge1/mp-27936.cif,ok,
mp-28127,cif/na_bandgap_ge1/mp-28127.cif,ok,
mp-28278,cif/na_bandgap_ge1/mp-28278.cif,ok,
mp-28588,cif/na_bandgap_ge1/mp-28588.cif,ok,
mp-28657,cif/na_bandgap_ge1/mp-28657.cif,ok,
mp-28658,cif/na_bandgap_ge1/mp-28658.cif,ok,
mp-28713,cif/na_bandgap_ge1/mp-28713.cif,ok,
mp-28810,cif/na_bandgap_ge1/mp-28810.cif,ok,
mp-28830,cif/na_bandgap_ge1/mp-28830.cif,ok,
mp-28858,cif/na_bandgap_ge1/mp-28858.cif,ok,
mp-28904,cif/na_bandgap_ge1/mp-28904.cif,ok,
mp-29359,cif/na_bandgap_ge1/mp-29359.cif,ok,
mp-29381,cif/na_bandgap_ge1/mp-29381.cif,ok,
mp-29411,cif/na_bandgap_ge1/mp-29411.cif,ok,
mp-29488,cif/na_bandgap_ge1/mp-29488.cif,ok,
mp-29793,cif/na_bandgap_ge1/mp-29793.cif,ok,
mp-30972,cif/na_bandgap_ge1/mp-30972.cif,ok,
mp-31269,cif/na_bandgap_ge1/mp-31269.cif,ok,
mp-31370,cif/na_bandgap_ge1/mp-31370.cif,ok,
mp-32533,cif/na_bandgap_ge1/mp-32533.cif,ok,
mp-35404,cif/na_bandgap_ge1/mp-35404.cif,ok,
mp-37458,cif/na_bandgap_ge1/mp-37458.cif,ok,
mp-39260,cif/na_bandgap_ge1/mp-39260.cif,ok,
mp-40873,cif/na_bandgap_ge1/mp-40873.cif,ok,
mp-40963,cif/na_bandgap_ge1/mp-40963.cif,ok,
mp-43030,cif/na_bandgap_ge1/mp-43030.cif,ok,
mp-504605,cif/na_bandgap_ge1/mp-504605.cif,ok,
mp-504854,cif/na_bandgap_ge1/mp-504854.cif,ok,
mp-504953,cif/na_bandgap_ge1/mp-504953.cif,ok,
mp-505121,cif/na_bandgap_ge1/mp-505121.cif,ok,
mp-505185,cif/na_bandgap_ge1/mp-505185.cif,ok,
mp-505274,cif/na_bandgap_ge1/mp-505274.cif,ok,
mp-505307,cif/na_bandgap_ge1/mp-505307.cif,ok,
mp-505382,cif/na_bandgap_ge1/mp-505382.cif,ok,
mp-505561,cif/na_bandgap_ge1/mp-505561.cif,ok,
mp-510526,cif/na_bandgap_ge1/mp-510526.cif,ok,
mp-510599,cif/na_bandgap_ge1/mp-510599.cif,ok,
mp-510635,cif/na_bandgap_ge1/mp-510635.cif,ok,
mp-532604,cif/na_bandgap_ge1/mp-532604.cif,ok,
mp-534773,cif/na_bandgap_ge1/mp-534773.cif,ok,
mp-532802,cif/na_bandgap_ge1/mp-532802.cif,ok,
mp-540591,cif/na_bandgap_ge1/mp-540591.cif,ok,
mp-540706,cif/na_bandgap_ge1/mp-540706.cif,ok,
mp-540871,cif/na_bandgap_ge1/mp-540871.cif,ok,
mp-540945,cif/na_bandgap_ge1/mp-540945.cif,ok,
mp-540951,cif/na_bandgap_ge1/mp-540951.cif,ok,
mp-540965,cif/na_bandgap_ge1/mp-540965.cif,ok,
mp-541522,cif/na_bandgap_ge1/mp-541522.cif,ok,
mp-541619,cif/na_bandgap_ge1/mp-541619.cif,ok,
mp-541895,cif/na_bandgap_ge1/mp-541895.cif,ok,
mp-541918,cif/na_bandgap_ge1/mp-541918.cif,ok,
mp-541917,cif/na_bandgap_ge1/mp-541917.cif,ok,
mp-541989,cif/na_bandgap_ge1/mp-541989.cif,ok,
mp-542300,cif/na_bandgap_ge1/mp-542300.cif,ok,
mp-542686,cif/na_bandgap_ge1/mp-542686.cif,ok,
mp-542864,cif/na_bandgap_ge1/mp-542864.cif,ok,
mp-545359,cif/na_bandgap_ge1/mp-545359.cif,ok,
mp-545646,cif/na_bandgap_ge1/mp-545646.cif,ok,
mp-546142,cif/na_bandgap_ge1/mp-546142.cif,ok,
mp-553969,cif/na_bandgap_ge1/mp-553969.cif,ok,
mp-553975,cif/na_bandgap_ge1/mp-553975.cif,ok,
mp-554041,cif/na_bandgap_ge1/mp-554041.cif,ok,
mp-554191,cif/na_bandgap_ge1/mp-554191.cif,ok,
mp-554228,cif/na_bandgap_ge1/mp-554228.cif,ok,
mp-554383,cif/na_bandgap_ge1/mp-554383.cif,ok,
mp-554507,cif/na_bandgap_ge1/mp-554507.cif,ok,
mp-554657,cif/na_bandgap_ge1/mp-554657.cif,ok,
mp-554754,cif/na_bandgap_ge1/mp-554754.cif,ok,
mp-554823,cif/na_bandgap_ge1/mp-554823.cif,ok,
mp-554828,cif/na_bandgap_ge1/mp-554828.cif,ok,
mp-554856,cif/na_bandgap_ge1/mp-554856.cif,ok,
mp-554845,cif/na_bandgap_ge1/mp-554845.cif,ok,
mp-555018,cif/na_bandgap_ge1/mp-555018.cif,ok,
mp-555104,cif/na_bandgap_ge1/mp-555104.cif,ok,
mp-555155,cif/na_bandgap_ge1/mp-555155.cif,ok,
mp-555182,cif/na_bandgap_ge1/mp-555182.cif,ok,
mp-555266,cif/na_bandgap_ge1/mp-555266.cif,ok,
mp-555300,cif/na_bandgap_ge1/mp-555300.cif,ok,
mp-555342,cif/na_bandgap_ge1/mp-555342.cif,ok,
mp-555363,cif/na_bandgap_ge1/mp-555363.cif,ok,
mp-555626,cif/na_bandgap_ge1/mp-555626.cif,ok,
mp-555618,cif/na_bandgap_ge1/mp-555618.cif,ok,
mp-555687,cif/na_bandgap_ge1/mp-555687.cif,ok,
mp-555730,cif/na_bandgap_ge1/mp-555730.cif,ok,
mp-555784,cif/na_bandgap_ge1/mp-555784.cif,ok,
mp-555851,cif/na_bandgap_ge1/mp-555851.cif,ok,
mp-555871,cif/na_bandgap_ge1/mp-555871.cif,ok,
mp-555865,cif/na_bandgap_ge1/mp-555865.cif,ok,
mp-555861,cif/na_bandgap_ge1/mp-555861.cif,ok,
mp-555933,cif/na_bandgap_ge1/mp-555933.cif,ok,
mp-555920,cif/na_bandgap_ge1/mp-555920.cif,ok,
mp-555976,cif/na_bandgap_ge1/mp-555976.cif,ok,
mp-556013,cif/na_bandgap_ge1/mp-556013.cif,ok,
mp-556024,cif/na_bandgap_ge1/mp-556024.cif,ok,
mp-556102,cif/na_bandgap_ge1/mp-556102.cif,ok,
mp-556125,cif/na_bandgap_ge1/mp-556125.cif,ok,
mp-556198,cif/na_bandgap_ge1/mp-556198.cif,ok,
mp-556195,cif/na_bandgap_ge1/mp-556195.cif,ok,
mp-556232,cif/na_bandgap_ge1/mp-556232.cif,ok,
mp-556289,cif/na_bandgap_ge1/mp-556289.cif,ok,
mp-556283,cif/na_bandgap_ge1/mp-556283.cif,ok,
mp-556307,cif/na_bandgap_ge1/mp-556307.cif,ok,
mp-556356,cif/na_bandgap_ge1/mp-556356.cif,ok,
mp-556404,cif/na_bandgap_ge1/mp-556404.cif,ok,
mp-556423,cif/na_bandgap_ge1/mp-556423.cif,ok,
mp-556637,cif/na_bandgap_ge1/mp-556637.cif,ok,
mp-556641,cif/na_bandgap_ge1/mp-556641.cif,ok,
mp-556679,cif/na_bandgap_ge1/mp-556679.cif,ok,
mp-556709,cif/na_bandgap_ge1/mp-556709.cif,ok,
mp-556699,cif/na_bandgap_ge1/mp-556699.cif,ok,
mp-556806,cif/na_bandgap_ge1/mp-556806.cif,ok,
mp-556978,cif/na_bandgap_ge1/mp-556978.cif,ok,
mp-557006,cif/na_bandgap_ge1/mp-557006.cif,ok,
mp-557127,cif/na_bandgap_ge1/mp-557127.cif,ok,
mp-557221,cif/na_bandgap_ge1/mp-557221.cif,ok,
mp-557230,cif/na_bandgap_ge1/mp-557230.cif,ok,
mp-557290,cif/na_bandgap_ge1/mp-557290.cif,ok,
mp-557315,cif/na_bandgap_ge1/mp-557315.cif,ok,
mp-557323,cif/na_bandgap_ge1/mp-557323.cif,ok,
mp-557391,cif/na_bandgap_ge1/mp-557391.cif,ok,
mp-557423,cif/na_bandgap_ge1/mp-557423.cif,ok,
mp-557450,cif/na_bandgap_ge1/mp-557450.cif,ok,
mp-557538,cif/na_bandgap_ge1/mp-557538.cif,ok,
mp-557549,cif/na_bandgap_ge1/mp-557549.cif,ok,
mp-557596,cif/na_bandgap_ge1/mp-557596.cif,ok,
mp-557698,cif/na_bandgap_ge1/mp-557698.cif,ok,
mp-557845,cif/na_bandgap_ge1/mp-557845.cif,ok,
mp-557927,cif/na_bandgap_ge1/mp-557927.cif,ok,
mp-557923,cif/na_bandgap_ge1/mp-557923.cif,ok,
mp-558033,cif/na_bandgap_ge1/mp-558033.cif,ok,
mp-558049,cif/na_bandgap_ge1/mp-558049.cif,ok,
mp-558077,cif/na_bandgap_ge1/mp-558077.cif,ok,
mp-558087,cif/na_bandgap_ge1/mp-558087.cif,ok,
mp-558191,cif/na_bandgap_ge1/mp-558191.cif,ok,
mp-558198,cif/na_bandgap_ge1/mp-558198.cif,ok,
mp-558335,cif/na_bandgap_ge1/mp-558335.cif,ok,
mp-558356,cif/na_bandgap_ge1/mp-558356.cif,ok,
mp-558383,cif/na_bandgap_ge1/mp-558383.cif,ok,
mp-558580,cif/na_bandgap_ge1/mp-558580.cif,ok,
mp-558710,cif/na_bandgap_ge1/mp-558710.cif,ok,
mp-558824,cif/na_bandgap_ge1/mp-558824.cif,ok,
mp-558933,cif/na_bandgap_ge1/mp-558933.cif,ok,
mp-558954,cif/na_bandgap_ge1/mp-558954.cif,ok,
mp-558993,cif/na_bandgap_ge1/mp-558993.cif,ok,
mp-559012,cif/na_bandgap_ge1/mp-559012.cif,ok,
mp-559067,cif/na_bandgap_ge1/mp-559067.cif,ok,
mp-559068,cif/na_bandgap_ge1/mp-559068.cif,ok,
mp-559111,cif/na_bandgap_ge1/mp-559111.cif,ok,
mp-559135,cif/na_bandgap_ge1/mp-559135.cif,ok,
mp-559376,cif/na_bandgap_ge1/mp-559376.cif,ok,
mp-559557,cif/na_bandgap_ge1/mp-559557.cif,ok,
mp-559586,cif/na_bandgap_ge1/mp-559586.cif,ok,
mp-559658,cif/na_bandgap_ge1/mp-559658.cif,ok,
mp-559711,cif/na_bandgap_ge1/mp-559711.cif,ok,
mp-559833,cif/na_bandgap_ge1/mp-559833.cif,ok,
mp-559869,cif/na_bandgap_ge1/mp-559869.cif,ok,
mp-559875,cif/na_bandgap_ge1/mp-559875.cif,ok,
mp-559910,cif/na_bandgap_ge1/mp-559910.cif,ok,
mp-559968,cif/na_bandgap_ge1/mp-559968.cif,ok,
mp-559982,cif/na_bandgap_ge1/mp-559982.cif,ok,
mp-560004,cif/na_bandgap_ge1/mp-560004.cif,ok,
mp-560120,cif/na_bandgap_ge1/mp-560120.cif,ok,
mp-560327,cif/na_bandgap_ge1/mp-560327.cif,ok,
mp-560438,cif/na_bandgap_ge1/mp-560438.cif,ok,
mp-560545,cif/na_bandgap_ge1/mp-560545.cif,ok,
mp-560613,cif/na_bandgap_ge1/mp-560613.cif,ok,
mp-560638,cif/na_bandgap_ge1/mp-560638.cif,ok,
mp-560829,cif/na_bandgap_ge1/mp-560829.cif,ok,
mp-560860,cif/na_bandgap_ge1/mp-560860.cif,ok,
mp-560889,cif/na_bandgap_ge1/mp-560889.cif,ok,
mp-560934,cif/na_bandgap_ge1/mp-560934.cif,ok,
mp-561006,cif/na_bandgap_ge1/mp-561006.cif,ok,
mp-561052,cif/na_bandgap_ge1/mp-561052.cif,ok,
mp-561075,cif/na_bandgap_ge1/mp-561075.cif,ok,
mp-561166,cif/na_bandgap_ge1/mp-561166.cif,ok,
mp-561260,cif/na_bandgap_ge1/mp-561260.cif,ok,
mp-561247,cif/na_bandgap_ge1/mp-561247.cif,ok,
mp-561352,cif/na_bandgap_ge1/mp-561352.cif,ok,
mp-561346,cif/na_bandgap_ge1/mp-561346.cif,ok,
mp-561395,cif/na_bandgap_ge1/mp-561395.cif,ok,
mp-561486,cif/na_bandgap_ge1/mp-561486.cif,ok,
mp-562194,cif/na_bandgap_ge1/mp-562194.cif,ok,
mp-567228,cif/na_bandgap_ge1/mp-567228.cif,ok,
mp-568543,cif/na_bandgap_ge1/mp-568543.cif,ok,
mp-568987,cif/na_bandgap_ge1/mp-568987.cif,ok,
mp-569918,cif/na_bandgap_ge1/mp-569918.cif,ok,
mp-571470,cif/na_bandgap_ge1/mp-571470.cif,ok,
mp-571621,cif/na_bandgap_ge1/mp-571621.cif,ok,
mp-573581,cif/na_bandgap_ge1/mp-573581.cif,ok,
mp-582483,cif/na_bandgap_ge1/mp-582483.cif,ok,
mp-583646,cif/na_bandgap_ge1/mp-583646.cif,ok,
mp-600151,cif/na_bandgap_ge1/mp-600151.cif,ok,
mp-603572,cif/na_bandgap_ge1/mp-603572.cif,ok,
mp-604147,cif/na_bandgap_ge1/mp-604147.cif,ok,
mp-616461,cif/na_bandgap_ge1/mp-616461.cif,ok,
mp-621926,cif/na_bandgap_ge1/mp-621926.cif,ok,
mp-632760,cif/na_bandgap_ge1/mp-632760.cif,ok,
mp-640915,cif/na_bandgap_ge1/mp-640915.cif,ok,
mp-643260,cif/na_bandgap_ge1/mp-643260.cif,ok,
mp-643248,cif/na_bandgap_ge1/mp-643248.cif,ok,
mp-643788,cif/na_bandgap_ge1/mp-643788.cif,ok,
mp-643776,cif/na_bandgap_ge1/mp-643776.cif,ok,
mp-643896,cif/na_bandgap_ge1/mp-643896.cif,ok,
mp-644092,cif/na_bandgap_ge1/mp-644092.cif,ok,
mp-644276,cif/na_bandgap_ge1/mp-644276.cif,ok,
mp-644245,cif/na_bandgap_ge1/mp-644245.cif,ok,
mp-645487,cif/na_bandgap_ge1/mp-645487.cif,ok,
mp-648140,cif/na_bandgap_ge1/mp-648140.cif,ok,
mp-650929,cif/na_bandgap_ge1/mp-650929.cif,ok,
mp-654664,cif/na_bandgap_ge1/mp-654664.cif,ok,
mp-662522,cif/na_bandgap_ge1/mp-662522.cif,ok,
mp-662605,cif/na_bandgap_ge1/mp-662605.cif,ok,
mp-669528,cif/na_bandgap_ge1/mp-669528.cif,ok,
mp-672223,cif/na_bandgap_ge1/mp-672223.cif,ok,
mp-673702,cif/na_bandgap_ge1/mp-673702.cif,ok,
mp-674492,cif/na_bandgap_ge1/mp-674492.cif,ok,
mp-675693,cif/na_bandgap_ge1/mp-675693.cif,ok,
mp-676074,cif/na_bandgap_ge1/mp-676074.cif,ok,
mp-676447,cif/na_bandgap_ge1/mp-676447.cif,ok,
mp-677095,cif/na_bandgap_ge1/mp-677095.cif,ok,
mp-677670,cif/na_bandgap_ge1/mp-677670.cif,ok,
mp-680381,cif/na_bandgap_ge1/mp-680381.cif,ok,
mp-683943,cif/na_bandgap_ge1/mp-683943.cif,ok,
mp-684783,cif/na_bandgap_ge1/mp-684783.cif,ok,
mp-684868,cif/na_bandgap_ge1/mp-684868.cif,ok,
mp-685478,cif/na_bandgap_ge1/mp-685478.cif,ok,
mp-686310,cif/na_bandgap_ge1/mp-686310.cif,ok,
mp-690200,cif/na_bandgap_ge1/mp-690200.cif,ok,
mp-690684,cif/na_bandgap_ge1/mp-690684.cif,ok,
mp-690785,cif/na_bandgap_ge1/mp-690785.cif,ok,
mp-691091,cif/na_bandgap_ge1/mp-691091.cif,ok,
mp-694930,cif/na_bandgap_ge1/mp-694930.cif,ok,
mp-694958,cif/na_bandgap_ge1/mp-694958.cif,ok,
mp-694985,cif/na_bandgap_ge1/mp-694985.cif,ok,
mp-694979,cif/na_bandgap_ge1/mp-694979.cif,ok,
mp-694997,cif/na_bandgap_ge1/mp-694997.cif,ok,
mp-695243,cif/na_bandgap_ge1/mp-695243.cif,ok,
mp-695511,cif/na_bandgap_ge1/mp-695511.cif,ok,
mp-695945,cif/na_bandgap_ge1/mp-695945.cif,ok,
mp-695965,cif/na_bandgap_ge1/mp-695965.cif,ok,
mp-696217,cif/na_bandgap_ge1/mp-696217.cif,ok,
mp-696485,cif/na_bandgap_ge1/mp-696485.cif,ok,
mp-697096,cif/na_bandgap_ge1/mp-697096.cif,ok,
mp-697211,cif/na_bandgap_ge1/mp-697211.cif,ok,
mp-697817,cif/na_bandgap_ge1/mp-697817.cif,ok,
mp-697888,cif/na_bandgap_ge1/mp-697888.cif,ok,
mp-697960,cif/na_bandgap_ge1/mp-697960.cif,ok,
mp-698025,cif/na_bandgap_ge1/mp-698025.cif,ok,
mp-698063,cif/na_bandgap_ge1/mp-698063.cif,ok,
mp-698056,cif/na_bandgap_ge1/mp-698056.cif,ok,
mp-698134,cif/na_bandgap_ge1/mp-698134.cif,ok,
mp-698223,cif/na_bandgap_ge1/mp-698223.cif,ok,
mp-699317,cif/na_bandgap_ge1/mp-699317.cif,ok,
mp-699457,cif/na_bandgap_ge1/mp-699457.cif,ok,
mp-699482,cif/na_bandgap_ge1/mp-699482.cif,ok,
mp-699543,cif/na_bandgap_ge1/mp-699543.cif,ok,
mp-699582,cif/na_bandgap_ge1/mp-699582.cif,ok,
mp-699648,cif/na_bandgap_ge1/mp-699648.cif,ok,
mp-699888,cif/na_bandgap_ge1/mp-699888.cif,ok,
mp-703305,cif/na_bandgap_ge1/mp-703305.cif,ok,
mp-704360,cif/na_bandgap_ge1/mp-704360.cif,ok,
mp-704459,cif/na_bandgap_ge1/mp-704459.cif,ok,
mp-704577,cif/na_bandgap_ge1/mp-704577.cif,ok,
mp-704915,cif/na_bandgap_ge1/mp-704915.cif,ok,
mp-706285,cif/na_bandgap_ge1/mp-706285.cif,ok,
mp-706342,cif/na_bandgap_ge1/mp-706342.cif,ok,
mp-706617,cif/na_bandgap_ge1/mp-706617.cif,ok,
mp-706631,cif/na_bandgap_ge1/mp-706631.cif,ok,
mp-706655,cif/na_bandgap_ge1/mp-706655.cif,ok,
mp-707055,cif/na_bandgap_ge1/mp-707055.cif,ok,
mp-707151,cif/na_bandgap_ge1/mp-707151.cif,ok,
mp-707459,cif/na_bandgap_ge1/mp-707459.cif,ok,
mp-707470,cif/na_bandgap_ge1/mp-707470.cif,ok,
mp-707508,cif/na_bandgap_ge1/mp-707508.cif,ok,
mp-707645,cif/na_bandgap_ge1/mp-707645.cif,ok,
mp-707767,cif/na_bandgap_ge1/mp-707767.cif,ok,
mp-707840,cif/na_bandgap_ge1/mp-707840.cif,ok,
mp-708993,cif/na_bandgap_ge1/mp-708993.cif,ok,
mp-720098,cif/na_bandgap_ge1/mp-720098.cif,ok,
mp-720212,cif/na_bandgap_ge1/mp-720212.cif,ok,
mp-720334,cif/na_bandgap_ge1/mp-720334.cif,ok,
mp-720312,cif/na_bandgap_ge1/mp-720312.cif,ok,
mp-720432,cif/na_bandgap_ge1/mp-720432.cif,ok,
mp-541081,cif/na_bandgap_ge1/mp-541081.cif,ok,
mp-541104,cif/na_bandgap_ge1/mp-541104.cif,ok,
mp-541220,cif/na_bandgap_ge1/mp-541220.cif,ok,
mp-541393,cif/na_bandgap_ge1/mp-541393.cif,ok,
mp-541513,cif/na_bandgap_ge1/mp-541513.cif,ok,
mp-542451,cif/na_bandgap_ge1/mp-542451.cif,ok,
mp-542533,cif/na_bandgap_ge1/mp-542533.cif,ok,
mp-542563,cif/na_bandgap_ge1/mp-542563.cif,ok,
mp-542919,cif/na_bandgap_ge1/mp-542919.cif,ok,
mp-542951,cif/na_bandgap_ge1/mp-542951.cif,ok,
mp-545399,cif/na_bandgap_ge1/mp-545399.cif,ok,
mp-546118,cif/na_bandgap_ge1/mp-546118.cif,ok,
mp-546500,cif/na_bandgap_ge1/mp-546500.cif,ok,
mp-550925,cif/na_bandgap_ge1/mp-550925.cif,ok,
mp-553887,cif/na_bandgap_ge1/mp-553887.cif,ok,
mp-553912,cif/na_bandgap_ge1/mp-553912.cif,ok,
mp-553926,cif/na_bandgap_ge1/mp-553926.cif,ok,
mp-554048,cif/na_bandgap_ge1/mp-554048.cif,ok,
mp-554121,cif/na_bandgap_ge1/mp-554121.cif,ok,
mp-554124,cif/na_bandgap_ge1/mp-554124.cif,ok,
mp-554149,cif/na_bandgap_ge1/mp-554149.cif,ok,
mp-554157,cif/na_bandgap_ge1/mp-554157.cif,ok,
mp-554193,cif/na_bandgap_ge1/mp-554193.cif,ok,
mp-554240,cif/na_bandgap_ge1/mp-554240.cif,ok,
mp-554252,cif/na_bandgap_ge1/mp-554252.cif,ok,
mp-554248,cif/na_bandgap_ge1/mp-554248.cif,ok,
mp-554239,cif/na_bandgap_ge1/mp-554239.cif,ok,
mp-554288,cif/na_bandgap_ge1/mp-554288.cif,ok,
mp-554328,cif/na_bandgap_ge1/mp-554328.cif,ok,
mp-554384,cif/na_bandgap_ge1/mp-554384.cif,ok,
mp-554441,cif/na_bandgap_ge1/mp-554441.cif,ok,
mp-554584,cif/na_bandgap_ge1/mp-554584.cif,ok,
mp-554716,cif/na_bandgap_ge1/mp-554716.cif,ok,
mp-554702,cif/na_bandgap_ge1/mp-554702.cif,ok,
mp-554778,cif/na_bandgap_ge1/mp-554778.cif,ok,
mp-554948,cif/na_bandgap_ge1/mp-554948.cif,ok,
mp-554947,cif/na_bandgap_ge1/mp-554947.cif,ok,
mp-555030,cif/na_bandgap_ge1/mp-555030.cif,ok,
mp-555048,cif/na_bandgap_ge1/mp-555048.cif,ok,
mp-555076,cif/na_bandgap_ge1/mp-555076.cif,ok,
mp-555116,cif/na_bandgap_ge1/mp-555116.cif,ok,
mp-555118,cif/na_bandgap_ge1/mp-555118.cif,ok,
mp-555305,cif/na_bandgap_ge1/mp-555305.cif,ok,
mp-555325,cif/na_bandgap_ge1/mp-555325.cif,ok,
mp-555392,cif/na_bandgap_ge1/mp-555392.cif,ok,
mp-555420,cif/na_bandgap_ge1/mp-555420.cif,ok,
mp-555447,cif/na_bandgap_ge1/mp-555447.cif,ok,
mp-555494,cif/na_bandgap_ge1/mp-555494.cif,ok,
mp-555552,cif/na_bandgap_ge1/mp-555552.cif,ok,
mp-555576,cif/na_bandgap_ge1/mp-555576.cif,ok,
mp-555665,cif/na_bandgap_ge1/mp-555665.cif,ok,
mp-555726,cif/na_bandgap_ge1/mp-555726.cif,ok,
mp-555752,cif/na_bandgap_ge1/mp-555752.cif,ok,
mp-555794,cif/na_bandgap_ge1/mp-555794.cif,ok,
mp-555812,cif/na_bandgap_ge1/mp-555812.cif,ok,
mp-555904,cif/na_bandgap_ge1/mp-555904.cif,ok,
mp-555975,cif/na_bandgap_ge1/mp-555975.cif,ok,
mp-555970,cif/na_bandgap_ge1/mp-555970.cif,ok,
mp-556001,cif/na_bandgap_ge1/mp-556001.cif,ok,
mp-556012,cif/na_bandgap_ge1/mp-556012.cif,ok,
mp-556062,cif/na_bandgap_ge1/mp-556062.cif,ok,
mp-556145,cif/na_bandgap_ge1/mp-556145.cif,ok,
mp-556185,cif/na_bandgap_ge1/mp-556185.cif,ok,
mp-556226,cif/na_bandgap_ge1/mp-556226.cif,ok,
mp-556287,cif/na_bandgap_ge1/mp-556287.cif,ok,
mp-556316,cif/na_bandgap_ge1/mp-556316.cif,ok,
mp-556320,cif/na_bandgap_ge1/mp-556320.cif,ok,
mp-556373,cif/na_bandgap_ge1/mp-556373.cif,ok,
mp-556438,cif/na_bandgap_ge1/mp-556438.cif,ok,
mp-556487,cif/na_bandgap_ge1/mp-556487.cif,ok,
mp-556491,cif/na_bandgap_ge1/mp-556491.cif,ok,
mp-556619,cif/na_bandgap_ge1/mp-556619.cif,ok,
mp-556695,cif/na_bandgap_ge1/mp-556695.cif,ok,
mp-556741,cif/na_bandgap_ge1/mp-556741.cif,ok,
mp-556740,cif/na_bandgap_ge1/mp-556740.cif,ok,
mp-556783,cif/na_bandgap_ge1/mp-556783.cif,ok,
mp-556802,cif/na_bandgap_ge1/mp-556802.cif,ok,
mp-556865,cif/na_bandgap_ge1/mp-556865.cif,ok,
mp-556890,cif/na_bandgap_ge1/mp-556890.cif,ok,
mp-556934,cif/na_bandgap_ge1/mp-556934.cif,ok,
mp-557047,cif/na_bandgap_ge1/mp-557047.cif,ok,
mp-557087,cif/na_bandgap_ge1/mp-557087.cif,ok,
mp-557126,cif/na_bandgap_ge1/mp-557126.cif,ok,
mp-557154,cif/na_bandgap_ge1/mp-557154.cif,ok,
mp-557183,cif/na_bandgap_ge1/mp-557183.cif,ok,
mp-557366,cif/na_bandgap_ge1/mp-557366.cif,ok,
mp-557375,cif/na_bandgap_ge1/mp-557375.cif,ok,
mp-557407,cif/na_bandgap_ge1/mp-557407.cif,ok,
mp-557406,cif/na_bandgap_ge1/mp-557406.cif,ok,
mp-557436,cif/na_bandgap_ge1/mp-557436.cif,ok,
mp-557508,cif/na_bandgap_ge1/mp-557508.cif,ok,
mp-557645,cif/na_bandgap_ge1/mp-557645.cif,ok,
mp-557669,cif/na_bandgap_ge1/mp-557669.cif,ok,
mp-557656,cif/na_bandgap_ge1/mp-557656.cif,ok,
mp-557679,cif/na_bandgap_ge1/mp-557679.cif,ok,
mp-557716,cif/na_bandgap_ge1/mp-557716.cif,ok,
mp-557744,cif/na_bandgap_ge1/mp-557744.cif,ok,
mp-557840,cif/na_bandgap_ge1/mp-557840.cif,ok,
mp-557976,cif/na_bandgap_ge1/mp-557976.cif,ok,
mp-558045,cif/na_bandgap_ge1/mp-558045.cif,ok,
mp-558050,cif/na_bandgap_ge1/mp-558050.cif,ok,
mp-558066,cif/na_bandgap_ge1/mp-558066.cif,ok,
mp-558078,cif/na_bandgap_ge1/mp-558078.cif,ok,
mp-558085,cif/na_bandgap_ge1/mp-558085.cif,ok,
mp-558129,cif/na_bandgap_ge1/mp-558129.cif,ok,
mp-558160,cif/na_bandgap_ge1/mp-558160.cif,ok,
mp-558169,cif/na_bandgap_ge1/mp-558169.cif,ok,
mp-558181,cif/na_bandgap_ge1/mp-558181.cif,ok,
mp-558194,cif/na_bandgap_ge1/mp-558194.cif,ok,
mp-558192,cif/na_bandgap_ge1/mp-558192.cif,ok,
mp-558211,cif/na_bandgap_ge1/mp-558211.cif,ok,
mp-558212,cif/na_bandgap_ge1/mp-558212.cif,ok,
mp-558237,cif/na_bandgap_ge1/mp-558237.cif,ok,
mp-558267,cif/na_bandgap_ge1/mp-558267.cif,ok,
mp-558293,cif/na_bandgap_ge1/mp-558293.cif,ok,
mp-558317,cif/na_bandgap_ge1/mp-558317.cif,ok,
mp-558463,cif/na_bandgap_ge1/mp-558463.cif,ok,
mp-558429,cif/na_bandgap_ge1/mp-558429.cif,ok,
mp-558441,cif/na_bandgap_ge1/mp-558441.cif,ok,
mp-558460,cif/na_bandgap_ge1/mp-558460.cif,ok,
mp-558597,cif/na_bandgap_ge1/mp-558597.cif,ok,
mp-558632,cif/na_bandgap_ge1/mp-558632.cif,ok,
mp-558674,cif/na_bandgap_ge1/mp-558674.cif,ok,
mp-558862,cif/na_bandgap_ge1/mp-558862.cif,ok,
mp-558920,cif/na_bandgap_ge1/mp-558920.cif,ok,
mp-559005,cif/na_bandgap_ge1/mp-559005.cif,ok,
mp-559036,cif/na_bandgap_ge1/mp-559036.cif,ok,
mp-559053,cif/na_bandgap_ge1/mp-559053.cif,ok,
mp-559065,cif/na_bandgap_ge1/mp-559065.cif,ok,
mp-559160,cif/na_bandgap_ge1/mp-559160.cif,ok,
mp-559252,cif/na_bandgap_ge1/mp-559252.cif,ok,
mp-559336,cif/na_bandgap_ge1/mp-559336.cif,ok,
mp-559384,cif/na_bandgap_ge1/mp-559384.cif,ok,
mp-559354,cif/na_bandgap_ge1/mp-559354.cif,ok,
mp-559407,cif/na_bandgap_ge1/mp-559407.cif,ok,
mp-559446,cif/na_bandgap_ge1/mp-559446.cif,ok,
mp-559502,cif/na_bandgap_ge1/mp-559502.cif,ok,
mp-559532,cif/na_bandgap_ge1/mp-559532.cif,ok,
mp-559533,cif/na_bandgap_ge1/mp-559533.cif,ok,
mp-559563,cif/na_bandgap_ge1/mp-559563.cif,ok,
mp-559610,cif/na_bandgap_ge1/mp-559610.cif,ok,
mp-559618,cif/na_bandgap_ge1/mp-559618.cif,ok,
mp-559710,cif/na_bandgap_ge1/mp-559710.cif,ok,
mp-559786,cif/na_bandgap_ge1/mp-559786.cif,ok,
mp-559795,cif/na_bandgap_ge1/mp-559795.cif,ok,
mp-559868,cif/na_bandgap_ge1/mp-559868.cif,ok,
mp-559903,cif/na_bandgap_ge1/mp-559903.cif,ok,
mp-559904,cif/na_bandgap_ge1/mp-559904.cif,ok,
mp-560016,cif/na_bandgap_ge1/mp-560016.cif,ok,
mp-560039,cif/na_bandgap_ge1/mp-560039.cif,ok,
mp-560037,cif/na_bandgap_ge1/mp-560037.cif,ok,
mp-560032,cif/na_bandgap_ge1/mp-560032.cif,ok,
mp-560174,cif/na_bandgap_ge1/mp-560174.cif,ok,
mp-560188,cif/na_bandgap_ge1/mp-560188.cif,ok,
mp-560189,cif/na_bandgap_ge1/mp-560189.cif,ok,
mp-560176,cif/na_bandgap_ge1/mp-560176.cif,ok,
mp-560226,cif/na_bandgap_ge1/mp-560226.cif,ok,
mp-560242,cif/na_bandgap_ge1/mp-560242.cif,ok,
mp-560259,cif/na_bandgap_ge1/mp-560259.cif,ok,
mp-560334,cif/na_bandgap_ge1/mp-560334.cif,ok,
mp-560399,cif/na_bandgap_ge1/mp-560399.cif,ok,
mp-560476,cif/na_bandgap_ge1/mp-560476.cif,ok,
mp-560570,cif/na_bandgap_ge1/mp-560570.cif,ok,
mp-560591,cif/na_bandgap_ge1/mp-560591.cif,ok,
mp-560632,cif/na_bandgap_ge1/mp-560632.cif,ok,
mp-560653,cif/na_bandgap_ge1/mp-560653.cif,ok,
mp-560673,cif/na_bandgap_ge1/mp-560673.cif,ok,
mp-560721,cif/na_bandgap_ge1/mp-560721.cif,ok,
mp-560732,cif/na_bandgap_ge1/mp-560732.cif,ok,
mp-560767,cif/na_bandgap_ge1/mp-560767.cif,ok,
mp-560769,cif/na_bandgap_ge1/mp-560769.cif,ok,
mp-560768,cif/na_bandgap_ge1/mp-560768.cif,ok,
mp-560773,cif/na_bandgap_ge1/mp-560773.cif,ok,
mp-560790,cif/na_bandgap_ge1/mp-560790.cif,ok,
mp-560799,cif/na_bandgap_ge1/mp-560799.cif,ok,
mp-560791,cif/na_bandgap_ge1/mp-560791.cif,ok,
mp-560898,cif/na_bandgap_ge1/mp-560898.cif,ok,
mp-560921,cif/na_bandgap_ge1/mp-560921.cif,ok,
mp-560936,cif/na_bandgap_ge1/mp-560936.cif,ok,
mp-560950,cif/na_bandgap_ge1/mp-560950.cif,ok,
mp-560939,cif/na_bandgap_ge1/mp-560939.cif,ok,
mp-560963,cif/na_bandgap_ge1/mp-560963.cif,ok,
mp-560981,cif/na_bandgap_ge1/mp-560981.cif,ok,
mp-561062,cif/na_bandgap_ge1/mp-561062.cif,ok,
mp-561131,cif/na_bandgap_ge1/mp-561131.cif,ok,
mp-561198,cif/na_bandgap_ge1/mp-561198.cif,ok,
mp-561190,cif/na_bandgap_ge1/mp-561190.cif,ok,
mp-561232,cif/na_bandgap_ge1/mp-561232.cif,ok,
mp-561234,cif/na_bandgap_ge1/mp-561234.cif,ok,
mp-561254,cif/na_bandgap_ge1/mp-561254.cif,ok,
mp-561309,cif/na_bandgap_ge1/mp-561309.cif,ok,
mp-561310,cif/na_bandgap_ge1/mp-561310.cif,ok,
mp-561303,cif/na_bandgap_ge1/mp-561303.cif,ok,
mp-561353,cif/na_bandgap_ge1/mp-561353.cif,ok,
mp-561368,cif/na_bandgap_ge1/mp-561368.cif,ok,
mp-561398,cif/na_bandgap_ge1/mp-561398.cif,ok,
mp-561514,cif/na_bandgap_ge1/mp-561514.cif,ok,
mp-561491,cif/na_bandgap_ge1/mp-561491.cif,ok,
mp-561519,cif/na_bandgap_ge1/mp-561519.cif,ok,
mp-561536,cif/na_bandgap_ge1/mp-561536.cif,ok,
mp-561535,cif/na_bandgap_ge1/mp-561535.cif,ok,
mp-562382,cif/na_bandgap_ge1/mp-562382.cif,ok,
mp-562436,cif/na_bandgap_ge1/mp-562436.cif,ok,
mp-562542,cif/na_bandgap_ge1/mp-562542.cif,ok,
mp-562661,cif/na_bandgap_ge1/mp-562661.cif,ok,
mp-562796,cif/na_bandgap_ge1/mp-562796.cif,ok,
mp-565518,cif/na_bandgap_ge1/mp-565518.cif,ok,
mp-567498,cif/na_bandgap_ge1/mp-567498.cif,ok,
mp-567575,cif/na_bandgap_ge1/mp-567575.cif,ok,
mp-567824,cif/na_bandgap_ge1/mp-567824.cif,ok,
mp-567836,cif/na_bandgap_ge1/mp-567836.cif,ok,
mp-568428,cif/na_bandgap_ge1/mp-568428.cif,ok,
mp-568422,cif/na_bandgap_ge1/mp-568422.cif,ok,
mp-568439,cif/na_bandgap_ge1/mp-568439.cif,ok,
mp-568670,cif/na_bandgap_ge1/mp-568670.cif,ok,
mp-568759,cif/na_bandgap_ge1/mp-568759.cif,ok,
mp-568785,cif/na_bandgap_ge1/mp-568785.cif,ok,
mp-569491,cif/na_bandgap_ge1/mp-569491.cif,ok,
mp-569580,cif/na_bandgap_ge1/mp-569580.cif,ok,
mp-570193,cif/na_bandgap_ge1/mp-570193.cif,ok,
mp-570248,cif/na_bandgap_ge1/mp-570248.cif,ok,
mp-570538,cif/na_bandgap_ge1/mp-570538.cif,ok,
mp-570548,cif/na_bandgap_ge1/mp-570548.cif,ok,
mp-570622,cif/na_bandgap_ge1/mp-570622.cif,ok,
mp-570876,cif/na_bandgap_ge1/mp-570876.cif,ok,
mp-571248,cif/na_bandgap_ge1/mp-571248.cif,ok,
mp-571414,cif/na_bandgap_ge1/mp-571414.cif,ok,
mp-571433,cif/na_bandgap_ge1/mp-571433.cif,ok,
mp-571467,cif/na_bandgap_ge1/mp-571467.cif,ok,
mp-572951,cif/na_bandgap_ge1/mp-572951.cif,ok,
mp-574822,cif/na_bandgap_ge1/mp-574822.cif,ok,
mp-578604,cif/na_bandgap_ge1/mp-578604.cif,ok,
mp-580541,cif/na_bandgap_ge1/mp-580541.cif,ok,
mp-580589,cif/na_bandgap_ge1/mp-580589.cif,ok,
mp-581862,cif/na_bandgap_ge1/mp-581862.cif,ok,
mp-581868,cif/na_bandgap_ge1/mp-581868.cif,ok,
mp-601202,cif/na_bandgap_ge1/mp-601202.cif,ok,
mp-601228,cif/na_bandgap_ge1/mp-601228.cif,ok,
mp-604429,cif/na_bandgap_ge1/mp-604429.cif,ok,
mp-604368,cif/na_bandgap_ge1/mp-604368.cif,ok,
mp-605018,cif/na_bandgap_ge1/mp-605018.cif,ok,
mp-607931,cif/na_bandgap_ge1/mp-607931.cif,ok,
mp-608490,cif/na_bandgap_ge1/mp-608490.cif,ok,
mp-622295,cif/na_bandgap_ge1/mp-622295.cif,ok,
mp-622602,cif/na_bandgap_ge1/mp-622602.cif,ok,
mp-623854,cif/na_bandgap_ge1/mp-623854.cif,ok,
mp-625051,cif/na_bandgap_ge1/mp-625051.cif,ok,
mp-625378,cif/na_bandgap_ge1/mp-625378.cif,ok,
mp-625455,cif/na_bandgap_ge1/mp-625455.cif,ok,
mp-625391,cif/na_bandgap_ge1/mp-625391.cif,ok,
mp-625501,cif/na_bandgap_ge1/mp-625501.cif,ok,
mp-625996,cif/na_bandgap_ge1/mp-625996.cif,ok,
mp-626000,cif/na_bandgap_ge1/mp-626000.cif,ok,
mp-626165,cif/na_bandgap_ge1/mp-626165.cif,ok,
mp-626506,cif/na_bandgap_ge1/mp-626506.cif,ok,
mp-626554,cif/na_bandgap_ge1/mp-626554.cif,ok,
mp-626778,cif/na_bandgap_ge1/mp-626778.cif,ok,
mp-628583,cif/na_bandgap_ge1/mp-628583.cif,ok,
mp-628185,cif/na_bandgap_ge1/mp-628185.cif,ok,
mp-632282,cif/na_bandgap_ge1/mp-632282.cif,ok,
mp-632685,cif/na_bandgap_ge1/mp-632685.cif,ok,
mp-632684,cif/na_bandgap_ge1/mp-632684.cif,ok,
mp-634378,cif/na_bandgap_ge1/mp-634378.cif,ok,
mp-633158,cif/na_bandgap_ge1/mp-633158.cif,ok,
mp-634418,cif/na_bandgap_ge1/mp-634418.cif,ok,
mp-634410,cif/na_bandgap_ge1/mp-634410.cif,ok,
mp-634434,cif/na_bandgap_ge1/mp-634434.cif,ok,
mp-634657,cif/na_bandgap_ge1/mp-634657.cif,ok,
mp-640950,cif/na_bandgap_ge1/mp-640950.cif,ok,
mp-643394,cif/na_bandgap_ge1/mp-643394.cif,ok,
mp-644302,cif/na_bandgap_ge1/mp-644302.cif,ok,
mp-644318,cif/na_bandgap_ge1/mp-644318.cif,ok,
mp-644506,cif/na_bandgap_ge1/mp-644506.cif,ok,
mp-646192,cif/na_bandgap_ge1/mp-646192.cif,ok,
mp-647450,cif/na_bandgap_ge1/mp-647450.cif,ok,
mp-648053,cif/na_bandgap_ge1/mp-648053.cif,ok,
mp-648072,cif/na_bandgap_ge1/mp-648072.cif,ok,
mp-648745,cif/na_bandgap_ge1/mp-648745.cif,ok,
mp-649722,cif/na_bandgap_ge1/mp-649722.cif,ok,
mp-651301,cif/na_bandgap_ge1/mp-651301.cif,ok,
mp-664362,cif/na_bandgap_ge1/mp-664362.cif,ok,
mp-667200,cif/na_bandgap_ge1/mp-667200.cif,ok,
mp-667374,cif/na_bandgap_ge1/mp-667374.cif,ok,
mp-669384,cif/na_bandgap_ge1/mp-669384.cif,ok,
mp-672212,cif/na_bandgap_ge1/mp-672212.cif,ok,
mp-674297,cif/na_bandgap_ge1/mp-674297.cif,ok,
mp-674459,cif/na_bandgap_ge1/mp-674459.cif,ok,
mp-675161,cif/na_bandgap_ge1/mp-675161.cif,ok,
mp-675199,cif/na_bandgap_ge1/mp-675199.cif,ok,
mp-675230,cif/na_bandgap_ge1/mp-675230.cif,ok,
mp-675397,cif/na_bandgap_ge1/mp-675397.cif,ok,
mp-675531,cif/na_bandgap_ge1/mp-675531.cif,ok,
mp-675778,cif/na_bandgap_ge1/mp-675778.cif,ok,
mp-675798,cif/na_bandgap_ge1/mp-675798.cif,ok,
mp-676023,cif/na_bandgap_ge1/mp-676023.cif,ok,
mp-676014,cif/na_bandgap_ge1/mp-676014.cif,ok,
mp-676280,cif/na_bandgap_ge1/mp-676280.cif,ok,
mp-676360,cif/na_bandgap_ge1/mp-676360.cif,ok,
mp-676483,cif/na_bandgap_ge1/mp-676483.cif,ok,
mp-676673,cif/na_bandgap_ge1/mp-676673.cif,ok,
mp-676779,cif/na_bandgap_ge1/mp-676779.cif,ok,
mp-676991,cif/na_bandgap_ge1/mp-676991.cif,ok,
mp-677027,cif/na_bandgap_ge1/mp-677027.cif,ok,
mp-677179,cif/na_bandgap_ge1/mp-677179.cif,ok,
mp-677223,cif/na_bandgap_ge1/mp-677223.cif,ok,
mp-677233,cif/na_bandgap_ge1/mp-677233.cif,ok,
mp-677384,cif/na_bandgap_ge1/mp-677384.cif,ok,
mp-677430,cif/na_bandgap_ge1/mp-677430.cif,ok,
mp-677573,cif/na_bandgap_ge1/mp-677573.cif,ok,
mp-677731,cif/na_bandgap_ge1/mp-677731.cif,ok,
mp-679669,cif/na_bandgap_ge1/mp-679669.cif,ok,
mp-680472,cif/na_bandgap_ge1/mp-680472.cif,ok,
mp-683773,cif/na_bandgap_ge1/mp-683773.cif,ok,
mp-684816,cif/na_bandgap_ge1/mp-684816.cif,ok,
mp-684821,cif/na_bandgap_ge1/mp-684821.cif,ok,
mp-684912,cif/na_bandgap_ge1/mp-684912.cif,ok,
mp-684950,cif/na_bandgap_ge1/mp-684950.cif,ok,
mp-684991,cif/na_bandgap_ge1/mp-684991.cif,ok,
mp-686572,cif/na_bandgap_ge1/mp-686572.cif,ok,
mp-686543,cif/na_bandgap_ge1/mp-686543.cif,ok,
mp-686526,cif/na_bandgap_ge1/mp-686526.cif,ok,
mp-686735,cif/na_bandgap_ge1/mp-686735.cif,ok,
mp-689577,cif/na_bandgap_ge1/mp-689577.cif,ok,
mp-690372,cif/na_bandgap_ge1/mp-690372.cif,ok,
mp-690548,cif/na_bandgap_ge1/mp-690548.cif,ok,
mp-690653,cif/na_bandgap_ge1/mp-690653.cif,ok,
mp-690977,cif/na_bandgap_ge1/mp-690977.cif,ok,
mp-690914,cif/na_bandgap_ge1/mp-690914.cif,ok,
mp-693463,cif/na_bandgap_ge1/mp-693463.cif,ok,
mp-693612,cif/na_bandgap_ge1/mp-693612.cif,ok,
mp-693857,cif/na_bandgap_ge1/mp-693857.cif,ok,
mp-694049,cif/na_bandgap_ge1/mp-694049.cif,ok,
mp-694876,cif/na_bandgap_ge1/mp-694876.cif,ok,
mp-694890,cif/na_bandgap_ge1/mp-694890.cif,ok,
mp-694918,cif/na_bandgap_ge1/mp-694918.cif,ok,
mp-694955,cif/na_bandgap_ge1/mp-694955.cif,ok,
mp-695305,cif/na_bandgap_ge1/mp-695305.cif,ok,
mp-695470,cif/na_bandgap_ge1/mp-695470.cif,ok,
mp-695476,cif/na_bandgap_ge1/mp-695476.cif,ok,
mp-695597,cif/na_bandgap_ge1/mp-695597.cif,ok,
mp-695514,cif/na_bandgap_ge1/mp-695514.cif,ok,
mp-695608,cif/na_bandgap_ge1/mp-695608.cif,ok,
mp-695964,cif/na_bandgap_ge1/mp-695964.cif,ok,
mp-695960,cif/na_bandgap_ge1/mp-695960.cif,ok,
mp-695982,cif/na_bandgap_ge1/mp-695982.cif,ok,
mp-695963,cif/na_bandgap_ge1/mp-695963.cif,ok,
mp-696175,cif/na_bandgap_ge1/mp-696175.cif,ok,
mp-696157,cif/na_bandgap_ge1/mp-696157.cif,ok,
mp-696179,cif/na_bandgap_ge1/mp-696179.cif,ok,
mp-696174,cif/na_bandgap_ge1/mp-696174.cif,ok,
mp-696315,cif/na_bandgap_ge1/mp-696315.cif,ok,
mp-696347,cif/na_bandgap_ge1/mp-696347.cif,ok,
mp-696416,cif/na_bandgap_ge1/mp-696416.cif,ok,
mp-696396,cif/na_bandgap_ge1/mp-696396.cif,ok,
mp-696512,cif/na_bandgap_ge1/mp-696512.cif,ok,
mp-696842,cif/na_bandgap_ge1/mp-696842.cif,ok,
mp-696849,cif/na_bandgap_ge1/mp-696849.cif,ok,
mp-696989,cif/na_bandgap_ge1/mp-696989.cif,ok,
mp-696990,cif/na_bandgap_ge1/mp-696990.cif,ok,
mp-697027,cif/na_bandgap_ge1/mp-697027.cif,ok,
mp-697278,cif/na_bandgap_ge1/mp-697278.cif,ok,
mp-697367,cif/na_bandgap_ge1/mp-697367.cif,ok,
mp-697551,cif/na_bandgap_ge1/mp-697551.cif,ok,
mp-697828,cif/na_bandgap_ge1/mp-697828.cif,ok,
mp-698191,cif/na_bandgap_ge1/mp-698191.cif,ok,
mp-698491,cif/na_bandgap_ge1/mp-698491.cif,ok,
mp-698457,cif/na_bandgap_ge1/mp-698457.cif,ok,
mp-698654,cif/na_bandgap_ge1/mp-698654.cif,ok,
mp-698690,cif/na_bandgap_ge1/mp-698690.cif,ok,
mp-698706,cif/na_bandgap_ge1/mp-698706.cif,ok,
mp-699219,cif/na_bandgap_ge1/mp-699219.cif,ok,
mp-699136,cif/na_bandgap_ge1/mp-699136.cif,ok,
mp-703275,cif/na_bandgap_ge1/mp-703275.cif,ok,
mp-704100,cif/na_bandgap_ge1/mp-704100.cif,ok,
mp-704546,cif/na_bandgap_ge1/mp-704546.cif,ok,
mp-705485,cif/na_bandgap_ge1/mp-705485.cif,ok,
mp-705502,cif/na_bandgap_ge1/mp-705502.cif,ok,
mp-705528,cif/na_bandgap_ge1/mp-705528.cif,ok,
mp-705853,cif/na_bandgap_ge1/mp-705853.cif,ok,
mp-705861,cif/na_bandgap_ge1/mp-705861.cif,ok,
mp-706239,cif/na_bandgap_ge1/mp-706239.cif,ok,
mp-706235,cif/na_bandgap_ge1/mp-706235.cif,ok,
mp-706281,cif/na_bandgap_ge1/mp-706281.cif,ok,
mp-706292,cif/na_bandgap_ge1/mp-706292.cif,ok,
mp-706489,cif/na_bandgap_ge1/mp-706489.cif,ok,
mp-706544,cif/na_bandgap_ge1/mp-706544.cif,ok,
mp-706525,cif/na_bandgap_ge1/mp-706525.cif,ok,
mp-706629,cif/na_bandgap_ge1/mp-706629.cif,ok,
mp-707097,cif/na_bandgap_ge1/mp-707097.cif,ok,
mp-707176,cif/na_bandgap_ge1/mp-707176.cif,ok,
mp-707395,cif/na_bandgap_ge1/mp-707395.cif,ok,
mp-707419,cif/na_bandgap_ge1/mp-707419.cif,ok,
mp-707463,cif/na_bandgap_ge1/mp-707463.cif,ok,
mp-707453,cif/na_bandgap_ge1/mp-707453.cif,ok,
mp-707532,cif/na_bandgap_ge1/mp-707532.cif,ok,
mp-707788,cif/na_bandgap_ge1/mp-707788.cif,ok,
mp-707911,cif/na_bandgap_ge1/mp-707911.cif,ok,
mp-708035,cif/na_bandgap_ge1/mp-708035.cif,ok,
mp-708984,cif/na_bandgap_ge1/mp-708984.cif,ok,
mp-709432,cif/na_bandgap_ge1/mp-709432.cif,ok,
mp-714664,cif/na_bandgap_ge1/mp-714664.cif,ok,
mp-720204,cif/na_bandgap_ge1/mp-720204.cif,ok,
mp-720245,cif/na_bandgap_ge1/mp-720245.cif,ok,
mp-720244,cif/na_bandgap_ge1/mp-720244.cif,ok,
mp-720379,cif/na_bandgap_ge1/mp-720379.cif,ok,
mp-720410,cif/na_bandgap_ge1/mp-720410.cif,ok,
mp-720533,cif/na_bandgap_ge1/mp-720533.cif,ok,
mp-720642,cif/na_bandgap_ge1/mp-720642.cif,ok,
mp-720704,cif/na_bandgap_ge1/mp-720704.cif,ok,
mp-720825,cif/na_bandgap_ge1/mp-720825.cif,ok,
mp-720948,cif/na_bandgap_ge1/mp-720948.cif,ok,
mp-721294,cif/na_bandgap_ge1/mp-721294.cif,ok,
mp-721314,cif/na_bandgap_ge1/mp-721314.cif,ok,
mp-721426,cif/na_bandgap_ge1/mp-721426.cif,ok,
mp-721727,cif/na_bandgap_ge1/mp-721727.cif,ok,
mp-721712,cif/na_bandgap_ge1/mp-721712.cif,ok,
mp-721988,cif/na_bandgap_ge1/mp-721988.cif,ok,
mp-722188,cif/na_bandgap_ge1/mp-722188.cif,ok,
mp-722342,cif/na_bandgap_ge1/mp-722342.cif,ok,
mp-722997,cif/na_bandgap_ge1/mp-722997.cif,ok,
mp-723426,cif/na_bandgap_ge1/mp-723426.cif,ok,
mp-723629,cif/na_bandgap_ge1/mp-723629.cif,ok,
mp-725593,cif/na_bandgap_ge1/mp-725593.cif,ok,
mp-726198,cif/na_bandgap_ge1/mp-726198.cif,ok,
mp-727391,cif/na_bandgap_ge1/mp-727391.cif,ok,
mp-727944,cif/na_bandgap_ge1/mp-727944.cif,ok,
mp-728306,cif/na_bandgap_ge1/mp-728306.cif,ok,
mp-728664,cif/na_bandgap_ge1/mp-728664.cif,ok,
mp-729027,cif/na_bandgap_ge1/mp-729027.cif,ok,
mp-730154,cif/na_bandgap_ge1/mp-730154.cif,ok,
mp-733637,cif/na_bandgap_ge1/mp-733637.cif,ok,
mp-734013,cif/na_bandgap_ge1/mp-734013.cif,ok,
mp-738668,cif/na_bandgap_ge1/mp-738668.cif,ok,
mp-740736,cif/na_bandgap_ge1/mp-740736.cif,ok,
mp-740746,cif/na_bandgap_ge1/mp-740746.cif,ok,
mp-740765,cif/na_bandgap_ge1/mp-740765.cif,ok,
mp-744713,cif/na_bandgap_ge1/mp-744713.cif,ok,
mp-744690,cif/na_bandgap_ge1/mp-744690.cif,ok,
mp-746030,cif/na_bandgap_ge1/mp-746030.cif,ok,
mp-752506,cif/na_bandgap_ge1/mp-752506.cif,ok,
mp-752560,cif/na_bandgap_ge1/mp-752560.cif,ok,
mp-752583,cif/na_bandgap_ge1/mp-752583.cif,ok,
mp-752672,cif/na_bandgap_ge1/mp-752672.cif,ok,
mp-752755,cif/na_bandgap_ge1/mp-752755.cif,ok,
mp-752810,cif/na_bandgap_ge1/mp-752810.cif,ok,
mp-752972,cif/na_bandgap_ge1/mp-752972.cif,ok,
mp-753022,cif/na_bandgap_ge1/mp-753022.cif,ok,
mp-753443,cif/na_bandgap_ge1/mp-753443.cif,ok,
mp-753672,cif/na_bandgap_ge1/mp-753672.cif,ok,
mp-754027,cif/na_bandgap_ge1/mp-754027.cif,ok,
mp-754043,cif/na_bandgap_ge1/mp-754043.cif,ok,
mp-754250,cif/na_bandgap_ge1/mp-754250.cif,ok,
mp-754334,cif/na_bandgap_ge1/mp-754334.cif,ok,
mp-754368,cif/na_bandgap_ge1/mp-754368.cif,ok,
mp-754456,cif/na_bandgap_ge1/mp-754456.cif,ok,
mp-754777,cif/na_bandgap_ge1/mp-754777.cif,ok,
mp-754796,cif/na_bandgap_ge1/mp-754796.cif,ok,
mp-754825,cif/na_bandgap_ge1/mp-754825.cif,ok,
mp-754818,cif/na_bandgap_ge1/mp-754818.cif,ok,
mp-755015,cif/na_bandgap_ge1/mp-755015.cif,ok,
mp-755144,cif/na_bandgap_ge1/mp-755144.cif,ok,
mp-755141,cif/na_bandgap_ge1/mp-755141.cif,ok,
mp-755311,cif/na_bandgap_ge1/mp-755311.cif,ok,
mp-755586,cif/na_bandgap_ge1/mp-755586.cif,ok,
mp-755617,cif/na_bandgap_ge1/mp-755617.cif,ok,
mp-755754,cif/na_bandgap_ge1/mp-755754.cif,ok,
mp-755861,cif/na_bandgap_ge1/mp-755861.cif,ok,
mp-755883,cif/na_bandgap_ge1/mp-755883.cif,ok,
mp-755942,cif/na_bandgap_ge1/mp-755942.cif,ok,
mp-755959,cif/na_bandgap_ge1/mp-755959.cif,ok,
mp-756034,cif/na_bandgap_ge1/mp-756034.cif,ok,
mp-756085,cif/na_bandgap_ge1/mp-756085.cif,ok,
mp-756091,cif/na_bandgap_ge1/mp-756091.cif,ok,
mp-756248,cif/na_bandgap_ge1/mp-756248.cif,ok,
mp-756721,cif/na_bandgap_ge1/mp-756721.cif,ok,
mp-757203,cif/na_bandgap_ge1/mp-757203.cif,ok,
mp-757312,cif/na_bandgap_ge1/mp-757312.cif,ok,
mp-757387,cif/na_bandgap_ge1/mp-757387.cif,ok,
mp-757398,cif/na_bandgap_ge1/mp-757398.cif,ok,
mp-758128,cif/na_bandgap_ge1/mp-758128.cif,ok,
mp-758168,cif/na_bandgap_ge1/mp-758168.cif,ok,
mp-758632,cif/na_bandgap_ge1/mp-758632.cif,ok,
mp-758826,cif/na_bandgap_ge1/mp-758826.cif,ok,
mp-758942,cif/na_bandgap_ge1/mp-758942.cif,ok,
mp-759218,cif/na_bandgap_ge1/mp-759218.cif,ok,
mp-759230,cif/na_bandgap_ge1/mp-759230.cif,ok,
mp-759533,cif/na_bandgap_ge1/mp-759533.cif,ok,
mp-759675,cif/na_bandgap_ge1/mp-759675.cif,ok,
mp-759759,cif/na_bandgap_ge1/mp-759759.cif,ok,
mp-759794,cif/na_bandgap_ge1/mp-759794.cif,ok,
mp-759838,cif/na_bandgap_ge1/mp-759838.cif,ok,
mp-759974,cif/na_bandgap_ge1/mp-759974.cif,ok,
mp-760210,cif/na_bandgap_ge1/mp-760210.cif,ok,
mp-760344,cif/na_bandgap_ge1/mp-760344.cif,ok,
mp-760927,cif/na_bandgap_ge1/mp-760927.cif,ok,
mp-760911,cif/na_bandgap_ge1/mp-760911.cif,ok,
mp-760994,cif/na_bandgap_ge1/mp-760994.cif,ok,
mp-761016,cif/na_bandgap_ge1/mp-761016.cif,ok,
mp-761044,cif/na_bandgap_ge1/mp-761044.cif,ok,
mp-761066,cif/na_bandgap_ge1/mp-761066.cif,ok,
mp-761067,cif/na_bandgap_ge1/mp-761067.cif,ok,
mp-761175,cif/na_bandgap_ge1/mp-761175.cif,ok,
mp-763899,cif/na_bandgap_ge1/mp-763899.cif,ok,
mp-763901,cif/na_bandgap_ge1/mp-763901.cif,ok,
mp-764111,cif/na_bandgap_ge1/mp-764111.cif,ok,
mp-764171,cif/na_bandgap_ge1/mp-764171.cif,ok,
mp-764629,cif/na_bandgap_ge1/mp-764629.cif,ok,
mp-765753,cif/na_bandgap_ge1/mp-765753.cif,ok,
mp-765959,cif/na_bandgap_ge1/mp-765959.cif,ok,
mp-766031,cif/na_bandgap_ge1/mp-766031.cif,ok,
mp-766230,cif/na_bandgap_ge1/mp-766230.cif,ok,
mp-766427,cif/na_bandgap_ge1/mp-766427.cif,ok,
mp-766448,cif/na_bandgap_ge1/mp-766448.cif,ok,
mp-767419,cif/na_bandgap_ge1/mp-767419.cif,ok,
mp-767538,cif/na_bandgap_ge1/mp-767538.cif,ok,
mp-767535,cif/na_bandgap_ge1/mp-767535.cif,ok,
mp-767556,cif/na_bandgap_ge1/mp-767556.cif,ok,
mp-3346412,cif/na_bandgap_ge1/mp-3346412.cif,ok,
mp-3346553,cif/na_bandgap_ge1/mp-3346553.cif,ok,
mp-3346571,cif/na_bandgap_ge1/mp-3346571.cif,ok,
mp-3346730,cif/na_bandgap_ge1/mp-3346730.cif,ok,
mp-1640545,cif/na_bandgap_ge1/mp-1640545.cif,ok,
mp-1644086,cif/na_bandgap_ge1/mp-1644086.cif,ok,
mp-1974948,cif/na_bandgap_ge1/mp-1974948.cif,ok,
mp-1975297,cif/na_bandgap_ge1/mp-1975297.cif,ok,
mp-2217119,cif/na_bandgap_ge1/mp-2217119.cif,ok,
mp-2217469,cif/na_bandgap_ge1/mp-2217469.cif,ok,
mp-2217480,cif/na_bandgap_ge1/mp-2217480.cif,ok,
mp-2217564,cif/na_bandgap_ge1/mp-2217564.cif,ok,
mp-2217629,cif/na_bandgap_ge1/mp-2217629.cif,ok,
mp-2217696,cif/na_bandgap_ge1/mp-2217696.cif,ok,
mp-2218188,cif/na_bandgap_ge1/mp-2218188.cif,ok,
mp-2218827,cif/na_bandgap_ge1/mp-2218827.cif,ok,
mp-2218926,cif/na_bandgap_ge1/mp-2218926.cif,ok,
mp-2226665,cif/na_bandgap_ge1/mp-2226665.cif,ok,
mp-2227250,cif/na_bandgap_ge1/mp-2227250.cif,ok,
mp-2228046,cif/na_bandgap_ge1/mp-2228046.cif,ok,
mp-2229266,cif/na_bandgap_ge1/mp-2229266.cif,ok,
mp-2229623,cif/na_bandgap_ge1/mp-2229623.cif,ok,
mp-2229864,cif/na_bandgap_ge1/mp-2229864.cif,ok,
mp-2230112,cif/na_bandgap_ge1/mp-2230112.cif,ok,
mp-2232293,cif/na_bandgap_ge1/mp-2232293.cif,ok,
mp-2232789,cif/na_bandgap_ge1/mp-2232789.cif,ok,
mp-2233145,cif/na_bandgap_ge1/mp-2233145.cif,ok,
mp-2646915,cif/na_bandgap_ge1/mp-2646915.cif,ok,
mp-2712524,cif/na_bandgap_ge1/mp-2712524.cif,ok,
mp-2712523,cif/na_bandgap_ge1/mp-2712523.cif,ok,
mp-2712527,cif/na_bandgap_ge1/mp-2712527.cif,ok,
mp-2712525,cif/na_bandgap_ge1/mp-2712525.cif,ok,
mp-2712532,cif/na_bandgap_ge1/mp-2712532.cif,ok,
mp-2712531,cif/na_bandgap_ge1/mp-2712531.cif,ok,
mp-2712540,cif/na_bandgap_ge1/mp-2712540.cif,ok,
mp-2712543,cif/na_bandgap_ge1/mp-2712543.cif,ok,
mp-2712542,cif/na_bandgap_ge1/mp-2712542.cif,ok,
mp-2712536,cif/na_bandgap_ge1/mp-2712536.cif,ok,
mp-2712538,cif/na_bandgap_ge1/mp-2712538.cif,ok,
mp-2712547,cif/na_bandgap_ge1/mp-2712547.cif,ok,
mp-2712552,cif/na_bandgap_ge1/mp-2712552.cif,ok,
mp-2712554,cif/na_bandgap_ge1/mp-2712554.cif,ok,
mp-2712546,cif/na_bandgap_ge1/mp-2712546.cif,ok,
mp-2712553,cif/na_bandgap_ge1/mp-2712553.cif,ok,
mp-2712558,cif/na_bandgap_ge1/mp-2712558.cif,ok,
mp-2712564,cif/na_bandgap_ge1/mp-2712564.cif,ok,
mp-2712566,cif/na_bandgap_ge1/mp-2712566.cif,ok,
mp-2712563,cif/na_bandgap_ge1/mp-2712563.cif,ok,
mp-2712576,cif/na_bandgap_ge1/mp-2712576.cif,ok,
mp-2712583,cif/na_bandgap_ge1/mp-2712583.cif,ok,
mp-2712596,cif/na_bandgap_ge1/mp-2712596.cif,ok,
mp-2712586,cif/na_bandgap_ge1/mp-2712586.cif,ok,
mp-2712592,cif/na_bandgap_ge1/mp-2712592.cif,ok,
mp-2712589,cif/na_bandgap_ge1/mp-2712589.cif,ok,
mp-2712599,cif/na_bandgap_ge1/mp-2712599.cif,ok,
mp-2712598,cif/na_bandgap_ge1/mp-2712598.cif,ok,
mp-2712604,cif/na_bandgap_ge1/mp-2712604.cif,ok,
mp-2712614,cif/na_bandgap_ge1/mp-2712614.cif,ok,
mp-2712610,cif/na_bandgap_ge1/mp-2712610.cif,ok,
mp-2712613,cif/na_bandgap_ge1/mp-2712613.cif,ok,
mp-2712626,cif/na_bandgap_ge1/mp-2712626.cif,ok,
mp-2712619,cif/na_bandgap_ge1/mp-2712619.cif,ok,
mp-2712620,cif/na_bandgap_ge1/mp-2712620.cif,ok,
mp-2712624,cif/na_bandgap_ge1/mp-2712624.cif,ok,
mp-2712621,cif/na_bandgap_ge1/mp-2712621.cif,ok,
mp-2712636,cif/na_bandgap_ge1/mp-2712636.cif,ok,
mp-2712631,cif/na_bandgap_ge1/mp-2712631.cif,ok,
mp-2712649,cif/na_bandgap_ge1/mp-2712649.cif,ok,
mp-2712639,cif/na_bandgap_ge1/mp-2712639.cif,ok,
mp-2712643,cif/na_bandgap_ge1/mp-2712643.cif,ok,
mp-2712647,cif/na_bandgap_ge1/mp-2712647.cif,ok,
mp-2712646,cif/na_bandgap_ge1/mp-2712646.cif,ok,
mp-2712650,cif/na_bandgap_ge1/mp-2712650.cif,ok,
mp-2712671,cif/na_bandgap_ge1/mp-2712671.cif,ok,
mp-2712661,cif/na_bandgap_ge1/mp-2712661.cif,ok,
mp-2712663,cif/na_bandgap_ge1/mp-2712663.cif,ok,
mp-2712667,cif/na_bandgap_ge1/mp-2712667.cif,ok,
mp-2712664,cif/na_bandgap_ge1/mp-2712664.cif,ok,
mp-2712669,cif/na_bandgap_ge1/mp-2712669.cif,ok,
mp-2712682,cif/na_bandgap_ge1/mp-2712682.cif,ok,
mp-2712676,cif/na_bandgap_ge1/mp-2712676.cif,ok,
mp-2712673,cif/na_bandgap_ge1/mp-2712673.cif,ok,
mp-2712675,cif/na_bandgap_ge1/mp-2712675.cif,ok,
mp-2712680,cif/na_bandgap_ge1/mp-2712680.cif,ok,
mp-2712684,cif/na_bandgap_ge1/mp-2712684.cif,ok,
mp-2712683,cif/na_bandgap_ge1/mp-2712683.cif,ok,
mp-2712691,cif/na_bandgap_ge1/mp-2712691.cif,ok,
mp-2712689,cif/na_bandgap_ge1/mp-2712689.cif,ok,
mp-2712700,cif/na_bandgap_ge1/mp-2712700.cif,ok,
mp-2712698,cif/na_bandgap_ge1/mp-2712698.cif,ok,
mp-2712703,cif/na_bandgap_ge1/mp-2712703.cif,ok,
mp-2712707,cif/na_bandgap_ge1/mp-2712707.cif,ok,
mp-2712714,cif/na_bandgap_ge1/mp-2712714.cif,ok,
mp-2712704,cif/na_bandgap_ge1/mp-2712704.cif,ok,
mp-2712710,cif/na_bandgap_ge1/mp-2712710.cif,ok,
mp-2712722,cif/na_bandgap_ge1/mp-2712722.cif,ok,
mp-2712719,cif/na_bandgap_ge1/mp-2712719.cif,ok,
mp-2712715,cif/na_bandgap_ge1/mp-2712715.cif,ok,
mp-2712718,cif/na_bandgap_ge1/mp-2712718.cif,ok,
mp-2712730,cif/na_bandgap_ge1/mp-2712730.cif,ok,
mp-2712729,cif/na_bandgap_ge1/mp-2712729.cif,ok,
mp-2712724,cif/na_bandgap_ge1/mp-2712724.cif,ok,
mp-2712733,cif/na_bandgap_ge1/mp-2712733.cif,ok,
mp-2712738,cif/na_bandgap_ge1/mp-2712738.cif,ok,
mp-2712744,cif/na_bandgap_ge1/mp-2712744.cif,ok,
mp-2712751,cif/na_bandgap_ge1/mp-2712751.cif,ok,
mp-2712748,cif/na_bandgap_ge1/mp-2712748.cif,ok,
mp-2712753,cif/na_bandgap_ge1/mp-2712753.cif,ok,
mp-2712756,cif/na_bandgap_ge1/mp-2712756.cif,ok,
mp-2712762,cif/na_bandgap_ge1/mp-2712762.cif,ok,
mp-2712761,cif/na_bandgap_ge1/mp-2712761.cif,ok,
mp-2712760,cif/na_bandgap_ge1/mp-2712760.cif,ok,
mp-2712759,cif/na_bandgap_ge1/mp-2712759.cif,ok,
mp-2712774,cif/na_bandgap_ge1/mp-2712774.cif,ok,
mp-2712767,cif/na_bandgap_ge1/mp-2712767.cif,ok,
mp-2712769,cif/na_bandgap_ge1/mp-2712769.cif,ok,
mp-2712776,cif/na_bandgap_ge1/mp-2712776.cif,ok,
mp-2712783,cif/na_bandgap_ge1/mp-2712783.cif,ok,
mp-2712780,cif/na_bandgap_ge1/mp-2712780.cif,ok,
mp-2712796,cif/na_bandgap_ge1/mp-2712796.cif,ok,
mp-2712798,cif/na_bandgap_ge1/mp-2712798.cif,ok,
mp-2712808,cif/na_bandgap_ge1/mp-2712808.cif,ok,
mp-2712807,cif/na_bandgap_ge1/mp-2712807.cif,ok,
mp-2712816,cif/na_bandgap_ge1/mp-2712816.cif,ok,
mp-2712809,cif/na_bandgap_ge1/mp-2712809.cif,ok,
mp-2712826,cif/na_bandgap_ge1/mp-2712826.cif,ok,
mp-2713031,cif/na_bandgap_ge1/mp-2713031.cif,ok,
mp-2713122,cif/na_bandgap_ge1/mp-2713122.cif,ok,
mp-2713124,cif/na_bandgap_ge1/mp-2713124.cif,ok,
mp-2713127,cif/na_bandgap_ge1/mp-2713127.cif,ok,
mp-2713129,cif/na_bandgap_ge1/mp-2713129.cif,ok,
mp-2713155,cif/na_bandgap_ge1/mp-2713155.cif,ok,
mp-2713185,cif/na_bandgap_ge1/mp-2713185.cif,ok,
mp-2713182,cif/na_bandgap_ge1/mp-2713182.cif,ok,
mp-2713196,cif/na_bandgap_ge1/mp-2713196.cif,ok,
mp-2713204,cif/na_bandgap_ge1/mp-2713204.cif,ok,
mp-2713218,cif/na_bandgap_ge1/mp-2713218.cif,ok,
mp-2713221,cif/na_bandgap_ge1/mp-2713221.cif,ok,
mp-2713223,cif/na_bandgap_ge1/mp-2713223.cif,ok,
mp-2713220,cif/na_bandgap_ge1/mp-2713220.cif,ok,
mp-2713226,cif/na_bandgap_ge1/mp-2713226.cif,ok,
mp-2713222,cif/na_bandgap_ge1/mp-2713222.cif,ok,
mp-2713231,cif/na_bandgap_ge1/mp-2713231.cif,ok,
mp-2713227,cif/na_bandgap_ge1/mp-2713227.cif,ok,
mp-2713240,cif/na_bandgap_ge1/mp-2713240.cif,ok,
mp-2713239,cif/na_bandgap_ge1/mp-2713239.cif,ok,
mp-2713247,cif/na_bandgap_ge1/mp-2713247.cif,ok,
mp-2713252,cif/na_bandgap_ge1/mp-2713252.cif,ok,
mp-2713253,cif/na_bandgap_ge1/mp-2713253.cif,ok,
mp-2713258,cif/na_bandgap_ge1/mp-2713258.cif,ok,
mp-2713259,cif/na_bandgap_ge1/mp-2713259.cif,ok,
mp-2713262,cif/na_bandgap_ge1/mp-2713262.cif,ok,
mp-2713255,cif/na_bandgap_ge1/mp-2713255.cif,ok,
mp-2713263,cif/na_bandgap_ge1/mp-2713263.cif,ok,
mp-2713257,cif/na_bandgap_ge1/mp-2713257.cif,ok,
mp-2713270,cif/na_bandgap_ge1/mp-2713270.cif,ok,
mp-2713277,cif/na_bandgap_ge1/mp-2713277.cif,ok,
mp-2713274,cif/na_bandgap_ge1/mp-2713274.cif,ok,
mp-2713273,cif/na_bandgap_ge1/mp-2713273.cif,ok,
mp-2713276,cif/na_bandgap_ge1/mp-2713276.cif,ok,
mp-2713275,cif/na_bandgap_ge1/mp-2713275.cif,ok,
mp-2713283,cif/na_bandgap_ge1/mp-2713283.cif,ok,
mp-2713285,cif/na_bandgap_ge1/mp-2713285.cif,ok,
mp-2713286,cif/na_bandgap_ge1/mp-2713286.cif,ok,
mp-2713290,cif/na_bandgap_ge1/mp-2713290.cif,ok,
mp-2713293,cif/na_bandgap_ge1/mp-2713293.cif,ok,
mp-2713294,cif/na_bandgap_ge1/mp-2713294.cif,ok,
mp-2713296,cif/na_bandgap_ge1/mp-2713296.cif,ok,
mp-2713297,cif/na_bandgap_ge1/mp-2713297.cif,ok,
mp-2713295,cif/na_bandgap_ge1/mp-2713295.cif,ok,
mp-2713306,cif/na_bandgap_ge1/mp-2713306.cif,ok,
mp-2713302,cif/na_bandgap_ge1/mp-2713302.cif,ok,
mp-2713307,cif/na_bandgap_ge1/mp-2713307.cif,ok,
mp-2713314,cif/na_bandgap_ge1/mp-2713314.cif,ok,
mp-2713312,cif/na_bandgap_ge1/mp-2713312.cif,ok,
mp-2713317,cif/na_bandgap_ge1/mp-2713317.cif,ok,
mp-2713310,cif/na_bandgap_ge1/mp-2713310.cif,ok,
mp-2713315,cif/na_bandgap_ge1/mp-2713315.cif,ok,
mp-2713313,cif/na_bandgap_ge1/mp-2713313.cif,ok,
mp-2713327,cif/na_bandgap_ge1/mp-2713327.cif,ok,
mp-2713324,cif/na_bandgap_ge1/mp-2713324.cif,ok,
mp-2713320,cif/na_bandgap_ge1/mp-2713320.cif,ok,
mp-2713329,cif/na_bandgap_ge1/mp-2713329.cif,ok,
mp-2713330,cif/na_bandgap_ge1/mp-2713330.cif,ok,
mp-2713328,cif/na_bandgap_ge1/mp-2713328.cif,ok,
mp-2713360,cif/na_bandgap_ge1/mp-2713360.cif,ok,
mp-2713370,cif/na_bandgap_ge1/mp-2713370.cif,ok,
mp-2713385,cif/na_bandgap_ge1/mp-2713385.cif,ok,
mp-2713389,cif/na_bandgap_ge1/mp-2713389.cif,ok,
mp-2713397,cif/na_bandgap_ge1/mp-2713397.cif,ok,
mp-2713404,cif/na_bandgap_ge1/mp-2713404.cif,ok,
mp-2713400,cif/na_bandgap_ge1/mp-2713400.cif,ok,
mp-2713410,cif/na_bandgap_ge1/mp-2713410.cif,ok,
mp-2713413,cif/na_bandgap_ge1/mp-2713413.cif,ok,
mp-2713412,cif/na_bandgap_ge1/mp-2713412.cif,ok,
mp-2713424,cif/na_bandgap_ge1/mp-2713424.cif,ok,
mp-2713427,cif/na_bandgap_ge1/mp-2713427.cif,ok,
mp-2713431,cif/na_bandgap_ge1/mp-2713431.cif,ok,
mp-2713443,cif/na_bandgap_ge1/mp-2713443.cif,ok,
mp-2713444,cif/na_bandgap_ge1/mp-2713444.cif,ok,
mp-2713456,cif/na_bandgap_ge1/mp-2713456.cif,ok,
mp-2713453,cif/na_bandgap_ge1/mp-2713453.cif,ok,
mp-2713463,cif/na_bandgap_ge1/mp-2713463.cif,ok,
mp-2713460,cif/na_bandgap_ge1/mp-2713460.cif,ok,
mp-2713468,cif/na_bandgap_ge1/mp-2713468.cif,ok,
mp-2713471,cif/na_bandgap_ge1/mp-2713471.cif,ok,
mp-2713479,cif/na_bandgap_ge1/mp-2713479.cif,ok,
mp-2713485,cif/na_bandgap_ge1/mp-2713485.cif,ok,
mp-2713488,cif/na_bandgap_ge1/mp-2713488.cif,ok,
mp-2713495,cif/na_bandgap_ge1/mp-2713495.cif,ok,
mp-2713502,cif/na_bandgap_ge1/mp-2713502.cif,ok,
mp-2713499,cif/na_bandgap_ge1/mp-2713499.cif,ok,
mp-2713541,cif/na_bandgap_ge1/mp-2713541.cif,ok,
mp-2713538,cif/na_bandgap_ge1/mp-2713538.cif,ok,
mp-2713544,cif/na_bandgap_ge1/mp-2713544.cif,ok,
mp-2713546,cif/na_bandgap_ge1/mp-2713546.cif,ok,
mp-2713556,cif/na_bandgap_ge1/mp-2713556.cif,ok,
mp-2713554,cif/na_bandgap_ge1/mp-2713554.cif,ok,
mp-2713557,cif/na_bandgap_ge1/mp-2713557.cif,ok,
mp-2713563,cif/na_bandgap_ge1/mp-2713563.cif,ok,
mp-2713562,cif/na_bandgap_ge1/mp-2713562.cif,ok,
mp-2713567,cif/na_bandgap_ge1/mp-2713567.cif,ok,
mp-2713569,cif/na_bandgap_ge1/mp-2713569.cif,ok,
mp-2713575,cif/na_bandgap_ge1/mp-2713575.cif,ok,
mp-2713578,cif/na_bandgap_ge1/mp-2713578.cif,ok,
mp-2713574,cif/na_bandgap_ge1/mp-2713574.cif,ok,
mp-2713580,cif/na_bandgap_ge1/mp-2713580.cif,ok,
mp-2713581,cif/na_bandgap_ge1/mp-2713581.cif,ok,
mp-2713603,cif/na_bandgap_ge1/mp-2713603.cif,ok,
mp-2713595,cif/na_bandgap_ge1/mp-2713595.cif,ok,
mp-2713598,cif/na_bandgap_ge1/mp-2713598.cif,ok,
mp-2713605,cif/na_bandgap_ge1/mp-2713605.cif,ok,
mp-2713608,cif/na_bandgap_ge1/mp-2713608.cif,ok,
mp-2713612,cif/na_bandgap_ge1/mp-2713612.cif,ok,
mp-2713620,cif/na_bandgap_ge1/mp-2713620.cif,ok,
mp-2713614,cif/na_bandgap_ge1/mp-2713614.cif,ok,
mp-2713618,cif/na_bandgap_ge1/mp-2713618.cif,ok,
mp-2713615,cif/na_bandgap_ge1/mp-2713615.cif,ok,
mp-2713630,cif/na_bandgap_ge1/mp-2713630.cif,ok,
mp-2713623,cif/na_bandgap_ge1/mp-2713623.cif,ok,
mp-2713629,cif/na_bandgap_ge1/mp-2713629.cif,ok,
mp-2713624,cif/na_bandgap_ge1/mp-2713624.cif,ok,
mp-2713633,cif/na_bandgap_ge1/mp-2713633.cif,ok,
mp-2713637,cif/na_bandgap_ge1/mp-2713637.cif,ok,
mp-2713643,cif/na_bandgap_ge1/mp-2713643.cif,ok,
mp-2713657,cif/na_bandgap_ge1/mp-2713657.cif,ok,
mp-2713660,cif/na_bandgap_ge1/mp-2713660.cif,ok,
mp-2713658,cif/na_bandgap_ge1/mp-2713658.cif,ok,
mp-2713665,cif/na_bandgap_ge1/mp-2713665.cif,ok,
mp-2713668,cif/na_bandgap_ge1/mp-2713668.cif,ok,
mp-2713667,cif/na_bandgap_ge1/mp-2713667.cif,ok,
mp-2713663,cif/na_bandgap_ge1/mp-2713663.cif,ok,
mp-2713674,cif/na_bandgap_ge1/mp-2713674.cif,ok,
mp-2713680,cif/na_bandgap_ge1/mp-2713680.cif,ok,
mp-2713679,cif/na_bandgap_ge1/mp-2713679.cif,ok,
mp-2713677,cif/na_bandgap_ge1/mp-2713677.cif,ok,
mp-2713689,cif/na_bandgap_ge1/mp-2713689.cif,ok,
mp-2713687,cif/na_bandgap_ge1/mp-2713687.cif,ok,
mp-2713694,cif/na_bandgap_ge1/mp-2713694.cif,ok,
mp-2713699,cif/na_bandgap_ge1/mp-2713699.cif,ok,
mp-2713710,cif/na_bandgap_ge1/mp-2713710.cif,ok,
mp-2713704,cif/na_bandgap_ge1/mp-2713704.cif,ok,
mp-2713717,cif/na_bandgap_ge1/mp-2713717.cif,ok,
mp-2713716,cif/na_bandgap_ge1/mp-2713716.cif,ok,
mp-2713748,cif/na_bandgap_ge1/mp-2713748.cif,ok,
mp-2713750,cif/na_bandgap_ge1/mp-2713750.cif,ok,
mp-2713754,cif/na_bandgap_ge1/mp-2713754.cif,ok,
mp-2713761,cif/na_bandgap_ge1/mp-2713761.cif,ok,
mp-2713785,cif/na_bandgap_ge1/mp-2713785.cif,ok,
mp-2713805,cif/na_bandgap_ge1/mp-2713805.cif,ok,
mp-2713818,cif/na_bandgap_ge1/mp-2713818.cif,ok,
mp-2713816,cif/na_bandgap_ge1/mp-2713816.cif,ok,
mp-2713839,cif/na_bandgap_ge1/mp-2713839.cif,ok,
mp-2713846,cif/na_bandgap_ge1/mp-2713846.cif,ok,
mp-2713857,cif/na_bandgap_ge1/mp-2713857.cif,ok,
mp-2713872,cif/na_bandgap_ge1/mp-2713872.cif,ok,
mp-2713869,cif/na_bandgap_ge1/mp-2713869.cif,ok,
mp-2713893,cif/na_bandgap_ge1/mp-2713893.cif,ok,
mp-2713915,cif/na_bandgap_ge1/mp-2713915.cif,ok,
mp-2713924,cif/na_bandgap_ge1/mp-2713924.cif,ok,
mp-2713934,cif/na_bandgap_ge1/mp-2713934.cif,ok,
mp-2713931,cif/na_bandgap_ge1/mp-2713931.cif,ok,
mp-2713946,cif/na_bandgap_ge1/mp-2713946.cif,ok,
mp-2713943,cif/na_bandgap_ge1/mp-2713943.cif,ok,
mp-2713942,cif/na_bandgap_ge1/mp-2713942.cif,ok,
mp-2713957,cif/na_bandgap_ge1/mp-2713957.cif,ok,
mp-2713976,cif/na_bandgap_ge1/mp-2713976.cif,ok,
mp-2713987,cif/na_bandgap_ge1/mp-2713987.cif,ok,
mp-2713989,cif/na_bandgap_ge1/mp-2713989.cif,ok,
mp-2714013,cif/na_bandgap_ge1/mp-2714013.cif,ok,
mp-2714022,cif/na_bandgap_ge1/mp-2714022.cif,ok,
mp-2714030,cif/na_bandgap_ge1/mp-2714030.cif,ok,
mp-2714024,cif/na_bandgap_ge1/mp-2714024.cif,ok,
mp-2714036,cif/na_bandgap_ge1/mp-2714036.cif,ok,
mp-2714043,cif/na_bandgap_ge1/mp-2714043.cif,ok,
mp-2714050,cif/na_bandgap_ge1/mp-2714050.cif,ok,
mp-2714069,cif/na_bandgap_ge1/mp-2714069.cif,ok,
mp-2714080,cif/na_bandgap_ge1/mp-2714080.cif,ok,
mp-2714085,cif/na_bandgap_ge1/mp-2714085.cif,ok,
mp-2714087,cif/na_bandgap_ge1/mp-2714087.cif,ok,
mp-2714088,cif/na_bandgap_ge1/mp-2714088.cif,ok,
mp-2714126,cif/na_bandgap_ge1/mp-2714126.cif,ok,
mp-2714147,cif/na_bandgap_ge1/mp-2714147.cif,ok,
mp-2714152,cif/na_bandgap_ge1/mp-2714152.cif,ok,
mp-2714171,cif/na_bandgap_ge1/mp-2714171.cif,ok,
mp-2714173,cif/na_bandgap_ge1/mp-2714173.cif,ok,
mp-2714179,cif/na_bandgap_ge1/mp-2714179.cif,ok,
mp-2714177,cif/na_bandgap_ge1/mp-2714177.cif,ok,
mp-2714176,cif/na_bandgap_ge1/mp-2714176.cif,ok,
mp-2714207,cif/na_bandgap_ge1/mp-2714207.cif,ok,
mp-2714205,cif/na_bandgap_ge1/mp-2714205.cif,ok,
mp-2714209,cif/na_bandgap_ge1/mp-2714209.cif,ok,
mp-2714217,cif/na_bandgap_ge1/mp-2714217.cif,ok,
mp-2714219,cif/na_bandgap_ge1/mp-2714219.cif,ok,
mp-2714227,cif/na_bandgap_ge1/mp-2714227.cif,ok,
mp-2714220,cif/na_bandgap_ge1/mp-2714220.cif,ok,
mp-2714229,cif/na_bandgap_ge1/mp-2714229.cif,ok,
mp-2714241,cif/na_bandgap_ge1/mp-2714241.cif,ok,
mp-2714245,cif/na_bandgap_ge1/mp-2714245.cif,ok,
mp-2714258,cif/na_bandgap_ge1/mp-2714258.cif,ok,
mp-2714255,cif/na_bandgap_ge1/mp-2714255.cif,ok,
mp-2714266,cif/na_bandgap_ge1/mp-2714266.cif,ok,
mp-2714277,cif/na_bandgap_ge1/mp-2714277.cif,ok,
mp-2714273,cif/na_bandgap_ge1/mp-2714273.cif,ok,
mp-2714280,cif/na_bandgap_ge1/mp-2714280.cif,ok,
mp-2714297,cif/na_bandgap_ge1/mp-2714297.cif,ok,
mp-2714296,cif/na_bandgap_ge1/mp-2714296.cif,ok,
mp-2714299,cif/na_bandgap_ge1/mp-2714299.cif,ok,
mp-2714303,cif/na_bandgap_ge1/mp-2714303.cif,ok,
mp-2714312,cif/na_bandgap_ge1/mp-2714312.cif,ok,
mp-2714332,cif/na_bandgap_ge1/mp-2714332.cif,ok,
mp-2714353,cif/na_bandgap_ge1/mp-2714353.cif,ok,
mp-2714362,cif/na_bandgap_ge1/mp-2714362.cif,ok,
mp-2714376,cif/na_bandgap_ge1/mp-2714376.cif,ok,
mp-2714380,cif/na_bandgap_ge1/mp-2714380.cif,ok,
mp-2714399,cif/na_bandgap_ge1/mp-2714399.cif,ok,
mp-2714408,cif/na_bandgap_ge1/mp-2714408.cif,ok,
mp-2714423,cif/na_bandgap_ge1/mp-2714423.cif,ok,
mp-2714429,cif/na_bandgap_ge1/mp-2714429.cif,ok,
mp-2714432,cif/na_bandgap_ge1/mp-2714432.cif,ok,
mp-2714442,cif/na_bandgap_ge1/mp-2714442.cif,ok,
mp-2714489,cif/na_bandgap_ge1/mp-2714489.cif,ok,
mp-2714520,cif/na_bandgap_ge1/mp-2714520.cif,ok,
mp-2714548,cif/na_bandgap_ge1/mp-2714548.cif,ok,
mp-2714547,cif/na_bandgap_ge1/mp-2714547.cif,ok,
mp-2714573,cif/na_bandgap_ge1/mp-2714573.cif,ok,
mp-2714575,cif/na_bandgap_ge1/mp-2714575.cif,ok,
mp-2714603,cif/na_bandgap_ge1/mp-2714603.cif,ok,
mp-2714612,cif/na_bandgap_ge1/mp-2714612.cif,ok,
mp-2714609,cif/na_bandgap_ge1/mp-2714609.cif,ok,
mp-2714615,cif/na_bandgap_ge1/mp-2714615.cif,ok,
mp-2714636,cif/na_bandgap_ge1/mp-2714636.cif,ok,
mp-2714642,cif/na_bandgap_ge1/mp-2714642.cif,ok,
mp-2714652,cif/na_bandgap_ge1/mp-2714652.cif,ok,
mp-2714656,cif/na_bandgap_ge1/mp-2714656.cif,ok,
mp-2714687,cif/na_bandgap_ge1/mp-2714687.cif,ok,
mp-2714694,cif/na_bandgap_ge1/mp-2714694.cif,ok,
mp-2714711,cif/na_bandgap_ge1/mp-2714711.cif,ok,
mp-2714716,cif/na_bandgap_ge1/mp-2714716.cif,ok,
mp-2714724,cif/na_bandgap_ge1/mp-2714724.cif,ok,
mp-2714744,cif/na_bandgap_ge1/mp-2714744.cif,ok,
mp-2714775,cif/na_bandgap_ge1/mp-2714775.cif,ok,
mp-2714819,cif/na_bandgap_ge1/mp-2714819.cif,ok,
mp-2714841,cif/na_bandgap_ge1/mp-2714841.cif,ok,
mp-2714847,cif/na_bandgap_ge1/mp-2714847.cif,ok,
mp-2714875,cif/na_bandgap_ge1/mp-2714875.cif,ok,
mp-2714886,cif/na_bandgap_ge1/mp-2714886.cif,ok,
mp-2714882,cif/na_bandgap_ge1/mp-2714882.cif,ok,
mp-2714892,cif/na_bandgap_ge1/mp-2714892.cif,ok,
mp-2714890,cif/na_bandgap_ge1/mp-2714890.cif,ok,
mp-2714915,cif/na_bandgap_ge1/mp-2714915.cif,ok,
mp-2714945,cif/na_bandgap_ge1/mp-2714945.cif,ok,
mp-2714938,cif/na_bandgap_ge1/mp-2714938.cif,ok,
mp-2714998,cif/na_bandgap_ge1/mp-2714998.cif,ok,
mp-2715108,cif/na_bandgap_ge1/mp-2715108.cif,ok,
mp-2715133,cif/na_bandgap_ge1/mp-2715133.cif,ok,
mp-2715149,cif/na_bandgap_ge1/mp-2715149.cif,ok,
mp-2715158,cif/na_bandgap_ge1/mp-2715158.cif,ok,
mp-2715193,cif/na_bandgap_ge1/mp-2715193.cif,ok,
mp-2715524,cif/na_bandgap_ge1/mp-2715524.cif,ok,
mp-2715527,cif/na_bandgap_ge1/mp-2715527.cif,ok,
mp-2715541,cif/na_bandgap_ge1/mp-2715541.cif,ok,
mp-2715538,cif/na_bandgap_ge1/mp-2715538.cif,ok,
mp-2715537,cif/na_bandgap_ge1/mp-2715537.cif,ok,
mp-2715553,cif/na_bandgap_ge1/mp-2715553.cif,ok,
mp-2715558,cif/na_bandgap_ge1/mp-2715558.cif,ok,
mp-2715557,cif/na_bandgap_ge1/mp-2715557.cif,ok,
mp-2715569,cif/na_bandgap_ge1/mp-2715569.cif,ok,
mp-2715574,cif/na_bandgap_ge1/mp-2715574.cif,ok,
mp-2715585,cif/na_bandgap_ge1/mp-2715585.cif,ok,
mp-2715584,cif/na_bandgap_ge1/mp-2715584.cif,ok,
mp-2715577,cif/na_bandgap_ge1/mp-2715577.cif,ok,
mp-2715579,cif/na_bandgap_ge1/mp-2715579.cif,ok,
mp-2715594,cif/na_bandgap_ge1/mp-2715594.cif,ok,
mp-2715591,cif/na_bandgap_ge1/mp-2715591.cif,ok,
mp-2715589,cif/na_bandgap_ge1/mp-2715589.cif,ok,
mp-2715600,cif/na_bandgap_ge1/mp-2715600.cif,ok,
mp-2715605,cif/na_bandgap_ge1/mp-2715605.cif,ok,
mp-2715609,cif/na_bandgap_ge1/mp-2715609.cif,ok,
mp-2715606,cif/na_bandgap_ge1/mp-2715606.cif,ok,
mp-2715617,cif/na_bandgap_ge1/mp-2715617.cif,ok,
mp-2715622,cif/na_bandgap_ge1/mp-2715622.cif,ok,
mp-2715614,cif/na_bandgap_ge1/mp-2715614.cif,ok,
mp-2715646,cif/na_bandgap_ge1/mp-2715646.cif,ok,
mp-2715649,cif/na_bandgap_ge1/mp-2715649.cif,ok,
mp-2715667,cif/na_bandgap_ge1/mp-2715667.cif,ok,
mp-2715666,cif/na_bandgap_ge1/mp-2715666.cif,ok,
mp-2715674,cif/na_bandgap_ge1/mp-2715674.cif,ok,
mp-2715679,cif/na_bandgap_ge1/mp-2715679.cif,ok,
mp-2715688,cif/na_bandgap_ge1/mp-2715688.cif,ok,
mp-2715696,cif/na_bandgap_ge1/mp-2715696.cif,ok,
mp-2715698,cif/na_bandgap_ge1/mp-2715698.cif,ok,
mp-2715697,cif/na_bandgap_ge1/mp-2715697.cif,ok,
mp-2715701,cif/na_bandgap_ge1/mp-2715701.cif,ok,
mp-2715714,cif/na_bandgap_ge1/mp-2715714.cif,ok,
mp-2715708,cif/na_bandgap_ge1/mp-2715708.cif,ok,
mp-2715725,cif/na_bandgap_ge1/mp-2715725.cif,ok,
mp-2715720,cif/na_bandgap_ge1/mp-2715720.cif,ok,
mp-2715736,cif/na_bandgap_ge1/mp-2715736.cif,ok,
mp-2715735,cif/na_bandgap_ge1/mp-2715735.cif,ok,
mp-2715733,cif/na_bandgap_ge1/mp-2715733.cif,ok,
mp-2715743,cif/na_bandgap_ge1/mp-2715743.cif,ok,
mp-2715773,cif/na_bandgap_ge1/mp-2715773.cif,ok,
mp-2715776,cif/na_bandgap_ge1/mp-2715776.cif,ok,
mp-2715778,cif/na_bandgap_ge1/mp-2715778.cif,ok,
mp-2715782,cif/na_bandgap_ge1/mp-2715782.cif,ok,
mp-2715785,cif/na_bandgap_ge1/mp-2715785.cif,ok,
mp-2715787,cif/na_bandgap_ge1/mp-2715787.cif,ok,
mp-2715806,cif/na_bandgap_ge1/mp-2715806.cif,ok,
mp-2715801,cif/na_bandgap_ge1/mp-2715801.cif,ok,
mp-2715813,cif/na_bandgap_ge1/mp-2715813.cif,ok,
mp-2716122,cif/na_bandgap_ge1/mp-2716122.cif,ok,
mp-2716130,cif/na_bandgap_ge1/mp-2716130.cif,ok,
mp-2716127,cif/na_bandgap_ge1/mp-2716127.cif,ok,
mp-2716139,cif/na_bandgap_ge1/mp-2716139.cif,ok,
mp-2716133,cif/na_bandgap_ge1/mp-2716133.cif,ok,
mp-2716144,cif/na_bandgap_ge1/mp-2716144.cif,ok,
mp-2716152,cif/na_bandgap_ge1/mp-2716152.cif,ok,
mp-2716150,cif/na_bandgap_ge1/mp-2716150.cif,ok,
mp-2716153,cif/na_bandgap_ge1/mp-2716153.cif,ok,
mp-2716151,cif/na_bandgap_ge1/mp-2716151.cif,ok,
mp-2716165,cif/na_bandgap_ge1/mp-2716165.cif,ok,
mp-2716160,cif/na_bandgap_ge1/mp-2716160.cif,ok,
mp-2716158,cif/na_bandgap_ge1/mp-2716158.cif,ok,
mp-2716164,cif/na_bandgap_ge1/mp-2716164.cif,ok,
mp-2716179,cif/na_bandgap_ge1/mp-2716179.cif,ok,
mp-2716187,cif/na_bandgap_ge1/mp-2716187.cif,ok,
mp-2716183,cif/na_bandgap_ge1/mp-2716183.cif,ok,
mp-2716185,cif/na_bandgap_ge1/mp-2716185.cif,ok,
mp-2716192,cif/na_bandgap_ge1/mp-2716192.cif,ok,
mp-2716199,cif/na_bandgap_ge1/mp-2716199.cif,ok,
mp-2716208,cif/na_bandgap_ge1/mp-2716208.cif,ok,
mp-2716212,cif/na_bandgap_ge1/mp-2716212.cif,ok,
mp-2716233,cif/na_bandgap_ge1/mp-2716233.cif,ok,
mp-2716232,cif/na_bandgap_ge1/mp-2716232.cif,ok,
mp-2716234,cif/na_bandgap_ge1/mp-2716234.cif,ok,
mp-2716265,cif/na_bandgap_ge1/mp-2716265.cif,ok,
mp-2716276,cif/na_bandgap_ge1/mp-2716276.cif,ok,
mp-2716282,cif/na_bandgap_ge1/mp-2716282.cif,ok,
mp-2716292,cif/na_bandgap_ge1/mp-2716292.cif,ok,
mp-2716285,cif/na_bandgap_ge1/mp-2716285.cif,ok,
mp-2716296,cif/na_bandgap_ge1/mp-2716296.cif,ok,
mp-2716308,cif/na_bandgap_ge1/mp-2716308.cif,ok,
mp-2716310,cif/na_bandgap_ge1/mp-2716310.cif,ok,
mp-2716311,cif/na_bandgap_ge1/mp-2716311.cif,ok,
mp-2716315,cif/na_bandgap_ge1/mp-2716315.cif,ok,
mp-2716323,cif/na_bandgap_ge1/mp-2716323.cif,ok,
mp-2716330,cif/na_bandgap_ge1/mp-2716330.cif,ok,
mp-2716338,cif/na_bandgap_ge1/mp-2716338.cif,ok,
mp-2716363,cif/na_bandgap_ge1/mp-2716363.cif,ok,
mp-2716364,cif/na_bandgap_ge1/mp-2716364.cif,ok,
mp-2716380,cif/na_bandgap_ge1/mp-2716380.cif,ok,
mp-2716386,cif/na_bandgap_ge1/mp-2716386.cif,ok,
mp-2716388,cif/na_bandgap_ge1/mp-2716388.cif,ok,
mp-2716392,cif/na_bandgap_ge1/mp-2716392.cif,ok,
mp-2716398,cif/na_bandgap_ge1/mp-2716398.cif,ok,
mp-2716401,cif/na_bandgap_ge1/mp-2716401.cif,ok,
mp-2716402,cif/na_bandgap_ge1/mp-2716402.cif,ok,
mp-2716420,cif/na_bandgap_ge1/mp-2716420.cif,ok,
mp-2716424,cif/na_bandgap_ge1/mp-2716424.cif,ok,
mp-2716427,cif/na_bandgap_ge1/mp-2716427.cif,ok,
mp-2716437,cif/na_bandgap_ge1/mp-2716437.cif,ok,
mp-2716435,cif/na_bandgap_ge1/mp-2716435.cif,ok,
mp-720570,cif/na_bandgap_ge1/mp-720570.cif,ok,
mp-720593,cif/na_bandgap_ge1/mp-720593.cif,ok,
mp-720849,cif/na_bandgap_ge1/mp-720849.cif,ok,
mp-720853,cif/na_bandgap_ge1/mp-720853.cif,ok,
mp-720921,cif/na_bandgap_ge1/mp-720921.cif,ok,
mp-721017,cif/na_bandgap_ge1/mp-721017.cif,ok,
mp-721312,cif/na_bandgap_ge1/mp-721312.cif,ok,
mp-721697,cif/na_bandgap_ge1/mp-721697.cif,ok,
mp-722266,cif/na_bandgap_ge1/mp-722266.cif,ok,
mp-722860,cif/na_bandgap_ge1/mp-722860.cif,ok,
mp-722891,cif/na_bandgap_ge1/mp-722891.cif,ok,
mp-722977,cif/na_bandgap_ge1/mp-722977.cif,ok,
mp-723466,cif/na_bandgap_ge1/mp-723466.cif,ok,
mp-728750,cif/na_bandgap_ge1/mp-728750.cif,ok,
mp-728713,cif/na_bandgap_ge1/mp-728713.cif,ok,
mp-729044,cif/na_bandgap_ge1/mp-729044.cif,ok,
mp-731221,cif/na_bandgap_ge1/mp-731221.cif,ok,
mp-733457,cif/na_bandgap_ge1/mp-733457.cif,ok,
mp-733509,cif/na_bandgap_ge1/mp-733509.cif,ok,
mp-734035,cif/na_bandgap_ge1/mp-734035.cif,ok,
mp-734025,cif/na_bandgap_ge1/mp-734025.cif,ok,
mp-734019,cif/na_bandgap_ge1/mp-734019.cif,ok,
mp-734454,cif/na_bandgap_ge1/mp-734454.cif,ok,
mp-735556,cif/na_bandgap_ge1/mp-735556.cif,ok,
mp-735808,cif/na_bandgap_ge1/mp-735808.cif,ok,
mp-740710,cif/na_bandgap_ge1/mp-740710.cif,ok,
mp-740740,cif/na_bandgap_ge1/mp-740740.cif,ok,
mp-743656,cif/na_bandgap_ge1/mp-743656.cif,ok,
mp-752395,cif/na_bandgap_ge1/mp-752395.cif,ok,
mp-752423,cif/na_bandgap_ge1/mp-752423.cif,ok,
mp-752558,cif/na_bandgap_ge1/mp-752558.cif,ok,
mp-752573,cif/na_bandgap_ge1/mp-752573.cif,ok,
mp-752689,cif/na_bandgap_ge1/mp-752689.cif,ok,
mp-754159,cif/na_bandgap_ge1/mp-754159.cif,ok,
mp-754331,cif/na_bandgap_ge1/mp-754331.cif,ok,
mp-754432,cif/na_bandgap_ge1/mp-754432.cif,ok,
mp-754438,cif/na_bandgap_ge1/mp-754438.cif,ok,
mp-754463,cif/na_bandgap_ge1/mp-754463.cif,ok,
mp-754543,cif/na_bandgap_ge1/mp-754543.cif,ok,
mp-754663,cif/na_bandgap_ge1/mp-754663.cif,ok,
mp-754745,cif/na_bandgap_ge1/mp-754745.cif,ok,
mp-754843,cif/na_bandgap_ge1/mp-754843.cif,ok,
mp-754848,cif/na_bandgap_ge1/mp-754848.cif,ok,
mp-755035,cif/na_bandgap_ge1/mp-755035.cif,ok,
mp-755072,cif/na_bandgap_ge1/mp-755072.cif,ok,
mp-755391,cif/na_bandgap_ge1/mp-755391.cif,ok,
mp-755413,cif/na_bandgap_ge1/mp-755413.cif,ok,
mp-755486,cif/na_bandgap_ge1/mp-755486.cif,ok,
mp-755627,cif/na_bandgap_ge1/mp-755627.cif,ok,
mp-755764,cif/na_bandgap_ge1/mp-755764.cif,ok,
mp-755789,cif/na_bandgap_ge1/mp-755789.cif,ok,
mp-755874,cif/na_bandgap_ge1/mp-755874.cif,ok,
mp-756521,cif/na_bandgap_ge1/mp-756521.cif,ok,
mp-756734,cif/na_bandgap_ge1/mp-756734.cif,ok,
mp-756769,cif/na_bandgap_ge1/mp-756769.cif,ok,
mp-757218,cif/na_bandgap_ge1/mp-757218.cif,ok,
mp-757981,cif/na_bandgap_ge1/mp-757981.cif,ok,
mp-758238,cif/na_bandgap_ge1/mp-758238.cif,ok,
mp-758453,cif/na_bandgap_ge1/mp-758453.cif,ok,
mp-758866,cif/na_bandgap_ge1/mp-758866.cif,ok,
mp-758936,cif/na_bandgap_ge1/mp-758936.cif,ok,
mp-759496,cif/na_bandgap_ge1/mp-759496.cif,ok,
mp-759586,cif/na_bandgap_ge1/mp-759586.cif,ok,
mp-759615,cif/na_bandgap_ge1/mp-759615.cif,ok,
mp-759637,cif/na_bandgap_ge1/mp-759637.cif,ok,
mp-759748,cif/na_bandgap_ge1/mp-759748.cif,ok,
mp-759786,cif/na_bandgap_ge1/mp-759786.cif,ok,
mp-759863,cif/na_bandgap_ge1/mp-759863.cif,ok,
mp-760056,cif/na_bandgap_ge1/mp-760056.cif,ok,
mp-760057,cif/na_bandgap_ge1/mp-760057.cif,ok,
mp-760207,cif/na_bandgap_ge1/mp-760207.cif,ok,
mp-760942,cif/na_bandgap_ge1/mp-760942.cif,ok,
mp-760979,cif/na_bandgap_ge1/mp-760979.cif,ok,
mp-761052,cif/na_bandgap_ge1/mp-761052.cif,ok,
mp-761051,cif/na_bandgap_ge1/mp-761051.cif,ok,
mp-761076,cif/na_bandgap_ge1/mp-761076.cif,ok,
mp-761184,cif/na_bandgap_ge1/mp-761184.cif,ok,
mp-761229,cif/na_bandgap_ge1/mp-761229.cif,ok,
mp-761686,cif/na_bandgap_ge1/mp-761686.cif,ok,
mp-762058,cif/na_bandgap_ge1/mp-762058.cif,ok,
mp-762258,cif/na_bandgap_ge1/mp-762258.cif,ok,
mp-762594,cif/na_bandgap_ge1/mp-762594.cif,ok,
mp-762852,cif/na_bandgap_ge1/mp-762852.cif,ok,
mp-764074,cif/na_bandgap_ge1/mp-764074.cif,ok,
mp-764273,cif/na_bandgap_ge1/mp-764273.cif,ok,
mp-764595,cif/na_bandgap_ge1/mp-764595.cif,ok,
mp-764966,cif/na_bandgap_ge1/mp-764966.cif,ok,
mp-766955,cif/na_bandgap_ge1/mp-766955.cif,ok,
mp-767462,cif/na_bandgap_ge1/mp-767462.cif,ok,
mp-767523,cif/na_bandgap_ge1/mp-767523.cif,ok,
mp-767533,cif/na_bandgap_ge1/mp-767533.cif,ok,
mp-767529,cif/na_bandgap_ge1/mp-767529.cif,ok,
mp-767518,cif/na_bandgap_ge1/mp-767518.cif,ok,
mp-767521,cif/na_bandgap_ge1/mp-767521.cif,ok,
mp-767546,cif/na_bandgap_ge1/mp-767546.cif,ok,
mp-767606,cif/na_bandgap_ge1/mp-767606.cif,ok,
mp-767573,cif/na_bandgap_ge1/mp-767573.cif,ok,
mp-767566,cif/na_bandgap_ge1/mp-767566.cif,ok,
mp-767562,cif/na_bandgap_ge1/mp-767562.cif,ok,
mp-3346410,cif/na_bandgap_ge1/mp-3346410.cif,ok,
mp-3347425,cif/na_bandgap_ge1/mp-3347425.cif,ok,
mp-1574416,cif/na_bandgap_ge1/mp-1574416.cif,ok,
mp-1650004,cif/na_bandgap_ge1/mp-1650004.cif,ok,
mp-1653394,cif/na_bandgap_ge1/mp-1653394.cif,ok,
mp-1667345,cif/na_bandgap_ge1/mp-1667345.cif,ok,
mp-2217269,cif/na_bandgap_ge1/mp-2217269.cif,ok,
mp-2217391,cif/na_bandgap_ge1/mp-2217391.cif,ok,
mp-2218348,cif/na_bandgap_ge1/mp-2218348.cif,ok,
mp-2218503,cif/na_bandgap_ge1/mp-2218503.cif,ok,
mp-2218533,cif/na_bandgap_ge1/mp-2218533.cif,ok,
mp-2224216,cif/na_bandgap_ge1/mp-2224216.cif,ok,
mp-2226747,cif/na_bandgap_ge1/mp-2226747.cif,ok,
mp-2227506,cif/na_bandgap_ge1/mp-2227506.cif,ok,
mp-2227993,cif/na_bandgap_ge1/mp-2227993.cif,ok,
mp-2228859,cif/na_bandgap_ge1/mp-2228859.cif,ok,
mp-2240160,cif/na_bandgap_ge1/mp-2240160.cif,ok,
mp-2240200,cif/na_bandgap_ge1/mp-2240200.cif,ok,
mp-2240370,cif/na_bandgap_ge1/mp-2240370.cif,ok,
mp-2712522,cif/na_bandgap_ge1/mp-2712522.cif,ok,
mp-2712533,cif/na_bandgap_ge1/mp-2712533.cif,ok,
mp-2712526,cif/na_bandgap_ge1/mp-2712526.cif,ok,
mp-2712528,cif/na_bandgap_ge1/mp-2712528.cif,ok,
mp-2712535,cif/na_bandgap_ge1/mp-2712535.cif,ok,
mp-2712548,cif/na_bandgap_ge1/mp-2712548.cif,ok,
mp-2712549,cif/na_bandgap_ge1/mp-2712549.cif,ok,
mp-2712556,cif/na_bandgap_ge1/mp-2712556.cif,ok,
mp-2712565,cif/na_bandgap_ge1/mp-2712565.cif,ok,
mp-2712560,cif/na_bandgap_ge1/mp-2712560.cif,ok,
mp-2712573,cif/na_bandgap_ge1/mp-2712573.cif,ok,
mp-2712574,cif/na_bandgap_ge1/mp-2712574.cif,ok,
mp-2712571,cif/na_bandgap_ge1/mp-2712571.cif,ok,
mp-2712585,cif/na_bandgap_ge1/mp-2712585.cif,ok,
mp-2712580,cif/na_bandgap_ge1/mp-2712580.cif,ok,
mp-2712588,cif/na_bandgap_ge1/mp-2712588.cif,ok,
mp-2712590,cif/na_bandgap_ge1/mp-2712590.cif,ok,
mp-2712593,cif/na_bandgap_ge1/mp-2712593.cif,ok,
mp-2712629,cif/na_bandgap_ge1/mp-2712629.cif,ok,
mp-2712625,cif/na_bandgap_ge1/mp-2712625.cif,ok,
mp-2712622,cif/na_bandgap_ge1/mp-2712622.cif,ok,
mp-2712632,cif/na_bandgap_ge1/mp-2712632.cif,ok,
mp-2712641,cif/na_bandgap_ge1/mp-2712641.cif,ok,
mp-2712652,cif/na_bandgap_ge1/mp-2712652.cif,ok,
mp-2712655,cif/na_bandgap_ge1/mp-2712655.cif,ok,
mp-2712665,cif/na_bandgap_ge1/mp-2712665.cif,ok,
mp-2712662,cif/na_bandgap_ge1/mp-2712662.cif,ok,
mp-2712670,cif/na_bandgap_ge1/mp-2712670.cif,ok,
mp-2712677,cif/na_bandgap_ge1/mp-2712677.cif,ok,
mp-2712681,cif/na_bandgap_ge1/mp-2712681.cif,ok,
mp-2712692,cif/na_bandgap_ge1/mp-2712692.cif,ok,
mp-2712696,cif/na_bandgap_ge1/mp-2712696.cif,ok,
mp-2712701,cif/na_bandgap_ge1/mp-2712701.cif,ok,
mp-2712709,cif/na_bandgap_ge1/mp-2712709.cif,ok,
mp-2712712,cif/na_bandgap_ge1/mp-2712712.cif,ok,
mp-2712723,cif/na_bandgap_ge1/mp-2712723.cif,ok,
mp-2712728,cif/na_bandgap_ge1/mp-2712728.cif,ok,
mp-2712742,cif/na_bandgap_ge1/mp-2712742.cif,ok,
mp-2712734,cif/na_bandgap_ge1/mp-2712734.cif,ok,
mp-2712743,cif/na_bandgap_ge1/mp-2712743.cif,ok,
mp-2712775,cif/na_bandgap_ge1/mp-2712775.cif,ok,
mp-2712770,cif/na_bandgap_ge1/mp-2712770.cif,ok,
mp-2712777,cif/na_bandgap_ge1/mp-2712777.cif,ok,
mp-2712779,cif/na_bandgap_ge1/mp-2712779.cif,ok,
mp-2712784,cif/na_bandgap_ge1/mp-2712784.cif,ok,
mp-2712785,cif/na_bandgap_ge1/mp-2712785.cif,ok,
mp-2712790,cif/na_bandgap_ge1/mp-2712790.cif,ok,
mp-2712802,cif/na_bandgap_ge1/mp-2712802.cif,ok,
mp-2712800,cif/na_bandgap_ge1/mp-2712800.cif,ok,
mp-2712812,cif/na_bandgap_ge1/mp-2712812.cif,ok,
mp-2712811,cif/na_bandgap_ge1/mp-2712811.cif,ok,
mp-2712818,cif/na_bandgap_ge1/mp-2712818.cif,ok,
mp-2712831,cif/na_bandgap_ge1/mp-2712831.cif,ok,
mp-2712834,cif/na_bandgap_ge1/mp-2712834.cif,ok,
mp-2712840,cif/na_bandgap_ge1/mp-2712840.cif,ok,
mp-2712843,cif/na_bandgap_ge1/mp-2712843.cif,ok,
mp-2712842,cif/na_bandgap_ge1/mp-2712842.cif,ok,
mp-2712846,cif/na_bandgap_ge1/mp-2712846.cif,ok,
mp-2712863,cif/na_bandgap_ge1/mp-2712863.cif,ok,
mp-2712871,cif/na_bandgap_ge1/mp-2712871.cif,ok,
mp-2712882,cif/na_bandgap_ge1/mp-2712882.cif,ok,
mp-2712890,cif/na_bandgap_ge1/mp-2712890.cif,ok,
mp-2712905,cif/na_bandgap_ge1/mp-2712905.cif,ok,
mp-2712906,cif/na_bandgap_ge1/mp-2712906.cif,ok,
mp-2712910,cif/na_bandgap_ge1/mp-2712910.cif,ok,
mp-2712916,cif/na_bandgap_ge1/mp-2712916.cif,ok,
mp-2712919,cif/na_bandgap_ge1/mp-2712919.cif,ok,
mp-2712921,cif/na_bandgap_ge1/mp-2712921.cif,ok,
mp-2712929,cif/na_bandgap_ge1/mp-2712929.cif,ok,
mp-2712934,cif/na_bandgap_ge1/mp-2712934.cif,ok,
mp-2712937,cif/na_bandgap_ge1/mp-2712937.cif,ok,
mp-2712945,cif/na_bandgap_ge1/mp-2712945.cif,ok,
mp-2712959,cif/na_bandgap_ge1/mp-2712959.cif,ok,
mp-2712955,cif/na_bandgap_ge1/mp-2712955.cif,ok,
mp-2712954,cif/na_bandgap_ge1/mp-2712954.cif,ok,
mp-2712967,cif/na_bandgap_ge1/mp-2712967.cif,ok,
mp-2712969,cif/na_bandgap_ge1/mp-2712969.cif,ok,
mp-2712964,cif/na_bandgap_ge1/mp-2712964.cif,ok,
mp-2712971,cif/na_bandgap_ge1/mp-2712971.cif,ok,
mp-2712985,cif/na_bandgap_ge1/mp-2712985.cif,ok,
mp-2712986,cif/na_bandgap_ge1/mp-2712986.cif,ok,
mp-2712994,cif/na_bandgap_ge1/mp-2712994.cif,ok,
mp-2712998,cif/na_bandgap_ge1/mp-2712998.cif,ok,
mp-2712996,cif/na_bandgap_ge1/mp-2712996.cif,ok,
mp-2712999,cif/na_bandgap_ge1/mp-2712999.cif,ok,
mp-2713007,cif/na_bandgap_ge1/mp-2713007.cif,ok,
mp-2713015,cif/na_bandgap_ge1/mp-2713015.cif,ok,
mp-2713016,cif/na_bandgap_ge1/mp-2713016.cif,ok,
mp-2713024,cif/na_bandgap_ge1/mp-2713024.cif,ok,
mp-2713029,cif/na_bandgap_ge1/mp-2713029.cif,ok,
mp-2713044,cif/na_bandgap_ge1/mp-2713044.cif,ok,
mp-2713057,cif/na_bandgap_ge1/mp-2713057.cif,ok,
mp-2713058,cif/na_bandgap_ge1/mp-2713058.cif,ok,
mp-2713060,cif/na_bandgap_ge1/mp-2713060.cif,ok,
mp-2713063,cif/na_bandgap_ge1/mp-2713063.cif,ok,
mp-2713078,cif/na_bandgap_ge1/mp-2713078.cif,ok,
mp-2713093,cif/na_bandgap_ge1/mp-2713093.cif,ok,
mp-2713087,cif/na_bandgap_ge1/mp-2713087.cif,ok,
mp-2713089,cif/na_bandgap_ge1/mp-2713089.cif,ok,
mp-2713098,cif/na_bandgap_ge1/mp-2713098.cif,ok,
mp-2713112,cif/na_bandgap_ge1/mp-2713112.cif,ok,
mp-2713201,cif/na_bandgap_ge1/mp-2713201.cif,ok,
mp-2713224,cif/na_bandgap_ge1/mp-2713224.cif,ok,
mp-2713232,cif/na_bandgap_ge1/mp-2713232.cif,ok,
mp-2713235,cif/na_bandgap_ge1/mp-2713235.cif,ok,
mp-2713243,cif/na_bandgap_ge1/mp-2713243.cif,ok,
mp-2713249,cif/na_bandgap_ge1/mp-2713249.cif,ok,
mp-2713260,cif/na_bandgap_ge1/mp-2713260.cif,ok,
mp-2713264,cif/na_bandgap_ge1/mp-2713264.cif,ok,
mp-2713269,cif/na_bandgap_ge1/mp-2713269.cif,ok,
mp-2713281,cif/na_bandgap_ge1/mp-2713281.cif,ok,
mp-2713279,cif/na_bandgap_ge1/mp-2713279.cif,ok,
mp-2713289,cif/na_bandgap_ge1/mp-2713289.cif,ok,
mp-2713300,cif/na_bandgap_ge1/mp-2713300.cif,ok,
mp-2713305,cif/na_bandgap_ge1/mp-2713305.cif,ok,
mp-2713308,cif/na_bandgap_ge1/mp-2713308.cif,ok,
mp-2713309,cif/na_bandgap_ge1/mp-2713309.cif,ok,
mp-2713331,cif/na_bandgap_ge1/mp-2713331.cif,ok,
mp-2713366,cif/na_bandgap_ge1/mp-2713366.cif,ok,
mp-2713371,cif/na_bandgap_ge1/mp-2713371.cif,ok,
mp-2713548,cif/na_bandgap_ge1/mp-2713548.cif,ok,
mp-2713550,cif/na_bandgap_ge1/mp-2713550.cif,ok,
mp-2713561,cif/na_bandgap_ge1/mp-2713561.cif,ok,
mp-2713571,cif/na_bandgap_ge1/mp-2713571.cif,ok,
mp-2713573,cif/na_bandgap_ge1/mp-2713573.cif,ok,
mp-2713579,cif/na_bandgap_ge1/mp-2713579.cif,ok,
mp-2713585,cif/na_bandgap_ge1/mp-2713585.cif,ok,
mp-2713590,cif/na_bandgap_ge1/mp-2713590.cif,ok,
mp-2713601,cif/na_bandgap_ge1/mp-2713601.cif,ok,
mp-2713599,cif/na_bandgap_ge1/mp-2713599.cif,ok,
mp-2713621,cif/na_bandgap_ge1/mp-2713621.cif,ok,
mp-2713626,cif/na_bandgap_ge1/mp-2713626.cif,ok,
mp-2713627,cif/na_bandgap_ge1/mp-2713627.cif,ok,
mp-2713644,cif/na_bandgap_ge1/mp-2713644.cif,ok,
mp-2713641,cif/na_bandgap_ge1/mp-2713641.cif,ok,
mp-2713650,cif/na_bandgap_ge1/mp-2713650.cif,ok,
mp-2713654,cif/na_bandgap_ge1/mp-2713654.cif,ok,
mp-2713664,cif/na_bandgap_ge1/mp-2713664.cif,ok,
mp-2713673,cif/na_bandgap_ge1/mp-2713673.cif,ok,
mp-2713683,cif/na_bandgap_ge1/mp-2713683.cif,ok,
mp-2713676,cif/na_bandgap_ge1/mp-2713676.cif,ok,
mp-2713692,cif/na_bandgap_ge1/mp-2713692.cif,ok,
mp-2713709,cif/na_bandgap_ge1/mp-2713709.cif,ok,
mp-2713708,cif/na_bandgap_ge1/mp-2713708.cif,ok,
mp-2713711,cif/na_bandgap_ge1/mp-2713711.cif,ok,
mp-2713719,cif/na_bandgap_ge1/mp-2713719.cif,ok,
mp-2713727,cif/na_bandgap_ge1/mp-2713727.cif,ok,
mp-2713737,cif/na_bandgap_ge1/mp-2713737.cif,ok,
mp-2713739,cif/na_bandgap_ge1/mp-2713739.cif,ok,
mp-2713736,cif/na_bandgap_ge1/mp-2713736.cif,ok,
mp-2713740,cif/na_bandgap_ge1/mp-2713740.cif,ok,
mp-2713756,cif/na_bandgap_ge1/mp-2713756.cif,ok,
mp-2713776,cif/na_bandgap_ge1/mp-2713776.cif,ok,
mp-2713775,cif/na_bandgap_ge1/mp-2713775.cif,ok,
mp-2713780,cif/na_bandgap_ge1/mp-2713780.cif,ok,
mp-2713791,cif/na_bandgap_ge1/mp-2713791.cif,ok,
mp-2713798,cif/na_bandgap_ge1/mp-2713798.cif,ok,
mp-2713807,cif/na_bandgap_ge1/mp-2713807.cif,ok,
mp-2713820,cif/na_bandgap_ge1/mp-2713820.cif,ok,
mp-2713812,cif/na_bandgap_ge1/mp-2713812.cif,ok,
mp-2713826,cif/na_bandgap_ge1/mp-2713826.cif,ok,
mp-2713830,cif/na_bandgap_ge1/mp-2713830.cif,ok,
mp-2713852,cif/na_bandgap_ge1/mp-2713852.cif,ok,
mp-2713864,cif/na_bandgap_ge1/mp-2713864.cif,ok,
mp-2713862,cif/na_bandgap_ge1/mp-2713862.cif,ok,
mp-2713874,cif/na_bandgap_ge1/mp-2713874.cif,ok,
mp-2713871,cif/na_bandgap_ge1/mp-2713871.cif,ok,
mp-2713877,cif/na_bandgap_ge1/mp-2713877.cif,ok,
mp-2713881,cif/na_bandgap_ge1/mp-2713881.cif,ok,
mp-2713897,cif/na_bandgap_ge1/mp-2713897.cif,ok,
mp-2713891,cif/na_bandgap_ge1/mp-2713891.cif,ok,
mp-2713913,cif/na_bandgap_ge1/mp-2713913.cif,ok,
mp-2713917,cif/na_bandgap_ge1/mp-2713917.cif,ok,
mp-2713923,cif/na_bandgap_ge1/mp-2713923.cif,ok,
mp-2713928,cif/na_bandgap_ge1/mp-2713928.cif,ok,
mp-2713936,cif/na_bandgap_ge1/mp-2713936.cif,ok,
mp-2713939,cif/na_bandgap_ge1/mp-2713939.cif,ok,
mp-2713945,cif/na_bandgap_ge1/mp-2713945.cif,ok,
mp-2713940,cif/na_bandgap_ge1/mp-2713940.cif,ok,
mp-2713948,cif/na_bandgap_ge1/mp-2713948.cif,ok,
mp-2713964,cif/na_bandgap_ge1/mp-2713964.cif,ok,
mp-2713960,cif/na_bandgap_ge1/mp-2713960.cif,ok,
mp-2713966,cif/na_bandgap_ge1/mp-2713966.cif,ok,
mp-2713979,cif/na_bandgap_ge1/mp-2713979.cif,ok,
mp-2713970,cif/na_bandgap_ge1/mp-2713970.cif,ok,
mp-2713990,cif/na_bandgap_ge1/mp-2713990.cif,ok,
mp-2713988,cif/na_bandgap_ge1/mp-2713988.cif,ok,
mp-2713991,cif/na_bandgap_ge1/mp-2713991.cif,ok,
mp-2714014,cif/na_bandgap_ge1/mp-2714014.cif,ok,
mp-2714027,cif/na_bandgap_ge1/mp-2714027.cif,ok,
mp-2714048,cif/na_bandgap_ge1/mp-2714048.cif,ok,
mp-2714092,cif/na_bandgap_ge1/mp-2714092.cif,ok,
mp-2714163,cif/na_bandgap_ge1/mp-2714163.cif,ok,
mp-2714200,cif/na_bandgap_ge1/mp-2714200.cif,ok,
mp-2714215,cif/na_bandgap_ge1/mp-2714215.cif,ok,
mp-2714223,cif/na_bandgap_ge1/mp-2714223.cif,ok,
mp-2714264,cif/na_bandgap_ge1/mp-2714264.cif,ok,
mp-2714276,cif/na_bandgap_ge1/mp-2714276.cif,ok,
mp-2714283,cif/na_bandgap_ge1/mp-2714283.cif,ok,
mp-2714279,cif/na_bandgap_ge1/mp-2714279.cif,ok,
mp-2714308,cif/na_bandgap_ge1/mp-2714308.cif,ok,
mp-2714324,cif/na_bandgap_ge1/mp-2714324.cif,ok,
mp-2714321,cif/na_bandgap_ge1/mp-2714321.cif,ok,
mp-2714333,cif/na_bandgap_ge1/mp-2714333.cif,ok,
mp-2714340,cif/na_bandgap_ge1/mp-2714340.cif,ok,
mp-2714349,cif/na_bandgap_ge1/mp-2714349.cif,ok,
mp-2714343,cif/na_bandgap_ge1/mp-2714343.cif,ok,
mp-2714366,cif/na_bandgap_ge1/mp-2714366.cif,ok,
mp-2714373,cif/na_bandgap_ge1/mp-2714373.cif,ok,
mp-2714372,cif/na_bandgap_ge1/mp-2714372.cif,ok,
mp-2714390,cif/na_bandgap_ge1/mp-2714390.cif,ok,
mp-2714394,cif/na_bandgap_ge1/mp-2714394.cif,ok,
mp-2714401,cif/na_bandgap_ge1/mp-2714401.cif,ok,
mp-2714398,cif/na_bandgap_ge1/mp-2714398.cif,ok,
mp-2714404,cif/na_bandgap_ge1/mp-2714404.cif,ok,
mp-2714410,cif/na_bandgap_ge1/mp-2714410.cif,ok,
mp-2714414,cif/na_bandgap_ge1/mp-2714414.cif,ok,
mp-2714425,cif/na_bandgap_ge1/mp-2714425.cif,ok,
mp-2714437,cif/na_bandgap_ge1/mp-2714437.cif,ok,
mp-2714453,cif/na_bandgap_ge1/mp-2714453.cif,ok,
mp-2714450,cif/na_bandgap_ge1/mp-2714450.cif,ok,
mp-2714449,cif/na_bandgap_ge1/mp-2714449.cif,ok,
mp-2714451,cif/na_bandgap_ge1/mp-2714451.cif,ok,
mp-2714469,cif/na_bandgap_ge1/mp-2714469.cif,ok,
mp-2714468,cif/na_bandgap_ge1/mp-2714468.cif,ok,
mp-2714482,cif/na_bandgap_ge1/mp-2714482.cif,ok,
mp-2714491,cif/na_bandgap_ge1/mp-2714491.cif,ok,
mp-2714485,cif/na_bandgap_ge1/mp-2714485.cif,ok,
mp-2714499,cif/na_bandgap_ge1/mp-2714499.cif,ok,
mp-2714505,cif/na_bandgap_ge1/mp-2714505.cif,ok,
mp-2714513,cif/na_bandgap_ge1/mp-2714513.cif,ok,
mp-2714525,cif/na_bandgap_ge1/mp-2714525.cif,ok,
mp-2714535,cif/na_bandgap_ge1/mp-2714535.cif,ok,
mp-2714534,cif/na_bandgap_ge1/mp-2714534.cif,ok,
mp-2714541,cif/na_bandgap_ge1/mp-2714541.cif,ok,
mp-2714540,cif/na_bandgap_ge1/mp-2714540.cif,ok,
mp-2714546,cif/na_bandgap_ge1/mp-2714546.cif,ok,
mp-2714561,cif/na_bandgap_ge1/mp-2714561.cif,ok,
mp-2714567,cif/na_bandgap_ge1/mp-2714567.cif,ok,
mp-2714562,cif/na_bandgap_ge1/mp-2714562.cif,ok,
mp-2714577,cif/na_bandgap_ge1/mp-2714577.cif,ok,
mp-2714580,cif/na_bandgap_ge1/mp-2714580.cif,ok,
mp-2714579,cif/na_bandgap_ge1/mp-2714579.cif,ok,
mp-2714584,cif/na_bandgap_ge1/mp-2714584.cif,ok,
mp-2714614,cif/na_bandgap_ge1/mp-2714614.cif,ok,
mp-2714628,cif/na_bandgap_ge1/mp-2714628.cif,ok,
mp-2714641,cif/na_bandgap_ge1/mp-2714641.cif,ok,
mp-2714637,cif/na_bandgap_ge1/mp-2714637.cif,ok,
mp-2714644,cif/na_bandgap_ge1/mp-2714644.cif,ok,
mp-2714643,cif/na_bandgap_ge1/mp-2714643.cif,ok,
mp-2714655,cif/na_bandgap_ge1/mp-2714655.cif,ok,
mp-2714663,cif/na_bandgap_ge1/mp-2714663.cif,ok,
mp-2714665,cif/na_bandgap_ge1/mp-2714665.cif,ok,
mp-2714666,cif/na_bandgap_ge1/mp-2714666.cif,ok,
mp-2714673,cif/na_bandgap_ge1/mp-2714673.cif,ok,
mp-2714678,cif/na_bandgap_ge1/mp-2714678.cif,ok,
mp-2714683,cif/na_bandgap_ge1/mp-2714683.cif,ok,
mp-2714698,cif/na_bandgap_ge1/mp-2714698.cif,ok,
mp-2714696,cif/na_bandgap_ge1/mp-2714696.cif,ok,
mp-2714699,cif/na_bandgap_ge1/mp-2714699.cif,ok,
mp-2714704,cif/na_bandgap_ge1/mp-2714704.cif,ok,
mp-2714719,cif/na_bandgap_ge1/mp-2714719.cif,ok,
mp-2714723,cif/na_bandgap_ge1/mp-2714723.cif,ok,
mp-2714731,cif/na_bandgap_ge1/mp-2714731.cif,ok,
mp-2714732,cif/na_bandgap_ge1/mp-2714732.cif,ok,
mp-2714745,cif/na_bandgap_ge1/mp-2714745.cif,ok,
mp-2714741,cif/na_bandgap_ge1/mp-2714741.cif,ok,
mp-2714752,cif/na_bandgap_ge1/mp-2714752.cif,ok,
mp-2714763,cif/na_bandgap_ge1/mp-2714763.cif,ok,
mp-2714762,cif/na_bandgap_ge1/mp-2714762.cif,ok,
mp-2714766,cif/na_bandgap_ge1/mp-2714766.cif,ok,
mp-2714779,cif/na_bandgap_ge1/mp-2714779.cif,ok,
mp-2714774,cif/na_bandgap_ge1/mp-2714774.cif,ok,
mp-2714778,cif/na_bandgap_ge1/mp-2714778.cif,ok,
mp-2714781,cif/na_bandgap_ge1/mp-2714781.cif,ok,
mp-2714790,cif/na_bandgap_ge1/mp-2714790.cif,ok,
mp-2714793,cif/na_bandgap_ge1/mp-2714793.cif,ok,
mp-2714796,cif/na_bandgap_ge1/mp-2714796.cif,ok,
mp-2714805,cif/na_bandgap_ge1/mp-2714805.cif,ok,
mp-2714806,cif/na_bandgap_ge1/mp-2714806.cif,ok,
mp-2714818,cif/na_bandgap_ge1/mp-2714818.cif,ok,
mp-2714839,cif/na_bandgap_ge1/mp-2714839.cif,ok,
mp-2714868,cif/na_bandgap_ge1/mp-2714868.cif,ok,
mp-2714879,cif/na_bandgap_ge1/mp-2714879.cif,ok,
mp-2714895,cif/na_bandgap_ge1/mp-2714895.cif,ok,
mp-2714891,cif/na_bandgap_ge1/mp-2714891.cif,ok,
mp-2714888,cif/na_bandgap_ge1/mp-2714888.cif,ok,
mp-2714904,cif/na_bandgap_ge1/mp-2714904.cif,ok,
mp-2714917,cif/na_bandgap_ge1/mp-2714917.cif,ok,
mp-2714920,cif/na_bandgap_ge1/mp-2714920.cif,ok,
mp-2714929,cif/na_bandgap_ge1/mp-2714929.cif,ok,
mp-2714937,cif/na_bandgap_ge1/mp-2714937.cif,ok,
mp-2714942,cif/na_bandgap_ge1/mp-2714942.cif,ok,
mp-2714949,cif/na_bandgap_ge1/mp-2714949.cif,ok,
mp-2714987,cif/na_bandgap_ge1/mp-2714987.cif,ok,
mp-2715017,cif/na_bandgap_ge1/mp-2715017.cif,ok,
mp-2715023,cif/na_bandgap_ge1/mp-2715023.cif,ok,
mp-2715018,cif/na_bandgap_ge1/mp-2715018.cif,ok,
mp-2715060,cif/na_bandgap_ge1/mp-2715060.cif,ok,
mp-2715070,cif/na_bandgap_ge1/mp-2715070.cif,ok,
mp-2715067,cif/na_bandgap_ge1/mp-2715067.cif,ok,
mp-2715078,cif/na_bandgap_ge1/mp-2715078.cif,ok,
mp-2715079,cif/na_bandgap_ge1/mp-2715079.cif,ok,
mp-2715131,cif/na_bandgap_ge1/mp-2715131.cif,ok,
mp-2715145,cif/na_bandgap_ge1/mp-2715145.cif,ok,
mp-2715215,cif/na_bandgap_ge1/mp-2715215.cif,ok,
mp-2715212,cif/na_bandgap_ge1/mp-2715212.cif,ok,
mp-2715227,cif/na_bandgap_ge1/mp-2715227.cif,ok,
mp-2715225,cif/na_bandgap_ge1/mp-2715225.cif,ok,
mp-2715224,cif/na_bandgap_ge1/mp-2715224.cif,ok,
mp-2715226,cif/na_bandgap_ge1/mp-2715226.cif,ok,
mp-2715229,cif/na_bandgap_ge1/mp-2715229.cif,ok,
mp-2715230,cif/na_bandgap_ge1/mp-2715230.cif,ok,
mp-2715228,cif/na_bandgap_ge1/mp-2715228.cif,ok,
mp-2715222,cif/na_bandgap_ge1/mp-2715222.cif,ok,
mp-2715240,cif/na_bandgap_ge1/mp-2715240.cif,ok,
mp-2715232,cif/na_bandgap_ge1/mp-2715232.cif,ok,
mp-2715231,cif/na_bandgap_ge1/mp-2715231.cif,ok,
mp-2715233,cif/na_bandgap_ge1/mp-2715233.cif,ok,
mp-2715237,cif/na_bandgap_ge1/mp-2715237.cif,ok,
mp-2715238,cif/na_bandgap_ge1/mp-2715238.cif,ok,
mp-2715248,cif/na_bandgap_ge1/mp-2715248.cif,ok,
mp-2715245,cif/na_bandgap_ge1/mp-2715245.cif,ok,
mp-2715243,cif/na_bandgap_ge1/mp-2715243.cif,ok,
mp-2715242,cif/na_bandgap_ge1/mp-2715242.cif,ok,
mp-2715249,cif/na_bandgap_ge1/mp-2715249.cif,ok,
mp-2715262,cif/na_bandgap_ge1/mp-2715262.cif,ok,
mp-2715257,cif/na_bandgap_ge1/mp-2715257.cif,ok,
mp-2715252,cif/na_bandgap_ge1/mp-2715252.cif,ok,
mp-2715255,cif/na_bandgap_ge1/mp-2715255.cif,ok,
mp-2715254,cif/na_bandgap_ge1/mp-2715254.cif,ok,
mp-2715256,cif/na_bandgap_ge1/mp-2715256.cif,ok,
mp-2715259,cif/na_bandgap_ge1/mp-2715259.cif,ok,
mp-2715261,cif/na_bandgap_ge1/mp-2715261.cif,ok,
mp-2715260,cif/na_bandgap_ge1/mp-2715260.cif,ok,
mp-2715268,cif/na_bandgap_ge1/mp-2715268.cif,ok,
mp-2715271,cif/na_bandgap_ge1/mp-2715271.cif,ok,
mp-2715264,cif/na_bandgap_ge1/mp-2715264.cif,ok,
mp-2715267,cif/na_bandgap_ge1/mp-2715267.cif,ok,
mp-2715270,cif/na_bandgap_ge1/mp-2715270.cif,ok,
mp-2715272,cif/na_bandgap_ge1/mp-2715272.cif,ok,
mp-2715288,cif/na_bandgap_ge1/mp-2715288.cif,ok,
mp-2715282,cif/na_bandgap_ge1/mp-2715282.cif,ok,
mp-2715281,cif/na_bandgap_ge1/mp-2715281.cif,ok,
mp-2715279,cif/na_bandgap_ge1/mp-2715279.cif,ok,
mp-2715289,cif/na_bandgap_ge1/mp-2715289.cif,ok,
mp-2715284,cif/na_bandgap_ge1/mp-2715284.cif,ok,
mp-2715285,cif/na_bandgap_ge1/mp-2715285.cif,ok,
mp-2715287,cif/na_bandgap_ge1/mp-2715287.cif,ok,
mp-2715297,cif/na_bandgap_ge1/mp-2715297.cif,ok,
mp-2715291,cif/na_bandgap_ge1/mp-2715291.cif,ok,
mp-2715293,cif/na_bandgap_ge1/mp-2715293.cif,ok,
mp-2715298,cif/na_bandgap_ge1/mp-2715298.cif,ok,
mp-2715300,cif/na_bandgap_ge1/mp-2715300.cif,ok,
mp-2715292,cif/na_bandgap_ge1/mp-2715292.cif,ok,
mp-2715295,cif/na_bandgap_ge1/mp-2715295.cif,ok,
mp-2715305,cif/na_bandgap_ge1/mp-2715305.cif,ok,
mp-2715308,cif/na_bandgap_ge1/mp-2715308.cif,ok,
mp-2715309,cif/na_bandgap_ge1/mp-2715309.cif,ok,
mp-2715316,cif/na_bandgap_ge1/mp-2715316.cif,ok,
mp-2715310,cif/na_bandgap_ge1/mp-2715310.cif,ok,
mp-2715317,cif/na_bandgap_ge1/mp-2715317.cif,ok,
mp-2715314,cif/na_bandgap_ge1/mp-2715314.cif,ok,
mp-2715318,cif/na_bandgap_ge1/mp-2715318.cif,ok,
mp-2715319,cif/na_bandgap_ge1/mp-2715319.cif,ok,
mp-2715321,cif/na_bandgap_ge1/mp-2715321.cif,ok,
mp-2715324,cif/na_bandgap_ge1/mp-2715324.cif,ok,
mp-2715326,cif/na_bandgap_ge1/mp-2715326.cif,ok,
mp-2715328,cif/na_bandgap_ge1/mp-2715328.cif,ok,
mp-2715334,cif/na_bandgap_ge1/mp-2715334.cif,ok,
mp-2715331,cif/na_bandgap_ge1/mp-2715331.cif,ok,
mp-2715337,cif/na_bandgap_ge1/mp-2715337.cif,ok,
mp-2715330,cif/na_bandgap_ge1/mp-2715330.cif,ok,
mp-2715335,cif/na_bandgap_ge1/mp-2715335.cif,ok,
mp-2715333,cif/na_bandgap_ge1/mp-2715333.cif,ok,
mp-2715332,cif/na_bandgap_ge1/mp-2715332.cif,ok,
mp-2715349,cif/na_bandgap_ge1/mp-2715349.cif,ok,
mp-2715350,cif/na_bandgap_ge1/mp-2715350.cif,ok,
mp-2715345,cif/na_bandgap_ge1/mp-2715345.cif,ok,
mp-2715342,cif/na_bandgap_ge1/mp-2715342.cif,ok,
mp-2715340,cif/na_bandgap_ge1/mp-2715340.cif,ok,
mp-2715339,cif/na_bandgap_ge1/mp-2715339.cif,ok,
mp-2715359,cif/na_bandgap_ge1/mp-2715359.cif,ok,
mp-2715351,cif/na_bandgap_ge1/mp-2715351.cif,ok,
mp-2715357,cif/na_bandgap_ge1/mp-2715357.cif,ok,
mp-2715355,cif/na_bandgap_ge1/mp-2715355.cif,ok,
mp-2715352,cif/na_bandgap_ge1/mp-2715352.cif,ok,
mp-2715363,cif/na_bandgap_ge1/mp-2715363.cif,ok,
mp-2715366,cif/na_bandgap_ge1/mp-2715366.cif,ok,
mp-2715361,cif/na_bandgap_ge1/mp-2715361.cif,ok,
mp-2715362,cif/na_bandgap_ge1/mp-2715362.cif,ok,
mp-2715375,cif/na_bandgap_ge1/mp-2715375.cif,ok,
mp-2715369,cif/na_bandgap_ge1/mp-2715369.cif,ok,
mp-2715374,cif/na_bandgap_ge1/mp-2715374.cif,ok,
mp-2715371,cif/na_bandgap_ge1/mp-2715371.cif,ok,
mp-2715376,cif/na_bandgap_ge1/mp-2715376.cif,ok,
mp-2715378,cif/na_bandgap_ge1/mp-2715378.cif,ok,
mp-2715377,cif/na_bandgap_ge1/mp-2715377.cif,ok,
mp-2715385,cif/na_bandgap_ge1/mp-2715385.cif,ok,
mp-2715384,cif/na_bandgap_ge1/mp-2715384.cif,ok,
mp-2715381,cif/na_bandgap_ge1/mp-2715381.cif,ok,
mp-2715386,cif/na_bandgap_ge1/mp-2715386.cif,ok,
mp-2715387,cif/na_bandgap_ge1/mp-2715387.cif,ok,
mp-2715388,cif/na_bandgap_ge1/mp-2715388.cif,ok,
mp-2715395,cif/na_bandgap_ge1/mp-2715395.cif,ok,
mp-2715394,cif/na_bandgap_ge1/mp-2715394.cif,ok,
mp-2715396,cif/na_bandgap_ge1/mp-2715396.cif,ok,
mp-2715404,cif/na_bandgap_ge1/mp-2715404.cif,ok,
mp-2715398,cif/na_bandgap_ge1/mp-2715398.cif,ok,
mp-2715403,cif/na_bandgap_ge1/mp-2715403.cif,ok,
mp-2715401,cif/na_bandgap_ge1/mp-2715401.cif,ok,
mp-2715399,cif/na_bandgap_ge1/mp-2715399.cif,ok,
mp-2715405,cif/na_bandgap_ge1/mp-2715405.cif,ok,
mp-2715402,cif/na_bandgap_ge1/mp-2715402.cif,ok,
mp-2715406,cif/na_bandgap_ge1/mp-2715406.cif,ok,
mp-2715413,cif/na_bandgap_ge1/mp-2715413.cif,ok,
mp-2715412,cif/na_bandgap_ge1/mp-2715412.cif,ok,
mp-2715409,cif/na_bandgap_ge1/mp-2715409.cif,ok,
mp-2715418,cif/na_bandgap_ge1/mp-2715418.cif,ok,
mp-2715416,cif/na_bandgap_ge1/mp-2715416.cif,ok,
mp-2715410,cif/na_bandgap_ge1/mp-2715410.cif,ok,
mp-2715415,cif/na_bandgap_ge1/mp-2715415.cif,ok,
mp-2715414,cif/na_bandgap_ge1/mp-2715414.cif,ok,
mp-2715417,cif/na_bandgap_ge1/mp-2715417.cif,ok,
mp-2715408,cif/na_bandgap_ge1/mp-2715408.cif,ok,
mp-2715432,cif/na_bandgap_ge1/mp-2715432.cif,ok,
mp-2715423,cif/na_bandgap_ge1/mp-2715423.cif,ok,
mp-2715428,cif/na_bandgap_ge1/mp-2715428.cif,ok,
mp-2715425,cif/na_bandgap_ge1/mp-2715425.cif,ok,
mp-2715429,cif/na_bandgap_ge1/mp-2715429.cif,ok,
mp-2715422,cif/na_bandgap_ge1/mp-2715422.cif,ok,
mp-2715431,cif/na_bandgap_ge1/mp-2715431.cif,ok,
mp-2715435,cif/na_bandgap_ge1/mp-2715435.cif,ok,
mp-2715443,cif/na_bandgap_ge1/mp-2715443.cif,ok,
mp-2715433,cif/na_bandgap_ge1/mp-2715433.cif,ok,
mp-2715441,cif/na_bandgap_ge1/mp-2715441.cif,ok,
mp-2715434,cif/na_bandgap_ge1/mp-2715434.cif,ok,
mp-2715439,cif/na_bandgap_ge1/mp-2715439.cif,ok,
mp-2715444,cif/na_bandgap_ge1/mp-2715444.cif,ok,
mp-2715438,cif/na_bandgap_ge1/mp-2715438.cif,ok,
mp-2715440,cif/na_bandgap_ge1/mp-2715440.cif,ok,
mp-2715446,cif/na_bandgap_ge1/mp-2715446.cif,ok,
mp-2715454,cif/na_bandgap_ge1/mp-2715454.cif,ok,
mp-2715448,cif/na_bandgap_ge1/mp-2715448.cif,ok,
mp-2715447,cif/na_bandgap_ge1/mp-2715447.cif,ok,
mp-2715445,cif/na_bandgap_ge1/mp-2715445.cif,ok,
mp-2715453,cif/na_bandgap_ge1/mp-2715453.cif,ok,
mp-2715458,cif/na_bandgap_ge1/mp-2715458.cif,ok,
mp-2715463,cif/na_bandgap_ge1/mp-2715463.cif,ok,
mp-2715461,cif/na_bandgap_ge1/mp-2715461.cif,ok,
mp-2715464,cif/na_bandgap_ge1/mp-2715464.cif,ok,
mp-2715459,cif/na_bandgap_ge1/mp-2715459.cif,ok,
mp-2715466,cif/na_bandgap_ge1/mp-2715466.cif,ok,
mp-2715468,cif/na_bandgap_ge1/mp-2715468.cif,ok,
mp-2715471,cif/na_bandgap_ge1/mp-2715471.cif,ok,
mp-2715467,cif/na_bandgap_ge1/mp-2715467.cif,ok,
mp-2715465,cif/na_bandgap_ge1/mp-2715465.cif,ok,
mp-2715472,cif/na_bandgap_ge1/mp-2715472.cif,ok,
mp-2715474,cif/na_bandgap_ge1/mp-2715474.cif,ok,
mp-2715470,cif/na_bandgap_ge1/mp-2715470.cif,ok,
mp-2715479,cif/na_bandgap_ge1/mp-2715479.cif,ok,
mp-2715483,cif/na_bandgap_ge1/mp-2715483.cif,ok,
mp-2715475,cif/na_bandgap_ge1/mp-2715475.cif,ok,
mp-2715477,cif/na_bandgap_ge1/mp-2715477.cif,ok,
mp-2715482,cif/na_bandgap_ge1/mp-2715482.cif,ok,
mp-2715476,cif/na_bandgap_ge1/mp-2715476.cif,ok,
mp-2715478,cif/na_bandgap_ge1/mp-2715478.cif,ok,
mp-2715481,cif/na_bandgap_ge1/mp-2715481.cif,ok,
mp-2715486,cif/na_bandgap_ge1/mp-2715486.cif,ok,
mp-2715485,cif/na_bandgap_ge1/mp-2715485.cif,ok,
mp-2715491,cif/na_bandgap_ge1/mp-2715491.cif,ok,
mp-2715487,cif/na_bandgap_ge1/mp-2715487.cif,ok,
mp-2715493,cif/na_bandgap_ge1/mp-2715493.cif,ok,
mp-2715492,cif/na_bandgap_ge1/mp-2715492.cif,ok,
mp-2715495,cif/na_bandgap_ge1/mp-2715495.cif,ok,
mp-2715490,cif/na_bandgap_ge1/mp-2715490.cif,ok,
mp-2715494,cif/na_bandgap_ge1/mp-2715494.cif,ok,
mp-2715499,cif/na_bandgap_ge1/mp-2715499.cif,ok,
mp-2715500,cif/na_bandgap_ge1/mp-2715500.cif,ok,
mp-2715505,cif/na_bandgap_ge1/mp-2715505.cif,ok,
mp-2715496,cif/na_bandgap_ge1/mp-2715496.cif,ok,
mp-2715501,cif/na_bandgap_ge1/mp-2715501.cif,ok,
mp-2715498,cif/na_bandgap_ge1/mp-2715498.cif,ok,
mp-2715497,cif/na_bandgap_ge1/mp-2715497.cif,ok,
mp-2715504,cif/na_bandgap_ge1/mp-2715504.cif,ok,
mp-2715503,cif/na_bandgap_ge1/mp-2715503.cif,ok,
mp-2715502,cif/na_bandgap_ge1/mp-2715502.cif,ok,
mp-2715508,cif/na_bandgap_ge1/mp-2715508.cif,ok,
mp-2715517,cif/na_bandgap_ge1/mp-2715517.cif,ok,
mp-2715518,cif/na_bandgap_ge1/mp-2715518.cif,ok,
mp-2715515,cif/na_bandgap_ge1/mp-2715515.cif,ok,
mp-2715513,cif/na_bandgap_ge1/mp-2715513.cif,ok,
mp-2715512,cif/na_bandgap_ge1/mp-2715512.cif,ok,
mp-2715514,cif/na_bandgap_ge1/mp-2715514.cif,ok,
mp-2715510,cif/na_bandgap_ge1/mp-2715510.cif,ok,
mp-2715516,cif/na_bandgap_ge1/mp-2715516.cif,ok,
mp-2715509,cif/na_bandgap_ge1/mp-2715509.cif,ok,
mp-2715519,cif/na_bandgap_ge1/mp-2715519.cif,ok,
mp-2715554,cif/na_bandgap_ge1/mp-2715554.cif,ok,
mp-2715588,cif/na_bandgap_ge1/mp-2715588.cif,ok,
mp-2715590,cif/na_bandgap_ge1/mp-2715590.cif,ok,
mp-2715602,cif/na_bandgap_ge1/mp-2715602.cif,ok,
mp-2715615,cif/na_bandgap_ge1/mp-2715615.cif,ok,
mp-2715627,cif/na_bandgap_ge1/mp-2715627.cif,ok,
mp-2715636,cif/na_bandgap_ge1/mp-2715636.cif,ok,
mp-2715664,cif/na_bandgap_ge1/mp-2715664.cif,ok,
mp-2715691,cif/na_bandgap_ge1/mp-2715691.cif,ok,
mp-2715703,cif/na_bandgap_ge1/mp-2715703.cif,ok,
mp-2715707,cif/na_bandgap_ge1/mp-2715707.cif,ok,
mp-2715705,cif/na_bandgap_ge1/mp-2715705.cif,ok,
mp-2715711,cif/na_bandgap_ge1/mp-2715711.cif,ok,
mp-2715777,cif/na_bandgap_ge1/mp-2715777.cif,ok,
mp-2715789,cif/na_bandgap_ge1/mp-2715789.cif,ok,
mp-2715796,cif/na_bandgap_ge1/mp-2715796.cif,ok,
mp-2715805,cif/na_bandgap_ge1/mp-2715805.cif,ok,
mp-2715808,cif/na_bandgap_ge1/mp-2715808.cif,ok,
mp-2715812,cif/na_bandgap_ge1/mp-2715812.cif,ok,
mp-2715820,cif/na_bandgap_ge1/mp-2715820.cif,ok,
mp-2715827,cif/na_bandgap_ge1/mp-2715827.cif,ok,
mp-2715825,cif/na_bandgap_ge1/mp-2715825.cif,ok,
mp-2715835,cif/na_bandgap_ge1/mp-2715835.cif,ok,
mp-2715834,cif/na_bandgap_ge1/mp-2715834.cif,ok,
mp-2715843,cif/na_bandgap_ge1/mp-2715843.cif,ok,
mp-2715856,cif/na_bandgap_ge1/mp-2715856.cif,ok,
mp-2715866,cif/na_bandgap_ge1/mp-2715866.cif,ok,
mp-2715859,cif/na_bandgap_ge1/mp-2715859.cif,ok,
mp-2715872,cif/na_bandgap_ge1/mp-2715872.cif,ok,
mp-2715868,cif/na_bandgap_ge1/mp-2715868.cif,ok,
mp-2715871,cif/na_bandgap_ge1/mp-2715871.cif,ok,
mp-2715867,cif/na_bandgap_ge1/mp-2715867.cif,ok,
mp-2715883,cif/na_bandgap_ge1/mp-2715883.cif,ok,
mp-2715886,cif/na_bandgap_ge1/mp-2715886.cif,ok,
mp-2715885,cif/na_bandgap_ge1/mp-2715885.cif,ok,
mp-2715890,cif/na_bandgap_ge1/mp-2715890.cif,ok,
mp-2715891,cif/na_bandgap_ge1/mp-2715891.cif,ok,
mp-2715902,cif/na_bandgap_ge1/mp-2715902.cif,ok,
mp-2715903,cif/na_bandgap_ge1/mp-2715903.cif,ok,
mp-2715913,cif/na_bandgap_ge1/mp-2715913.cif,ok,
mp-2715908,cif/na_bandgap_ge1/mp-2715908.cif,ok,
mp-2715921,cif/na_bandgap_ge1/mp-2715921.cif,ok,
mp-2715915,cif/na_bandgap_ge1/mp-2715915.cif,ok,
mp-2715940,cif/na_bandgap_ge1/mp-2715940.cif,ok,
mp-2715939,cif/na_bandgap_ge1/mp-2715939.cif,ok,
mp-2715934,cif/na_bandgap_ge1/mp-2715934.cif,ok,
mp-2715950,cif/na_bandgap_ge1/mp-2715950.cif,ok,
mp-2715958,cif/na_bandgap_ge1/mp-2715958.cif,ok,
mp-2715959,cif/na_bandgap_ge1/mp-2715959.cif,ok,
mp-2715967,cif/na_bandgap_ge1/mp-2715967.cif,ok,
mp-2715982,cif/na_bandgap_ge1/mp-2715982.cif,ok,
mp-2715981,cif/na_bandgap_ge1/mp-2715981.cif,ok,
mp-2715990,cif/na_bandgap_ge1/mp-2715990.cif,ok,
mp-2715989,cif/na_bandgap_ge1/mp-2715989.cif,ok,
mp-2715993,cif/na_bandgap_ge1/mp-2715993.cif,ok,
mp-2716000,cif/na_bandgap_ge1/mp-2716000.cif,ok,
mp-2716009,cif/na_bandgap_ge1/mp-2716009.cif,ok,
mp-2716005,cif/na_bandgap_ge1/mp-2716005.cif,ok,
mp-2716006,cif/na_bandgap_ge1/mp-2716006.cif,ok,
mp-2716012,cif/na_bandgap_ge1/mp-2716012.cif,ok,
mp-2716021,cif/na_bandgap_ge1/mp-2716021.cif,ok,
mp-2716030,cif/na_bandgap_ge1/mp-2716030.cif,ok,
mp-2716027,cif/na_bandgap_ge1/mp-2716027.cif,ok,
mp-2716031,cif/na_bandgap_ge1/mp-2716031.cif,ok,
mp-2716041,cif/na_bandgap_ge1/mp-2716041.cif,ok,
mp-2716050,cif/na_bandgap_ge1/mp-2716050.cif,ok,
mp-2716051,cif/na_bandgap_ge1/mp-2716051.cif,ok,
mp-2716061,cif/na_bandgap_ge1/mp-2716061.cif,ok,
mp-2716063,cif/na_bandgap_ge1/mp-2716063.cif,ok,
mp-2716066,cif/na_bandgap_ge1/mp-2716066.cif,ok,
mp-2716069,cif/na_bandgap_ge1/mp-2716069.cif,ok,
mp-2716073,cif/na_bandgap_ge1/mp-2716073.cif,ok,
mp-2716071,cif/na_bandgap_ge1/mp-2716071.cif,ok,
mp-2716078,cif/na_bandgap_ge1/mp-2716078.cif,ok,
mp-2716085,cif/na_bandgap_ge1/mp-2716085.cif,ok,
mp-2716093,cif/na_bandgap_ge1/mp-2716093.cif,ok,
mp-2716088,cif/na_bandgap_ge1/mp-2716088.cif,ok,
mp-2716107,cif/na_bandgap_ge1/mp-2716107.cif,ok,
mp-2716106,cif/na_bandgap_ge1/mp-2716106.cif,ok,
mp-2716113,cif/na_bandgap_ge1/mp-2716113.cif,ok,
mp-2716116,cif/na_bandgap_ge1/mp-2716116.cif,ok,
mp-2716115,cif/na_bandgap_ge1/mp-2716115.cif,ok,
mp-2716124,cif/na_bandgap_ge1/mp-2716124.cif,ok,
mp-2716136,cif/na_bandgap_ge1/mp-2716136.cif,ok,
mp-2716204,cif/na_bandgap_ge1/mp-2716204.cif,ok,
mp-2716206,cif/na_bandgap_ge1/mp-2716206.cif,ok,
mp-2716210,cif/na_bandgap_ge1/mp-2716210.cif,ok,
mp-2716238,cif/na_bandgap_ge1/mp-2716238.cif,ok,
mp-2716307,cif/na_bandgap_ge1/mp-2716307.cif,ok,
mp-2716344,cif/na_bandgap_ge1/mp-2716344.cif,ok,
mp-2716373,cif/na_bandgap_ge1/mp-2716373.cif,ok,
mp-2716407,cif/na_bandgap_ge1/mp-2716407.cif,ok,
mp-2716438,cif/na_bandgap_ge1/mp-2716438.cif,ok,
mp-2716489,cif/na_bandgap_ge1/mp-2716489.cif,ok,
mp-2716513,cif/na_bandgap_ge1/mp-2716513.cif,ok,
mp-2716524,cif/na_bandgap_ge1/mp-2716524.cif,ok,
mp-2716550,cif/na_bandgap_ge1/mp-2716550.cif,ok,
mp-2716566,cif/na_bandgap_ge1/mp-2716566.cif,ok,
mp-2716564,cif/na_bandgap_ge1/mp-2716564.cif,ok,
mp-2716574,cif/na_bandgap_ge1/mp-2716574.cif,ok,
mp-2748208,cif/na_bandgap_ge1/mp-2748208.cif,ok,
mp-768125,cif/na_bandgap_ge1/mp-768125.cif,ok,
mp-768154,cif/na_bandgap_ge1/mp-768154.cif,ok,
mp-768556,cif/na_bandgap_ge1/mp-768556.cif,ok,
mp-768574,cif/na_bandgap_ge1/mp-768574.cif,ok,
mp-768582,cif/na_bandgap_ge1/mp-768582.cif,ok,
mp-768663,cif/na_bandgap_ge1/mp-768663.cif,ok,
mp-768915,cif/na_bandgap_ge1/mp-768915.cif,ok,
mp-769398,cif/na_bandgap_ge1/mp-769398.cif,ok,
mp-769592,cif/na_bandgap_ge1/mp-769592.cif,ok,
mp-769634,cif/na_bandgap_ge1/mp-769634.cif,ok,
mp-770475,cif/na_bandgap_ge1/mp-770475.cif,ok,
mp-770646,cif/na_bandgap_ge1/mp-770646.cif,ok,
mp-770738,cif/na_bandgap_ge1/mp-770738.cif,ok,
mp-770765,cif/na_bandgap_ge1/mp-770765.cif,ok,
mp-770831,cif/na_bandgap_ge1/mp-770831.cif,ok,
mp-770835,cif/na_bandgap_ge1/mp-770835.cif,ok,
mp-770929,cif/na_bandgap_ge1/mp-770929.cif,ok,
mp-770937,cif/na_bandgap_ge1/mp-770937.cif,ok,
mp-770940,cif/na_bandgap_ge1/mp-770940.cif,ok,
mp-770947,cif/na_bandgap_ge1/mp-770947.cif,ok,
mp-770948,cif/na_bandgap_ge1/mp-770948.cif,ok,
mp-770968,cif/na_bandgap_ge1/mp-770968.cif,ok,
mp-771006,cif/na_bandgap_ge1/mp-771006.cif,ok,
mp-771022,cif/na_bandgap_ge1/mp-771022.cif,ok,
mp-771021,cif/na_bandgap_ge1/mp-771021.cif,ok,
mp-771013,cif/na_bandgap_ge1/mp-771013.cif,ok,
mp-771041,cif/na_bandgap_ge1/mp-771041.cif,ok,
mp-771038,cif/na_bandgap_ge1/mp-771038.cif,ok,
mp-771035,cif/na_bandgap_ge1/mp-771035.cif,ok,
mp-771154,cif/na_bandgap_ge1/mp-771154.cif,ok,
mp-771144,cif/na_bandgap_ge1/mp-771144.cif,ok,
mp-771143,cif/na_bandgap_ge1/mp-771143.cif,ok,
mp-771204,cif/na_bandgap_ge1/mp-771204.cif,ok,
mp-771264,cif/na_bandgap_ge1/mp-771264.cif,ok,
mp-771270,cif/na_bandgap_ge1/mp-771270.cif,ok,
mp-771336,cif/na_bandgap_ge1/mp-771336.cif,ok,
mp-771331,cif/na_bandgap_ge1/mp-771331.cif,ok,
mp-771332,cif/na_bandgap_ge1/mp-771332.cif,ok,
mp-771324,cif/na_bandgap_ge1/mp-771324.cif,ok,
mp-771335,cif/na_bandgap_ge1/mp-771335.cif,ok,
mp-771337,cif/na_bandgap_ge1/mp-771337.cif,ok,
mp-771329,cif/na_bandgap_ge1/mp-771329.cif,ok,
mp-771385,cif/na_bandgap_ge1/mp-771385.cif,ok,
mp-771393,cif/na_bandgap_ge1/mp-771393.cif,ok,
mp-771974,cif/na_bandgap_ge1/mp-771974.cif,ok,
mp-772101,cif/na_bandgap_ge1/mp-772101.cif,ok,
mp-772223,cif/na_bandgap_ge1/mp-772223.cif,ok,
mp-772236,cif/na_bandgap_ge1/mp-772236.cif,ok,
mp-772484,cif/na_bandgap_ge1/mp-772484.cif,ok,
mp-772507,cif/na_bandgap_ge1/mp-772507.cif,ok,
mp-772498,cif/na_bandgap_ge1/mp-772498.cif,ok,
mp-772637,cif/na_bandgap_ge1/mp-772637.cif,ok,
mp-772713,cif/na_bandgap_ge1/mp-772713.cif,ok,
mp-772726,cif/na_bandgap_ge1/mp-772726.cif,ok,
mp-772852,cif/na_bandgap_ge1/mp-772852.cif,ok,
mp-772851,cif/na_bandgap_ge1/mp-772851.cif,ok,
mp-772931,cif/na_bandgap_ge1/mp-772931.cif,ok,
mp-772970,cif/na_bandgap_ge1/mp-772970.cif,ok,
mp-772986,cif/na_bandgap_ge1/mp-772986.cif,ok,
mp-773177,cif/na_bandgap_ge1/mp-773177.cif,ok,
mp-773188,cif/na_bandgap_ge1/mp-773188.cif,ok,
mp-773526,cif/na_bandgap_ge1/mp-773526.cif,ok,
mp-773603,cif/na_bandgap_ge1/mp-773603.cif,ok,
mp-773605,cif/na_bandgap_ge1/mp-773605.cif,ok,
mp-773604,cif/na_bandgap_ge1/mp-773604.cif,ok,
mp-774092,cif/na_bandgap_ge1/mp-774092.cif,ok,
mp-774240,cif/na_bandgap_ge1/mp-774240.cif,ok,
mp-774247,cif/na_bandgap_ge1/mp-774247.cif,ok,
mp-774749,cif/na_bandgap_ge1/mp-774749.cif,ok,
mp-774757,cif/na_bandgap_ge1/mp-774757.cif,ok,
mp-775300,cif/na_bandgap_ge1/mp-775300.cif,ok,
mp-775329,cif/na_bandgap_ge1/mp-775329.cif,ok,
mp-775830,cif/na_bandgap_ge1/mp-775830.cif,ok,
mp-775936,cif/na_bandgap_ge1/mp-775936.cif,ok,
mp-776557,cif/na_bandgap_ge1/mp-776557.cif,ok,
mp-776646,cif/na_bandgap_ge1/mp-776646.cif,ok,
mp-776731,cif/na_bandgap_ge1/mp-776731.cif,ok,
mp-776965,cif/na_bandgap_ge1/mp-776965.cif,ok,
mp-776961,cif/na_bandgap_ge1/mp-776961.cif,ok,
mp-777919,cif/na_bandgap_ge1/mp-777919.cif,ok,
mp-778612,cif/na_bandgap_ge1/mp-778612.cif,ok,
mp-779294,cif/na_bandgap_ge1/mp-779294.cif,ok,
mp-779358,cif/na_bandgap_ge1/mp-779358.cif,ok,
mp-779502,cif/na_bandgap_ge1/mp-779502.cif,ok,
mp-779545,cif/na_bandgap_ge1/mp-779545.cif,ok,
mp-779589,cif/na_bandgap_ge1/mp-779589.cif,ok,
mp-782105,cif/na_bandgap_ge1/mp-782105.cif,ok,
mp-850445,cif/na_bandgap_ge1/mp-850445.cif,ok,
mp-861576,cif/na_bandgap_ge1/mp-861576.cif,ok,
mp-863011,cif/na_bandgap_ge1/mp-863011.cif,ok,
mp-864664,cif/na_bandgap_ge1/mp-864664.cif,ok,
mp-971678,cif/na_bandgap_ge1/mp-971678.cif,ok,
mp-982980,cif/na_bandgap_ge1/mp-982980.cif,ok,
mp-985584,cif/na_bandgap_ge1/mp-985584.cif,ok,
mp-985586,cif/na_bandgap_ge1/mp-985586.cif,ok,
mp-1019781,cif/na_bandgap_ge1/mp-1019781.cif,ok,
mp-1020160,cif/na_bandgap_ge1/mp-1020160.cif,ok,
mp-1020163,cif/na_bandgap_ge1/mp-1020163.cif,ok,
mp-1020161,cif/na_bandgap_ge1/mp-1020161.cif,ok,
mp-1020164,cif/na_bandgap_ge1/mp-1020164.cif,ok,
mp-1029565,cif/na_bandgap_ge1/mp-1029565.cif,ok,
mp-1029845,cif/na_bandgap_ge1/mp-1029845.cif,ok,
mp-1075953,cif/na_bandgap_ge1/mp-1075953.cif,ok,
mp-1076095,cif/na_bandgap_ge1/mp-1076095.cif,ok,
mp-1076335,cif/na_bandgap_ge1/mp-1076335.cif,ok,
mp-1076363,cif/na_bandgap_ge1/mp-1076363.cif,ok,
mp-1076413,cif/na_bandgap_ge1/mp-1076413.cif,ok,
mp-1076510,cif/na_bandgap_ge1/mp-1076510.cif,ok,
mp-1076512,cif/na_bandgap_ge1/mp-1076512.cif,ok,
mp-1078419,cif/na_bandgap_ge1/mp-1078419.cif,ok,
mp-1078554,cif/na_bandgap_ge1/mp-1078554.cif,ok,
mp-1078643,cif/na_bandgap_ge1/mp-1078643.cif,ok,
mp-1099712,cif/na_bandgap_ge1/mp-1099712.cif,ok,
mp-1099860,cif/na_bandgap_ge1/mp-1099860.cif,ok,
mp-1106352,cif/na_bandgap_ge1/mp-1106352.cif,ok,
mp-1110572,cif/na_bandgap_ge1/mp-1110572.cif,ok,
mp-1110569,cif/na_bandgap_ge1/mp-1110569.cif,ok,
mp-1110574,cif/na_bandgap_ge1/mp-1110574.cif,ok,
mp-1110567,cif/na_bandgap_ge1/mp-1110567.cif,ok,
mp-1110571,cif/na_bandgap_ge1/mp-1110571.cif,ok,
mp-1110568,cif/na_bandgap_ge1/mp-1110568.cif,ok,
mp-1110570,cif/na_bandgap_ge1/mp-1110570.cif,ok,
mp-1110797,cif/na_bandgap_ge1/mp-1110797.cif,ok,
mp-1110798,cif/na_bandgap_ge1/mp-1110798.cif,ok,
mp-1110799,cif/na_bandgap_ge1/mp-1110799.cif,ok,
mp-1110792,cif/na_bandgap_ge1/mp-1110792.cif,ok,
mp-1110812,cif/na_bandgap_ge1/mp-1110812.cif,ok,
mp-1110813,cif/na_bandgap_ge1/mp-1110813.cif,ok,
mp-1111000,cif/na_bandgap_ge1/mp-1111000.cif,ok,
mp-1111444,cif/na_bandgap_ge1/mp-1111444.cif,ok,
mp-1111445,cif/na_bandgap_ge1/mp-1111445.cif,ok,
mp-1111450,cif/na_bandgap_ge1/mp-1111450.cif,ok,
mp-1111448,cif/na_bandgap_ge1/mp-1111448.cif,ok,
mp-1111487,cif/na_bandgap_ge1/mp-1111487.cif,ok,
mp-1111504,cif/na_bandgap_ge1/mp-1111504.cif,ok,
mp-1111607,cif/na_bandgap_ge1/mp-1111607.cif,ok,
mp-1111642,cif/na_bandgap_ge1/mp-1111642.cif,ok,
mp-1111700,cif/na_bandgap_ge1/mp-1111700.cif,ok,
mp-1111704,cif/na_bandgap_ge1/mp-1111704.cif,ok,
mp-1111701,cif/na_bandgap_ge1/mp-1111701.cif,ok,
mp-1111697,cif/na_bandgap_ge1/mp-1111697.cif,ok,
mp-1111773,cif/na_bandgap_ge1/mp-1111773.cif,ok,
mp-1111889,cif/na_bandgap_ge1/mp-1111889.cif,ok,
mp-1111891,cif/na_bandgap_ge1/mp-1111891.cif,ok,
mp-1111894,cif/na_bandgap_ge1/mp-1111894.cif,ok,
mp-1111896,cif/na_bandgap_ge1/mp-1111896.cif,ok,
mp-1111895,cif/na_bandgap_ge1/mp-1111895.cif,ok,
mp-1111945,cif/na_bandgap_ge1/mp-1111945.cif,ok,
mp-1113313,cif/na_bandgap_ge1/mp-1113313.cif,ok,
mp-1113433,cif/na_bandgap_ge1/mp-1113433.cif,ok,
mp-1113503,cif/na_bandgap_ge1/mp-1113503.cif,ok,
mp-1113506,cif/na_bandgap_ge1/mp-1113506.cif,ok,
mp-1114251,cif/na_bandgap_ge1/mp-1114251.cif,ok,
mp-1114259,cif/na_bandgap_ge1/mp-1114259.cif,ok,
mp-1133351,cif/na_bandgap_ge1/mp-1133351.cif,ok,
mp-1133317,cif/na_bandgap_ge1/mp-1133317.cif,ok,
mp-1173082,cif/na_bandgap_ge1/mp-1173082.cif,ok,
mp-1173701,cif/na_bandgap_ge1/mp-1173701.cif,ok,
mp-1173706,cif/na_bandgap_ge1/mp-1173706.cif,ok,
mp-1173711,cif/na_bandgap_ge1/mp-1173711.cif,ok,
mp-1173713,cif/na_bandgap_ge1/mp-1173713.cif,ok,
mp-1173671,cif/na_bandgap_ge1/mp-1173671.cif,ok,
mp-1173681,cif/na_bandgap_ge1/mp-1173681.cif,ok,
mp-1173718,cif/na_bandgap_ge1/mp-1173718.cif,ok,
mp-1173723,cif/na_bandgap_ge1/mp-1173723.cif,ok,
mp-1173732,cif/na_bandgap_ge1/mp-1173732.cif,ok,
mp-1173736,cif/na_bandgap_ge1/mp-1173736.cif,ok,
mp-1173762,cif/na_bandgap_ge1/mp-1173762.cif,ok,
mp-1173738,cif/na_bandgap_ge1/mp-1173738.cif,ok,
mp-1173782,cif/na_bandgap_ge1/mp-1173782.cif,ok,
mp-1173803,cif/na_bandgap_ge1/mp-1173803.cif,ok,
mp-1173819,cif/na_bandgap_ge1/mp-1173819.cif,ok,
mp-1173812,cif/na_bandgap_ge1/mp-1173812.cif,ok,
mp-1173821,cif/na_bandgap_ge1/mp-1173821.cif,ok,
mp-1173822,cif/na_bandgap_ge1/mp-1173822.cif,ok,
mp-1173864,cif/na_bandgap_ge1/mp-1173864.cif,ok,
mp-1173861,cif/na_bandgap_ge1/mp-1173861.cif,ok,
mp-1173878,cif/na_bandgap_ge1/mp-1173878.cif,ok,
mp-1176349,cif/na_bandgap_ge1/mp-1176349.cif,ok,
mp-1176367,cif/na_bandgap_ge1/mp-1176367.cif,ok,
mp-1176354,cif/na_bandgap_ge1/mp-1176354.cif,ok,
mp-1176353,cif/na_bandgap_ge1/mp-1176353.cif,ok,
mp-1176351,cif/na_bandgap_ge1/mp-1176351.cif,ok,
mp-1176362,cif/na_bandgap_ge1/mp-1176362.cif,ok,
mp-1176364,cif/na_bandgap_ge1/mp-1176364.cif,ok,
mp-1176372,cif/na_bandgap_ge1/mp-1176372.cif,ok,
mp-1180369,cif/na_bandgap_ge1/mp-1180369.cif,ok,
mp-1180408,cif/na_bandgap_ge1/mp-1180408.cif,ok,
mp-1180577,cif/na_bandgap_ge1/mp-1180577.cif,ok,
mp-1180586,cif/na_bandgap_ge1/mp-1180586.cif,ok,
mp-1180754,cif/na_bandgap_ge1/mp-1180754.cif,ok,
mp-1180715,cif/na_bandgap_ge1/mp-1180715.cif,ok,
mp-1186075,cif/na_bandgap_ge1/mp-1186075.cif,ok,
mp-1189516,cif/na_bandgap_ge1/mp-1189516.cif,ok,
mp-1189708,cif/na_bandgap_ge1/mp-1189708.cif,ok,
mp-1191513,cif/na_bandgap_ge1/mp-1191513.cif,ok,
mp-1191931,cif/na_bandgap_ge1/mp-1191931.cif,ok,
mp-1193226,cif/na_bandgap_ge1/mp-1193226.cif,ok,
mp-1193265,cif/na_bandgap_ge1/mp-1193265.cif,ok,
mp-1193673,cif/na_bandgap_ge1/mp-1193673.cif,ok,
mp-1193700,cif/na_bandgap_ge1/mp-1193700.cif,ok,
mp-1194022,cif/na_bandgap_ge1/mp-1194022.cif,ok,
mp-1194373,cif/na_bandgap_ge1/mp-1194373.cif,ok,
mp-1194479,cif/na_bandgap_ge1/mp-1194479.cif,ok,
mp-1194849,cif/na_bandgap_ge1/mp-1194849.cif,ok,
mp-1194885,cif/na_bandgap_ge1/mp-1194885.cif,ok,
mp-1194982,cif/na_bandgap_ge1/mp-1194982.cif,ok,
mp-1195518,cif/na_bandgap_ge1/mp-1195518.cif,ok,
mp-1195590,cif/na_bandgap_ge1/mp-1195590.cif,ok,
mp-1195615,cif/na_bandgap_ge1/mp-1195615.cif,ok,
mp-1195700,cif/na_bandgap_ge1/mp-1195700.cif,ok,
mp-1196902,cif/na_bandgap_ge1/mp-1196902.cif,ok,
mp-1197527,cif/na_bandgap_ge1/mp-1197527.cif,ok,
mp-1197610,cif/na_bandgap_ge1/mp-1197610.cif,ok,
mp-1197608,cif/na_bandgap_ge1/mp-1197608.cif,ok,
mp-1197775,cif/na_bandgap_ge1/mp-1197775.cif,ok,
mp-1197849,cif/na_bandgap_ge1/mp-1197849.cif,ok,
mp-1197957,cif/na_bandgap_ge1/mp-1197957.cif,ok,
mp-1197987,cif/na_bandgap_ge1/mp-1197987.cif,ok,
mp-1198312,cif/na_bandgap_ge1/mp-1198312.cif,ok,
mp-1198473,cif/na_bandgap_ge1/mp-1198473.cif,ok,
mp-1199469,cif/na_bandgap_ge1/mp-1199469.cif,ok,
mp-1199719,cif/na_bandgap_ge1/mp-1199719.cif,ok,
mp-1199993,cif/na_bandgap_ge1/mp-1199993.cif,ok,
mp-1200323,cif/na_bandgap_ge1/mp-1200323.cif,ok,
mp-1200790,cif/na_bandgap_ge1/mp-1200790.cif,ok,
mp-1201033,cif/na_bandgap_ge1/mp-1201033.cif,ok,
mp-1201930,cif/na_bandgap_ge1/mp-1201930.cif,ok,
mp-1201950,cif/na_bandgap_ge1/mp-1201950.cif,ok,
mp-1201957,cif/na_bandgap_ge1/mp-1201957.cif,ok,
mp-1202144,cif/na_bandgap_ge1/mp-1202144.cif,ok,
mp-1202226,cif/na_bandgap_ge1/mp-1202226.cif,ok,
mp-1202249,cif/na_bandgap_ge1/mp-1202249.cif,ok,
mp-1202673,cif/na_bandgap_ge1/mp-1202673.cif,ok,
mp-1203085,cif/na_bandgap_ge1/mp-1203085.cif,ok,
mp-1203077,cif/na_bandgap_ge1/mp-1203077.cif,ok,
mp-1203147,cif/na_bandgap_ge1/mp-1203147.cif,ok,
mp-1203588,cif/na_bandgap_ge1/mp-1203588.cif,ok,
mp-1203724,cif/na_bandgap_ge1/mp-1203724.cif,ok,
mp-1204395,cif/na_bandgap_ge1/mp-1204395.cif,ok,
mp-1205072,cif/na_bandgap_ge1/mp-1205072.cif,ok,
mp-1205129,cif/na_bandgap_ge1/mp-1205129.cif,ok,
mp-1205167,cif/na_bandgap_ge1/mp-1205167.cif,ok,
mp-1205426,cif/na_bandgap_ge1/mp-1205426.cif,ok,
mp-1205476,cif/na_bandgap_ge1/mp-1205476.cif,ok,
mp-1206139,cif/na_bandgap_ge1/mp-1206139.cif,ok,
mp-1209473,cif/na_bandgap_ge1/mp-1209473.cif,ok,
mp-1210212,cif/na_bandgap_ge1/mp-1210212.cif,ok,
mp-1210238,cif/na_bandgap_ge1/mp-1210238.cif,ok,
mp-1210255,cif/na_bandgap_ge1/mp-1210255.cif,ok,
mp-1210277,cif/na_bandgap_ge1/mp-1210277.cif,ok,
mp-1210289,cif/na_bandgap_ge1/mp-1210289.cif,ok,
mp-1210292,cif/na_bandgap_ge1/mp-1210292.cif,ok,
mp-1210282,cif/na_bandgap_ge1/mp-1210282.cif,ok,
mp-1210309,cif/na_bandgap_ge1/mp-1210309.cif,ok,
mp-1210302,cif/na_bandgap_ge1/mp-1210302.cif,ok,
mp-1210332,cif/na_bandgap_ge1/mp-1210332.cif,ok,
mp-1210340,cif/na_bandgap_ge1/mp-1210340.cif,ok,
mp-1210350,cif/na_bandgap_ge1/mp-1210350.cif,ok,
mp-1210360,cif/na_bandgap_ge1/mp-1210360.cif,ok,
mp-1210389,cif/na_bandgap_ge1/mp-1210389.cif,ok,
mp-1210410,cif/na_bandgap_ge1/mp-1210410.cif,ok,
mp-1210400,cif/na_bandgap_ge1/mp-1210400.cif,ok,
mp-1210415,cif/na_bandgap_ge1/mp-1210415.cif,ok,
mp-1210420,cif/na_bandgap_ge1/mp-1210420.cif,ok,
mp-1210424,cif/na_bandgap_ge1/mp-1210424.cif,ok,
mp-1210441,cif/na_bandgap_ge1/mp-1210441.cif,ok,
mp-1210463,cif/na_bandgap_ge1/mp-1210463.cif,ok,
mp-1210467,cif/na_bandgap_ge1/mp-1210467.cif,ok,
mp-1210455,cif/na_bandgap_ge1/mp-1210455.cif,ok,
mp-1210465,cif/na_bandgap_ge1/mp-1210465.cif,ok,
mp-1210458,cif/na_bandgap_ge1/mp-1210458.cif,ok,
mp-1210445,cif/na_bandgap_ge1/mp-1210445.cif,ok,
mp-1210472,cif/na_bandgap_ge1/mp-1210472.cif,ok,
mp-1210506,cif/na_bandgap_ge1/mp-1210506.cif,ok,
mp-1210504,cif/na_bandgap_ge1/mp-1210504.cif,ok,
mp-1210495,cif/na_bandgap_ge1/mp-1210495.cif,ok,
mp-1210518,cif/na_bandgap_ge1/mp-1210518.cif,ok,
mp-1210529,cif/na_bandgap_ge1/mp-1210529.cif,ok,
mp-1210536,cif/na_bandgap_ge1/mp-1210536.cif,ok,
mp-1210564,cif/na_bandgap_ge1/mp-1210564.cif,ok,
mp-1210565,cif/na_bandgap_ge1/mp-1210565.cif,ok,
mp-1210666,cif/na_bandgap_ge1/mp-1210666.cif,ok,
mp-1210670,cif/na_bandgap_ge1/mp-1210670.cif,ok,
mp-1210682,cif/na_bandgap_ge1/mp-1210682.cif,ok,
mp-1210734,cif/na_bandgap_ge1/mp-1210734.cif,ok,
mp-1210758,cif/na_bandgap_ge1/mp-1210758.cif,ok,
mp-1210769,cif/na_bandgap_ge1/mp-1210769.cif,ok,
mp-1210809,cif/na_bandgap_ge1/mp-1210809.cif,ok,
mp-1210844,cif/na_bandgap_ge1/mp-1210844.cif,ok,
mp-1210894,cif/na_bandgap_ge1/mp-1210894.cif,ok,
mp-1210927,cif/na_bandgap_ge1/mp-1210927.cif,ok,
mp-1210985,cif/na_bandgap_ge1/mp-1210985.cif,ok,
mp-1211011,cif/na_bandgap_ge1/mp-1211011.cif,ok,
mp-1211038,cif/na_bandgap_ge1/mp-1211038.cif,ok,
mp-1211075,cif/na_bandgap_ge1/mp-1211075.cif,ok,
mp-1211118,cif/na_bandgap_ge1/mp-1211118.cif,ok,
mp-1211201,cif/na_bandgap_ge1/mp-1211201.cif,ok,
mp-1211231,cif/na_bandgap_ge1/mp-1211231.cif,ok,
mp-1211427,cif/na_bandgap_ge1/mp-1211427.cif,ok,
mp-1211481,cif/na_bandgap_ge1/mp-1211481.cif,ok,
mp-1212330,cif/na_bandgap_ge1/mp-1212330.cif,ok,
mp-1212544,cif/na_bandgap_ge1/mp-1212544.cif,ok,
mp-1212848,cif/na_bandgap_ge1/mp-1212848.cif,ok,
mp-1213651,cif/na_bandgap_ge1/mp-1213651.cif,ok,
mp-1220926,cif/na_bandgap_ge1/mp-1220926.cif,ok,
mp-1221148,cif/na_bandgap_ge1/mp-1221148.cif,ok,
mp-1221224,cif/na_bandgap_ge1/mp-1221224.cif,ok,
mp-1221211,cif/na_bandgap_ge1/mp-1221211.cif,ok,
mp-1221217,cif/na_bandgap_ge1/mp-1221217.cif,ok,
mp-1221213,cif/na_bandgap_ge1/mp-1221213.cif,ok,
mp-1221225,cif/na_bandgap_ge1/mp-1221225.cif,ok,
mp-1221249,cif/na_bandgap_ge1/mp-1221249.cif,ok,
mp-1221231,cif/na_bandgap_ge1/mp-1221231.cif,ok,
mp-1221253,cif/na_bandgap_ge1/mp-1221253.cif,ok,
mp-1221232,cif/na_bandgap_ge1/mp-1221232.cif,ok,
mp-1221247,cif/na_bandgap_ge1/mp-1221247.cif,ok,
mp-1221250,cif/na_bandgap_ge1/mp-1221250.cif,ok,
mp-1221230,cif/na_bandgap_ge1/mp-1221230.cif,ok,
mp-1221237,cif/na_bandgap_ge1/mp-1221237.cif,ok,
mp-1221248,cif/na_bandgap_ge1/mp-1221248.cif,ok,
mp-1221246,cif/na_bandgap_ge1/mp-1221246.cif,ok,
mp-1221254,cif/na_bandgap_ge1/mp-1221254.cif,ok,
mp-1221257,cif/na_bandgap_ge1/mp-1221257.cif,ok,
mp-1221259,cif/na_bandgap_ge1/mp-1221259.cif,ok,
mp-1221271,cif/na_bandgap_ge1/mp-1221271.cif,ok,
mp-1221269,cif/na_bandgap_ge1/mp-1221269.cif,ok,
mp-1221261,cif/na_bandgap_ge1/mp-1221261.cif,ok,
mp-1221289,cif/na_bandgap_ge1/mp-1221289.cif,ok,
mp-1221280,cif/na_bandgap_ge1/mp-1221280.cif,ok,
mp-1221287,cif/na_bandgap_ge1/mp-1221287.cif,ok,
mp-1221294,cif/na_bandgap_ge1/mp-1221294.cif,ok,
mp-1221291,cif/na_bandgap_ge1/mp-1221291.cif,ok,
mp-1221283,cif/na_bandgap_ge1/mp-1221283.cif,ok,
mp-1221279,cif/na_bandgap_ge1/mp-1221279.cif,ok,
mp-1221297,cif/na_bandgap_ge1/mp-1221297.cif,ok,
mp-1221286,cif/na_bandgap_ge1/mp-1221286.cif,ok,
mp-1221308,cif/na_bandgap_ge1/mp-1221308.cif,ok,
mp-1221305,cif/na_bandgap_ge1/mp-1221305.cif,ok,
mp-1221323,cif/na_bandgap_ge1/mp-1221323.cif,ok,
mp-1221330,cif/na_bandgap_ge1/mp-1221330.cif,ok,
mp-1221336,cif/na_bandgap_ge1/mp-1221336.cif,ok,
mp-1221381,cif/na_bandgap_ge1/mp-1221381.cif,ok,
mp-1221471,cif/na_bandgap_ge1/mp-1221471.cif,ok,
mp-1221479,cif/na_bandgap_ge1/mp-1221479.cif,ok,
mp-1221605,cif/na_bandgap_ge1/mp-1221605.cif,ok,
mp-1222149,cif/na_bandgap_ge1/mp-1222149.cif,ok,
mp-1222204,cif/na_bandgap_ge1/mp-1222204.cif,ok,
mp-1223410,cif/na_bandgap_ge1/mp-1223410.cif,ok,
mp-1223492,cif/na_bandgap_ge1/mp-1223492.cif,ok,
mp-1223736,cif/na_bandgap_ge1/mp-1223736.cif,ok,
mp-1223849,cif/na_bandgap_ge1/mp-1223849.cif,ok,
mp-1224323,cif/na_bandgap_ge1/mp-1224323.cif,ok,
mp-1232413,cif/na_bandgap_ge1/mp-1232413.cif,ok,
mp-1237388,cif/na_bandgap_ge1/mp-1237388.cif,ok,
mp-1238101,cif/na_bandgap_ge1/mp-1238101.cif,ok,
mp-1244517,cif/na_bandgap_ge1/mp-1244517.cif,ok,
mp-1246174,cif/na_bandgap_ge1/mp-1246174.cif,ok,
mp-1246579,cif/na_bandgap_ge1/mp-1246579.cif,ok,
mp-1246847,cif/na_bandgap_ge1/mp-1246847.cif,ok,
mp-1248208,cif/na_bandgap_ge1/mp-1248208.cif,ok,
mp-1248585,cif/na_bandgap_ge1/mp-1248585.cif,ok,
mp-1252316,cif/na_bandgap_ge1/mp-1252316.cif,ok,
mp-1252733,cif/na_bandgap_ge1/mp-1252733.cif,ok,
mp-1253229,cif/na_bandgap_ge1/mp-1253229.cif,ok,
mp-1274992,cif/na_bandgap_ge1/mp-1274992.cif,ok,
mp-1297798,cif/na_bandgap_ge1/mp-1297798.cif,ok,
mp-1301551,cif/na_bandgap_ge1/mp-1301551.cif,ok,
mp-1304400,cif/na_bandgap_ge1/mp-1304400.cif,ok,
mp-1305038,cif/na_bandgap_ge1/mp-1305038.cif,ok,
mp-473,cif/na_bandgap_ge1/mp-473.cif,ok,
mp-3416,cif/na_bandgap_ge1/mp-3416.cif,ok,
mp-3527,cif/na_bandgap_ge1/mp-3527.cif,ok,
mp-4185,cif/na_bandgap_ge1/mp-4185.cif,ok,
mp-4223,cif/na_bandgap_ge1/mp-4223.cif,ok,
mp-5122,cif/na_bandgap_ge1/mp-5122.cif,ok,
mp-5468,cif/na_bandgap_ge1/mp-5468.cif,ok,
mp-5830,cif/na_bandgap_ge1/mp-5830.cif,ok,
mp-6017,cif/na_bandgap_ge1/mp-6017.cif,ok,
mp-6153,cif/na_bandgap_ge1/mp-6153.cif,ok,
mp-6213,cif/na_bandgap_ge1/mp-6213.cif,ok,
mp-6247,cif/na_bandgap_ge1/mp-6247.cif,ok,
mp-6336,cif/na_bandgap_ge1/mp-6336.cif,ok,
mp-6527,cif/na_bandgap_ge1/mp-6527.cif,ok,
mp-6711,cif/na_bandgap_ge1/mp-6711.cif,ok,
mp-6760,cif/na_bandgap_ge1/mp-6760.cif,ok,
mp-6775,cif/na_bandgap_ge1/mp-6775.cif,ok,
mp-6860,cif/na_bandgap_ge1/mp-6860.cif,ok,
mp-7404,cif/na_bandgap_ge1/mp-7404.cif,ok,
mp-8076,cif/na_bandgap_ge1/mp-8076.cif,ok,
mp-8343,cif/na_bandgap_ge1/mp-8343.cif,ok,
mp-8686,cif/na_bandgap_ge1/mp-8686.cif,ok,
mp-9191,cif/na_bandgap_ge1/mp-9191.cif,ok,
mp-9634,cif/na_bandgap_ge1/mp-9634.cif,ok,
mp-9682,cif/na_bandgap_ge1/mp-9682.cif,ok,
mp-9680,cif/na_bandgap_ge1/mp-9680.cif,ok,
mp-10167,cif/na_bandgap_ge1/mp-10167.cif,ok,
mp-11738,cif/na_bandgap_ge1/mp-11738.cif,ok,
mp-13726,cif/na_bandgap_ge1/mp-13726.cif,ok,
mp-14023,cif/na_bandgap_ge1/mp-14023.cif,ok,
mp-14374,cif/na_bandgap_ge1/mp-14374.cif,ok,
mp-14391,cif/na_bandgap_ge1/mp-14391.cif,ok,
mp-14389,cif/na_bandgap_ge1/mp-14389.cif,ok,
mp-14390,cif/na_bandgap_ge1/mp-14390.cif,ok,
mp-14458,cif/na_bandgap_ge1/mp-14458.cif,ok,
mp-14977,cif/na_bandgap_ge1/mp-14977.cif,ok,
mp-15567,cif/na_bandgap_ge1/mp-15567.cif,ok,
mp-16383,cif/na_bandgap_ge1/mp-16383.cif,ok,
mp-16839,cif/na_bandgap_ge1/mp-16839.cif,ok,
mp-16930,cif/na_bandgap_ge1/mp-16930.cif,ok,
mp-16956,cif/na_bandgap_ge1/mp-16956.cif,ok,
mp-17125,cif/na_bandgap_ge1/mp-17125.cif,ok,
mp-17148,cif/na_bandgap_ge1/mp-17148.cif,ok,
mp-17245,cif/na_bandgap_ge1/mp-17245.cif,ok,
mp-17240,cif/na_bandgap_ge1/mp-17240.cif,ok,
mp-17291,cif/na_bandgap_ge1/mp-17291.cif,ok,
mp-17349,cif/na_bandgap_ge1/mp-17349.cif,ok,
mp-17375,cif/na_bandgap_ge1/mp-17375.cif,ok,
mp-18165,cif/na_bandgap_ge1/mp-18165.cif,ok,
mp-18182,cif/na_bandgap_ge1/mp-18182.cif,ok,
mp-18411,cif/na_bandgap_ge1/mp-18411.cif,ok,
mp-18480,cif/na_bandgap_ge1/mp-18480.cif,ok,
mp-18753,cif/na_bandgap_ge1/mp-18753.cif,ok,
mp-19028,cif/na_bandgap_ge1/mp-19028.cif,ok,
mp-19105,cif/na_bandgap_ge1/mp-19105.cif,ok,
mp-19261,cif/na_bandgap_ge1/mp-19261.cif,ok,
mp-19310,cif/na_bandgap_ge1/mp-19310.cif,ok,
mp-19422,cif/na_bandgap_ge1/mp-19422.cif,ok,
mp-21932,cif/na_bandgap_ge1/mp-21932.cif,ok,
mp-22102,cif/na_bandgap_ge1/mp-22102.cif,ok,
mp-22135,cif/na_bandgap_ge1/mp-22135.cif,ok,
mp-22516,cif/na_bandgap_ge1/mp-22516.cif,ok,
mp-22804,cif/na_bandgap_ge1/mp-22804.cif,ok,
mp-23503,cif/na_bandgap_ge1/mp-23503.cif,ok,
mp-23653,cif/na_bandgap_ge1/mp-23653.cif,ok,
mp-23705,cif/na_bandgap_ge1/mp-23705.cif,ok,
mp-23780,cif/na_bandgap_ge1/mp-23780.cif,ok,
mp-23852,cif/na_bandgap_ge1/mp-23852.cif,ok,
mp-23961,cif/na_bandgap_ge1/mp-23961.cif,ok,
mp-24440,cif/na_bandgap_ge1/mp-24440.cif,ok,
mp-24493,cif/na_bandgap_ge1/mp-24493.cif,ok,
mp-24747,cif/na_bandgap_ge1/mp-24747.cif,ok,
mp-27247,cif/na_bandgap_ge1/mp-27247.cif,ok,
mp-27478,cif/na_bandgap_ge1/mp-27478.cif,ok,
mp-27914,cif/na_bandgap_ge1/mp-27914.cif,ok,
mp-28161,cif/na_bandgap_ge1/mp-28161.cif,ok,
mp-28205,cif/na_bandgap_ge1/mp-28205.cif,ok,
mp-28286,cif/na_bandgap_ge1/mp-28286.cif,ok,
mp-28303,cif/na_bandgap_ge1/mp-28303.cif,ok,
mp-28360,cif/na_bandgap_ge1/mp-28360.cif,ok,
mp-28365,cif/na_bandgap_ge1/mp-28365.cif,ok,
mp-28542,cif/na_bandgap_ge1/mp-28542.cif,ok,
mp-28602,cif/na_bandgap_ge1/mp-28602.cif,ok,
mp-28630,cif/na_bandgap_ge1/mp-28630.cif,ok,
mp-28782,cif/na_bandgap_ge1/mp-28782.cif,ok,
mp-28824,cif/na_bandgap_ge1/mp-28824.cif,ok,
mp-29000,cif/na_bandgap_ge1/mp-29000.cif,ok,
mp-29080,cif/na_bandgap_ge1/mp-29080.cif,ok,
mp-29143,cif/na_bandgap_ge1/mp-29143.cif,ok,
mp-29375,cif/na_bandgap_ge1/mp-29375.cif,ok,
mp-29370,cif/na_bandgap_ge1/mp-29370.cif,ok,
mp-29417,cif/na_bandgap_ge1/mp-29417.cif,ok,
mp-29454,cif/na_bandgap_ge1/mp-29454.cif,ok,
mp-29836,cif/na_bandgap_ge1/mp-29836.cif,ok,
mp-29976,cif/na_bandgap_ge1/mp-29976.cif,ok,
mp-30233,cif/na_bandgap_ge1/mp-30233.cif,ok,
mp-30947,cif/na_bandgap_ge1/mp-30947.cif,ok,
mp-30975,cif/na_bandgap_ge1/mp-30975.cif,ok,
mp-31073,cif/na_bandgap_ge1/mp-31073.cif,ok,
mp-31362,cif/na_bandgap_ge1/mp-31362.cif,ok,
mp-33554,cif/na_bandgap_ge1/mp-33554.cif,ok,
mp-34579,cif/na_bandgap_ge1/mp-34579.cif,ok,
mp-36225,cif/na_bandgap_ge1/mp-36225.cif,ok,
mp-38102,cif/na_bandgap_ge1/mp-38102.cif,ok,
mp-39123,cif/na_bandgap_ge1/mp-39123.cif,ok,
mp-40519,cif/na_bandgap_ge1/mp-40519.cif,ok,
mp-41191,cif/na_bandgap_ge1/mp-41191.cif,ok,
mp-41095,cif/na_bandgap_ge1/mp-41095.cif,ok,
mp-43068,cif/na_bandgap_ge1/mp-43068.cif,ok,
mp-504851,cif/na_bandgap_ge1/mp-504851.cif,ok,
mp-504852,cif/na_bandgap_ge1/mp-504852.cif,ok,
mp-504962,cif/na_bandgap_ge1/mp-504962.cif,ok,
mp-505396,cif/na_bandgap_ge1/mp-505396.cif,ok,
mp-531600,cif/na_bandgap_ge1/mp-531600.cif,ok,
mp-532701,cif/na_bandgap_ge1/mp-532701.cif,ok,
mp-532695,cif/na_bandgap_ge1/mp-532695.cif,ok,
mp-540861,cif/na_bandgap_ge1/mp-540861.cif,ok,
mp-540885,cif/na_bandgap_ge1/mp-540885.cif,ok,
mp-541291,cif/na_bandgap_ge1/mp-541291.cif,ok,
mp-542136,cif/na_bandgap_ge1/mp-542136.cif,ok,
mp-542719,cif/na_bandgap_ge1/mp-542719.cif,ok,
mp-547029,cif/na_bandgap_ge1/mp-547029.cif,ok,
mp-554145,cif/na_bandgap_ge1/mp-554145.cif,ok,
mp-554463,cif/na_bandgap_ge1/mp-554463.cif,ok,
mp-555005,cif/na_bandgap_ge1/mp-555005.cif,ok,
mp-555083,cif/na_bandgap_ge1/mp-555083.cif,ok,
mp-555421,cif/na_bandgap_ge1/mp-555421.cif,ok,
mp-555537,cif/na_bandgap_ge1/mp-555537.cif,ok,
mp-555604,cif/na_bandgap_ge1/mp-555604.cif,ok,
mp-555608,cif/na_bandgap_ge1/mp-555608.cif,ok,
mp-555842,cif/na_bandgap_ge1/mp-555842.cif,ok,
mp-556039,cif/na_bandgap_ge1/mp-556039.cif,ok,
mp-556143,cif/na_bandgap_ge1/mp-556143.cif,ok,
mp-556258,cif/na_bandgap_ge1/mp-556258.cif,ok,
mp-556334,cif/na_bandgap_ge1/mp-556334.cif,ok,
mp-556386,cif/na_bandgap_ge1/mp-556386.cif,ok,
mp-556540,cif/na_bandgap_ge1/mp-556540.cif,ok,
mp-556577,cif/na_bandgap_ge1/mp-556577.cif,ok,
mp-556676,cif/na_bandgap_ge1/mp-556676.cif,ok,
mp-556723,cif/na_bandgap_ge1/mp-556723.cif,ok,
mp-556801,cif/na_bandgap_ge1/mp-556801.cif,ok,
mp-556871,cif/na_bandgap_ge1/mp-556871.cif,ok,
mp-556906,cif/na_bandgap_ge1/mp-556906.cif,ok,
mp-556968,cif/na_bandgap_ge1/mp-556968.cif,ok,
mp-556984,cif/na_bandgap_ge1/mp-556984.cif,ok,
mp-557181,cif/na_bandgap_ge1/mp-557181.cif,ok,
mp-557235,cif/na_bandgap_ge1/mp-557235.cif,ok,
mp-557309,cif/na_bandgap_ge1/mp-557309.cif,ok,
mp-557463,cif/na_bandgap_ge1/mp-557463.cif,ok,
mp-557506,cif/na_bandgap_ge1/mp-557506.cif,ok,
mp-558272,cif/na_bandgap_ge1/mp-558272.cif,ok,
mp-558432,cif/na_bandgap_ge1/mp-558432.cif,ok,
mp-558512,cif/na_bandgap_ge1/mp-558512.cif,ok,
mp-558548,cif/na_bandgap_ge1/mp-558548.cif,ok,
mp-558570,cif/na_bandgap_ge1/mp-558570.cif,ok,
mp-558769,cif/na_bandgap_ge1/mp-558769.cif,ok,
mp-558805,cif/na_bandgap_ge1/mp-558805.cif,ok,
mp-558939,cif/na_bandgap_ge1/mp-558939.cif,ok,
mp-559281,cif/na_bandgap_ge1/mp-559281.cif,ok,
mp-559500,cif/na_bandgap_ge1/mp-559500.cif,ok,
mp-559783,cif/na_bandgap_ge1/mp-559783.cif,ok,
mp-559831,cif/na_bandgap_ge1/mp-559831.cif,ok,
mp-559901,cif/na_bandgap_ge1/mp-559901.cif,ok,
mp-560068,cif/na_bandgap_ge1/mp-560068.cif,ok,
mp-560129,cif/na_bandgap_ge1/mp-560129.cif,ok,
mp-560158,cif/na_bandgap_ge1/mp-560158.cif,ok,
mp-560222,cif/na_bandgap_ge1/mp-560222.cif,ok,
mp-560266,cif/na_bandgap_ge1/mp-560266.cif,ok,
mp-560311,cif/na_bandgap_ge1/mp-560311.cif,ok,
mp-560538,cif/na_bandgap_ge1/mp-560538.cif,ok,
mp-560642,cif/na_bandgap_ge1/mp-560642.cif,ok,
mp-560929,cif/na_bandgap_ge1/mp-560929.cif,ok,
mp-560942,cif/na_bandgap_ge1/mp-560942.cif,ok,
mp-560937,cif/na_bandgap_ge1/mp-560937.cif,ok,
mp-561018,cif/na_bandgap_ge1/mp-561018.cif,ok,
mp-561058,cif/na_bandgap_ge1/mp-561058.cif,ok,
mp-561083,cif/na_bandgap_ge1/mp-561083.cif,ok,
mp-561130,cif/na_bandgap_ge1/mp-561130.cif,ok,
mp-561259,cif/na_bandgap_ge1/mp-561259.cif,ok,
mp-561940,cif/na_bandgap_ge1/mp-561940.cif,ok,
mp-562541,cif/na_bandgap_ge1/mp-562541.cif,ok,
mp-566231,cif/na_bandgap_ge1/mp-566231.cif,ok,
mp-568950,cif/na_bandgap_ge1/mp-568950.cif,ok,
mp-573281,cif/na_bandgap_ge1/mp-573281.cif,ok,
mp-601241,cif/na_bandgap_ge1/mp-601241.cif,ok,
mp-614628,cif/na_bandgap_ge1/mp-614628.cif,ok,
mp-643263,cif/na_bandgap_ge1/mp-643263.cif,ok,
mp-643658,cif/na_bandgap_ge1/mp-643658.cif,ok,
mp-646116,cif/na_bandgap_ge1/mp-646116.cif,ok,
mp-657378,cif/na_bandgap_ge1/mp-657378.cif,ok,
mp-658695,cif/na_bandgap_ge1/mp-658695.cif,ok,
mp-667386,cif/na_bandgap_ge1/mp-667386.cif,ok,
mp-673807,cif/na_bandgap_ge1/mp-673807.cif,ok,
mp-674333,cif/na_bandgap_ge1/mp-674333.cif,ok,
mp-675104,cif/na_bandgap_ge1/mp-675104.cif,ok,
mp-675237,cif/na_bandgap_ge1/mp-675237.cif,ok,
mp-675555,cif/na_bandgap_ge1/mp-675555.cif,ok,
mp-676095,cif/na_bandgap_ge1/mp-676095.cif,ok,
mp-676467,cif/na_bandgap_ge1/mp-676467.cif,ok,
mp-676512,cif/na_bandgap_ge1/mp-676512.cif,ok,
mp-676988,cif/na_bandgap_ge1/mp-676988.cif,ok,
mp-677013,cif/na_bandgap_ge1/mp-677013.cif,ok,
mp-677015,cif/na_bandgap_ge1/mp-677015.cif,ok,
mp-677431,cif/na_bandgap_ge1/mp-677431.cif,ok,
mp-677437,cif/na_bandgap_ge1/mp-677437.cif,ok,
mp-677709,cif/na_bandgap_ge1/mp-677709.cif,ok,
mp-677743,cif/na_bandgap_ge1/mp-677743.cif,ok,
mp-679958,cif/na_bandgap_ge1/mp-679958.cif,ok,
mp-683990,cif/na_bandgap_ge1/mp-683990.cif,ok,
mp-684921,cif/na_bandgap_ge1/mp-684921.cif,ok,
mp-685415,cif/na_bandgap_ge1/mp-685415.cif,ok,
mp-686312,cif/na_bandgap_ge1/mp-686312.cif,ok,
mp-686540,cif/na_bandgap_ge1/mp-686540.cif,ok,
mp-686601,cif/na_bandgap_ge1/mp-686601.cif,ok,
mp-686697,cif/na_bandgap_ge1/mp-686697.cif,ok,
mp-686722,cif/na_bandgap_ge1/mp-686722.cif,ok,
mp-689927,cif/na_bandgap_ge1/mp-689927.cif,ok,
mp-690382,cif/na_bandgap_ge1/mp-690382.cif,ok,
mp-693605,cif/na_bandgap_ge1/mp-693605.cif,ok,
mp-694044,cif/na_bandgap_ge1/mp-694044.cif,ok,
mp-694988,cif/na_bandgap_ge1/mp-694988.cif,ok,
mp-694999,cif/na_bandgap_ge1/mp-694999.cif,ok,
mp-695074,cif/na_bandgap_ge1/mp-695074.cif,ok,
mp-695119,cif/na_bandgap_ge1/mp-695119.cif,ok,
mp-695175,cif/na_bandgap_ge1/mp-695175.cif,ok,
mp-695354,cif/na_bandgap_ge1/mp-695354.cif,ok,
mp-695409,cif/na_bandgap_ge1/mp-695409.cif,ok,
mp-695396,cif/na_bandgap_ge1/mp-695396.cif,ok,
mp-695506,cif/na_bandgap_ge1/mp-695506.cif,ok,
mp-695491,cif/na_bandgap_ge1/mp-695491.cif,ok,
mp-695582,cif/na_bandgap_ge1/mp-695582.cif,ok,
mp-695512,cif/na_bandgap_ge1/mp-695512.cif,ok,
mp-696019,cif/na_bandgap_ge1/mp-696019.cif,ok,
mp-698032,cif/na_bandgap_ge1/mp-698032.cif,ok,
mp-698352,cif/na_bandgap_ge1/mp-698352.cif,ok,
mp-698350,cif/na_bandgap_ge1/mp-698350.cif,ok,
mp-703468,cif/na_bandgap_ge1/mp-703468.cif,ok,
mp-705559,cif/na_bandgap_ge1/mp-705559.cif,ok,
mp-705635,cif/na_bandgap_ge1/mp-705635.cif,ok,
mp-706238,cif/na_bandgap_ge1/mp-706238.cif,ok,
mp-706588,cif/na_bandgap_ge1/mp-706588.cif,ok,
mp-707391,cif/na_bandgap_ge1/mp-707391.cif,ok,
mp-707333,cif/na_bandgap_ge1/mp-707333.cif,ok,
mp-707396,cif/na_bandgap_ge1/mp-707396.cif,ok,
mp-707530,cif/na_bandgap_ge1/mp-707530.cif,ok,
mp-707571,cif/na_bandgap_ge1/mp-707571.cif,ok,
mp-707836,cif/na_bandgap_ge1/mp-707836.cif,ok,
mp-707941,cif/na_bandgap_ge1/mp-707941.cif,ok,
mp-707985,cif/na_bandgap_ge1/mp-707985.cif,ok,
mp-720126,cif/na_bandgap_ge1/mp-720126.cif,ok,
mp-720222,cif/na_bandgap_ge1/mp-720222.cif,ok,
mp-720230,cif/na_bandgap_ge1/mp-720230.cif,ok,
mp-720296,cif/na_bandgap_ge1/mp-720296.cif,ok,
mp-720287,cif/na_bandgap_ge1/mp-720287.cif,ok,
mp-720583,cif/na_bandgap_ge1/mp-720583.cif,ok,
mp-720804,cif/na_bandgap_ge1/mp-720804.cif,ok,
mp-720901,cif/na_bandgap_ge1/mp-720901.cif,ok,
mp-720987,cif/na_bandgap_ge1/mp-720987.cif,ok,
mp-721287,cif/na_bandgap_ge1/mp-721287.cif,ok,
mp-721330,cif/na_bandgap_ge1/mp-721330.cif,ok,
mp-721564,cif/na_bandgap_ge1/mp-721564.cif,ok,
mp-722369,cif/na_bandgap_ge1/mp-722369.cif,ok,
mp-722602,cif/na_bandgap_ge1/mp-722602.cif,ok,
mp-725491,cif/na_bandgap_ge1/mp-725491.cif,ok,
mp-726543,cif/na_bandgap_ge1/mp-726543.cif,ok,
mp-732175,cif/na_bandgap_ge1/mp-732175.cif,ok,
mp-733844,cif/na_bandgap_ge1/mp-733844.cif,ok,
mp-734169,cif/na_bandgap_ge1/mp-734169.cif,ok,
mp-734150,cif/na_bandgap_ge1/mp-734150.cif,ok,
mp-734352,cif/na_bandgap_ge1/mp-734352.cif,ok,
mp-735488,cif/na_bandgap_ge1/mp-735488.cif,ok,
mp-735483,cif/na_bandgap_ge1/mp-735483.cif,ok,
mp-740722,cif/na_bandgap_ge1/mp-740722.cif,ok,
mp-743949,cif/na_bandgap_ge1/mp-743949.cif,ok,
mp-752917,cif/na_bandgap_ge1/mp-752917.cif,ok,
mp-754061,cif/na_bandgap_ge1/mp-754061.cif,ok,
mp-754352,cif/na_bandgap_ge1/mp-754352.cif,ok,
mp-754397,cif/na_bandgap_ge1/mp-754397.cif,ok,
mp-754426,cif/na_bandgap_ge1/mp-754426.cif,ok,
mp-755361,cif/na_bandgap_ge1/mp-755361.cif,ok,
mp-755401,cif/na_bandgap_ge1/mp-755401.cif,ok,
mp-755436,cif/na_bandgap_ge1/mp-755436.cif,ok,
mp-755530,cif/na_bandgap_ge1/mp-755530.cif,ok,
mp-755579,cif/na_bandgap_ge1/mp-755579.cif,ok,
mp-755665,cif/na_bandgap_ge1/mp-755665.cif,ok,
mp-755725,cif/na_bandgap_ge1/mp-755725.cif,ok,
mp-755811,cif/na_bandgap_ge1/mp-755811.cif,ok,
mp-755984,cif/na_bandgap_ge1/mp-755984.cif,ok,
mp-756044,cif/na_bandgap_ge1/mp-756044.cif,ok,
mp-756274,cif/na_bandgap_ge1/mp-756274.cif,ok,
mp-756494,cif/na_bandgap_ge1/mp-756494.cif,ok,
mp-756584,cif/na_bandgap_ge1/mp-756584.cif,ok,
mp-756707,cif/na_bandgap_ge1/mp-756707.cif,ok,
mp-757110,cif/na_bandgap_ge1/mp-757110.cif,ok,
mp-757172,cif/na_bandgap_ge1/mp-757172.cif,ok,
mp-759317,cif/na_bandgap_ge1/mp-759317.cif,ok,
mp-759535,cif/na_bandgap_ge1/mp-759535.cif,ok,
mp-759559,cif/na_bandgap_ge1/mp-759559.cif,ok,
mp-759875,cif/na_bandgap_ge1/mp-759875.cif,ok,
mp-761060,cif/na_bandgap_ge1/mp-761060.cif,ok,
mp-761059,cif/na_bandgap_ge1/mp-761059.cif,ok,
mp-761073,cif/na_bandgap_ge1/mp-761073.cif,ok,
mp-761090,cif/na_bandgap_ge1/mp-761090.cif,ok,
mp-761093,cif/na_bandgap_ge1/mp-761093.cif,ok,
mp-761827,cif/na_bandgap_ge1/mp-761827.cif,ok,
mp-761853,cif/na_bandgap_ge1/mp-761853.cif,ok,
mp-766463,cif/na_bandgap_ge1/mp-766463.cif,ok,
mp-767431,cif/na_bandgap_ge1/mp-767431.cif,ok,
mp-767430,cif/na_bandgap_ge1/mp-767430.cif,ok,
mp-767545,cif/na_bandgap_ge1/mp-767545.cif,ok,
mp-767530,cif/na_bandgap_ge1/mp-767530.cif,ok,
mp-767552,cif/na_bandgap_ge1/mp-767552.cif,ok,
mp-3346409,cif/na_bandgap_ge1/mp-3346409.cif,ok,
mp-3347048,cif/na_bandgap_ge1/mp-3347048.cif,ok,
mp-2218307,cif/na_bandgap_ge1/mp-2218307.cif,ok,
mp-2218472,cif/na_bandgap_ge1/mp-2218472.cif,ok,
mp-2218508,cif/na_bandgap_ge1/mp-2218508.cif,ok,
mp-2218486,cif/na_bandgap_ge1/mp-2218486.cif,ok,
mp-2218608,cif/na_bandgap_ge1/mp-2218608.cif,ok,
mp-2218565,cif/na_bandgap_ge1/mp-2218565.cif,ok,
mp-2218660,cif/na_bandgap_ge1/mp-2218660.cif,ok,
mp-2218859,cif/na_bandgap_ge1/mp-2218859.cif,ok,
mp-2219101,cif/na_bandgap_ge1/mp-2219101.cif,ok,
mp-2219094,cif/na_bandgap_ge1/mp-2219094.cif,ok,
mp-2219845,cif/na_bandgap_ge1/mp-2219845.cif,ok,
mp-2220000,cif/na_bandgap_ge1/mp-2220000.cif,ok,
mp-2224261,cif/na_bandgap_ge1/mp-2224261.cif,ok,
mp-2224731,cif/na_bandgap_ge1/mp-2224731.cif,ok,
mp-2224830,cif/na_bandgap_ge1/mp-2224830.cif,ok,
mp-2226677,cif/na_bandgap_ge1/mp-2226677.cif,ok,
mp-2226674,cif/na_bandgap_ge1/mp-2226674.cif,ok,
mp-2227495,cif/na_bandgap_ge1/mp-2227495.cif,ok,
mp-2227682,cif/na_bandgap_ge1/mp-2227682.cif,ok,
mp-2228107,cif/na_bandgap_ge1/mp-2228107.cif,ok,
mp-2228637,cif/na_bandgap_ge1/mp-2228637.cif,ok,
mp-2228651,cif/na_bandgap_ge1/mp-2228651.cif,ok,
mp-2228712,cif/na_bandgap_ge1/mp-2228712.cif,ok,
mp-2228694,cif/na_bandgap_ge1/mp-2228694.cif,ok,
mp-2229053,cif/na_bandgap_ge1/mp-2229053.cif,ok,
mp-2229153,cif/na_bandgap_ge1/mp-2229153.cif,ok,
mp-2230140,cif/na_bandgap_ge1/mp-2230140.cif,ok,
mp-2230747,cif/na_bandgap_ge1/mp-2230747.cif,ok,
mp-2230827,cif/na_bandgap_ge1/mp-2230827.cif,ok,
mp-2231904,cif/na_bandgap_ge1/mp-2231904.cif,ok,
mp-2232117,cif/na_bandgap_ge1/mp-2232117.cif,ok,
mp-2232165,cif/na_bandgap_ge1/mp-2232165.cif,ok,
mp-2232224,cif/na_bandgap_ge1/mp-2232224.cif,ok,
mp-2232319,cif/na_bandgap_ge1/mp-2232319.cif,ok,
mp-2232352,cif/na_bandgap_ge1/mp-2232352.cif,ok,
mp-2232667,cif/na_bandgap_ge1/mp-2232667.cif,ok,
mp-2233518,cif/na_bandgap_ge1/mp-2233518.cif,ok,
mp-2233531,cif/na_bandgap_ge1/mp-2233531.cif,ok,
mp-2233548,cif/na_bandgap_ge1/mp-2233548.cif,ok,
mp-2233656,cif/na_bandgap_ge1/mp-2233656.cif,ok,
mp-2233710,cif/na_bandgap_ge1/mp-2233710.cif,ok,
mp-2233921,cif/na_bandgap_ge1/mp-2233921.cif,ok,
mp-2233734,cif/na_bandgap_ge1/mp-2233734.cif,ok,
mp-2233672,cif/na_bandgap_ge1/mp-2233672.cif,ok,
mp-2240818,cif/na_bandgap_ge1/mp-2240818.cif,ok,
mp-2712867,cif/na_bandgap_ge1/mp-2712867.cif,ok,
mp-2712922,cif/na_bandgap_ge1/mp-2712922.cif,ok,
mp-2712933,cif/na_bandgap_ge1/mp-2712933.cif,ok,
mp-2712942,cif/na_bandgap_ge1/mp-2712942.cif,ok,
mp-2712977,cif/na_bandgap_ge1/mp-2712977.cif,ok,
mp-2712983,cif/na_bandgap_ge1/mp-2712983.cif,ok,
mp-2712981,cif/na_bandgap_ge1/mp-2712981.cif,ok,
mp-2713026,cif/na_bandgap_ge1/mp-2713026.cif,ok,
mp-2713045,cif/na_bandgap_ge1/mp-2713045.cif,ok,
mp-2713061,cif/na_bandgap_ge1/mp-2713061.cif,ok,
mp-2713104,cif/na_bandgap_ge1/mp-2713104.cif,ok,
mp-2713107,cif/na_bandgap_ge1/mp-2713107.cif,ok,
mp-2713117,cif/na_bandgap_ge1/mp-2713117.cif,ok,
mp-2713134,cif/na_bandgap_ge1/mp-2713134.cif,ok,
mp-2713133,cif/na_bandgap_ge1/mp-2713133.cif,ok,
mp-2713130,cif/na_bandgap_ge1/mp-2713130.cif,ok,
mp-2713126,cif/na_bandgap_ge1/mp-2713126.cif,ok,
mp-2713136,cif/na_bandgap_ge1/mp-2713136.cif,ok,
mp-2713139,cif/na_bandgap_ge1/mp-2713139.cif,ok,
mp-2713137,cif/na_bandgap_ge1/mp-2713137.cif,ok,
mp-2713145,cif/na_bandgap_ge1/mp-2713145.cif,ok,
mp-2713151,cif/na_bandgap_ge1/mp-2713151.cif,ok,
mp-2713161,cif/na_bandgap_ge1/mp-2713161.cif,ok,
mp-2713167,cif/na_bandgap_ge1/mp-2713167.cif,ok,
mp-2713166,cif/na_bandgap_ge1/mp-2713166.cif,ok,
mp-2713173,cif/na_bandgap_ge1/mp-2713173.cif,ok,
mp-2713171,cif/na_bandgap_ge1/mp-2713171.cif,ok,
mp-2713187,cif/na_bandgap_ge1/mp-2713187.cif,ok,
mp-2713194,cif/na_bandgap_ge1/mp-2713194.cif,ok,
mp-2713189,cif/na_bandgap_ge1/mp-2713189.cif,ok,
mp-2713192,cif/na_bandgap_ge1/mp-2713192.cif,ok,
mp-2713200,cif/na_bandgap_ge1/mp-2713200.cif,ok,
mp-2713219,cif/na_bandgap_ge1/mp-2713219.cif,ok,
mp-2713228,cif/na_bandgap_ge1/mp-2713228.cif,ok,
mp-2713234,cif/na_bandgap_ge1/mp-2713234.cif,ok,
mp-2713238,cif/na_bandgap_ge1/mp-2713238.cif,ok,
mp-2713236,cif/na_bandgap_ge1/mp-2713236.cif,ok,
mp-2713254,cif/na_bandgap_ge1/mp-2713254.cif,ok,
mp-2713245,cif/na_bandgap_ge1/mp-2713245.cif,ok,
mp-2713248,cif/na_bandgap_ge1/mp-2713248.cif,ok,
mp-2713251,cif/na_bandgap_ge1/mp-2713251.cif,ok,
mp-2713256,cif/na_bandgap_ge1/mp-2713256.cif,ok,
mp-2713271,cif/na_bandgap_ge1/mp-2713271.cif,ok,
mp-2713266,cif/na_bandgap_ge1/mp-2713266.cif,ok,
mp-2713272,cif/na_bandgap_ge1/mp-2713272.cif,ok,
mp-2713291,cif/na_bandgap_ge1/mp-2713291.cif,ok,
mp-2713292,cif/na_bandgap_ge1/mp-2713292.cif,ok,
mp-2713298,cif/na_bandgap_ge1/mp-2713298.cif,ok,
mp-2713318,cif/na_bandgap_ge1/mp-2713318.cif,ok,
mp-2713322,cif/na_bandgap_ge1/mp-2713322.cif,ok,
mp-2713325,cif/na_bandgap_ge1/mp-2713325.cif,ok,
mp-2713326,cif/na_bandgap_ge1/mp-2713326.cif,ok,
mp-2713339,cif/na_bandgap_ge1/mp-2713339.cif,ok,
mp-2713346,cif/na_bandgap_ge1/mp-2713346.cif,ok,
mp-2713347,cif/na_bandgap_ge1/mp-2713347.cif,ok,
mp-2713350,cif/na_bandgap_ge1/mp-2713350.cif,ok,
mp-2713358,cif/na_bandgap_ge1/mp-2713358.cif,ok,
mp-2713352,cif/na_bandgap_ge1/mp-2713352.cif,ok,
mp-2713353,cif/na_bandgap_ge1/mp-2713353.cif,ok,
mp-2713364,cif/na_bandgap_ge1/mp-2713364.cif,ok,
mp-2713367,cif/na_bandgap_ge1/mp-2713367.cif,ok,
mp-2713372,cif/na_bandgap_ge1/mp-2713372.cif,ok,
mp-2713374,cif/na_bandgap_ge1/mp-2713374.cif,ok,
mp-2713376,cif/na_bandgap_ge1/mp-2713376.cif,ok,
mp-2713369,cif/na_bandgap_ge1/mp-2713369.cif,ok,
mp-2713380,cif/na_bandgap_ge1/mp-2713380.cif,ok,
mp-2713391,cif/na_bandgap_ge1/mp-2713391.cif,ok,
mp-2713418,cif/na_bandgap_ge1/mp-2713418.cif,ok,
mp-2713425,cif/na_bandgap_ge1/mp-2713425.cif,ok,
mp-2713422,cif/na_bandgap_ge1/mp-2713422.cif,ok,
mp-2713428,cif/na_bandgap_ge1/mp-2713428.cif,ok,
mp-2713441,cif/na_bandgap_ge1/mp-2713441.cif,ok,
mp-2713447,cif/na_bandgap_ge1/mp-2713447.cif,ok,
mp-2713451,cif/na_bandgap_ge1/mp-2713451.cif,ok,
mp-2713459,cif/na_bandgap_ge1/mp-2713459.cif,ok,
mp-2713466,cif/na_bandgap_ge1/mp-2713466.cif,ok,
mp-2713474,cif/na_bandgap_ge1/mp-2713474.cif,ok,
mp-2713483,cif/na_bandgap_ge1/mp-2713483.cif,ok,
mp-2713493,cif/na_bandgap_ge1/mp-2713493.cif,ok,
mp-2713492,cif/na_bandgap_ge1/mp-2713492.cif,ok,
mp-2713529,cif/na_bandgap_ge1/mp-2713529.cif,ok,
mp-2713542,cif/na_bandgap_ge1/mp-2713542.cif,ok,
mp-2713545,cif/na_bandgap_ge1/mp-2713545.cif,ok,
mp-2713552,cif/na_bandgap_ge1/mp-2713552.cif,ok,
mp-2713553,cif/na_bandgap_ge1/mp-2713553.cif,ok,
mp-2713551,cif/na_bandgap_ge1/mp-2713551.cif,ok,
mp-2713549,cif/na_bandgap_ge1/mp-2713549.cif,ok,
mp-2713555,cif/na_bandgap_ge1/mp-2713555.cif,ok,
mp-2713560,cif/na_bandgap_ge1/mp-2713560.cif,ok,
mp-2713558,cif/na_bandgap_ge1/mp-2713558.cif,ok,
mp-2713559,cif/na_bandgap_ge1/mp-2713559.cif,ok,
mp-2713572,cif/na_bandgap_ge1/mp-2713572.cif,ok,
mp-2713565,cif/na_bandgap_ge1/mp-2713565.cif,ok,
mp-2713582,cif/na_bandgap_ge1/mp-2713582.cif,ok,
mp-2713576,cif/na_bandgap_ge1/mp-2713576.cif,ok,
mp-2713593,cif/na_bandgap_ge1/mp-2713593.cif,ok,
mp-2713589,cif/na_bandgap_ge1/mp-2713589.cif,ok,
mp-2713592,cif/na_bandgap_ge1/mp-2713592.cif,ok,
mp-2713597,cif/na_bandgap_ge1/mp-2713597.cif,ok,
mp-2713602,cif/na_bandgap_ge1/mp-2713602.cif,ok,
mp-2713610,cif/na_bandgap_ge1/mp-2713610.cif,ok,
mp-2713619,cif/na_bandgap_ge1/mp-2713619.cif,ok,
mp-2713617,cif/na_bandgap_ge1/mp-2713617.cif,ok,
mp-2713628,cif/na_bandgap_ge1/mp-2713628.cif,ok,
mp-2713631,cif/na_bandgap_ge1/mp-2713631.cif,ok,
mp-2713638,cif/na_bandgap_ge1/mp-2713638.cif,ok,
mp-2713634,cif/na_bandgap_ge1/mp-2713634.cif,ok,
mp-2713647,cif/na_bandgap_ge1/mp-2713647.cif,ok,
mp-2713645,cif/na_bandgap_ge1/mp-2713645.cif,ok,
mp-2713651,cif/na_bandgap_ge1/mp-2713651.cif,ok,
mp-2713642,cif/na_bandgap_ge1/mp-2713642.cif,ok,
mp-2713661,cif/na_bandgap_ge1/mp-2713661.cif,ok,
mp-2713652,cif/na_bandgap_ge1/mp-2713652.cif,ok,
mp-2713659,cif/na_bandgap_ge1/mp-2713659.cif,ok,
mp-2713656,cif/na_bandgap_ge1/mp-2713656.cif,ok,
mp-2713666,cif/na_bandgap_ge1/mp-2713666.cif,ok,
mp-2713662,cif/na_bandgap_ge1/mp-2713662.cif,ok,
mp-2713669,cif/na_bandgap_ge1/mp-2713669.cif,ok,
mp-2713672,cif/na_bandgap_ge1/mp-2713672.cif,ok,
mp-2713681,cif/na_bandgap_ge1/mp-2713681.cif,ok,
mp-2713678,cif/na_bandgap_ge1/mp-2713678.cif,ok,
mp-2713688,cif/na_bandgap_ge1/mp-2713688.cif,ok,
mp-2713685,cif/na_bandgap_ge1/mp-2713685.cif,ok,
mp-2713691,cif/na_bandgap_ge1/mp-2713691.cif,ok,
mp-2713693,cif/na_bandgap_ge1/mp-2713693.cif,ok,
mp-2713696,cif/na_bandgap_ge1/mp-2713696.cif,ok,
mp-2713700,cif/na_bandgap_ge1/mp-2713700.cif,ok,
mp-2713697,cif/na_bandgap_ge1/mp-2713697.cif,ok,
mp-2713703,cif/na_bandgap_ge1/mp-2713703.cif,ok,
mp-2713702,cif/na_bandgap_ge1/mp-2713702.cif,ok,
mp-2713698,cif/na_bandgap_ge1/mp-2713698.cif,ok,
mp-2713720,cif/na_bandgap_ge1/mp-2713720.cif,ok,
mp-2713713,cif/na_bandgap_ge1/mp-2713713.cif,ok,
mp-2714322,cif/na_bandgap_ge1/mp-2714322.cif,ok,
mp-2714328,cif/na_bandgap_ge1/mp-2714328.cif,ok,
mp-2714335,cif/na_bandgap_ge1/mp-2714335.cif,ok,
mp-2714339,cif/na_bandgap_ge1/mp-2714339.cif,ok,
mp-2714351,cif/na_bandgap_ge1/mp-2714351.cif,ok,
mp-2714354,cif/na_bandgap_ge1/mp-2714354.cif,ok,
mp-2714357,cif/na_bandgap_ge1/mp-2714357.cif,ok,
mp-2714360,cif/na_bandgap_ge1/mp-2714360.cif,ok,
mp-2714361,cif/na_bandgap_ge1/mp-2714361.cif,ok,
mp-2714367,cif/na_bandgap_ge1/mp-2714367.cif,ok,
mp-2714374,cif/na_bandgap_ge1/mp-2714374.cif,ok,
mp-2714382,cif/na_bandgap_ge1/mp-2714382.cif,ok,
mp-2714384,cif/na_bandgap_ge1/mp-2714384.cif,ok,
mp-2714392,cif/na_bandgap_ge1/mp-2714392.cif,ok,
mp-2714387,cif/na_bandgap_ge1/mp-2714387.cif,ok,
mp-2714407,cif/na_bandgap_ge1/mp-2714407.cif,ok,
mp-2714417,cif/na_bandgap_ge1/mp-2714417.cif,ok,
mp-2714412,cif/na_bandgap_ge1/mp-2714412.cif,ok,
mp-2714427,cif/na_bandgap_ge1/mp-2714427.cif,ok,
mp-2714424,cif/na_bandgap_ge1/mp-2714424.cif,ok,
mp-2714436,cif/na_bandgap_ge1/mp-2714436.cif,ok,
mp-2714438,cif/na_bandgap_ge1/mp-2714438.cif,ok,
mp-2714435,cif/na_bandgap_ge1/mp-2714435.cif,ok,
mp-2714443,cif/na_bandgap_ge1/mp-2714443.cif,ok,
mp-2714462,cif/na_bandgap_ge1/mp-2714462.cif,ok,
mp-2714461,cif/na_bandgap_ge1/mp-2714461.cif,ok,
mp-2714457,cif/na_bandgap_ge1/mp-2714457.cif,ok,
mp-2714460,cif/na_bandgap_ge1/mp-2714460.cif,ok,
mp-2714465,cif/na_bandgap_ge1/mp-2714465.cif,ok,
mp-2714466,cif/na_bandgap_ge1/mp-2714466.cif,ok,
mp-2714473,cif/na_bandgap_ge1/mp-2714473.cif,ok,
mp-2714472,cif/na_bandgap_ge1/mp-2714472.cif,ok,
mp-2714470,cif/na_bandgap_ge1/mp-2714470.cif,ok,
mp-2714484,cif/na_bandgap_ge1/mp-2714484.cif,ok,
mp-2714477,cif/na_bandgap_ge1/mp-2714477.cif,ok,
mp-2714483,cif/na_bandgap_ge1/mp-2714483.cif,ok,
mp-2714486,cif/na_bandgap_ge1/mp-2714486.cif,ok,
mp-2714488,cif/na_bandgap_ge1/mp-2714488.cif,ok,
mp-2714492,cif/na_bandgap_ge1/mp-2714492.cif,ok,
mp-2714510,cif/na_bandgap_ge1/mp-2714510.cif,ok,
mp-2714507,cif/na_bandgap_ge1/mp-2714507.cif,ok,
mp-2714511,cif/na_bandgap_ge1/mp-2714511.cif,ok,
mp-2714518,cif/na_bandgap_ge1/mp-2714518.cif,ok,
mp-2714521,cif/na_bandgap_ge1/mp-2714521.cif,ok,
mp-2714519,cif/na_bandgap_ge1/mp-2714519.cif,ok,
mp-2714522,cif/na_bandgap_ge1/mp-2714522.cif,ok,
mp-2714529,cif/na_bandgap_ge1/mp-2714529.cif,ok,
mp-2714530,cif/na_bandgap_ge1/mp-2714530.cif,ok,
mp-2714528,cif/na_bandgap_ge1/mp-2714528.cif,ok,
mp-2714538,cif/na_bandgap_ge1/mp-2714538.cif,ok,
mp-2714539,cif/na_bandgap_ge1/mp-2714539.cif,ok,
mp-2714550,cif/na_bandgap_ge1/mp-2714550.cif,ok,
mp-2714545,cif/na_bandgap_ge1/mp-2714545.cif,ok,
mp-2714558,cif/na_bandgap_ge1/mp-2714558.cif,ok,
mp-2714556,cif/na_bandgap_ge1/mp-2714556.cif,ok,
mp-2714569,cif/na_bandgap_ge1/mp-2714569.cif,ok,
mp-2714566,cif/na_bandgap_ge1/mp-2714566.cif,ok,
mp-2714568,cif/na_bandgap_ge1/mp-2714568.cif,ok,
mp-2714570,cif/na_bandgap_ge1/mp-2714570.cif,ok,
mp-2714592,cif/na_bandgap_ge1/mp-2714592.cif,ok,
mp-2714590,cif/na_bandgap_ge1/mp-2714590.cif,ok,
mp-2714596,cif/na_bandgap_ge1/mp-2714596.cif,ok,
mp-2714594,cif/na_bandgap_ge1/mp-2714594.cif,ok,
mp-2714601,cif/na_bandgap_ge1/mp-2714601.cif,ok,
mp-2714600,cif/na_bandgap_ge1/mp-2714600.cif,ok,
mp-2714597,cif/na_bandgap_ge1/mp-2714597.cif,ok,
mp-2714617,cif/na_bandgap_ge1/mp-2714617.cif,ok,
mp-2714608,cif/na_bandgap_ge1/mp-2714608.cif,ok,
mp-2714619,cif/na_bandgap_ge1/mp-2714619.cif,ok,
mp-2714926,cif/na_bandgap_ge1/mp-2714926.cif,ok,
mp-2714932,cif/na_bandgap_ge1/mp-2714932.cif,ok,
mp-2714928,cif/na_bandgap_ge1/mp-2714928.cif,ok,
mp-2714933,cif/na_bandgap_ge1/mp-2714933.cif,ok,
mp-2714939,cif/na_bandgap_ge1/mp-2714939.cif,ok,
mp-2714963,cif/na_bandgap_ge1/mp-2714963.cif,ok,
mp-2714972,cif/na_bandgap_ge1/mp-2714972.cif,ok,
mp-2714976,cif/na_bandgap_ge1/mp-2714976.cif,ok,
mp-2714986,cif/na_bandgap_ge1/mp-2714986.cif,ok,
mp-2714989,cif/na_bandgap_ge1/mp-2714989.cif,ok,
mp-2715001,cif/na_bandgap_ge1/mp-2715001.cif,ok,
mp-2715006,cif/na_bandgap_ge1/mp-2715006.cif,ok,
mp-2715005,cif/na_bandgap_ge1/mp-2715005.cif,ok,
mp-2715013,cif/na_bandgap_ge1/mp-2715013.cif,ok,
mp-2715019,cif/na_bandgap_ge1/mp-2715019.cif,ok,
mp-2715031,cif/na_bandgap_ge1/mp-2715031.cif,ok,
mp-2715039,cif/na_bandgap_ge1/mp-2715039.cif,ok,
mp-2715036,cif/na_bandgap_ge1/mp-2715036.cif,ok,
mp-2715040,cif/na_bandgap_ge1/mp-2715040.cif,ok,
mp-2715042,cif/na_bandgap_ge1/mp-2715042.cif,ok,
mp-2715052,cif/na_bandgap_ge1/mp-2715052.cif,ok,
mp-2715053,cif/na_bandgap_ge1/mp-2715053.cif,ok,
mp-2715057,cif/na_bandgap_ge1/mp-2715057.cif,ok,
mp-2715064,cif/na_bandgap_ge1/mp-2715064.cif,ok,
mp-2715071,cif/na_bandgap_ge1/mp-2715071.cif,ok,
mp-2715077,cif/na_bandgap_ge1/mp-2715077.cif,ok,
mp-2715086,cif/na_bandgap_ge1/mp-2715086.cif,ok,
mp-2715081,cif/na_bandgap_ge1/mp-2715081.cif,ok,
mp-2715093,cif/na_bandgap_ge1/mp-2715093.cif,ok,
mp-2715090,cif/na_bandgap_ge1/mp-2715090.cif,ok,
mp-2715098,cif/na_bandgap_ge1/mp-2715098.cif,ok,
mp-2715097,cif/na_bandgap_ge1/mp-2715097.cif,ok,
mp-2715112,cif/na_bandgap_ge1/mp-2715112.cif,ok,
mp-2715122,cif/na_bandgap_ge1/mp-2715122.cif,ok,
mp-2715119,cif/na_bandgap_ge1/mp-2715119.cif,ok,
mp-2715126,cif/na_bandgap_ge1/mp-2715126.cif,ok,
mp-2715137,cif/na_bandgap_ge1/mp-2715137.cif,ok,
mp-2715139,cif/na_bandgap_ge1/mp-2715139.cif,ok,
mp-2715140,cif/na_bandgap_ge1/mp-2715140.cif,ok,
mp-2715154,cif/na_bandgap_ge1/mp-2715154.cif,ok,
mp-2715161,cif/na_bandgap_ge1/mp-2715161.cif,ok,
mp-2715172,cif/na_bandgap_ge1/mp-2715172.cif,ok,
mp-2715176,cif/na_bandgap_ge1/mp-2715176.cif,ok,
mp-2715177,cif/na_bandgap_ge1/mp-2715177.cif,ok,
mp-2715182,cif/na_bandgap_ge1/mp-2715182.cif,ok,
mp-2715178,cif/na_bandgap_ge1/mp-2715178.cif,ok,
mp-2715183,cif/na_bandgap_ge1/mp-2715183.cif,ok,
mp-2715205,cif/na_bandgap_ge1/mp-2715205.cif,ok,
mp-2715214,cif/na_bandgap_ge1/mp-2715214.cif,ok,
mp-2715220,cif/na_bandgap_ge1/mp-2715220.cif,ok,
mp-2715522,cif/na_bandgap_ge1/mp-2715522.cif,ok,
mp-2715521,cif/na_bandgap_ge1/mp-2715521.cif,ok,
mp-2715542,cif/na_bandgap_ge1/mp-2715542.cif,ok,
mp-2715544,cif/na_bandgap_ge1/mp-2715544.cif,ok,
mp-2715571,cif/na_bandgap_ge1/mp-2715571.cif,ok,
mp-2715586,cif/na_bandgap_ge1/mp-2715586.cif,ok,
mp-2715597,cif/na_bandgap_ge1/mp-2715597.cif,ok,
mp-2715643,cif/na_bandgap_ge1/mp-2715643.cif,ok,
mp-2715684,cif/na_bandgap_ge1/mp-2715684.cif,ok,
mp-2715694,cif/na_bandgap_ge1/mp-2715694.cif,ok,
mp-2715690,cif/na_bandgap_ge1/mp-2715690.cif,ok,
mp-2715712,cif/na_bandgap_ge1/mp-2715712.cif,ok,
mp-2715717,cif/na_bandgap_ge1/mp-2715717.cif,ok,
mp-2715724,cif/na_bandgap_ge1/mp-2715724.cif,ok,
mp-2715727,cif/na_bandgap_ge1/mp-2715727.cif,ok,
mp-2715732,cif/na_bandgap_ge1/mp-2715732.cif,ok,
mp-2715754,cif/na_bandgap_ge1/mp-2715754.cif,ok,
mp-2715756,cif/na_bandgap_ge1/mp-2715756.cif,ok,
mp-2715764,cif/na_bandgap_ge1/mp-2715764.cif,ok,
mp-2715772,cif/na_bandgap_ge1/mp-2715772.cif,ok,
mp-2715791,cif/na_bandgap_ge1/mp-2715791.cif,ok,
mp-2715794,cif/na_bandgap_ge1/mp-2715794.cif,ok,
mp-2715799,cif/na_bandgap_ge1/mp-2715799.cif,ok,
mp-2715821,cif/na_bandgap_ge1/mp-2715821.cif,ok,
mp-2716125,cif/na_bandgap_ge1/mp-2716125.cif,ok,
mp-2716132,cif/na_bandgap_ge1/mp-2716132.cif,ok,
mp-2716142,cif/na_bandgap_ge1/mp-2716142.cif,ok,
mp-2716168,cif/na_bandgap_ge1/mp-2716168.cif,ok,
mp-2716182,cif/na_bandgap_ge1/mp-2716182.cif,ok,
mp-2716193,cif/na_bandgap_ge1/mp-2716193.cif,ok,
mp-2716223,cif/na_bandgap_ge1/mp-2716223.cif,ok,
mp-2716227,cif/na_bandgap_ge1/mp-2716227.cif,ok,
mp-2716235,cif/na_bandgap_ge1/mp-2716235.cif,ok,
mp-2716236,cif/na_bandgap_ge1/mp-2716236.cif,ok,
mp-2716257,cif/na_bandgap_ge1/mp-2716257.cif,ok,
mp-2716258,cif/na_bandgap_ge1/mp-2716258.cif,ok,
mp-2716309,cif/na_bandgap_ge1/mp-2716309.cif,ok,
mp-2716303,cif/na_bandgap_ge1/mp-2716303.cif,ok,
mp-2716339,cif/na_bandgap_ge1/mp-2716339.cif,ok,
mp-2716346,cif/na_bandgap_ge1/mp-2716346.cif,ok,
mp-2716347,cif/na_bandgap_ge1/mp-2716347.cif,ok,
mp-2716355,cif/na_bandgap_ge1/mp-2716355.cif,ok,
mp-2716353,cif/na_bandgap_ge1/mp-2716353.cif,ok,
mp-2716361,cif/na_bandgap_ge1/mp-2716361.cif,ok,
mp-2716376,cif/na_bandgap_ge1/mp-2716376.cif,ok,
mp-2716384,cif/na_bandgap_ge1/mp-2716384.cif,ok,
mp-2716396,cif/na_bandgap_ge1/mp-2716396.cif,ok,
mp-2716409,cif/na_bandgap_ge1/mp-2716409.cif,ok,
mp-2716423,cif/na_bandgap_ge1/mp-2716423.cif,ok,
mp-2716461,cif/na_bandgap_ge1/mp-2716461.cif,ok,
mp-2716462,cif/na_bandgap_ge1/mp-2716462.cif,ok,
mp-2716482,cif/na_bandgap_ge1/mp-2716482.cif,ok,
mp-2716478,cif/na_bandgap_ge1/mp-2716478.cif,ok,
mp-2716509,cif/na_bandgap_ge1/mp-2716509.cif,ok,
mp-2716521,cif/na_bandgap_ge1/mp-2716521.cif,ok,
mp-2716526,cif/na_bandgap_ge1/mp-2716526.cif,ok,
mp-2716530,cif/na_bandgap_ge1/mp-2716530.cif,ok,
mp-2716539,cif/na_bandgap_ge1/mp-2716539.cif,ok,
mp-2716549,cif/na_bandgap_ge1/mp-2716549.cif,ok,
mp-2716570,cif/na_bandgap_ge1/mp-2716570.cif,ok,
mp-2716573,cif/na_bandgap_ge1/mp-2716573.cif,ok,
mp-768326,cif/na_bandgap_ge1/mp-768326.cif,ok,
mp-768395,cif/na_bandgap_ge1/mp-768395.cif,ok,
mp-768959,cif/na_bandgap_ge1/mp-768959.cif,ok,
mp-769713,cif/na_bandgap_ge1/mp-769713.cif,ok,
mp-770560,cif/na_bandgap_ge1/mp-770560.cif,ok,
mp-772039,cif/na_bandgap_ge1/mp-772039.cif,ok,
mp-774455,cif/na_bandgap_ge1/mp-774455.cif,ok,
mp-775341,cif/na_bandgap_ge1/mp-775341.cif,ok,
mp-776348,cif/na_bandgap_ge1/mp-776348.cif,ok,
mp-777331,cif/na_bandgap_ge1/mp-777331.cif,ok,
mp-777403,cif/na_bandgap_ge1/mp-777403.cif,ok,
mp-777965,cif/na_bandgap_ge1/mp-777965.cif,ok,
mp-779515,cif/na_bandgap_ge1/mp-779515.cif,ok,
mp-779703,cif/na_bandgap_ge1/mp-779703.cif,ok,
mp-780428,cif/na_bandgap_ge1/mp-780428.cif,ok,
mp-780721,cif/na_bandgap_ge1/mp-780721.cif,ok,
mp-850995,cif/na_bandgap_ge1/mp-850995.cif,ok,
mp-857352,cif/na_bandgap_ge1/mp-857352.cif,ok,
mp-1020162,cif/na_bandgap_ge1/mp-1020162.cif,ok,
mp-1024048,cif/na_bandgap_ge1/mp-1024048.cif,ok,
mp-1024070,cif/na_bandgap_ge1/mp-1024070.cif,ok,
mp-1094105,cif/na_bandgap_ge1/mp-1094105.cif,ok,
mp-1094119,cif/na_bandgap_ge1/mp-1094119.cif,ok,
mp-1103351,cif/na_bandgap_ge1/mp-1103351.cif,ok,
mp-1103730,cif/na_bandgap_ge1/mp-1103730.cif,ok,
mp-1105620,cif/na_bandgap_ge1/mp-1105620.cif,ok,
mp-1173714,cif/na_bandgap_ge1/mp-1173714.cif,ok,
mp-1173717,cif/na_bandgap_ge1/mp-1173717.cif,ok,
mp-1173790,cif/na_bandgap_ge1/mp-1173790.cif,ok,
mp-1173772,cif/na_bandgap_ge1/mp-1173772.cif,ok,
mp-1173847,cif/na_bandgap_ge1/mp-1173847.cif,ok,
mp-1180615,cif/na_bandgap_ge1/mp-1180615.cif,ok,
mp-1182759,cif/na_bandgap_ge1/mp-1182759.cif,ok,
mp-1194756,cif/na_bandgap_ge1/mp-1194756.cif,ok,
mp-1194797,cif/na_bandgap_ge1/mp-1194797.cif,ok,
mp-1194870,cif/na_bandgap_ge1/mp-1194870.cif,ok,
mp-1194920,cif/na_bandgap_ge1/mp-1194920.cif,ok,
mp-1195146,cif/na_bandgap_ge1/mp-1195146.cif,ok,
mp-1195487,cif/na_bandgap_ge1/mp-1195487.cif,ok,
mp-1195898,cif/na_bandgap_ge1/mp-1195898.cif,ok,
mp-1197223,cif/na_bandgap_ge1/mp-1197223.cif,ok,
mp-1199706,cif/na_bandgap_ge1/mp-1199706.cif,ok,
mp-1200262,cif/na_bandgap_ge1/mp-1200262.cif,ok,
mp-1200418,cif/na_bandgap_ge1/mp-1200418.cif,ok,
mp-1201699,cif/na_bandgap_ge1/mp-1201699.cif,ok,
mp-1202805,cif/na_bandgap_ge1/mp-1202805.cif,ok,
mp-1202866,cif/na_bandgap_ge1/mp-1202866.cif,ok,
mp-1202939,cif/na_bandgap_ge1/mp-1202939.cif,ok,
mp-1203580,cif/na_bandgap_ge1/mp-1203580.cif,ok,
mp-1204421,cif/na_bandgap_ge1/mp-1204421.cif,ok,
mp-1204564,cif/na_bandgap_ge1/mp-1204564.cif,ok,
mp-1205067,cif/na_bandgap_ge1/mp-1205067.cif,ok,
mp-1210252,cif/na_bandgap_ge1/mp-1210252.cif,ok,
mp-1210330,cif/na_bandgap_ge1/mp-1210330.cif,ok,
mp-1210325,cif/na_bandgap_ge1/mp-1210325.cif,ok,
mp-1210394,cif/na_bandgap_ge1/mp-1210394.cif,ok,
mp-1210416,cif/na_bandgap_ge1/mp-1210416.cif,ok,
mp-1210405,cif/na_bandgap_ge1/mp-1210405.cif,ok,
mp-1221137,cif/na_bandgap_ge1/mp-1221137.cif,ok,
mp-1221146,cif/na_bandgap_ge1/mp-1221146.cif,ok,
mp-1221139,cif/na_bandgap_ge1/mp-1221139.cif,ok,
mp-1221157,cif/na_bandgap_ge1/mp-1221157.cif,ok,
mp-1221152,cif/na_bandgap_ge1/mp-1221152.cif,ok,
mp-1221153,cif/na_bandgap_ge1/mp-1221153.cif,ok,
mp-1221151,cif/na_bandgap_ge1/mp-1221151.cif,ok,
mp-1221155,cif/na_bandgap_ge1/mp-1221155.cif,ok,
mp-1221156,cif/na_bandgap_ge1/mp-1221156.cif,ok,
mp-1221158,cif/na_bandgap_ge1/mp-1221158.cif,ok,
mp-1221169,cif/na_bandgap_ge1/mp-1221169.cif,ok,
mp-1221176,cif/na_bandgap_ge1/mp-1221176.cif,ok,
mp-1221166,cif/na_bandgap_ge1/mp-1221166.cif,ok,
mp-1221172,cif/na_bandgap_ge1/mp-1221172.cif,ok,
mp-1221167,cif/na_bandgap_ge1/mp-1221167.cif,ok,
mp-1221170,cif/na_bandgap_ge1/mp-1221170.cif,ok,
mp-1221184,cif/na_bandgap_ge1/mp-1221184.cif,ok,
mp-1221187,cif/na_bandgap_ge1/mp-1221187.cif,ok,
mp-1221192,cif/na_bandgap_ge1/mp-1221192.cif,ok,
mp-1221198,cif/na_bandgap_ge1/mp-1221198.cif,ok,
mp-1221194,cif/na_bandgap_ge1/mp-1221194.cif,ok,
mp-1221200,cif/na_bandgap_ge1/mp-1221200.cif,ok,
mp-1221207,cif/na_bandgap_ge1/mp-1221207.cif,ok,
mp-1221201,cif/na_bandgap_ge1/mp-1221201.cif,ok,
mp-1221220,cif/na_bandgap_ge1/mp-1221220.cif,ok,
mp-1221210,cif/na_bandgap_ge1/mp-1221210.cif,ok,
mp-1221202,cif/na_bandgap_ge1/mp-1221202.cif,ok,
mp-1221226,cif/na_bandgap_ge1/mp-1221226.cif,ok,
mp-1221240,cif/na_bandgap_ge1/mp-1221240.cif,ok,
mp-1221245,cif/na_bandgap_ge1/mp-1221245.cif,ok,
mp-1221268,cif/na_bandgap_ge1/mp-1221268.cif,ok,
mp-1221255,cif/na_bandgap_ge1/mp-1221255.cif,ok,
mp-1221263,cif/na_bandgap_ge1/mp-1221263.cif,ok,
mp-1221260,cif/na_bandgap_ge1/mp-1221260.cif,ok,
mp-1221274,cif/na_bandgap_ge1/mp-1221274.cif,ok,
mp-1221322,cif/na_bandgap_ge1/mp-1221322.cif,ok,
mp-1221439,cif/na_bandgap_ge1/mp-1221439.cif,ok,
mp-1221556,cif/na_bandgap_ge1/mp-1221556.cif,ok,
mp-1221862,cif/na_bandgap_ge1/mp-1221862.cif,ok,
mp-1221989,cif/na_bandgap_ge1/mp-1221989.cif,ok,
mp-1223376,cif/na_bandgap_ge1/mp-1223376.cif,ok,
mp-1223378,cif/na_bandgap_ge1/mp-1223378.cif,ok,
mp-1223382,cif/na_bandgap_ge1/mp-1223382.cif,ok,
mp-1223387,cif/na_bandgap_ge1/mp-1223387.cif,ok,
mp-1223772,cif/na_bandgap_ge1/mp-1223772.cif,ok,
mp-1224604,cif/na_bandgap_ge1/mp-1224604.cif,ok,
mp-1226101,cif/na_bandgap_ge1/mp-1226101.cif,ok,
mp-1226675,cif/na_bandgap_ge1/mp-1226675.cif,ok,
mp-1226690,cif/na_bandgap_ge1/mp-1226690.cif,ok,
mp-1228057,cif/na_bandgap_ge1/mp-1228057.cif,ok,
mp-1237121,cif/na_bandgap_ge1/mp-1237121.cif,ok,
mp-1428949,cif/na_bandgap_ge1/mp-1428949.cif,ok,
mp-2970,cif/na_bandgap_ge1/mp-2970.cif,ok,
mp-5327,cif/na_bandgap_ge1/mp-5327.cif,ok,
mp-6046,cif/na_bandgap_ge1/mp-6046.cif,ok,
mp-6150,cif/na_bandgap_ge1/mp-6150.cif,ok,
mp-7500,cif/na_bandgap_ge1/mp-7500.cif,ok,
mp-9655,cif/na_bandgap_ge1/mp-9655.cif,ok,
mp-10419,cif/na_bandgap_ge1/mp-10419.cif,ok,
mp-13274,cif/na_bandgap_ge1/mp-13274.cif,ok,
mp-14324,cif/na_bandgap_ge1/mp-14324.cif,ok,
mp-14428,cif/na_bandgap_ge1/mp-14428.cif,ok,
mp-14526,cif/na_bandgap_ge1/mp-14526.cif,ok,
mp-14726,cif/na_bandgap_ge1/mp-14726.cif,ok,
mp-15391,cif/na_bandgap_ge1/mp-15391.cif,ok,
mp-18012,cif/na_bandgap_ge1/mp-18012.cif,ok,
mp-18151,cif/na_bandgap_ge1/mp-18151.cif,ok,
mp-18762,cif/na_bandgap_ge1/mp-18762.cif,ok,
mp-18772,cif/na_bandgap_ge1/mp-18772.cif,ok,
mp-19026,cif/na_bandgap_ge1/mp-19026.cif,ok,
mp-19022,cif/na_bandgap_ge1/mp-19022.cif,ok,
mp-19125,cif/na_bandgap_ge1/mp-19125.cif,ok,
mp-19334,cif/na_bandgap_ge1/mp-19334.cif,ok,
mp-19396,cif/na_bandgap_ge1/mp-19396.cif,ok,
mp-19470,cif/na_bandgap_ge1/mp-19470.cif,ok,
mp-20088,cif/na_bandgap_ge1/mp-20088.cif,ok,
mp-22937,cif/na_bandgap_ge1/mp-22937.cif,ok,
mp-23145,cif/na_bandgap_ge1/mp-23145.cif,ok,
mp-23147,cif/na_bandgap_ge1/mp-23147.cif,ok,
mp-23151,cif/na_bandgap_ge1/mp-23151.cif,ok,
mp-23655,cif/na_bandgap_ge1/mp-23655.cif,ok,
mp-23659,cif/na_bandgap_ge1/mp-23659.cif,ok,
mp-23656,cif/na_bandgap_ge1/mp-23656.cif,ok,
mp-23651,cif/na_bandgap_ge1/mp-23651.cif,ok,
mp-27197,cif/na_bandgap_ge1/mp-27197.cif,ok,
mp-27310,cif/na_bandgap_ge1/mp-27310.cif,ok,
mp-27564,cif/na_bandgap_ge1/mp-27564.cif,ok,
mp-27579,cif/na_bandgap_ge1/mp-27579.cif,ok,
mp-28107,cif/na_bandgap_ge1/mp-28107.cif,ok,
mp-28261,cif/na_bandgap_ge1/mp-28261.cif,ok,
mp-28292,cif/na_bandgap_ge1/mp-28292.cif,ok,
mp-28355,cif/na_bandgap_ge1/mp-28355.cif,ok,
mp-28599,cif/na_bandgap_ge1/mp-28599.cif,ok,
mp-28768,cif/na_bandgap_ge1/mp-28768.cif,ok,
mp-28789,cif/na_bandgap_ge1/mp-28789.cif,ok,
mp-28773,cif/na_bandgap_ge1/mp-28773.cif,ok,
mp-28851,cif/na_bandgap_ge1/mp-28851.cif,ok,
mp-29626,cif/na_bandgap_ge1/mp-29626.cif,ok,
mp-29628,cif/na_bandgap_ge1/mp-29628.cif,ok,
mp-29871,cif/na_bandgap_ge1/mp-29871.cif,ok,
mp-29984,cif/na_bandgap_ge1/mp-29984.cif,ok,
mp-30931,cif/na_bandgap_ge1/mp-30931.cif,ok,
mp-31229,cif/na_bandgap_ge1/mp-31229.cif,ok,
mp-37430,cif/na_bandgap_ge1/mp-37430.cif,ok,
mp-37947,cif/na_bandgap_ge1/mp-37947.cif,ok,
mp-39140,cif/na_bandgap_ge1/mp-39140.cif,ok,
mp-40226,cif/na_bandgap_ge1/mp-40226.cif,ok,
mp-42508,cif/na_bandgap_ge1/mp-42508.cif,ok,
mp-505798,cif/na_bandgap_ge1/mp-505798.cif,ok,
mp-530571,cif/na_bandgap_ge1/mp-530571.cif,ok,
mp-534870,cif/na_bandgap_ge1/mp-534870.cif,ok,
mp-535042,cif/na_bandgap_ge1/mp-535042.cif,ok,
mp-542280,cif/na_bandgap_ge1/mp-542280.cif,ok,
mp-545541,cif/na_bandgap_ge1/mp-545541.cif,ok,
mp-546707,cif/na_bandgap_ge1/mp-546707.cif,ok,
mp-546551,cif/na_bandgap_ge1/mp-546551.cif,ok,
mp-551886,cif/na_bandgap_ge1/mp-551886.cif,ok,
mp-552552,cif/na_bandgap_ge1/mp-552552.cif,ok,
mp-552623,cif/na_bandgap_ge1/mp-552623.cif,ok,
mp-552941,cif/na_bandgap_ge1/mp-552941.cif,ok,
mp-554107,cif/na_bandgap_ge1/mp-554107.cif,ok,
mp-554275,cif/na_bandgap_ge1/mp-554275.cif,ok,
mp-554356,cif/na_bandgap_ge1/mp-554356.cif,ok,
mp-554790,cif/na_bandgap_ge1/mp-554790.cif,ok,
mp-554853,cif/na_bandgap_ge1/mp-554853.cif,ok,
mp-555472,cif/na_bandgap_ge1/mp-555472.cif,ok,
mp-555524,cif/na_bandgap_ge1/mp-555524.cif,ok,
mp-555825,cif/na_bandgap_ge1/mp-555825.cif,ok,
mp-555988,cif/na_bandgap_ge1/mp-555988.cif,ok,
mp-556413,cif/na_bandgap_ge1/mp-556413.cif,ok,
mp-557109,cif/na_bandgap_ge1/mp-557109.cif,ok,
mp-558455,cif/na_bandgap_ge1/mp-558455.cif,ok,
mp-559084,cif/na_bandgap_ge1/mp-559084.cif,ok,
mp-559286,cif/na_bandgap_ge1/mp-559286.cif,ok,
mp-559519,cif/na_bandgap_ge1/mp-559519.cif,ok,
mp-559561,cif/na_bandgap_ge1/mp-559561.cif,ok,
mp-559773,cif/na_bandgap_ge1/mp-559773.cif,ok,
mp-560175,cif/na_bandgap_ge1/mp-560175.cif,ok,
mp-560724,cif/na_bandgap_ge1/mp-560724.cif,ok,
mp-560780,cif/na_bandgap_ge1/mp-560780.cif,ok,
mp-560843,cif/na_bandgap_ge1/mp-560843.cif,ok,
mp-561158,cif/na_bandgap_ge1/mp-561158.cif,ok,
mp-561448,cif/na_bandgap_ge1/mp-561448.cif,ok,
mp-562546,cif/na_bandgap_ge1/mp-562546.cif,ok,
mp-568060,cif/na_bandgap_ge1/mp-568060.cif,ok,
mp-568762,cif/na_bandgap_ge1/mp-568762.cif,ok,
mp-569337,cif/na_bandgap_ge1/mp-569337.cif,ok,
mp-578949,cif/na_bandgap_ge1/mp-578949.cif,ok,
mp-581403,cif/na_bandgap_ge1/mp-581403.cif,ok,
mp-643001,cif/na_bandgap_ge1/mp-643001.cif,ok,
mp-645295,cif/na_bandgap_ge1/mp-645295.cif,ok,
mp-648893,cif/na_bandgap_ge1/mp-648893.cif,ok,
mp-676431,cif/na_bandgap_ge1/mp-676431.cif,ok,
mp-676527,cif/na_bandgap_ge1/mp-676527.cif,ok,
mp-680756,cif/na_bandgap_ge1/mp-680756.cif,ok,
mp-684696,cif/na_bandgap_ge1/mp-684696.cif,ok,
mp-694964,cif/na_bandgap_ge1/mp-694964.cif,ok,
mp-694981,cif/na_bandgap_ge1/mp-694981.cif,ok,
mp-695373,cif/na_bandgap_ge1/mp-695373.cif,ok,
mp-696155,cif/na_bandgap_ge1/mp-696155.cif,ok,
mp-699658,cif/na_bandgap_ge1/mp-699658.cif,ok,
mp-705037,cif/na_bandgap_ge1/mp-705037.cif,ok,
mp-706336,cif/na_bandgap_ge1/mp-706336.cif,ok,
mp-707200,cif/na_bandgap_ge1/mp-707200.cif,ok,
mp-707327,cif/na_bandgap_ge1/mp-707327.cif,ok,
mp-707732,cif/na_bandgap_ge1/mp-707732.cif,ok,
mp-709921,cif/na_bandgap_ge1/mp-709921.cif,ok,
mp-720104,cif/na_bandgap_ge1/mp-720104.cif,ok,
mp-720279,cif/na_bandgap_ge1/mp-720279.cif,ok,
mp-720689,cif/na_bandgap_ge1/mp-720689.cif,ok,
mp-721144,cif/na_bandgap_ge1/mp-721144.cif,ok,
mp-721293,cif/na_bandgap_ge1/mp-721293.cif,ok,
mp-735568,cif/na_bandgap_ge1/mp-735568.cif,ok,
mp-740750,cif/na_bandgap_ge1/mp-740750.cif,ok,
mp-741045,cif/na_bandgap_ge1/mp-741045.cif,ok,
mp-754369,cif/na_bandgap_ge1/mp-754369.cif,ok,
mp-754638,cif/na_bandgap_ge1/mp-754638.cif,ok,
mp-754694,cif/na_bandgap_ge1/mp-754694.cif,ok,
mp-756090,cif/na_bandgap_ge1/mp-756090.cif,ok,
mp-756084,cif/na_bandgap_ge1/mp-756084.cif,ok,
mp-757853,cif/na_bandgap_ge1/mp-757853.cif,ok,
mp-758157,cif/na_bandgap_ge1/mp-758157.cif,ok,
mp-758693,cif/na_bandgap_ge1/mp-758693.cif,ok,
mp-2714787,cif/na_bandgap_ge1/mp-2714787.cif,ok,
mp-2714799,cif/na_bandgap_ge1/mp-2714799.cif,ok,
mp-2714810,cif/na_bandgap_ge1/mp-2714810.cif,ok,
mp-2714807,cif/na_bandgap_ge1/mp-2714807.cif,ok,
mp-2714815,cif/na_bandgap_ge1/mp-2714815.cif,ok,
mp-2714843,cif/na_bandgap_ge1/mp-2714843.cif,ok,
mp-2714844,cif/na_bandgap_ge1/mp-2714844.cif,ok,
mp-2714849,cif/na_bandgap_ge1/mp-2714849.cif,ok,
mp-2714846,cif/na_bandgap_ge1/mp-2714846.cif,ok,
mp-2714857,cif/na_bandgap_ge1/mp-2714857.cif,ok,
mp-2714865,cif/na_bandgap_ge1/mp-2714865.cif,ok,
mp-2714860,cif/na_bandgap_ge1/mp-2714860.cif,ok,
mp-2714877,cif/na_bandgap_ge1/mp-2714877.cif,ok,
mp-2714878,cif/na_bandgap_ge1/mp-2714878.cif,ok,
mp-2714887,cif/na_bandgap_ge1/mp-2714887.cif,ok,
mp-2714902,cif/na_bandgap_ge1/mp-2714902.cif,ok,
mp-2714905,cif/na_bandgap_ge1/mp-2714905.cif,ok,
mp-2714918,cif/na_bandgap_ge1/mp-2714918.cif,ok,
mp-2714919,cif/na_bandgap_ge1/mp-2714919.cif,ok,
mp-2714935,cif/na_bandgap_ge1/mp-2714935.cif,ok,
mp-2714946,cif/na_bandgap_ge1/mp-2714946.cif,ok,
mp-2714980,cif/na_bandgap_ge1/mp-2714980.cif,ok,
mp-2715002,cif/na_bandgap_ge1/mp-2715002.cif,ok,
mp-2715026,cif/na_bandgap_ge1/mp-2715026.cif,ok,
mp-2715055,cif/na_bandgap_ge1/mp-2715055.cif,ok,
mp-2715084,cif/na_bandgap_ge1/mp-2715084.cif,ok,
mp-2715111,cif/na_bandgap_ge1/mp-2715111.cif,ok,
mp-2715107,cif/na_bandgap_ge1/mp-2715107.cif,ok,
mp-2715127,cif/na_bandgap_ge1/mp-2715127.cif,ok,
mp-2715142,cif/na_bandgap_ge1/mp-2715142.cif,ok,
mp-2715173,cif/na_bandgap_ge1/mp-2715173.cif,ok,
mp-2715175,cif/na_bandgap_ge1/mp-2715175.cif,ok,
mp-2715169,cif/na_bandgap_ge1/mp-2715169.cif,ok,
mp-2715181,cif/na_bandgap_ge1/mp-2715181.cif,ok,
mp-2715179,cif/na_bandgap_ge1/mp-2715179.cif,ok,
mp-2715194,cif/na_bandgap_ge1/mp-2715194.cif,ok,
mp-2715195,cif/na_bandgap_ge1/mp-2715195.cif,ok,
mp-2715199,cif/na_bandgap_ge1/mp-2715199.cif,ok,
mp-2715213,cif/na_bandgap_ge1/mp-2715213.cif,ok,
mp-2715523,cif/na_bandgap_ge1/mp-2715523.cif,ok,
mp-2715536,cif/na_bandgap_ge1/mp-2715536.cif,ok,
mp-2715533,cif/na_bandgap_ge1/mp-2715533.cif,ok,
mp-2715560,cif/na_bandgap_ge1/mp-2715560.cif,ok,
mp-2715575,cif/na_bandgap_ge1/mp-2715575.cif,ok,
mp-2715576,cif/na_bandgap_ge1/mp-2715576.cif,ok,
mp-2715595,cif/na_bandgap_ge1/mp-2715595.cif,ok,
mp-2715604,cif/na_bandgap_ge1/mp-2715604.cif,ok,
mp-2715613,cif/na_bandgap_ge1/mp-2715613.cif,ok,
mp-2715625,cif/na_bandgap_ge1/mp-2715625.cif,ok,
mp-2715631,cif/na_bandgap_ge1/mp-2715631.cif,ok,
mp-2715641,cif/na_bandgap_ge1/mp-2715641.cif,ok,
mp-2715647,cif/na_bandgap_ge1/mp-2715647.cif,ok,
mp-2715657,cif/na_bandgap_ge1/mp-2715657.cif,ok,
mp-2715659,cif/na_bandgap_ge1/mp-2715659.cif,ok,
mp-2715655,cif/na_bandgap_ge1/mp-2715655.cif,ok,
mp-2715661,cif/na_bandgap_ge1/mp-2715661.cif,ok,
mp-2715672,cif/na_bandgap_ge1/mp-2715672.cif,ok,
mp-2715669,cif/na_bandgap_ge1/mp-2715669.cif,ok,
mp-2715686,cif/na_bandgap_ge1/mp-2715686.cif,ok,
mp-2715721,cif/na_bandgap_ge1/mp-2715721.cif,ok,
mp-2715723,cif/na_bandgap_ge1/mp-2715723.cif,ok,
mp-2715740,cif/na_bandgap_ge1/mp-2715740.cif,ok,
mp-2715750,cif/na_bandgap_ge1/mp-2715750.cif,ok,
mp-2715762,cif/na_bandgap_ge1/mp-2715762.cif,ok,
mp-2715759,cif/na_bandgap_ge1/mp-2715759.cif,ok,
mp-2715757,cif/na_bandgap_ge1/mp-2715757.cif,ok,
mp-2715763,cif/na_bandgap_ge1/mp-2715763.cif,ok,
mp-2715766,cif/na_bandgap_ge1/mp-2715766.cif,ok,
mp-2715780,cif/na_bandgap_ge1/mp-2715780.cif,ok,
mp-2715781,cif/na_bandgap_ge1/mp-2715781.cif,ok,
mp-2715795,cif/na_bandgap_ge1/mp-2715795.cif,ok,
mp-2715816,cif/na_bandgap_ge1/mp-2715816.cif,ok,
mp-2715818,cif/na_bandgap_ge1/mp-2715818.cif,ok,
mp-2715817,cif/na_bandgap_ge1/mp-2715817.cif,ok,
mp-2715848,cif/na_bandgap_ge1/mp-2715848.cif,ok,
mp-2715857,cif/na_bandgap_ge1/mp-2715857.cif,ok,
mp-2715853,cif/na_bandgap_ge1/mp-2715853.cif,ok,
mp-2715873,cif/na_bandgap_ge1/mp-2715873.cif,ok,
mp-2715869,cif/na_bandgap_ge1/mp-2715869.cif,ok,
mp-2715876,cif/na_bandgap_ge1/mp-2715876.cif,ok,
mp-2715889,cif/na_bandgap_ge1/mp-2715889.cif,ok,
mp-2715893,cif/na_bandgap_ge1/mp-2715893.cif,ok,
mp-2715906,cif/na_bandgap_ge1/mp-2715906.cif,ok,
mp-2715918,cif/na_bandgap_ge1/mp-2715918.cif,ok,
mp-2715932,cif/na_bandgap_ge1/mp-2715932.cif,ok,
mp-2715941,cif/na_bandgap_ge1/mp-2715941.cif,ok,
mp-2715935,cif/na_bandgap_ge1/mp-2715935.cif,ok,
mp-2715942,cif/na_bandgap_ge1/mp-2715942.cif,ok,
mp-2715963,cif/na_bandgap_ge1/mp-2715963.cif,ok,
mp-2715985,cif/na_bandgap_ge1/mp-2715985.cif,ok,
mp-2715996,cif/na_bandgap_ge1/mp-2715996.cif,ok,
mp-2716020,cif/na_bandgap_ge1/mp-2716020.cif,ok,
mp-2716058,cif/na_bandgap_ge1/mp-2716058.cif,ok,
mp-2716068,cif/na_bandgap_ge1/mp-2716068.cif,ok,
mp-2716076,cif/na_bandgap_ge1/mp-2716076.cif,ok,
mp-2716072,cif/na_bandgap_ge1/mp-2716072.cif,ok,
mp-2716091,cif/na_bandgap_ge1/mp-2716091.cif,ok,
mp-2716119,cif/na_bandgap_ge1/mp-2716119.cif,ok,
mp-1222228,cif/na_bandgap_ge1/mp-1222228.cif,ok,
mp-27559,cif/na_bandgap_ge1/mp-27559.cif,ok,
mp-31008,cif/na_bandgap_ge1/mp-31008.cif,ok,
mp-764496,cif/na_bandgap_ge1/mp-764496.cif,ok,
mp-2713132,cif/na_bandgap_ge1/mp-2713132.cif,ok,
mp-2713146,cif/na_bandgap_ge1/mp-2713146.cif,ok,
mp-2713142,cif/na_bandgap_ge1/mp-2713142.cif,ok,
mp-2713147,cif/na_bandgap_ge1/mp-2713147.cif,ok,
mp-2713190,cif/na_bandgap_ge1/mp-2713190.cif,ok,
mp-2713202,cif/na_bandgap_ge1/mp-2713202.cif,ok,
mp-2713203,cif/na_bandgap_ge1/mp-2713203.cif,ok,
mp-2713356,cif/na_bandgap_ge1/mp-2713356.cif,ok,
mp-2713381,cif/na_bandgap_ge1/mp-2713381.cif,ok,
mp-2713388,cif/na_bandgap_ge1/mp-2713388.cif,ok,
mp-2713394,cif/na_bandgap_ge1/mp-2713394.cif,ok,
mp-2713476,cif/na_bandgap_ge1/mp-2713476.cif,ok,
mp-2713491,cif/na_bandgap_ge1/mp-2713491.cif,ok,
mp-2713524,cif/na_bandgap_ge1/mp-2713524.cif,ok,
mp-2713534,cif/na_bandgap_ge1/mp-2713534.cif,ok,
mp-2714153,cif/na_bandgap_ge1/mp-2714153.cif,ok,
mp-2714182,cif/na_bandgap_ge1/mp-2714182.cif,ok,
mp-2714184,cif/na_bandgap_ge1/mp-2714184.cif,ok,
mp-2714256,cif/na_bandgap_ge1/mp-2714256.cif,ok,
mp-2714284,cif/na_bandgap_ge1/mp-2714284.cif,ok,
mp-2714310,cif/na_bandgap_ge1/mp-2714310.cif,ok,
mp-2714669,cif/na_bandgap_ge1/mp-2714669.cif,ok,
mp-2714803,cif/na_bandgap_ge1/mp-2714803.cif,ok,
mp-2714813,cif/na_bandgap_ge1/mp-2714813.cif,ok,
mp-2714820,cif/na_bandgap_ge1/mp-2714820.cif,ok,
mp-2714828,cif/na_bandgap_ge1/mp-2714828.cif,ok,
mp-2714859,cif/na_bandgap_ge1/mp-2714859.cif,ok,
mp-2714941,cif/na_bandgap_ge1/mp-2714941.cif,ok,
mp-2714950,cif/na_bandgap_ge1/mp-2714950.cif,ok,
mp-2715056,cif/na_bandgap_ge1/mp-2715056.cif,ok,
mp-2715143,cif/na_bandgap_ge1/mp-2715143.cif,ok,
mp-2715155,cif/na_bandgap_ge1/mp-2715155.cif,ok,
mp-2715187,cif/na_bandgap_ge1/mp-2715187.cif,ok,
mp-2716283,cif/na_bandgap_ge1/mp-2716283.cif,ok,
mp-2716325,cif/na_bandgap_ge1/mp-2716325.cif,ok,
mp-2716387,cif/na_bandgap_ge1/mp-2716387.cif,ok,
mp-2716491,cif/na_bandgap_ge1/mp-2716491.cif,ok,
mp-2716495,cif/na_bandgap_ge1/mp-2716495.cif,ok,
mp-2716510,cif/na_bandgap_ge1/mp-2716510.cif,ok,
mp-2716527,cif/na_bandgap_ge1/mp-2716527.cif,ok,
mp-2716552,cif/na_bandgap_ge1/mp-2716552.cif,ok,
mp-2716569,cif/na_bandgap_ge1/mp-2716569.cif,ok,
mp-1029862,cif/na_bandgap_ge1/mp-1029862.cif,ok,
mp-1030704,cif/na_bandgap_ge1/mp-1030704.cif,ok,
mp-1222063,cif/na_bandgap_ge1/mp-1222063.cif,ok,
mp-554285,cif/na_bandgap_ge1/mp-554285.cif,ok,
mp-1221546,cif/na_bandgap_ge1/mp-1221546.cif,ok,
mp-559916,cif/na_bandgap_ge1/mp-559916.cif,ok,
mp-693746,cif/na_bandgap_ge1/mp-693746.cif,ok,
mp-697308,cif/na_bandgap_ge1/mp-697308.cif,ok,
mp-2712852,cif/na_bandgap_ge1/mp-2712852.cif,ok,
mp-2712860,cif/na_bandgap_ge1/mp-2712860.cif,ok,
mp-2712868,cif/na_bandgap_ge1/mp-2712868.cif,ok,
mp-2712918,cif/na_bandgap_ge1/mp-2712918.cif,ok,
mp-2712953,cif/na_bandgap_ge1/mp-2712953.cif,ok,
mp-2712961,cif/na_bandgap_ge1/mp-2712961.cif,ok,
mp-2712984,cif/na_bandgap_ge1/mp-2712984.cif,ok,
mp-2712997,cif/na_bandgap_ge1/mp-2712997.cif,ok,
mp-2713023,cif/na_bandgap_ge1/mp-2713023.cif,ok,
mp-2713034,cif/na_bandgap_ge1/mp-2713034.cif,ok,
mp-2713037,cif/na_bandgap_ge1/mp-2713037.cif,ok,
mp-2713065,cif/na_bandgap_ge1/mp-2713065.cif,ok,
mp-2713301,cif/na_bandgap_ge1/mp-2713301.cif,ok,
mp-2713636,cif/na_bandgap_ge1/mp-2713636.cif,ok,
mp-2713705,cif/na_bandgap_ge1/mp-2713705.cif,ok,
mp-2713722,cif/na_bandgap_ge1/mp-2713722.cif,ok,
mp-2713770,cif/na_bandgap_ge1/mp-2713770.cif,ok,
mp-2713831,cif/na_bandgap_ge1/mp-2713831.cif,ok,
mp-2713845,cif/na_bandgap_ge1/mp-2713845.cif,ok,
mp-2713898,cif/na_bandgap_ge1/mp-2713898.cif,ok,
mp-2713902,cif/na_bandgap_ge1/mp-2713902.cif,ok,
mp-2713986,cif/na_bandgap_ge1/mp-2713986.cif,ok,
mp-2713999,cif/na_bandgap_ge1/mp-2713999.cif,ok,
mp-2714006,cif/na_bandgap_ge1/mp-2714006.cif,ok,
mp-2716141,cif/na_bandgap_ge1/mp-2716141.cif,ok,
mp-2716214,cif/na_bandgap_ge1/mp-2716214.cif,ok,
mp-2716254,cif/na_bandgap_ge1/mp-2716254.cif,ok,
mp-677692,cif/na_bandgap_ge1/mp-677692.cif,ok,
mp-2712982,cif/na_bandgap_ge1/mp-2712982.cif,ok,
mp-2714327,cif/na_bandgap_ge1/mp-2714327.cif,ok,
mp-2714325,cif/na_bandgap_ge1/mp-2714325.cif,ok,
mp-2714368,cif/na_bandgap_ge1/mp-2714368.cif,ok,
mp-2714458,cif/na_bandgap_ge1/mp-2714458.cif,ok,
mp-2714498,cif/na_bandgap_ge1/mp-2714498.cif,ok,
mp-2714512,cif/na_bandgap_ge1/mp-2714512.cif,ok,
mp-2715559,cif/na_bandgap_ge1/mp-2715559.cif,ok,
mp-2715629,cif/na_bandgap_ge1/mp-2715629.cif,ok,
mp-2715746,cif/na_bandgap_ge1/mp-2715746.cif,ok,
mp-2715744,cif/na_bandgap_ge1/mp-2715744.cif,ok,
mp-2715775,cif/na_bandgap_ge1/mp-2715775.cif,ok,
mp-2715786,cif/na_bandgap_ge1/mp-2715786.cif,ok,
mp-2715861,cif/na_bandgap_ge1/mp-2715861.cif,ok,
mp-2715951,cif/na_bandgap_ge1/mp-2715951.cif,ok,
mp-2715978,cif/na_bandgap_ge1/mp-2715978.cif,ok,
mp-2716008,cif/na_bandgap_ge1/mp-2716008.cif,ok,
mp-2716092,cif/na_bandgap_ge1/mp-2716092.cif,ok,
mp-1173865,cif/na_bandgap_ge1/mp-1173865.cif,ok,
mp-1223192,cif/na_bandgap_ge1/mp-1223192.cif,ok,
mp-680169,cif/na_bandgap_ge1/mp-680169.cif,ok,
mp-1212663,cif/na_bandgap_ge1/mp-1212663.cif,ok,
mp-1221829,cif/na_bandgap_ge1/mp-1221829.cif,ok,
mp-23660,cif/na_bandgap_ge1/mp-23660.cif,ok,
mp-2714970,cif/na_bandgap_ge1/mp-2714970.cif,ok,
mp-2715037,cif/na_bandgap_ge1/mp-2715037.cif,ok,
mp-2715066,cif/na_bandgap_ge1/mp-2715066.cif,ok,
mp-2715114,cif/na_bandgap_ge1/mp-2715114.cif,ok,
mp-2715164,cif/na_bandgap_ge1/mp-2715164.cif,ok,
mp-2715197,cif/na_bandgap_ge1/mp-2715197.cif,ok,
mp-693682,cif/na_bandgap_ge1/mp-693682.cif,ok,
mp-532091,cif/na_bandgap_ge1/mp-532091.cif,ok,
mp-677638,cif/na_bandgap_ge1/mp-677638.cif,ok,
mp-2714199,cif/na_bandgap_ge1/mp-2714199.cif,ok,
mp-2714201,cif/na_bandgap_ge1/mp-2714201.cif,ok,
mp-2714222,cif/na_bandgap_ge1/mp-2714222.cif,ok,
mp-2714251,cif/na_bandgap_ge1/mp-2714251.cif,ok,
mp-2714307,cif/na_bandgap_ge1/mp-2714307.cif,ok,
mp-2714311,cif/na_bandgap_ge1/mp-2714311.cif,ok,
mp-2714650,cif/na_bandgap_ge1/mp-2714650.cif,ok,
mp-2714668,cif/na_bandgap_ge1/mp-2714668.cif,ok,
mp-2714748,cif/na_bandgap_ge1/mp-2714748.cif,ok,
mp-2714756,cif/na_bandgap_ge1/mp-2714756.cif,ok,
mp-2714845,cif/na_bandgap_ge1/mp-2714845.cif,ok,
mp-2714854,cif/na_bandgap_ge1/mp-2714854.cif,ok,
mp-2714984,cif/na_bandgap_ge1/mp-2714984.cif,ok,
mp-2715025,cif/na_bandgap_ge1/mp-2715025.cif,ok,
mp-2715022,cif/na_bandgap_ge1/mp-2715022.cif,ok,
mp-2715106,cif/na_bandgap_ge1/mp-2715106.cif,ok,
mp-2715153,cif/na_bandgap_ge1/mp-2715153.cif,ok,
mp-2715198,cif/na_bandgap_ge1/mp-2715198.cif,ok,
mp-2716300,cif/na_bandgap_ge1/mp-2716300.cif,ok,
mp-2716319,cif/na_bandgap_ge1/mp-2716319.cif,ok,
mp-2716395,cif/na_bandgap_ge1/mp-2716395.cif,ok,
mp-2716457,cif/na_bandgap_ge1/mp-2716457.cif,ok,
mp-2716517,cif/na_bandgap_ge1/mp-2716517.cif,ok,
mp-2716571,cif/na_bandgap_ge1/mp-2716571.cif,ok,
mp-2712897,cif/na_bandgap_ge1/mp-2712897.cif,ok,
mp-2714379,cif/na_bandgap_ge1/mp-2714379.cif,ok,
mp-2714393,cif/na_bandgap_ge1/mp-2714393.cif,ok,
mp-2714406,cif/na_bandgap_ge1/mp-2714406.cif,ok,
mp-2714422,cif/na_bandgap_ge1/mp-2714422.cif,ok,
mp-2714459,cif/na_bandgap_ge1/mp-2714459.cif,ok,
mp-2714509,cif/na_bandgap_ge1/mp-2714509.cif,ok,
mp-2715535,cif/na_bandgap_ge1/mp-2715535.cif,ok,
mp-2715670,cif/na_bandgap_ge1/mp-2715670.cif,ok,
mp-2715747,cif/na_bandgap_ge1/mp-2715747.cif,ok,
mp-2715815,cif/na_bandgap_ge1/mp-2715815.cif,ok,
mp-2715896,cif/na_bandgap_ge1/mp-2715896.cif,ok,
mp-2715931,cif/na_bandgap_ge1/mp-2715931.cif,ok,
mp-2716015,cif/na_bandgap_ge1/mp-2716015.cif,ok,
mp-2716042,cif/na_bandgap_ge1/mp-2716042.cif,ok,
mp-2716083,cif/na_bandgap_ge1/mp-2716083.cif,ok,
mp-760068,cif/na_bandgap_ge1/mp-760068.cif,ok,
mp-760184,cif/na_bandgap_ge1/mp-760184.cif,ok,
mp-760863,cif/na_bandgap_ge1/mp-760863.cif,ok,
mp-761140,cif/na_bandgap_ge1/mp-761140.cif,ok,
mp-761683,cif/na_bandgap_ge1/mp-761683.cif,ok,
mp-762089,cif/na_bandgap_ge1/mp-762089.cif,ok,
mp-764836,cif/na_bandgap_ge1/mp-764836.cif,ok,
mp-765721,cif/na_bandgap_ge1/mp-765721.cif,ok,
mp-1644889,cif/na_bandgap_ge1/mp-1644889.cif,ok,
mp-1666747,cif/na_bandgap_ge1/mp-1666747.cif,ok,
mp-2218133,cif/na_bandgap_ge1/mp-2218133.cif,ok,
mp-2218154,cif/na_bandgap_ge1/mp-2218154.cif,ok,
mp-2218244,cif/na_bandgap_ge1/mp-2218244.cif,ok,
mp-2713131,cif/na_bandgap_ge1/mp-2713131.cif,ok,
mp-2713143,cif/na_bandgap_ge1/mp-2713143.cif,ok,
mp-2713154,cif/na_bandgap_ge1/mp-2713154.cif,ok,
mp-2713156,cif/na_bandgap_ge1/mp-2713156.cif,ok,
mp-2713162,cif/na_bandgap_ge1/mp-2713162.cif,ok,
mp-2713174,cif/na_bandgap_ge1/mp-2713174.cif,ok,
mp-2713176,cif/na_bandgap_ge1/mp-2713176.cif,ok,
mp-2713168,cif/na_bandgap_ge1/mp-2713168.cif,ok,
mp-2713184,cif/na_bandgap_ge1/mp-2713184.cif,ok,
mp-2713188,cif/na_bandgap_ge1/mp-2713188.cif,ok,
mp-2713195,cif/na_bandgap_ge1/mp-2713195.cif,ok,
mp-2713191,cif/na_bandgap_ge1/mp-2713191.cif,ok,
mp-2713198,cif/na_bandgap_ge1/mp-2713198.cif,ok,
mp-2713210,cif/na_bandgap_ge1/mp-2713210.cif,ok,
mp-2713212,cif/na_bandgap_ge1/mp-2713212.cif,ok,
mp-2713216,cif/na_bandgap_ge1/mp-2713216.cif,ok,
mp-2713244,cif/na_bandgap_ge1/mp-2713244.cif,ok,
mp-2713265,cif/na_bandgap_ge1/mp-2713265.cif,ok,
mp-2713334,cif/na_bandgap_ge1/mp-2713334.cif,ok,
mp-2713348,cif/na_bandgap_ge1/mp-2713348.cif,ok,
mp-2713392,cif/na_bandgap_ge1/mp-2713392.cif,ok,
mp-2713403,cif/na_bandgap_ge1/mp-2713403.cif,ok,
mp-2713408,cif/na_bandgap_ge1/mp-2713408.cif,ok,
mp-2713407,cif/na_bandgap_ge1/mp-2713407.cif,ok,
mp-2713411,cif/na_bandgap_ge1/mp-2713411.cif,ok,
mp-2713432,cif/na_bandgap_ge1/mp-2713432.cif,ok,
mp-2713439,cif/na_bandgap_ge1/mp-2713439.cif,ok,
mp-2713446,cif/na_bandgap_ge1/mp-2713446.cif,ok,
mp-2713438,cif/na_bandgap_ge1/mp-2713438.cif,ok,
mp-2713461,cif/na_bandgap_ge1/mp-2713461.cif,ok,
mp-2713465,cif/na_bandgap_ge1/mp-2713465.cif,ok,
mp-2713470,cif/na_bandgap_ge1/mp-2713470.cif,ok,
mp-2713487,cif/na_bandgap_ge1/mp-2713487.cif,ok,
mp-2713489,cif/na_bandgap_ge1/mp-2713489.cif,ok,
mp-2713505,cif/na_bandgap_ge1/mp-2713505.cif,ok,
mp-2713511,cif/na_bandgap_ge1/mp-2713511.cif,ok,
mp-2713516,cif/na_bandgap_ge1/mp-2713516.cif,ok,
mp-2713515,cif/na_bandgap_ge1/mp-2713515.cif,ok,
mp-2713520,cif/na_bandgap_ge1/mp-2713520.cif,ok,
mp-2713519,cif/na_bandgap_ge1/mp-2713519.cif,ok,
mp-2713532,cif/na_bandgap_ge1/mp-2713532.cif,ok,
mp-2713525,cif/na_bandgap_ge1/mp-2713525.cif,ok,
mp-2713527,cif/na_bandgap_ge1/mp-2713527.cif,ok,
mp-2713584,cif/na_bandgap_ge1/mp-2713584.cif,ok,
mp-2713625,cif/na_bandgap_ge1/mp-2713625.cif,ok,
mp-2713690,cif/na_bandgap_ge1/mp-2713690.cif,ok,
mp-2713707,cif/na_bandgap_ge1/mp-2713707.cif,ok,
mp-2714023,cif/na_bandgap_ge1/mp-2714023.cif,ok,
mp-2714046,cif/na_bandgap_ge1/mp-2714046.cif,ok,
mp-2714045,cif/na_bandgap_ge1/mp-2714045.cif,ok,
mp-2714042,cif/na_bandgap_ge1/mp-2714042.cif,ok,
mp-2714047,cif/na_bandgap_ge1/mp-2714047.cif,ok,
mp-2714056,cif/na_bandgap_ge1/mp-2714056.cif,ok,
mp-2714052,cif/na_bandgap_ge1/mp-2714052.cif,ok,
mp-2714054,cif/na_bandgap_ge1/mp-2714054.cif,ok,
mp-2714053,cif/na_bandgap_ge1/mp-2714053.cif,ok,
mp-2714067,cif/na_bandgap_ge1/mp-2714067.cif,ok,
mp-2714066,cif/na_bandgap_ge1/mp-2714066.cif,ok,
mp-2714074,cif/na_bandgap_ge1/mp-2714074.cif,ok,
mp-2714091,cif/na_bandgap_ge1/mp-2714091.cif,ok,
mp-2714102,cif/na_bandgap_ge1/mp-2714102.cif,ok,
mp-2714109,cif/na_bandgap_ge1/mp-2714109.cif,ok,
mp-2714107,cif/na_bandgap_ge1/mp-2714107.cif,ok,
mp-2714114,cif/na_bandgap_ge1/mp-2714114.cif,ok,
mp-2714116,cif/na_bandgap_ge1/mp-2714116.cif,ok,
mp-2714139,cif/na_bandgap_ge1/mp-2714139.cif,ok,
mp-2714140,cif/na_bandgap_ge1/mp-2714140.cif,ok,
mp-2714170,cif/na_bandgap_ge1/mp-2714170.cif,ok,
mp-2714186,cif/na_bandgap_ge1/mp-2714186.cif,ok,
mp-2714204,cif/na_bandgap_ge1/mp-2714204.cif,ok,
mp-2714218,cif/na_bandgap_ge1/mp-2714218.cif,ok,
mp-2714225,cif/na_bandgap_ge1/mp-2714225.cif,ok,
mp-2714224,cif/na_bandgap_ge1/mp-2714224.cif,ok,
mp-2714240,cif/na_bandgap_ge1/mp-2714240.cif,ok,
mp-2714247,cif/na_bandgap_ge1/mp-2714247.cif,ok,
mp-2714257,cif/na_bandgap_ge1/mp-2714257.cif,ok,
mp-2714269,cif/na_bandgap_ge1/mp-2714269.cif,ok,
mp-2714271,cif/na_bandgap_ge1/mp-2714271.cif,ok,
mp-2714272,cif/na_bandgap_ge1/mp-2714272.cif,ok,
mp-2714285,cif/na_bandgap_ge1/mp-2714285.cif,ok,
mp-2714287,cif/na_bandgap_ge1/mp-2714287.cif,ok,
mp-2714289,cif/na_bandgap_ge1/mp-2714289.cif,ok,
mp-2714306,cif/na_bandgap_ge1/mp-2714306.cif,ok,
mp-2714300,cif/na_bandgap_ge1/mp-2714300.cif,ok,
mp-2714305,cif/na_bandgap_ge1/mp-2714305.cif,ok,
mp-2714318,cif/na_bandgap_ge1/mp-2714318.cif,ok,
mp-2714320,cif/na_bandgap_ge1/mp-2714320.cif,ok,
mp-2714625,cif/na_bandgap_ge1/mp-2714625.cif,ok,
mp-2714632,cif/na_bandgap_ge1/mp-2714632.cif,ok,
mp-2714645,cif/na_bandgap_ge1/mp-2714645.cif,ok,
mp-2714662,cif/na_bandgap_ge1/mp-2714662.cif,ok,
mp-2714658,cif/na_bandgap_ge1/mp-2714658.cif,ok,
mp-2714682,cif/na_bandgap_ge1/mp-2714682.cif,ok,
mp-2714692,cif/na_bandgap_ge1/mp-2714692.cif,ok,
mp-2714701,cif/na_bandgap_ge1/mp-2714701.cif,ok,
mp-2714712,cif/na_bandgap_ge1/mp-2714712.cif,ok,
mp-2714721,cif/na_bandgap_ge1/mp-2714721.cif,ok,
mp-2714720,cif/na_bandgap_ge1/mp-2714720.cif,ok,
mp-2714759,cif/na_bandgap_ge1/mp-2714759.cif,ok,
mp-2714758,cif/na_bandgap_ge1/mp-2714758.cif,ok,
mp-2714765,cif/na_bandgap_ge1/mp-2714765.cif,ok,
mp-2714777,cif/na_bandgap_ge1/mp-2714777.cif,ok,
mp-2714802,cif/na_bandgap_ge1/mp-2714802.cif,ok,
mp-2714809,cif/na_bandgap_ge1/mp-2714809.cif,ok,
mp-2714816,cif/na_bandgap_ge1/mp-2714816.cif,ok,
mp-2714826,cif/na_bandgap_ge1/mp-2714826.cif,ok,
mp-2714831,cif/na_bandgap_ge1/mp-2714831.cif,ok,
mp-2714837,cif/na_bandgap_ge1/mp-2714837.cif,ok,
mp-2714840,cif/na_bandgap_ge1/mp-2714840.cif,ok,
mp-2714856,cif/na_bandgap_ge1/mp-2714856.cif,ok,
mp-2714855,cif/na_bandgap_ge1/mp-2714855.cif,ok,
mp-2714850,cif/na_bandgap_ge1/mp-2714850.cif,ok,
mp-2714864,cif/na_bandgap_ge1/mp-2714864.cif,ok,
mp-2714872,cif/na_bandgap_ge1/mp-2714872.cif,ok,
mp-2714894,cif/na_bandgap_ge1/mp-2714894.cif,ok,
mp-2714898,cif/na_bandgap_ge1/mp-2714898.cif,ok,
mp-2714900,cif/na_bandgap_ge1/mp-2714900.cif,ok,
mp-2714912,cif/na_bandgap_ge1/mp-2714912.cif,ok,
mp-2714909,cif/na_bandgap_ge1/mp-2714909.cif,ok,
mp-2714907,cif/na_bandgap_ge1/mp-2714907.cif,ok,
mp-2714922,cif/na_bandgap_ge1/mp-2714922.cif,ok,
mp-2714931,cif/na_bandgap_ge1/mp-2714931.cif,ok,
mp-2714962,cif/na_bandgap_ge1/mp-2714962.cif,ok,
mp-2714961,cif/na_bandgap_ge1/mp-2714961.cif,ok,
mp-2714958,cif/na_bandgap_ge1/mp-2714958.cif,ok,
mp-2714956,cif/na_bandgap_ge1/mp-2714956.cif,ok,
mp-2714967,cif/na_bandgap_ge1/mp-2714967.cif,ok,
mp-2714975,cif/na_bandgap_ge1/mp-2714975.cif,ok,
mp-2714974,cif/na_bandgap_ge1/mp-2714974.cif,ok,
mp-2714977,cif/na_bandgap_ge1/mp-2714977.cif,ok,
mp-2714990,cif/na_bandgap_ge1/mp-2714990.cif,ok,
mp-2714992,cif/na_bandgap_ge1/mp-2714992.cif,ok,
mp-2715008,cif/na_bandgap_ge1/mp-2715008.cif,ok,
mp-2715004,cif/na_bandgap_ge1/mp-2715004.cif,ok,
mp-2715010,cif/na_bandgap_ge1/mp-2715010.cif,ok,
mp-2715020,cif/na_bandgap_ge1/mp-2715020.cif,ok,
mp-2715021,cif/na_bandgap_ge1/mp-2715021.cif,ok,
mp-2715029,cif/na_bandgap_ge1/mp-2715029.cif,ok,
mp-2715032,cif/na_bandgap_ge1/mp-2715032.cif,ok,
mp-2715048,cif/na_bandgap_ge1/mp-2715048.cif,ok,
mp-2715059,cif/na_bandgap_ge1/mp-2715059.cif,ok,
mp-2715073,cif/na_bandgap_ge1/mp-2715073.cif,ok,
mp-2715080,cif/na_bandgap_ge1/mp-2715080.cif,ok,
mp-2715083,cif/na_bandgap_ge1/mp-2715083.cif,ok,
mp-2715082,cif/na_bandgap_ge1/mp-2715082.cif,ok,
mp-2715099,cif/na_bandgap_ge1/mp-2715099.cif,ok,
mp-2715118,cif/na_bandgap_ge1/mp-2715118.cif,ok,
mp-2715125,cif/na_bandgap_ge1/mp-2715125.cif,ok,
mp-2715124,cif/na_bandgap_ge1/mp-2715124.cif,ok,
mp-2715134,cif/na_bandgap_ge1/mp-2715134.cif,ok,
mp-2715138,cif/na_bandgap_ge1/mp-2715138.cif,ok,
mp-2715146,cif/na_bandgap_ge1/mp-2715146.cif,ok,
mp-2715189,cif/na_bandgap_ge1/mp-2715189.cif,ok,
mp-2715191,cif/na_bandgap_ge1/mp-2715191.cif,ok,
mp-2715823,cif/na_bandgap_ge1/mp-2715823.cif,ok,
mp-2715828,cif/na_bandgap_ge1/mp-2715828.cif,ok,
mp-2715824,cif/na_bandgap_ge1/mp-2715824.cif,ok,
mp-2715833,cif/na_bandgap_ge1/mp-2715833.cif,ok,
mp-2715849,cif/na_bandgap_ge1/mp-2715849.cif,ok,
mp-2715858,cif/na_bandgap_ge1/mp-2715858.cif,ok,
mp-2715870,cif/na_bandgap_ge1/mp-2715870.cif,ok,
mp-2715877,cif/na_bandgap_ge1/mp-2715877.cif,ok,
mp-2715881,cif/na_bandgap_ge1/mp-2715881.cif,ok,
mp-2715887,cif/na_bandgap_ge1/mp-2715887.cif,ok,
mp-2715892,cif/na_bandgap_ge1/mp-2715892.cif,ok,
mp-2715897,cif/na_bandgap_ge1/mp-2715897.cif,ok,
mp-2715904,cif/na_bandgap_ge1/mp-2715904.cif,ok,
mp-2715911,cif/na_bandgap_ge1/mp-2715911.cif,ok,
mp-2715907,cif/na_bandgap_ge1/mp-2715907.cif,ok,
mp-2715905,cif/na_bandgap_ge1/mp-2715905.cif,ok,
mp-2715920,cif/na_bandgap_ge1/mp-2715920.cif,ok,
mp-2715916,cif/na_bandgap_ge1/mp-2715916.cif,ok,
mp-2715923,cif/na_bandgap_ge1/mp-2715923.cif,ok,
mp-2715929,cif/na_bandgap_ge1/mp-2715929.cif,ok,
mp-2715936,cif/na_bandgap_ge1/mp-2715936.cif,ok,
mp-2715946,cif/na_bandgap_ge1/mp-2715946.cif,ok,
mp-2715954,cif/na_bandgap_ge1/mp-2715954.cif,ok,
mp-2715974,cif/na_bandgap_ge1/mp-2715974.cif,ok,
mp-2715971,cif/na_bandgap_ge1/mp-2715971.cif,ok,
mp-2715969,cif/na_bandgap_ge1/mp-2715969.cif,ok,
mp-2715979,cif/na_bandgap_ge1/mp-2715979.cif,ok,
mp-2715994,cif/na_bandgap_ge1/mp-2715994.cif,ok,
mp-2715997,cif/na_bandgap_ge1/mp-2715997.cif,ok,
mp-2716003,cif/na_bandgap_ge1/mp-2716003.cif,ok,
mp-2716007,cif/na_bandgap_ge1/mp-2716007.cif,ok,
mp-2716018,cif/na_bandgap_ge1/mp-2716018.cif,ok,
mp-2716026,cif/na_bandgap_ge1/mp-2716026.cif,ok,
mp-2716033,cif/na_bandgap_ge1/mp-2716033.cif,ok,
mp-2716034,cif/na_bandgap_ge1/mp-2716034.cif,ok,
mp-2716040,cif/na_bandgap_ge1/mp-2716040.cif,ok,
mp-2716044,cif/na_bandgap_ge1/mp-2716044.cif,ok,
mp-2716053,cif/na_bandgap_ge1/mp-2716053.cif,ok,
mp-2716057,cif/na_bandgap_ge1/mp-2716057.cif,ok,
mp-2716077,cif/na_bandgap_ge1/mp-2716077.cif,ok,
mp-2716070,cif/na_bandgap_ge1/mp-2716070.cif,ok,
mp-2716079,cif/na_bandgap_ge1/mp-2716079.cif,ok,
mp-2716081,cif/na_bandgap_ge1/mp-2716081.cif,ok,
mp-2716096,cif/na_bandgap_ge1/mp-2716096.cif,ok,
mp-2716098,cif/na_bandgap_ge1/mp-2716098.cif,ok,
mp-2716105,cif/na_bandgap_ge1/mp-2716105.cif,ok,
mp-2716117,cif/na_bandgap_ge1/mp-2716117.cif,ok,
mp-2716278,cif/na_bandgap_ge1/mp-2716278.cif,ok,
mp-2716281,cif/na_bandgap_ge1/mp-2716281.cif,ok,
mp-2716287,cif/na_bandgap_ge1/mp-2716287.cif,ok,
mp-2716304,cif/na_bandgap_ge1/mp-2716304.cif,ok,
mp-2716316,cif/na_bandgap_ge1/mp-2716316.cif,ok,
mp-2716317,cif/na_bandgap_ge1/mp-2716317.cif,ok,
mp-2716312,cif/na_bandgap_ge1/mp-2716312.cif,ok,
mp-2716324,cif/na_bandgap_ge1/mp-2716324.cif,ok,
mp-2716333,cif/na_bandgap_ge1/mp-2716333.cif,ok,
mp-2716327,cif/na_bandgap_ge1/mp-2716327.cif,ok,
mp-2716328,cif/na_bandgap_ge1/mp-2716328.cif,ok,
mp-2716332,cif/na_bandgap_ge1/mp-2716332.cif,ok,
mp-2716335,cif/na_bandgap_ge1/mp-2716335.cif,ok,
mp-2716334,cif/na_bandgap_ge1/mp-2716334.cif,ok,
mp-2716359,cif/na_bandgap_ge1/mp-2716359.cif,ok,
mp-2716379,cif/na_bandgap_ge1/mp-2716379.cif,ok,
mp-2716381,cif/na_bandgap_ge1/mp-2716381.cif,ok,
mp-2716390,cif/na_bandgap_ge1/mp-2716390.cif,ok,
mp-2716397,cif/na_bandgap_ge1/mp-2716397.cif,ok,
mp-2716404,cif/na_bandgap_ge1/mp-2716404.cif,ok,
mp-2716412,cif/na_bandgap_ge1/mp-2716412.cif,ok,
mp-2716421,cif/na_bandgap_ge1/mp-2716421.cif,ok,
mp-2716426,cif/na_bandgap_ge1/mp-2716426.cif,ok,
mp-2716433,cif/na_bandgap_ge1/mp-2716433.cif,ok,
mp-2716432,cif/na_bandgap_ge1/mp-2716432.cif,ok,
mp-2716449,cif/na_bandgap_ge1/mp-2716449.cif,ok,
mp-2716445,cif/na_bandgap_ge1/mp-2716445.cif,ok,
mp-2716447,cif/na_bandgap_ge1/mp-2716447.cif,ok,
mp-2716455,cif/na_bandgap_ge1/mp-2716455.cif,ok,
mp-2716456,cif/na_bandgap_ge1/mp-2716456.cif,ok,
mp-2716481,cif/na_bandgap_ge1/mp-2716481.cif,ok,
mp-2716485,cif/na_bandgap_ge1/mp-2716485.cif,ok,
mp-2716487,cif/na_bandgap_ge1/mp-2716487.cif,ok,
mp-2716500,cif/na_bandgap_ge1/mp-2716500.cif,ok,
mp-2716511,cif/na_bandgap_ge1/mp-2716511.cif,ok,
mp-2716516,cif/na_bandgap_ge1/mp-2716516.cif,ok,
mp-2716518,cif/na_bandgap_ge1/mp-2716518.cif,ok,
mp-2716525,cif/na_bandgap_ge1/mp-2716525.cif,ok,
mp-2716529,cif/na_bandgap_ge1/mp-2716529.cif,ok,
mp-2716534,cif/na_bandgap_ge1/mp-2716534.cif,ok,
mp-2716535,cif/na_bandgap_ge1/mp-2716535.cif,ok,
mp-2716547,cif/na_bandgap_ge1/mp-2716547.cif,ok,
mp-2716541,cif/na_bandgap_ge1/mp-2716541.cif,ok,
mp-2716542,cif/na_bandgap_ge1/mp-2716542.cif,ok,
mp-2716544,cif/na_bandgap_ge1/mp-2716544.cif,ok,
mp-2716565,cif/na_bandgap_ge1/mp-2716565.cif,ok,
mp-2716559,cif/na_bandgap_ge1/mp-2716559.cif,ok,
mp-768847,cif/na_bandgap_ge1/mp-768847.cif,ok,
mp-768850,cif/na_bandgap_ge1/mp-768850.cif,ok,
mp-768938,cif/na_bandgap_ge1/mp-768938.cif,ok,
mp-769456,cif/na_bandgap_ge1/mp-769456.cif,ok,
mp-769488,cif/na_bandgap_ge1/mp-769488.cif,ok,
mp-770394,cif/na_bandgap_ge1/mp-770394.cif,ok,
mp-770837,cif/na_bandgap_ge1/mp-770837.cif,ok,
mp-771060,cif/na_bandgap_ge1/mp-771060.cif,ok,
mp-772235,cif/na_bandgap_ge1/mp-772235.cif,ok,
mp-772294,cif/na_bandgap_ge1/mp-772294.cif,ok,
mp-772315,cif/na_bandgap_ge1/mp-772315.cif,ok,
mp-772308,cif/na_bandgap_ge1/mp-772308.cif,ok,
mp-772306,cif/na_bandgap_ge1/mp-772306.cif,ok,
mp-772311,cif/na_bandgap_ge1/mp-772311.cif,ok,
mp-772483,cif/na_bandgap_ge1/mp-772483.cif,ok,
mp-772514,cif/na_bandgap_ge1/mp-772514.cif,ok,
mp-772518,cif/na_bandgap_ge1/mp-772518.cif,ok,
mp-772536,cif/na_bandgap_ge1/mp-772536.cif,ok,
mp-772547,cif/na_bandgap_ge1/mp-772547.cif,ok,
mp-772546,cif/na_bandgap_ge1/mp-772546.cif,ok,
mp-772639,cif/na_bandgap_ge1/mp-772639.cif,ok,
mp-772670,cif/na_bandgap_ge1/mp-772670.cif,ok,
mp-772728,cif/na_bandgap_ge1/mp-772728.cif,ok,
mp-774341,cif/na_bandgap_ge1/mp-774341.cif,ok,
mp-774334,cif/na_bandgap_ge1/mp-774334.cif,ok,
mp-774609,cif/na_bandgap_ge1/mp-774609.cif,ok,
mp-774894,cif/na_bandgap_ge1/mp-774894.cif,ok,
mp-776641,cif/na_bandgap_ge1/mp-776641.cif,ok,
mp-776650,cif/na_bandgap_ge1/mp-776650.cif,ok,
mp-777585,cif/na_bandgap_ge1/mp-777585.cif,ok,
mp-779593,cif/na_bandgap_ge1/mp-779593.cif,ok,
mp-779773,cif/na_bandgap_ge1/mp-779773.cif,ok,
mp-780173,cif/na_bandgap_ge1/mp-780173.cif,ok,
mp-780218,cif/na_bandgap_ge1/mp-780218.cif,ok,
mp-780241,cif/na_bandgap_ge1/mp-780241.cif,ok,
mp-780258,cif/na_bandgap_ge1/mp-780258.cif,ok,
mp-1020599,cif/na_bandgap_ge1/mp-1020599.cif,ok,
mp-1095270,cif/na_bandgap_ge1/mp-1095270.cif,ok,
mp-1101682,cif/na_bandgap_ge1/mp-1101682.cif,ok,
mp-1133325,cif/na_bandgap_ge1/mp-1133325.cif,ok,
mp-1173824,cif/na_bandgap_ge1/mp-1173824.cif,ok,
mp-1176347,cif/na_bandgap_ge1/mp-1176347.cif,ok,
mp-1176348,cif/na_bandgap_ge1/mp-1176348.cif,ok,
mp-1176343,cif/na_bandgap_ge1/mp-1176343.cif,ok,
mp-1176585,cif/na_bandgap_ge1/mp-1176585.cif,ok,
mp-1176648,cif/na_bandgap_ge1/mp-1176648.cif,ok,
mp-1189018,cif/na_bandgap_ge1/mp-1189018.cif,ok,
mp-1192338,cif/na_bandgap_ge1/mp-1192338.cif,ok,
mp-1192370,cif/na_bandgap_ge1/mp-1192370.cif,ok,
mp-1192390,cif/na_bandgap_ge1/mp-1192390.cif,ok,
mp-1192403,cif/na_bandgap_ge1/mp-1192403.cif,ok,
mp-1192433,cif/na_bandgap_ge1/mp-1192433.cif,ok,
mp-1192492,cif/na_bandgap_ge1/mp-1192492.cif,ok,
mp-1192521,cif/na_bandgap_ge1/mp-1192521.cif,ok,
mp-1192543,cif/na_bandgap_ge1/mp-1192543.cif,ok,
mp-1192544,cif/na_bandgap_ge1/mp-1192544.cif,ok,
mp-1192572,cif/na_bandgap_ge1/mp-1192572.cif,ok,
mp-1192584,cif/na_bandgap_ge1/mp-1192584.cif,ok,
mp-1194446,cif/na_bandgap_ge1/mp-1194446.cif,ok,
mp-1194736,cif/na_bandgap_ge1/mp-1194736.cif,ok,
mp-1195001,cif/na_bandgap_ge1/mp-1195001.cif,ok,
mp-1195125,cif/na_bandgap_ge1/mp-1195125.cif,ok,
mp-1195392,cif/na_bandgap_ge1/mp-1195392.cif,ok,
mp-1195683,cif/na_bandgap_ge1/mp-1195683.cif,ok,
mp-1197581,cif/na_bandgap_ge1/mp-1197581.cif,ok,
mp-1197684,cif/na_bandgap_ge1/mp-1197684.cif,ok,
mp-1198461,cif/na_bandgap_ge1/mp-1198461.cif,ok,
mp-1200362,cif/na_bandgap_ge1/mp-1200362.cif,ok,
mp-1200812,cif/na_bandgap_ge1/mp-1200812.cif,ok,
mp-1202219,cif/na_bandgap_ge1/mp-1202219.cif,ok,
mp-1204007,cif/na_bandgap_ge1/mp-1204007.cif,ok,
mp-1204283,cif/na_bandgap_ge1/mp-1204283.cif,ok,
mp-1210180,cif/na_bandgap_ge1/mp-1210180.cif,ok,
mp-1210225,cif/na_bandgap_ge1/mp-1210225.cif,ok,
mp-1211141,cif/na_bandgap_ge1/mp-1211141.cif,ok,
mp-1220737,cif/na_bandgap_ge1/mp-1220737.cif,ok,
mp-1220783,cif/na_bandgap_ge1/mp-1220783.cif,ok,
mp-1220779,cif/na_bandgap_ge1/mp-1220779.cif,ok,
mp-1220774,cif/na_bandgap_ge1/mp-1220774.cif,ok,
mp-1220796,cif/na_bandgap_ge1/mp-1220796.cif,ok,
mp-1220829,cif/na_bandgap_ge1/mp-1220829.cif,ok,
mp-1220921,cif/na_bandgap_ge1/mp-1220921.cif,ok,
mp-1220973,cif/na_bandgap_ge1/mp-1220973.cif,ok,
mp-1220981,cif/na_bandgap_ge1/mp-1220981.cif,ok,
mp-1221141,cif/na_bandgap_ge1/mp-1221141.cif,ok,
mp-1221135,cif/na_bandgap_ge1/mp-1221135.cif,ok,
mp-1221147,cif/na_bandgap_ge1/mp-1221147.cif,ok,
mp-1221180,cif/na_bandgap_ge1/mp-1221180.cif,ok,
mp-1222390,cif/na_bandgap_ge1/mp-1222390.cif,ok,
mp-1226173,cif/na_bandgap_ge1/mp-1226173.cif,ok,
mp-3928,cif/na_bandgap_ge1/mp-3928.cif,ok,
mp-4172,cif/na_bandgap_ge1/mp-4172.cif,ok,
mp-4752,cif/na_bandgap_ge1/mp-4752.cif,ok,
mp-5477,cif/na_bandgap_ge1/mp-5477.cif,ok,
mp-5929,cif/na_bandgap_ge1/mp-5929.cif,ok,
mp-7656,cif/na_bandgap_ge1/mp-7656.cif,ok,
mp-7652,cif/na_bandgap_ge1/mp-7652.cif,ok,
mp-8253,cif/na_bandgap_ge1/mp-8253.cif,ok,
mp-8840,cif/na_bandgap_ge1/mp-8840.cif,ok,
mp-8957,cif/na_bandgap_ge1/mp-8957.cif,ok,
mp-11147,cif/na_bandgap_ge1/mp-11147.cif,ok,
mp-13745,cif/na_bandgap_ge1/mp-13745.cif,ok,
mp-13998,cif/na_bandgap_ge1/mp-13998.cif,ok,
mp-14493,cif/na_bandgap_ge1/mp-14493.cif,ok,
mp-17816,cif/na_bandgap_ge1/mp-17816.cif,ok,
mp-18233,cif/na_bandgap_ge1/mp-18233.cif,ok,
mp-18271,cif/na_bandgap_ge1/mp-18271.cif,ok,
mp-18944,cif/na_bandgap_ge1/mp-18944.cif,ok,
mp-19027,cif/na_bandgap_ge1/mp-19027.cif,ok,
mp-19469,cif/na_bandgap_ge1/mp-19469.cif,ok,
mp-19463,cif/na_bandgap_ge1/mp-19463.cif,ok,
mp-19461,cif/na_bandgap_ge1/mp-19461.cif,ok,
mp-19464,cif/na_bandgap_ge1/mp-19464.cif,ok,
mp-19479,cif/na_bandgap_ge1/mp-19479.cif,ok,
mp-19497,cif/na_bandgap_ge1/mp-19497.cif,ok,
mp-21996,cif/na_bandgap_ge1/mp-21996.cif,ok,
mp-24144,cif/na_bandgap_ge1/mp-24144.cif,ok,
mp-24822,cif/na_bandgap_ge1/mp-24822.cif,ok,
mp-27391,cif/na_bandgap_ge1/mp-27391.cif,ok,
mp-28262,cif/na_bandgap_ge1/mp-28262.cif,ok,
mp-28398,cif/na_bandgap_ge1/mp-28398.cif,ok,
mp-28597,cif/na_bandgap_ge1/mp-28597.cif,ok,
mp-29198,cif/na_bandgap_ge1/mp-29198.cif,ok,
mp-29376,cif/na_bandgap_ge1/mp-29376.cif,ok,
mp-540937,cif/na_bandgap_ge1/mp-540937.cif,ok,
mp-541643,cif/na_bandgap_ge1/mp-541643.cif,ok,
mp-554028,cif/na_bandgap_ge1/mp-554028.cif,ok,
mp-554395,cif/na_bandgap_ge1/mp-554395.cif,ok,
mp-554966,cif/na_bandgap_ge1/mp-554966.cif,ok,
mp-555272,cif/na_bandgap_ge1/mp-555272.cif,ok,
mp-555488,cif/na_bandgap_ge1/mp-555488.cif,ok,
mp-555973,cif/na_bandgap_ge1/mp-555973.cif,ok,
mp-556070,cif/na_bandgap_ge1/mp-556070.cif,ok,
mp-556228,cif/na_bandgap_ge1/mp-556228.cif,ok,
mp-557529,cif/na_bandgap_ge1/mp-557529.cif,ok,
mp-557696,cif/na_bandgap_ge1/mp-557696.cif,ok,
mp-557836,cif/na_bandgap_ge1/mp-557836.cif,ok,
mp-558401,cif/na_bandgap_ge1/mp-558401.cif,ok,
mp-558924,cif/na_bandgap_ge1/mp-558924.cif,ok,
mp-559314,cif/na_bandgap_ge1/mp-559314.cif,ok,
mp-559452,cif/na_bandgap_ge1/mp-559452.cif,ok,
mp-559615,cif/na_bandgap_ge1/mp-559615.cif,ok,
mp-559777,cif/na_bandgap_ge1/mp-559777.cif,ok,
mp-560092,cif/na_bandgap_ge1/mp-560092.cif,ok,
mp-560624,cif/na_bandgap_ge1/mp-560624.cif,ok,
mp-560658,cif/na_bandgap_ge1/mp-560658.cif,ok,
mp-560919,cif/na_bandgap_ge1/mp-560919.cif,ok,
mp-561252,cif/na_bandgap_ge1/mp-561252.cif,ok,
mp-561875,cif/na_bandgap_ge1/mp-561875.cif,ok,
mp-571412,cif/na_bandgap_ge1/mp-571412.cif,ok,
mp-581834,cif/na_bandgap_ge1/mp-581834.cif,ok,
mp-662810,cif/na_bandgap_ge1/mp-662810.cif,ok,
mp-677416,cif/na_bandgap_ge1/mp-677416.cif,ok,
mp-677499,cif/na_bandgap_ge1/mp-677499.cif,ok,
mp-686583,cif/na_bandgap_ge1/mp-686583.cif,ok,
mp-693753,cif/na_bandgap_ge1/mp-693753.cif,ok,
mp-694942,cif/na_bandgap_ge1/mp-694942.cif,ok,
mp-695571,cif/na_bandgap_ge1/mp-695571.cif,ok,
mp-697305,cif/na_bandgap_ge1/mp-697305.cif,ok,
mp-703521,cif/na_bandgap_ge1/mp-703521.cif,ok,
mp-706715,cif/na_bandgap_ge1/mp-706715.cif,ok,
mp-720332,cif/na_bandgap_ge1/mp-720332.cif,ok,
mp-722267,cif/na_bandgap_ge1/mp-722267.cif,ok,
mp-723082,cif/na_bandgap_ge1/mp-723082.cif,ok,
mp-723093,cif/na_bandgap_ge1/mp-723093.cif,ok,
mp-730460,cif/na_bandgap_ge1/mp-730460.cif,ok,
mp-738718,cif/na_bandgap_ge1/mp-738718.cif,ok,
mp-752421,cif/na_bandgap_ge1/mp-752421.cif,ok,
mp-754428,cif/na_bandgap_ge1/mp-754428.cif,ok,
mp-754568,cif/na_bandgap_ge1/mp-754568.cif,ok,
mp-755832,cif/na_bandgap_ge1/mp-755832.cif,ok,
mp-755870,cif/na_bandgap_ge1/mp-755870.cif,ok,
mp-755968,cif/na_bandgap_ge1/mp-755968.cif,ok,
mp-756987,cif/na_bandgap_ge1/mp-756987.cif,ok,
mp-757878,cif/na_bandgap_ge1/mp-757878.cif,ok,
mp-758930,cif/na_bandgap_ge1/mp-758930.cif,ok,
mp-759323,cif/na_bandgap_ge1/mp-759323.cif,ok,
mp-759876,cif/na_bandgap_ge1/mp-759876.cif,ok,
mp-760318,cif/na_bandgap_ge1/mp-760318.cif,ok,
mp-761026,cif/na_bandgap_ge1/mp-761026.cif,ok,
mp-761849,cif/na_bandgap_ge1/mp-761849.cif,ok,
mp-766215,cif/na_bandgap_ge1/mp-766215.cif,ok,
mp-1567910,cif/na_bandgap_ge1/mp-1567910.cif,ok,
mp-2224240,cif/na_bandgap_ge1/mp-2224240.cif,ok,
mp-2225014,cif/na_bandgap_ge1/mp-2225014.cif,ok,
mp-2228971,cif/na_bandgap_ge1/mp-2228971.cif,ok,
mp-2229140,cif/na_bandgap_ge1/mp-2229140.cif,ok,
mp-2229081,cif/na_bandgap_ge1/mp-2229081.cif,ok,
mp-2229093,cif/na_bandgap_ge1/mp-2229093.cif,ok,
mp-2229148,cif/na_bandgap_ge1/mp-2229148.cif,ok,
mp-2229306,cif/na_bandgap_ge1/mp-2229306.cif,ok,
mp-2229396,cif/na_bandgap_ge1/mp-2229396.cif,ok,
mp-2229633,cif/na_bandgap_ge1/mp-2229633.cif,ok,
mp-2229804,cif/na_bandgap_ge1/mp-2229804.cif,ok,
mp-2232790,cif/na_bandgap_ge1/mp-2232790.cif,ok,
mp-2240862,cif/na_bandgap_ge1/mp-2240862.cif,ok,
mp-2712534,cif/na_bandgap_ge1/mp-2712534.cif,ok,
mp-2712529,cif/na_bandgap_ge1/mp-2712529.cif,ok,
mp-2712530,cif/na_bandgap_ge1/mp-2712530.cif,ok,
mp-2712537,cif/na_bandgap_ge1/mp-2712537.cif,ok,
mp-2712544,cif/na_bandgap_ge1/mp-2712544.cif,ok,
mp-2712562,cif/na_bandgap_ge1/mp-2712562.cif,ok,
mp-2712575,cif/na_bandgap_ge1/mp-2712575.cif,ok,
mp-2712579,cif/na_bandgap_ge1/mp-2712579.cif,ok,
mp-2712594,cif/na_bandgap_ge1/mp-2712594.cif,ok,
mp-2712601,cif/na_bandgap_ge1/mp-2712601.cif,ok,
mp-2712597,cif/na_bandgap_ge1/mp-2712597.cif,ok,
mp-2712607,cif/na_bandgap_ge1/mp-2712607.cif,ok,
mp-2712611,cif/na_bandgap_ge1/mp-2712611.cif,ok,
mp-2712617,cif/na_bandgap_ge1/mp-2712617.cif,ok,
mp-2712616,cif/na_bandgap_ge1/mp-2712616.cif,ok,
mp-2712628,cif/na_bandgap_ge1/mp-2712628.cif,ok,
mp-2712630,cif/na_bandgap_ge1/mp-2712630.cif,ok,
mp-2712638,cif/na_bandgap_ge1/mp-2712638.cif,ok,
mp-2712635,cif/na_bandgap_ge1/mp-2712635.cif,ok,
mp-2712645,cif/na_bandgap_ge1/mp-2712645.cif,ok,
mp-2712644,cif/na_bandgap_ge1/mp-2712644.cif,ok,
mp-2712654,cif/na_bandgap_ge1/mp-2712654.cif,ok,
mp-2712657,cif/na_bandgap_ge1/mp-2712657.cif,ok,
mp-2712659,cif/na_bandgap_ge1/mp-2712659.cif,ok,
mp-2712651,cif/na_bandgap_ge1/mp-2712651.cif,ok,
mp-2712653,cif/na_bandgap_ge1/mp-2712653.cif,ok,
mp-2712666,cif/na_bandgap_ge1/mp-2712666.cif,ok,
mp-2712668,cif/na_bandgap_ge1/mp-2712668.cif,ok,
mp-2712695,cif/na_bandgap_ge1/mp-2712695.cif,ok,
mp-2712702,cif/na_bandgap_ge1/mp-2712702.cif,ok,
mp-2712705,cif/na_bandgap_ge1/mp-2712705.cif,ok,
mp-2712706,cif/na_bandgap_ge1/mp-2712706.cif,ok,
mp-2712711,cif/na_bandgap_ge1/mp-2712711.cif,ok,
mp-2712721,cif/na_bandgap_ge1/mp-2712721.cif,ok,
mp-2712716,cif/na_bandgap_ge1/mp-2712716.cif,ok,
mp-2712726,cif/na_bandgap_ge1/mp-2712726.cif,ok,
mp-2712732,cif/na_bandgap_ge1/mp-2712732.cif,ok,
mp-2712727,cif/na_bandgap_ge1/mp-2712727.cif,ok,
mp-2712731,cif/na_bandgap_ge1/mp-2712731.cif,ok,
mp-2712735,cif/na_bandgap_ge1/mp-2712735.cif,ok,
mp-2712739,cif/na_bandgap_ge1/mp-2712739.cif,ok,
mp-2712740,cif/na_bandgap_ge1/mp-2712740.cif,ok,
mp-2712752,cif/na_bandgap_ge1/mp-2712752.cif,ok,
mp-2712758,cif/na_bandgap_ge1/mp-2712758.cif,ok,
mp-2712786,cif/na_bandgap_ge1/mp-2712786.cif,ok,
mp-2712794,cif/na_bandgap_ge1/mp-2712794.cif,ok,
mp-2712789,cif/na_bandgap_ge1/mp-2712789.cif,ok,
mp-2712795,cif/na_bandgap_ge1/mp-2712795.cif,ok,
mp-2712793,cif/na_bandgap_ge1/mp-2712793.cif,ok,
mp-2712791,cif/na_bandgap_ge1/mp-2712791.cif,ok,
mp-2712805,cif/na_bandgap_ge1/mp-2712805.cif,ok,
mp-2712803,cif/na_bandgap_ge1/mp-2712803.cif,ok,
mp-2712806,cif/na_bandgap_ge1/mp-2712806.cif,ok,
mp-2712814,cif/na_bandgap_ge1/mp-2712814.cif,ok,
mp-2712810,cif/na_bandgap_ge1/mp-2712810.cif,ok,
mp-2712813,cif/na_bandgap_ge1/mp-2712813.cif,ok,
mp-2712825,cif/na_bandgap_ge1/mp-2712825.cif,ok,
mp-2712820,cif/na_bandgap_ge1/mp-2712820.cif,ok,
mp-2712845,cif/na_bandgap_ge1/mp-2712845.cif,ok,
mp-2712848,cif/na_bandgap_ge1/mp-2712848.cif,ok,
mp-2712849,cif/na_bandgap_ge1/mp-2712849.cif,ok,
mp-2712859,cif/na_bandgap_ge1/mp-2712859.cif,ok,
mp-2712856,cif/na_bandgap_ge1/mp-2712856.cif,ok,
mp-2712864,cif/na_bandgap_ge1/mp-2712864.cif,ok,
mp-2712870,cif/na_bandgap_ge1/mp-2712870.cif,ok,
mp-2712866,cif/na_bandgap_ge1/mp-2712866.cif,ok,
mp-2712872,cif/na_bandgap_ge1/mp-2712872.cif,ok,
mp-2712888,cif/na_bandgap_ge1/mp-2712888.cif,ok,
mp-2712899,cif/na_bandgap_ge1/mp-2712899.cif,ok,
mp-2712900,cif/na_bandgap_ge1/mp-2712900.cif,ok,
mp-2712907,cif/na_bandgap_ge1/mp-2712907.cif,ok,
mp-2712911,cif/na_bandgap_ge1/mp-2712911.cif,ok,
mp-2712912,cif/na_bandgap_ge1/mp-2712912.cif,ok,
mp-2712930,cif/na_bandgap_ge1/mp-2712930.cif,ok,
mp-2712938,cif/na_bandgap_ge1/mp-2712938.cif,ok,
mp-2712936,cif/na_bandgap_ge1/mp-2712936.cif,ok,
mp-2712946,cif/na_bandgap_ge1/mp-2712946.cif,ok,
mp-2712948,cif/na_bandgap_ge1/mp-2712948.cif,ok,
mp-2712952,cif/na_bandgap_ge1/mp-2712952.cif,ok,
mp-2712966,cif/na_bandgap_ge1/mp-2712966.cif,ok,
mp-2712972,cif/na_bandgap_ge1/mp-2712972.cif,ok,
mp-2712975,cif/na_bandgap_ge1/mp-2712975.cif,ok,
mp-2712979,cif/na_bandgap_ge1/mp-2712979.cif,ok,
mp-2712980,cif/na_bandgap_ge1/mp-2712980.cif,ok,
mp-2712990,cif/na_bandgap_ge1/mp-2712990.cif,ok,
mp-2713003,cif/na_bandgap_ge1/mp-2713003.cif,ok,
mp-2713006,cif/na_bandgap_ge1/mp-2713006.cif,ok,
mp-2713014,cif/na_bandgap_ge1/mp-2713014.cif,ok,
mp-2713022,cif/na_bandgap_ge1/mp-2713022.cif,ok,
mp-2713018,cif/na_bandgap_ge1/mp-2713018.cif,ok,
mp-2713028,cif/na_bandgap_ge1/mp-2713028.cif,ok,
mp-2713032,cif/na_bandgap_ge1/mp-2713032.cif,ok,
mp-2713046,cif/na_bandgap_ge1/mp-2713046.cif,ok,
mp-2713048,cif/na_bandgap_ge1/mp-2713048.cif,ok,
mp-2713049,cif/na_bandgap_ge1/mp-2713049.cif,ok,
mp-2713059,cif/na_bandgap_ge1/mp-2713059.cif,ok,
mp-2713062,cif/na_bandgap_ge1/mp-2713062.cif,ok,
mp-2713064,cif/na_bandgap_ge1/mp-2713064.cif,ok,
mp-2713082,cif/na_bandgap_ge1/mp-2713082.cif,ok,
mp-2713088,cif/na_bandgap_ge1/mp-2713088.cif,ok,
mp-2713090,cif/na_bandgap_ge1/mp-2713090.cif,ok,
mp-2713095,cif/na_bandgap_ge1/mp-2713095.cif,ok,
mp-2713097,cif/na_bandgap_ge1/mp-2713097.cif,ok,
mp-2713114,cif/na_bandgap_ge1/mp-2713114.cif,ok,
mp-2713115,cif/na_bandgap_ge1/mp-2713115.cif,ok,
mp-2713120,cif/na_bandgap_ge1/mp-2713120.cif,ok,
mp-2713128,cif/na_bandgap_ge1/mp-2713128.cif,ok,
mp-2713144,cif/na_bandgap_ge1/mp-2713144.cif,ok,
mp-2713159,cif/na_bandgap_ge1/mp-2713159.cif,ok,
mp-2713160,cif/na_bandgap_ge1/mp-2713160.cif,ok,
mp-2713230,cif/na_bandgap_ge1/mp-2713230.cif,ok,
mp-2713233,cif/na_bandgap_ge1/mp-2713233.cif,ok,
mp-2713242,cif/na_bandgap_ge1/mp-2713242.cif,ok,
mp-2713250,cif/na_bandgap_ge1/mp-2713250.cif,ok,
mp-2713267,cif/na_bandgap_ge1/mp-2713267.cif,ok,
mp-2713288,cif/na_bandgap_ge1/mp-2713288.cif,ok,
mp-2713284,cif/na_bandgap_ge1/mp-2713284.cif,ok,
mp-2713304,cif/na_bandgap_ge1/mp-2713304.cif,ok,
mp-2713336,cif/na_bandgap_ge1/mp-2713336.cif,ok,
mp-2713386,cif/na_bandgap_ge1/mp-2713386.cif,ok,
mp-2713433,cif/na_bandgap_ge1/mp-2713433.cif,ok,
mp-2713442,cif/na_bandgap_ge1/mp-2713442.cif,ok,
mp-2713464,cif/na_bandgap_ge1/mp-2713464.cif,ok,
mp-2713506,cif/na_bandgap_ge1/mp-2713506.cif,ok,
mp-2713537,cif/na_bandgap_ge1/mp-2713537.cif,ok,
mp-2713547,cif/na_bandgap_ge1/mp-2713547.cif,ok,
mp-2713570,cif/na_bandgap_ge1/mp-2713570.cif,ok,
mp-2713566,cif/na_bandgap_ge1/mp-2713566.cif,ok,
mp-2713577,cif/na_bandgap_ge1/mp-2713577.cif,ok,
mp-2713587,cif/na_bandgap_ge1/mp-2713587.cif,ok,
mp-2713591,cif/na_bandgap_ge1/mp-2713591.cif,ok,
mp-2713611,cif/na_bandgap_ge1/mp-2713611.cif,ok,
mp-2713606,cif/na_bandgap_ge1/mp-2713606.cif,ok,
mp-2713622,cif/na_bandgap_ge1/mp-2713622.cif,ok,
mp-2713635,cif/na_bandgap_ge1/mp-2713635.cif,ok,
mp-2713632,cif/na_bandgap_ge1/mp-2713632.cif,ok,
mp-2713639,cif/na_bandgap_ge1/mp-2713639.cif,ok,
mp-2713655,cif/na_bandgap_ge1/mp-2713655.cif,ok,
mp-2713653,cif/na_bandgap_ge1/mp-2713653.cif,ok,
mp-2713671,cif/na_bandgap_ge1/mp-2713671.cif,ok,
mp-2713682,cif/na_bandgap_ge1/mp-2713682.cif,ok,
mp-2713686,cif/na_bandgap_ge1/mp-2713686.cif,ok,
mp-2713684,cif/na_bandgap_ge1/mp-2713684.cif,ok,
mp-2713712,cif/na_bandgap_ge1/mp-2713712.cif,ok,
mp-2713715,cif/na_bandgap_ge1/mp-2713715.cif,ok,
mp-2713714,cif/na_bandgap_ge1/mp-2713714.cif,ok,
mp-2713723,cif/na_bandgap_ge1/mp-2713723.cif,ok,
mp-2713735,cif/na_bandgap_ge1/mp-2713735.cif,ok,
mp-2713753,cif/na_bandgap_ge1/mp-2713753.cif,ok,
mp-2713751,cif/na_bandgap_ge1/mp-2713751.cif,ok,
mp-2713758,cif/na_bandgap_ge1/mp-2713758.cif,ok,
mp-2713760,cif/na_bandgap_ge1/mp-2713760.cif,ok,
mp-2713759,cif/na_bandgap_ge1/mp-2713759.cif,ok,
mp-2713769,cif/na_bandgap_ge1/mp-2713769.cif,ok,
mp-2713763,cif/na_bandgap_ge1/mp-2713763.cif,ok,
mp-2713762,cif/na_bandgap_ge1/mp-2713762.cif,ok,
mp-2713772,cif/na_bandgap_ge1/mp-2713772.cif,ok,
mp-2713777,cif/na_bandgap_ge1/mp-2713777.cif,ok,
mp-2713778,cif/na_bandgap_ge1/mp-2713778.cif,ok,
mp-2713781,cif/na_bandgap_ge1/mp-2713781.cif,ok,
mp-2713789,cif/na_bandgap_ge1/mp-2713789.cif,ok,
mp-2713796,cif/na_bandgap_ge1/mp-2713796.cif,ok,
mp-2713793,cif/na_bandgap_ge1/mp-2713793.cif,ok,
mp-2713809,cif/na_bandgap_ge1/mp-2713809.cif,ok,
mp-2713804,cif/na_bandgap_ge1/mp-2713804.cif,ok,
mp-2713823,cif/na_bandgap_ge1/mp-2713823.cif,ok,
mp-2713829,cif/na_bandgap_ge1/mp-2713829.cif,ok,
mp-2713835,cif/na_bandgap_ge1/mp-2713835.cif,ok,
mp-2713834,cif/na_bandgap_ge1/mp-2713834.cif,ok,
mp-2713833,cif/na_bandgap_ge1/mp-2713833.cif,ok,
mp-2713837,cif/na_bandgap_ge1/mp-2713837.cif,ok,
mp-2713838,cif/na_bandgap_ge1/mp-2713838.cif,ok,
mp-2713843,cif/na_bandgap_ge1/mp-2713843.cif,ok,
mp-2713848,cif/na_bandgap_ge1/mp-2713848.cif,ok,
mp-2713853,cif/na_bandgap_ge1/mp-2713853.cif,ok,
mp-2713850,cif/na_bandgap_ge1/mp-2713850.cif,ok,
mp-2713849,cif/na_bandgap_ge1/mp-2713849.cif,ok,
mp-2713854,cif/na_bandgap_ge1/mp-2713854.cif,ok,
mp-2713860,cif/na_bandgap_ge1/mp-2713860.cif,ok,
mp-2713875,cif/na_bandgap_ge1/mp-2713875.cif,ok,
mp-2713870,cif/na_bandgap_ge1/mp-2713870.cif,ok,
mp-2713886,cif/na_bandgap_ge1/mp-2713886.cif,ok,
mp-2713879,cif/na_bandgap_ge1/mp-2713879.cif,ok,
mp-2713889,cif/na_bandgap_ge1/mp-2713889.cif,ok,
mp-2713895,cif/na_bandgap_ge1/mp-2713895.cif,ok,
mp-2713899,cif/na_bandgap_ge1/mp-2713899.cif,ok,
mp-2713901,cif/na_bandgap_ge1/mp-2713901.cif,ok,
mp-2713908,cif/na_bandgap_ge1/mp-2713908.cif,ok,
mp-2713907,cif/na_bandgap_ge1/mp-2713907.cif,ok,
mp-2713911,cif/na_bandgap_ge1/mp-2713911.cif,ok,
mp-2713919,cif/na_bandgap_ge1/mp-2713919.cif,ok,
mp-2713926,cif/na_bandgap_ge1/mp-2713926.cif,ok,
mp-2713930,cif/na_bandgap_ge1/mp-2713930.cif,ok,
mp-2713937,cif/na_bandgap_ge1/mp-2713937.cif,ok,
mp-2713938,cif/na_bandgap_ge1/mp-2713938.cif,ok,
mp-2713935,cif/na_bandgap_ge1/mp-2713935.cif,ok,
mp-2713944,cif/na_bandgap_ge1/mp-2713944.cif,ok,
mp-2713947,cif/na_bandgap_ge1/mp-2713947.cif,ok,
mp-2713952,cif/na_bandgap_ge1/mp-2713952.cif,ok,
mp-2713954,cif/na_bandgap_ge1/mp-2713954.cif,ok,
mp-2713951,cif/na_bandgap_ge1/mp-2713951.cif,ok,
mp-2713961,cif/na_bandgap_ge1/mp-2713961.cif,ok,
mp-2713967,cif/na_bandgap_ge1/mp-2713967.cif,ok,
mp-2713969,cif/na_bandgap_ge1/mp-2713969.cif,ok,
mp-2713974,cif/na_bandgap_ge1/mp-2713974.cif,ok,
mp-2713982,cif/na_bandgap_ge1/mp-2713982.cif,ok,
mp-2713995,cif/na_bandgap_ge1/mp-2713995.cif,ok,
mp-2713992,cif/na_bandgap_ge1/mp-2713992.cif,ok,
mp-2713997,cif/na_bandgap_ge1/mp-2713997.cif,ok,
mp-2714001,cif/na_bandgap_ge1/mp-2714001.cif,ok,
mp-2714010,cif/na_bandgap_ge1/mp-2714010.cif,ok,
mp-2714002,cif/na_bandgap_ge1/mp-2714002.cif,ok,
mp-2714021,cif/na_bandgap_ge1/mp-2714021.cif,ok,
mp-2714263,cif/na_bandgap_ge1/mp-2714263.cif,ok,
mp-2714323,cif/na_bandgap_ge1/mp-2714323.cif,ok,
mp-2714331,cif/na_bandgap_ge1/mp-2714331.cif,ok,
mp-2714352,cif/na_bandgap_ge1/mp-2714352.cif,ok,
mp-2714358,cif/na_bandgap_ge1/mp-2714358.cif,ok,
mp-2714369,cif/na_bandgap_ge1/mp-2714369.cif,ok,
mp-2714402,cif/na_bandgap_ge1/mp-2714402.cif,ok,
mp-2714409,cif/na_bandgap_ge1/mp-2714409.cif,ok,
mp-2714419,cif/na_bandgap_ge1/mp-2714419.cif,ok,
mp-2714413,cif/na_bandgap_ge1/mp-2714413.cif,ok,
mp-2714416,cif/na_bandgap_ge1/mp-2714416.cif,ok,
mp-2714415,cif/na_bandgap_ge1/mp-2714415.cif,ok,
mp-2714420,cif/na_bandgap_ge1/mp-2714420.cif,ok,
mp-2714433,cif/na_bandgap_ge1/mp-2714433.cif,ok,
mp-2714454,cif/na_bandgap_ge1/mp-2714454.cif,ok,
mp-2714467,cif/na_bandgap_ge1/mp-2714467.cif,ok,
mp-2714471,cif/na_bandgap_ge1/mp-2714471.cif,ok,
mp-2714476,cif/na_bandgap_ge1/mp-2714476.cif,ok,
mp-2714478,cif/na_bandgap_ge1/mp-2714478.cif,ok,
mp-2714506,cif/na_bandgap_ge1/mp-2714506.cif,ok,
mp-2714516,cif/na_bandgap_ge1/mp-2714516.cif,ok,
mp-2714514,cif/na_bandgap_ge1/mp-2714514.cif,ok,
mp-2714531,cif/na_bandgap_ge1/mp-2714531.cif,ok,
mp-2714533,cif/na_bandgap_ge1/mp-2714533.cif,ok,
mp-2714537,cif/na_bandgap_ge1/mp-2714537.cif,ok,
mp-2714536,cif/na_bandgap_ge1/mp-2714536.cif,ok,
mp-2714549,cif/na_bandgap_ge1/mp-2714549.cif,ok,
mp-2714560,cif/na_bandgap_ge1/mp-2714560.cif,ok,
mp-2714564,cif/na_bandgap_ge1/mp-2714564.cif,ok,
mp-2714576,cif/na_bandgap_ge1/mp-2714576.cif,ok,
mp-2714581,cif/na_bandgap_ge1/mp-2714581.cif,ok,
mp-2714613,cif/na_bandgap_ge1/mp-2714613.cif,ok,
mp-2714624,cif/na_bandgap_ge1/mp-2714624.cif,ok,
mp-2714622,cif/na_bandgap_ge1/mp-2714622.cif,ok,
mp-2714629,cif/na_bandgap_ge1/mp-2714629.cif,ok,
mp-2714638,cif/na_bandgap_ge1/mp-2714638.cif,ok,
mp-2714648,cif/na_bandgap_ge1/mp-2714648.cif,ok,
mp-2714651,cif/na_bandgap_ge1/mp-2714651.cif,ok,
mp-2714672,cif/na_bandgap_ge1/mp-2714672.cif,ok,
mp-2714670,cif/na_bandgap_ge1/mp-2714670.cif,ok,
mp-2714675,cif/na_bandgap_ge1/mp-2714675.cif,ok,
mp-2714681,cif/na_bandgap_ge1/mp-2714681.cif,ok,
mp-2714695,cif/na_bandgap_ge1/mp-2714695.cif,ok,
mp-2714688,cif/na_bandgap_ge1/mp-2714688.cif,ok,
mp-2714706,cif/na_bandgap_ge1/mp-2714706.cif,ok,
mp-2714715,cif/na_bandgap_ge1/mp-2714715.cif,ok,
mp-2714718,cif/na_bandgap_ge1/mp-2714718.cif,ok,
mp-2714727,cif/na_bandgap_ge1/mp-2714727.cif,ok,
mp-2714729,cif/na_bandgap_ge1/mp-2714729.cif,ok,
mp-2714725,cif/na_bandgap_ge1/mp-2714725.cif,ok,
mp-2714737,cif/na_bandgap_ge1/mp-2714737.cif,ok,
mp-2714746,cif/na_bandgap_ge1/mp-2714746.cif,ok,
mp-2714749,cif/na_bandgap_ge1/mp-2714749.cif,ok,
mp-2714767,cif/na_bandgap_ge1/mp-2714767.cif,ok,
mp-2714789,cif/na_bandgap_ge1/mp-2714789.cif,ok,
mp-2714792,cif/na_bandgap_ge1/mp-2714792.cif,ok,
mp-2714798,cif/na_bandgap_ge1/mp-2714798.cif,ok,
mp-2714814,cif/na_bandgap_ge1/mp-2714814.cif,ok,
mp-2714822,cif/na_bandgap_ge1/mp-2714822.cif,ok,
mp-2714823,cif/na_bandgap_ge1/mp-2714823.cif,ok,
mp-2714825,cif/na_bandgap_ge1/mp-2714825.cif,ok,
mp-2714829,cif/na_bandgap_ge1/mp-2714829.cif,ok,
mp-2714836,cif/na_bandgap_ge1/mp-2714836.cif,ok,
mp-2714851,cif/na_bandgap_ge1/mp-2714851.cif,ok,
mp-2714863,cif/na_bandgap_ge1/mp-2714863.cif,ok,
mp-2714867,cif/na_bandgap_ge1/mp-2714867.cif,ok,
mp-2714870,cif/na_bandgap_ge1/mp-2714870.cif,ok,
mp-2714873,cif/na_bandgap_ge1/mp-2714873.cif,ok,
mp-2714871,cif/na_bandgap_ge1/mp-2714871.cif,ok,
mp-2714874,cif/na_bandgap_ge1/mp-2714874.cif,ok,
mp-2714893,cif/na_bandgap_ge1/mp-2714893.cif,ok,
mp-2714897,cif/na_bandgap_ge1/mp-2714897.cif,ok,
mp-2714916,cif/na_bandgap_ge1/mp-2714916.cif,ok,
mp-2714925,cif/na_bandgap_ge1/mp-2714925.cif,ok,
mp-2714971,cif/na_bandgap_ge1/mp-2714971.cif,ok,
mp-2714969,cif/na_bandgap_ge1/mp-2714969.cif,ok,
mp-2714982,cif/na_bandgap_ge1/mp-2714982.cif,ok,
mp-2714978,cif/na_bandgap_ge1/mp-2714978.cif,ok,
mp-2714979,cif/na_bandgap_ge1/mp-2714979.cif,ok,
mp-2714981,cif/na_bandgap_ge1/mp-2714981.cif,ok,
mp-2715012,cif/na_bandgap_ge1/mp-2715012.cif,ok,
mp-2715047,cif/na_bandgap_ge1/mp-2715047.cif,ok,
mp-2715065,cif/na_bandgap_ge1/mp-2715065.cif,ok,
mp-2715074,cif/na_bandgap_ge1/mp-2715074.cif,ok,
mp-2715091,cif/na_bandgap_ge1/mp-2715091.cif,ok,
mp-2715100,cif/na_bandgap_ge1/mp-2715100.cif,ok,
mp-2715120,cif/na_bandgap_ge1/mp-2715120.cif,ok,
mp-2715130,cif/na_bandgap_ge1/mp-2715130.cif,ok,
mp-2715123,cif/na_bandgap_ge1/mp-2715123.cif,ok,
mp-2715147,cif/na_bandgap_ge1/mp-2715147.cif,ok,
mp-2715166,cif/na_bandgap_ge1/mp-2715166.cif,ok,
mp-2715217,cif/na_bandgap_ge1/mp-2715217.cif,ok,
mp-2715218,cif/na_bandgap_ge1/mp-2715218.cif,ok,
mp-2715223,cif/na_bandgap_ge1/mp-2715223.cif,ok,
mp-2715221,cif/na_bandgap_ge1/mp-2715221.cif,ok,
mp-2715235,cif/na_bandgap_ge1/mp-2715235.cif,ok,
mp-2715239,cif/na_bandgap_ge1/mp-2715239.cif,ok,
mp-2715234,cif/na_bandgap_ge1/mp-2715234.cif,ok,
mp-2715236,cif/na_bandgap_ge1/mp-2715236.cif,ok,
mp-2715250,cif/na_bandgap_ge1/mp-2715250.cif,ok,
mp-2715244,cif/na_bandgap_ge1/mp-2715244.cif,ok,
mp-2715251,cif/na_bandgap_ge1/mp-2715251.cif,ok,
mp-2715246,cif/na_bandgap_ge1/mp-2715246.cif,ok,
mp-2715258,cif/na_bandgap_ge1/mp-2715258.cif,ok,
mp-2715263,cif/na_bandgap_ge1/mp-2715263.cif,ok,
mp-2715253,cif/na_bandgap_ge1/mp-2715253.cif,ok,
mp-2715269,cif/na_bandgap_ge1/mp-2715269.cif,ok,
mp-2715275,cif/na_bandgap_ge1/mp-2715275.cif,ok,
mp-2715277,cif/na_bandgap_ge1/mp-2715277.cif,ok,
mp-2715278,cif/na_bandgap_ge1/mp-2715278.cif,ok,
mp-2715276,cif/na_bandgap_ge1/mp-2715276.cif,ok,
mp-2715283,cif/na_bandgap_ge1/mp-2715283.cif,ok,
mp-2715286,cif/na_bandgap_ge1/mp-2715286.cif,ok,
mp-2715280,cif/na_bandgap_ge1/mp-2715280.cif,ok,
mp-2715299,cif/na_bandgap_ge1/mp-2715299.cif,ok,
mp-2715296,cif/na_bandgap_ge1/mp-2715296.cif,ok,
mp-2715294,cif/na_bandgap_ge1/mp-2715294.cif,ok,
mp-2715303,cif/na_bandgap_ge1/mp-2715303.cif,ok,
mp-2715306,cif/na_bandgap_ge1/mp-2715306.cif,ok,
mp-2715302,cif/na_bandgap_ge1/mp-2715302.cif,ok,
mp-2715304,cif/na_bandgap_ge1/mp-2715304.cif,ok,
mp-2715307,cif/na_bandgap_ge1/mp-2715307.cif,ok,
mp-2715312,cif/na_bandgap_ge1/mp-2715312.cif,ok,
mp-2715323,cif/na_bandgap_ge1/mp-2715323.cif,ok,
mp-2715320,cif/na_bandgap_ge1/mp-2715320.cif,ok,
mp-2715322,cif/na_bandgap_ge1/mp-2715322.cif,ok,
mp-2715325,cif/na_bandgap_ge1/mp-2715325.cif,ok,
mp-2715327,cif/na_bandgap_ge1/mp-2715327.cif,ok,
mp-2715329,cif/na_bandgap_ge1/mp-2715329.cif,ok,
mp-2715341,cif/na_bandgap_ge1/mp-2715341.cif,ok,
mp-2715344,cif/na_bandgap_ge1/mp-2715344.cif,ok,
mp-2715346,cif/na_bandgap_ge1/mp-2715346.cif,ok,
mp-2715347,cif/na_bandgap_ge1/mp-2715347.cif,ok,
mp-2715348,cif/na_bandgap_ge1/mp-2715348.cif,ok,
mp-2715354,cif/na_bandgap_ge1/mp-2715354.cif,ok,
mp-2715358,cif/na_bandgap_ge1/mp-2715358.cif,ok,
mp-2715353,cif/na_bandgap_ge1/mp-2715353.cif,ok,
mp-2715364,cif/na_bandgap_ge1/mp-2715364.cif,ok,
mp-2715367,cif/na_bandgap_ge1/mp-2715367.cif,ok,
mp-2715370,cif/na_bandgap_ge1/mp-2715370.cif,ok,
mp-2715380,cif/na_bandgap_ge1/mp-2715380.cif,ok,
mp-2715379,cif/na_bandgap_ge1/mp-2715379.cif,ok,
mp-2715383,cif/na_bandgap_ge1/mp-2715383.cif,ok,
mp-2715389,cif/na_bandgap_ge1/mp-2715389.cif,ok,
mp-2715392,cif/na_bandgap_ge1/mp-2715392.cif,ok,
mp-2715407,cif/na_bandgap_ge1/mp-2715407.cif,ok,
mp-2715400,cif/na_bandgap_ge1/mp-2715400.cif,ok,
mp-2715397,cif/na_bandgap_ge1/mp-2715397.cif,ok,
mp-2715420,cif/na_bandgap_ge1/mp-2715420.cif,ok,
mp-2715419,cif/na_bandgap_ge1/mp-2715419.cif,ok,
mp-2715411,cif/na_bandgap_ge1/mp-2715411.cif,ok,
mp-2715421,cif/na_bandgap_ge1/mp-2715421.cif,ok,
mp-2715424,cif/na_bandgap_ge1/mp-2715424.cif,ok,
mp-2715427,cif/na_bandgap_ge1/mp-2715427.cif,ok,
mp-2715426,cif/na_bandgap_ge1/mp-2715426.cif,ok,
mp-2715430,cif/na_bandgap_ge1/mp-2715430.cif,ok,
mp-2715442,cif/na_bandgap_ge1/mp-2715442.cif,ok,
mp-2715436,cif/na_bandgap_ge1/mp-2715436.cif,ok,
mp-2715437,cif/na_bandgap_ge1/mp-2715437.cif,ok,
mp-2715449,cif/na_bandgap_ge1/mp-2715449.cif,ok,
mp-2715455,cif/na_bandgap_ge1/mp-2715455.cif,ok,
mp-2715450,cif/na_bandgap_ge1/mp-2715450.cif,ok,
mp-2715452,cif/na_bandgap_ge1/mp-2715452.cif,ok,
mp-2715451,cif/na_bandgap_ge1/mp-2715451.cif,ok,
mp-2715462,cif/na_bandgap_ge1/mp-2715462.cif,ok,
mp-2715457,cif/na_bandgap_ge1/mp-2715457.cif,ok,
mp-2715469,cif/na_bandgap_ge1/mp-2715469.cif,ok,
mp-2715484,cif/na_bandgap_ge1/mp-2715484.cif,ok,
mp-2715489,cif/na_bandgap_ge1/mp-2715489.cif,ok,
mp-2715506,cif/na_bandgap_ge1/mp-2715506.cif,ok,
mp-2715511,cif/na_bandgap_ge1/mp-2715511.cif,ok,
mp-2715520,cif/na_bandgap_ge1/mp-2715520.cif,ok,
mp-2715551,cif/na_bandgap_ge1/mp-2715551.cif,ok,
mp-2715644,cif/na_bandgap_ge1/mp-2715644.cif,ok,
mp-2715662,cif/na_bandgap_ge1/mp-2715662.cif,ok,
mp-2715702,cif/na_bandgap_ge1/mp-2715702.cif,ok,
mp-2715737,cif/na_bandgap_ge1/mp-2715737.cif,ok,
mp-2715797,cif/na_bandgap_ge1/mp-2715797.cif,ok,
mp-2715809,cif/na_bandgap_ge1/mp-2715809.cif,ok,
mp-2715829,cif/na_bandgap_ge1/mp-2715829.cif,ok,
mp-2715838,cif/na_bandgap_ge1/mp-2715838.cif,ok,
mp-2715839,cif/na_bandgap_ge1/mp-2715839.cif,ok,
mp-2715840,cif/na_bandgap_ge1/mp-2715840.cif,ok,
mp-2715844,cif/na_bandgap_ge1/mp-2715844.cif,ok,
mp-2715851,cif/na_bandgap_ge1/mp-2715851.cif,ok,
mp-2715850,cif/na_bandgap_ge1/mp-2715850.cif,ok,
mp-2715864,cif/na_bandgap_ge1/mp-2715864.cif,ok,
mp-2715862,cif/na_bandgap_ge1/mp-2715862.cif,ok,
mp-2715878,cif/na_bandgap_ge1/mp-2715878.cif,ok,
mp-2715894,cif/na_bandgap_ge1/mp-2715894.cif,ok,
mp-2715901,cif/na_bandgap_ge1/mp-2715901.cif,ok,
mp-2715898,cif/na_bandgap_ge1/mp-2715898.cif,ok,
mp-2715925,cif/na_bandgap_ge1/mp-2715925.cif,ok,
mp-2715924,cif/na_bandgap_ge1/mp-2715924.cif,ok,
mp-2715944,cif/na_bandgap_ge1/mp-2715944.cif,ok,
mp-2715949,cif/na_bandgap_ge1/mp-2715949.cif,ok,
mp-2715948,cif/na_bandgap_ge1/mp-2715948.cif,ok,
mp-2715953,cif/na_bandgap_ge1/mp-2715953.cif,ok,
mp-2715956,cif/na_bandgap_ge1/mp-2715956.cif,ok,
mp-2715960,cif/na_bandgap_ge1/mp-2715960.cif,ok,
mp-2715964,cif/na_bandgap_ge1/mp-2715964.cif,ok,
mp-2715976,cif/na_bandgap_ge1/mp-2715976.cif,ok,
mp-2715983,cif/na_bandgap_ge1/mp-2715983.cif,ok,
mp-2715992,cif/na_bandgap_ge1/mp-2715992.cif,ok,
mp-2715986,cif/na_bandgap_ge1/mp-2715986.cif,ok,
mp-2715987,cif/na_bandgap_ge1/mp-2715987.cif,ok,
mp-2716004,cif/na_bandgap_ge1/mp-2716004.cif,ok,
mp-2716011,cif/na_bandgap_ge1/mp-2716011.cif,ok,
mp-2716013,cif/na_bandgap_ge1/mp-2716013.cif,ok,
mp-2716016,cif/na_bandgap_ge1/mp-2716016.cif,ok,
mp-2716028,cif/na_bandgap_ge1/mp-2716028.cif,ok,
mp-2716035,cif/na_bandgap_ge1/mp-2716035.cif,ok,
mp-2716047,cif/na_bandgap_ge1/mp-2716047.cif,ok,
mp-2716046,cif/na_bandgap_ge1/mp-2716046.cif,ok,
mp-2716045,cif/na_bandgap_ge1/mp-2716045.cif,ok,
mp-2716049,cif/na_bandgap_ge1/mp-2716049.cif,ok,
mp-2716048,cif/na_bandgap_ge1/mp-2716048.cif,ok,
mp-2716054,cif/na_bandgap_ge1/mp-2716054.cif,ok,
mp-2716060,cif/na_bandgap_ge1/mp-2716060.cif,ok,
mp-2716062,cif/na_bandgap_ge1/mp-2716062.cif,ok,
mp-2716067,cif/na_bandgap_ge1/mp-2716067.cif,ok,
mp-2716094,cif/na_bandgap_ge1/mp-2716094.cif,ok,
mp-2716095,cif/na_bandgap_ge1/mp-2716095.cif,ok,
mp-2716103,cif/na_bandgap_ge1/mp-2716103.cif,ok,
mp-2716108,cif/na_bandgap_ge1/mp-2716108.cif,ok,
mp-2716111,cif/na_bandgap_ge1/mp-2716111.cif,ok,
mp-2716114,cif/na_bandgap_ge1/mp-2716114.cif,ok,
mp-2716118,cif/na_bandgap_ge1/mp-2716118.cif,ok,
mp-2716129,cif/na_bandgap_ge1/mp-2716129.cif,ok,
mp-2716131,cif/na_bandgap_ge1/mp-2716131.cif,ok,
mp-2716138,cif/na_bandgap_ge1/mp-2716138.cif,ok,
mp-2716137,cif/na_bandgap_ge1/mp-2716137.cif,ok,
mp-2716145,cif/na_bandgap_ge1/mp-2716145.cif,ok,
mp-2716149,cif/na_bandgap_ge1/mp-2716149.cif,ok,
mp-2716154,cif/na_bandgap_ge1/mp-2716154.cif,ok,
mp-2716159,cif/na_bandgap_ge1/mp-2716159.cif,ok,
mp-2716180,cif/na_bandgap_ge1/mp-2716180.cif,ok,
mp-2716196,cif/na_bandgap_ge1/mp-2716196.cif,ok,
mp-2716190,cif/na_bandgap_ge1/mp-2716190.cif,ok,
mp-2716194,cif/na_bandgap_ge1/mp-2716194.cif,ok,
mp-2716205,cif/na_bandgap_ge1/mp-2716205.cif,ok,
mp-2716198,cif/na_bandgap_ge1/mp-2716198.cif,ok,
mp-2716200,cif/na_bandgap_ge1/mp-2716200.cif,ok,
mp-2716207,cif/na_bandgap_ge1/mp-2716207.cif,ok,
mp-2716201,cif/na_bandgap_ge1/mp-2716201.cif,ok,
mp-2716211,cif/na_bandgap_ge1/mp-2716211.cif,ok,
mp-2716224,cif/na_bandgap_ge1/mp-2716224.cif,ok,
mp-2716218,cif/na_bandgap_ge1/mp-2716218.cif,ok,
mp-2716222,cif/na_bandgap_ge1/mp-2716222.cif,ok,
mp-2716230,cif/na_bandgap_ge1/mp-2716230.cif,ok,
mp-2716229,cif/na_bandgap_ge1/mp-2716229.cif,ok,
mp-2716242,cif/na_bandgap_ge1/mp-2716242.cif,ok,
mp-2716253,cif/na_bandgap_ge1/mp-2716253.cif,ok,
mp-2716251,cif/na_bandgap_ge1/mp-2716251.cif,ok,
mp-2716262,cif/na_bandgap_ge1/mp-2716262.cif,ok,
mp-2716268,cif/na_bandgap_ge1/mp-2716268.cif,ok,
mp-2716266,cif/na_bandgap_ge1/mp-2716266.cif,ok,
mp-2716267,cif/na_bandgap_ge1/mp-2716267.cif,ok,
mp-2716274,cif/na_bandgap_ge1/mp-2716274.cif,ok,
mp-2716271,cif/na_bandgap_ge1/mp-2716271.cif,ok,
mp-2716295,cif/na_bandgap_ge1/mp-2716295.cif,ok,
mp-2716329,cif/na_bandgap_ge1/mp-2716329.cif,ok,
mp-2716345,cif/na_bandgap_ge1/mp-2716345.cif,ok,
mp-2716360,cif/na_bandgap_ge1/mp-2716360.cif,ok,
mp-2716417,cif/na_bandgap_ge1/mp-2716417.cif,ok,
mp-2716418,cif/na_bandgap_ge1/mp-2716418.cif,ok,
mp-2716458,cif/na_bandgap_ge1/mp-2716458.cif,ok,
mp-2716471,cif/na_bandgap_ge1/mp-2716471.cif,ok,
mp-2716474,cif/na_bandgap_ge1/mp-2716474.cif,ok,
mp-2716522,cif/na_bandgap_ge1/mp-2716522.cif,ok,
mp-2716537,cif/na_bandgap_ge1/mp-2716537.cif,ok,
mp-2716557,cif/na_bandgap_ge1/mp-2716557.cif,ok,
mp-2763369,cif/na_bandgap_ge1/mp-2763369.cif,ok,
mp-769261,cif/na_bandgap_ge1/mp-769261.cif,ok,
mp-770500,cif/na_bandgap_ge1/mp-770500.cif,ok,
mp-770525,cif/na_bandgap_ge1/mp-770525.cif,ok,
mp-773498,cif/na_bandgap_ge1/mp-773498.cif,ok,
mp-774357,cif/na_bandgap_ge1/mp-774357.cif,ok,
mp-776196,cif/na_bandgap_ge1/mp-776196.cif,ok,
mp-777423,cif/na_bandgap_ge1/mp-777423.cif,ok,
mp-777814,cif/na_bandgap_ge1/mp-777814.cif,ok,
mp-778364,cif/na_bandgap_ge1/mp-778364.cif,ok,
mp-778451,cif/na_bandgap_ge1/mp-778451.cif,ok,
mp-778492,cif/na_bandgap_ge1/mp-778492.cif,ok,
mp-778858,cif/na_bandgap_ge1/mp-778858.cif,ok,
mp-779453,cif/na_bandgap_ge1/mp-779453.cif,ok,
mp-779898,cif/na_bandgap_ge1/mp-779898.cif,ok,
mp-780164,cif/na_bandgap_ge1/mp-780164.cif,ok,
mp-780239,cif/na_bandgap_ge1/mp-780239.cif,ok,
mp-850796,cif/na_bandgap_ge1/mp-850796.cif,ok,
mp-850957,cif/na_bandgap_ge1/mp-850957.cif,ok,
mp-1020179,cif/na_bandgap_ge1/mp-1020179.cif,ok,
mp-1024047,cif/na_bandgap_ge1/mp-1024047.cif,ok,
mp-1029542,cif/na_bandgap_ge1/mp-1029542.cif,ok,
mp-1029656,cif/na_bandgap_ge1/mp-1029656.cif,ok,
mp-1094109,cif/na_bandgap_ge1/mp-1094109.cif,ok,
mp-1101725,cif/na_bandgap_ge1/mp-1101725.cif,ok,
mp-1173745,cif/na_bandgap_ge1/mp-1173745.cif,ok,
mp-1176325,cif/na_bandgap_ge1/mp-1176325.cif,ok,
mp-1196529,cif/na_bandgap_ge1/mp-1196529.cif,ok,
mp-1200032,cif/na_bandgap_ge1/mp-1200032.cif,ok,
mp-1203333,cif/na_bandgap_ge1/mp-1203333.cif,ok,
mp-1210184,cif/na_bandgap_ge1/mp-1210184.cif,ok,
mp-1210276,cif/na_bandgap_ge1/mp-1210276.cif,ok,
mp-1210308,cif/na_bandgap_ge1/mp-1210308.cif,ok,
mp-1210321,cif/na_bandgap_ge1/mp-1210321.cif,ok,
mp-1210320,cif/na_bandgap_ge1/mp-1210320.cif,ok,
mp-1210511,cif/na_bandgap_ge1/mp-1210511.cif,ok,
mp-1211028,cif/na_bandgap_ge1/mp-1211028.cif,ok,
mp-1220788,cif/na_bandgap_ge1/mp-1220788.cif,ok,
mp-1220798,cif/na_bandgap_ge1/mp-1220798.cif,ok,
mp-1220825,cif/na_bandgap_ge1/mp-1220825.cif,ok,
mp-1220847,cif/na_bandgap_ge1/mp-1220847.cif,ok,
mp-1220862,cif/na_bandgap_ge1/mp-1220862.cif,ok,
mp-1220895,cif/na_bandgap_ge1/mp-1220895.cif,ok,
mp-1247493,cif/na_bandgap_ge1/mp-1247493.cif,ok,
mp-4907,cif/na_bandgap_ge1/mp-4907.cif,ok,
mp-5055,cif/na_bandgap_ge1/mp-5055.cif,ok,
mp-6892,cif/na_bandgap_ge1/mp-6892.cif,ok,
mp-7664,cif/na_bandgap_ge1/mp-7664.cif,ok,
mp-8389,cif/na_bandgap_ge1/mp-8389.cif,ok,
mp-9007,cif/na_bandgap_ge1/mp-9007.cif,ok,
mp-14780,cif/na_bandgap_ge1/mp-14780.cif,ok,
mp-16180,cif/na_bandgap_ge1/mp-16180.cif,ok,
mp-16889,cif/na_bandgap_ge1/mp-16889.cif,ok,
mp-16961,cif/na_bandgap_ge1/mp-16961.cif,ok,
mp-18100,cif/na_bandgap_ge1/mp-18100.cif,ok,
mp-23657,cif/na_bandgap_ge1/mp-23657.cif,ok,
mp-24507,cif/na_bandgap_ge1/mp-24507.cif,ok,
mp-27125,cif/na_bandgap_ge1/mp-27125.cif,ok,
mp-27623,cif/na_bandgap_ge1/mp-27623.cif,ok,
mp-27752,cif/na_bandgap_ge1/mp-27752.cif,ok,
mp-28022,cif/na_bandgap_ge1/mp-28022.cif,ok,
mp-28559,cif/na_bandgap_ge1/mp-28559.cif,ok,
mp-39647,cif/na_bandgap_ge1/mp-39647.cif,ok,
mp-40374,cif/na_bandgap_ge1/mp-40374.cif,ok,
mp-42298,cif/na_bandgap_ge1/mp-42298.cif,ok,
mp-540866,cif/na_bandgap_ge1/mp-540866.cif,ok,
mp-554033,cif/na_bandgap_ge1/mp-554033.cif,ok,
mp-554443,cif/na_bandgap_ge1/mp-554443.cif,ok,
mp-557401,cif/na_bandgap_ge1/mp-557401.cif,ok,
mp-558427,cif/na_bandgap_ge1/mp-558427.cif,ok,
mp-559430,cif/na_bandgap_ge1/mp-559430.cif,ok,
mp-560831,cif/na_bandgap_ge1/mp-560831.cif,ok,
mp-561342,cif/na_bandgap_ge1/mp-561342.cif,ok,
mp-563025,cif/na_bandgap_ge1/mp-563025.cif,ok,
mp-581919,cif/na_bandgap_ge1/mp-581919.cif,ok,
mp-648992,cif/na_bandgap_ge1/mp-648992.cif,ok,
mp-677551,cif/na_bandgap_ge1/mp-677551.cif,ok,
mp-684864,cif/na_bandgap_ge1/mp-684864.cif,ok,
mp-695056,cif/na_bandgap_ge1/mp-695056.cif,ok,
mp-695648,cif/na_bandgap_ge1/mp-695648.cif,ok,
mp-695935,cif/na_bandgap_ge1/mp-695935.cif,ok,
mp-700033,cif/na_bandgap_ge1/mp-700033.cif,ok,
mp-720802,cif/na_bandgap_ge1/mp-720802.cif,ok,
mp-722834,cif/na_bandgap_ge1/mp-722834.cif,ok,
mp-753816,cif/na_bandgap_ge1/mp-753816.cif,ok,
mp-755084,cif/na_bandgap_ge1/mp-755084.cif,ok,
mp-755322,cif/na_bandgap_ge1/mp-755322.cif,ok,
mp-755546,cif/na_bandgap_ge1/mp-755546.cif,ok,
mp-758925,cif/na_bandgap_ge1/mp-758925.cif,ok,
mp-760327,cif/na_bandgap_ge1/mp-760327.cif,ok,
mp-764858,cif/na_bandgap_ge1/mp-764858.cif,ok,
mp-766470,cif/na_bandgap_ge1/mp-766470.cif,ok,
mp-3346819,cif/na_bandgap_ge1/mp-3346819.cif,ok,
mp-2227099,cif/na_bandgap_ge1/mp-2227099.cif,ok,
mp-2227616,cif/na_bandgap_ge1/mp-2227616.cif,ok,
mp-2227786,cif/na_bandgap_ge1/mp-2227786.cif,ok,
mp-2242232,cif/na_bandgap_ge1/mp-2242232.cif,ok,
mp-2712824,cif/na_bandgap_ge1/mp-2712824.cif,ok,
mp-2712832,cif/na_bandgap_ge1/mp-2712832.cif,ok,
mp-2712835,cif/na_bandgap_ge1/mp-2712835.cif,ok,
mp-2712862,cif/na_bandgap_ge1/mp-2712862.cif,ok,
mp-2712855,cif/na_bandgap_ge1/mp-2712855.cif,ok,
mp-2712878,cif/na_bandgap_ge1/mp-2712878.cif,ok,
mp-2712879,cif/na_bandgap_ge1/mp-2712879.cif,ok,
mp-2712873,cif/na_bandgap_ge1/mp-2712873.cif,ok,
mp-2712875,cif/na_bandgap_ge1/mp-2712875.cif,ok,
mp-2712886,cif/na_bandgap_ge1/mp-2712886.cif,ok,
mp-2712891,cif/na_bandgap_ge1/mp-2712891.cif,ok,
mp-2712904,cif/na_bandgap_ge1/mp-2712904.cif,ok,
mp-2712957,cif/na_bandgap_ge1/mp-2712957.cif,ok,
mp-2712958,cif/na_bandgap_ge1/mp-2712958.cif,ok,
mp-2713025,cif/na_bandgap_ge1/mp-2713025.cif,ok,
mp-2713030,cif/na_bandgap_ge1/mp-2713030.cif,ok,
mp-2713052,cif/na_bandgap_ge1/mp-2713052.cif,ok,
mp-2713077,cif/na_bandgap_ge1/mp-2713077.cif,ok,
mp-2713084,cif/na_bandgap_ge1/mp-2713084.cif,ok,
mp-2714026,cif/na_bandgap_ge1/mp-2714026.cif,ok,
mp-2714034,cif/na_bandgap_ge1/mp-2714034.cif,ok,
mp-2714040,cif/na_bandgap_ge1/mp-2714040.cif,ok,
mp-2714033,cif/na_bandgap_ge1/mp-2714033.cif,ok,
mp-2714039,cif/na_bandgap_ge1/mp-2714039.cif,ok,
mp-2714055,cif/na_bandgap_ge1/mp-2714055.cif,ok,
mp-2714059,cif/na_bandgap_ge1/mp-2714059.cif,ok,
mp-2714073,cif/na_bandgap_ge1/mp-2714073.cif,ok,
mp-2714072,cif/na_bandgap_ge1/mp-2714072.cif,ok,
mp-2714070,cif/na_bandgap_ge1/mp-2714070.cif,ok,
mp-2714076,cif/na_bandgap_ge1/mp-2714076.cif,ok,
mp-2714099,cif/na_bandgap_ge1/mp-2714099.cif,ok,
mp-2714101,cif/na_bandgap_ge1/mp-2714101.cif,ok,
mp-2714118,cif/na_bandgap_ge1/mp-2714118.cif,ok,
mp-2714121,cif/na_bandgap_ge1/mp-2714121.cif,ok,
mp-2714123,cif/na_bandgap_ge1/mp-2714123.cif,ok,
mp-2714134,cif/na_bandgap_ge1/mp-2714134.cif,ok,
mp-2714135,cif/na_bandgap_ge1/mp-2714135.cif,ok,
mp-2714162,cif/na_bandgap_ge1/mp-2714162.cif,ok,
mp-2714165,cif/na_bandgap_ge1/mp-2714165.cif,ok,
mp-2714172,cif/na_bandgap_ge1/mp-2714172.cif,ok,
mp-2714185,cif/na_bandgap_ge1/mp-2714185.cif,ok,
mp-2714191,cif/na_bandgap_ge1/mp-2714191.cif,ok,
mp-2714190,cif/na_bandgap_ge1/mp-2714190.cif,ok,
mp-2714206,cif/na_bandgap_ge1/mp-2714206.cif,ok,
mp-2714210,cif/na_bandgap_ge1/mp-2714210.cif,ok,
mp-2714234,cif/na_bandgap_ge1/mp-2714234.cif,ok,
mp-2714228,cif/na_bandgap_ge1/mp-2714228.cif,ok,
mp-2714243,cif/na_bandgap_ge1/mp-2714243.cif,ok,
mp-2714238,cif/na_bandgap_ge1/mp-2714238.cif,ok,
mp-2714249,cif/na_bandgap_ge1/mp-2714249.cif,ok,
mp-2714246,cif/na_bandgap_ge1/mp-2714246.cif,ok,
mp-2714250,cif/na_bandgap_ge1/mp-2714250.cif,ok,
mp-2714260,cif/na_bandgap_ge1/mp-2714260.cif,ok,
mp-2714268,cif/na_bandgap_ge1/mp-2714268.cif,ok,
mp-2714278,cif/na_bandgap_ge1/mp-2714278.cif,ok,
mp-2714282,cif/na_bandgap_ge1/mp-2714282.cif,ok,
mp-2714286,cif/na_bandgap_ge1/mp-2714286.cif,ok,
mp-2714292,cif/na_bandgap_ge1/mp-2714292.cif,ok,
mp-2714301,cif/na_bandgap_ge1/mp-2714301.cif,ok,
mp-2714309,cif/na_bandgap_ge1/mp-2714309.cif,ok,
mp-2714316,cif/na_bandgap_ge1/mp-2714316.cif,ok,
mp-2714347,cif/na_bandgap_ge1/mp-2714347.cif,ok,
mp-2714345,cif/na_bandgap_ge1/mp-2714345.cif,ok,
mp-2714355,cif/na_bandgap_ge1/mp-2714355.cif,ok,
mp-2714371,cif/na_bandgap_ge1/mp-2714371.cif,ok,
mp-2714381,cif/na_bandgap_ge1/mp-2714381.cif,ok,
mp-2714389,cif/na_bandgap_ge1/mp-2714389.cif,ok,
mp-2714397,cif/na_bandgap_ge1/mp-2714397.cif,ok,
mp-2714396,cif/na_bandgap_ge1/mp-2714396.cif,ok,
mp-2714403,cif/na_bandgap_ge1/mp-2714403.cif,ok,
mp-2714434,cif/na_bandgap_ge1/mp-2714434.cif,ok,
mp-2714439,cif/na_bandgap_ge1/mp-2714439.cif,ok,
mp-2714444,cif/na_bandgap_ge1/mp-2714444.cif,ok,
mp-2714452,cif/na_bandgap_ge1/mp-2714452.cif,ok,
mp-2714455,cif/na_bandgap_ge1/mp-2714455.cif,ok,
mp-2714463,cif/na_bandgap_ge1/mp-2714463.cif,ok,
mp-2714475,cif/na_bandgap_ge1/mp-2714475.cif,ok,
mp-2714479,cif/na_bandgap_ge1/mp-2714479.cif,ok,
mp-2714493,cif/na_bandgap_ge1/mp-2714493.cif,ok,
mp-2714497,cif/na_bandgap_ge1/mp-2714497.cif,ok,
mp-2714500,cif/na_bandgap_ge1/mp-2714500.cif,ok,
mp-2714508,cif/na_bandgap_ge1/mp-2714508.cif,ok,
mp-2714515,cif/na_bandgap_ge1/mp-2714515.cif,ok,
mp-2714527,cif/na_bandgap_ge1/mp-2714527.cif,ok,
mp-2714543,cif/na_bandgap_ge1/mp-2714543.cif,ok,
mp-2714571,cif/na_bandgap_ge1/mp-2714571.cif,ok,
mp-2714583,cif/na_bandgap_ge1/mp-2714583.cif,ok,
mp-2714591,cif/na_bandgap_ge1/mp-2714591.cif,ok,
mp-2714602,cif/na_bandgap_ge1/mp-2714602.cif,ok,
mp-2714599,cif/na_bandgap_ge1/mp-2714599.cif,ok,
mp-2714606,cif/na_bandgap_ge1/mp-2714606.cif,ok,
mp-2714616,cif/na_bandgap_ge1/mp-2714616.cif,ok,
mp-2714610,cif/na_bandgap_ge1/mp-2714610.cif,ok,
mp-2714618,cif/na_bandgap_ge1/mp-2714618.cif,ok,
mp-2714623,cif/na_bandgap_ge1/mp-2714623.cif,ok,
mp-2714633,cif/na_bandgap_ge1/mp-2714633.cif,ok,
mp-2714627,cif/na_bandgap_ge1/mp-2714627.cif,ok,
mp-2714639,cif/na_bandgap_ge1/mp-2714639.cif,ok,
mp-2714634,cif/na_bandgap_ge1/mp-2714634.cif,ok,
mp-2714649,cif/na_bandgap_ge1/mp-2714649.cif,ok,
mp-2714660,cif/na_bandgap_ge1/mp-2714660.cif,ok,
mp-2714679,cif/na_bandgap_ge1/mp-2714679.cif,ok,
mp-2714684,cif/na_bandgap_ge1/mp-2714684.cif,ok,
mp-2714686,cif/na_bandgap_ge1/mp-2714686.cif,ok,
mp-2714697,cif/na_bandgap_ge1/mp-2714697.cif,ok,
mp-2714700,cif/na_bandgap_ge1/mp-2714700.cif,ok,
mp-2714710,cif/na_bandgap_ge1/mp-2714710.cif,ok,
mp-2714709,cif/na_bandgap_ge1/mp-2714709.cif,ok,
mp-2714728,cif/na_bandgap_ge1/mp-2714728.cif,ok,
mp-2714733,cif/na_bandgap_ge1/mp-2714733.cif,ok,
mp-2714735,cif/na_bandgap_ge1/mp-2714735.cif,ok,
mp-2714730,cif/na_bandgap_ge1/mp-2714730.cif,ok,
mp-2714743,cif/na_bandgap_ge1/mp-2714743.cif,ok,
mp-2714740,cif/na_bandgap_ge1/mp-2714740.cif,ok,
mp-2714751,cif/na_bandgap_ge1/mp-2714751.cif,ok,
mp-2714771,cif/na_bandgap_ge1/mp-2714771.cif,ok,
mp-2714776,cif/na_bandgap_ge1/mp-2714776.cif,ok,
mp-2714794,cif/na_bandgap_ge1/mp-2714794.cif,ok,
mp-2714788,cif/na_bandgap_ge1/mp-2714788.cif,ok,
mp-2714800,cif/na_bandgap_ge1/mp-2714800.cif,ok,
mp-2714801,cif/na_bandgap_ge1/mp-2714801.cif,ok,
mp-2714797,cif/na_bandgap_ge1/mp-2714797.cif,ok,
mp-2714827,cif/na_bandgap_ge1/mp-2714827.cif,ok,
mp-2714833,cif/na_bandgap_ge1/mp-2714833.cif,ok,
mp-2714842,cif/na_bandgap_ge1/mp-2714842.cif,ok,
mp-2714848,cif/na_bandgap_ge1/mp-2714848.cif,ok,
mp-2714858,cif/na_bandgap_ge1/mp-2714858.cif,ok,
mp-2714862,cif/na_bandgap_ge1/mp-2714862.cif,ok,
mp-2714876,cif/na_bandgap_ge1/mp-2714876.cif,ok,
mp-2714899,cif/na_bandgap_ge1/mp-2714899.cif,ok,
mp-2714906,cif/na_bandgap_ge1/mp-2714906.cif,ok,
mp-2714910,cif/na_bandgap_ge1/mp-2714910.cif,ok,
mp-2714908,cif/na_bandgap_ge1/mp-2714908.cif,ok,
mp-2714923,cif/na_bandgap_ge1/mp-2714923.cif,ok,
mp-2714940,cif/na_bandgap_ge1/mp-2714940.cif,ok,
mp-2714954,cif/na_bandgap_ge1/mp-2714954.cif,ok,
mp-2714960,cif/na_bandgap_ge1/mp-2714960.cif,ok,
mp-2714968,cif/na_bandgap_ge1/mp-2714968.cif,ok,
mp-2714988,cif/na_bandgap_ge1/mp-2714988.cif,ok,
mp-2714995,cif/na_bandgap_ge1/mp-2714995.cif,ok,
mp-2714996,cif/na_bandgap_ge1/mp-2714996.cif,ok,
mp-2714994,cif/na_bandgap_ge1/mp-2714994.cif,ok,
mp-2715028,cif/na_bandgap_ge1/mp-2715028.cif,ok,
mp-2715030,cif/na_bandgap_ge1/mp-2715030.cif,ok,
mp-2715044,cif/na_bandgap_ge1/mp-2715044.cif,ok,
mp-2715072,cif/na_bandgap_ge1/mp-2715072.cif,ok,
mp-2715117,cif/na_bandgap_ge1/mp-2715117.cif,ok,
mp-2715115,cif/na_bandgap_ge1/mp-2715115.cif,ok,
mp-2715121,cif/na_bandgap_ge1/mp-2715121.cif,ok,
mp-2715128,cif/na_bandgap_ge1/mp-2715128.cif,ok,
mp-2715162,cif/na_bandgap_ge1/mp-2715162.cif,ok,
mp-2715171,cif/na_bandgap_ge1/mp-2715171.cif,ok,
mp-2715170,cif/na_bandgap_ge1/mp-2715170.cif,ok,
mp-2715180,cif/na_bandgap_ge1/mp-2715180.cif,ok,
mp-2715188,cif/na_bandgap_ge1/mp-2715188.cif,ok,
mp-2715190,cif/na_bandgap_ge1/mp-2715190.cif,ok,
mp-2715208,cif/na_bandgap_ge1/mp-2715208.cif,ok,
mp-2715525,cif/na_bandgap_ge1/mp-2715525.cif,ok,
mp-2715532,cif/na_bandgap_ge1/mp-2715532.cif,ok,
mp-2715539,cif/na_bandgap_ge1/mp-2715539.cif,ok,
mp-2715543,cif/na_bandgap_ge1/mp-2715543.cif,ok,
mp-2715556,cif/na_bandgap_ge1/mp-2715556.cif,ok,
mp-2715570,cif/na_bandgap_ge1/mp-2715570.cif,ok,
mp-2715583,cif/na_bandgap_ge1/mp-2715583.cif,ok,
mp-2715592,cif/na_bandgap_ge1/mp-2715592.cif,ok,
mp-2715593,cif/na_bandgap_ge1/mp-2715593.cif,ok,
mp-2715598,cif/na_bandgap_ge1/mp-2715598.cif,ok,
mp-2715607,cif/na_bandgap_ge1/mp-2715607.cif,ok,
mp-2715610,cif/na_bandgap_ge1/mp-2715610.cif,ok,
mp-2715621,cif/na_bandgap_ge1/mp-2715621.cif,ok,
mp-2715626,cif/na_bandgap_ge1/mp-2715626.cif,ok,
mp-2715630,cif/na_bandgap_ge1/mp-2715630.cif,ok,
mp-2715632,cif/na_bandgap_ge1/mp-2715632.cif,ok,
mp-2715635,cif/na_bandgap_ge1/mp-2715635.cif,ok,
mp-2715638,cif/na_bandgap_ge1/mp-2715638.cif,ok,
mp-2715640,cif/na_bandgap_ge1/mp-2715640.cif,ok,
mp-2715658,cif/na_bandgap_ge1/mp-2715658.cif,ok,
mp-2715660,cif/na_bandgap_ge1/mp-2715660.cif,ok,
mp-2715683,cif/na_bandgap_ge1/mp-2715683.cif,ok,
mp-2715692,cif/na_bandgap_ge1/mp-2715692.cif,ok,
mp-2715687,cif/na_bandgap_ge1/mp-2715687.cif,ok,
mp-2715706,cif/na_bandgap_ge1/mp-2715706.cif,ok,
mp-2715731,cif/na_bandgap_ge1/mp-2715731.cif,ok,
mp-2715739,cif/na_bandgap_ge1/mp-2715739.cif,ok,
mp-2715741,cif/na_bandgap_ge1/mp-2715741.cif,ok,
mp-2715755,cif/na_bandgap_ge1/mp-2715755.cif,ok,
mp-2715761,cif/na_bandgap_ge1/mp-2715761.cif,ok,
mp-2715768,cif/na_bandgap_ge1/mp-2715768.cif,ok,
mp-2715788,cif/na_bandgap_ge1/mp-2715788.cif,ok,
mp-2715790,cif/na_bandgap_ge1/mp-2715790.cif,ok,
mp-2715793,cif/na_bandgap_ge1/mp-2715793.cif,ok,
mp-2715830,cif/na_bandgap_ge1/mp-2715830.cif,ok,
mp-2715841,cif/na_bandgap_ge1/mp-2715841.cif,ok,
mp-2715845,cif/na_bandgap_ge1/mp-2715845.cif,ok,
mp-2715852,cif/na_bandgap_ge1/mp-2715852.cif,ok,
mp-2715863,cif/na_bandgap_ge1/mp-2715863.cif,ok,
mp-2715860,cif/na_bandgap_ge1/mp-2715860.cif,ok,
mp-2715880,cif/na_bandgap_ge1/mp-2715880.cif,ok,
mp-2715900,cif/na_bandgap_ge1/mp-2715900.cif,ok,
mp-2715910,cif/na_bandgap_ge1/mp-2715910.cif,ok,
mp-2715909,cif/na_bandgap_ge1/mp-2715909.cif,ok,
mp-2715917,cif/na_bandgap_ge1/mp-2715917.cif,ok,
mp-2715952,cif/na_bandgap_ge1/mp-2715952.cif,ok,
mp-2715962,cif/na_bandgap_ge1/mp-2715962.cif,ok,
mp-2715975,cif/na_bandgap_ge1/mp-2715975.cif,ok,
mp-2715977,cif/na_bandgap_ge1/mp-2715977.cif,ok,
mp-2715991,cif/na_bandgap_ge1/mp-2715991.cif,ok,
mp-2715998,cif/na_bandgap_ge1/mp-2715998.cif,ok,
mp-2715999,cif/na_bandgap_ge1/mp-2715999.cif,ok,
mp-2716010,cif/na_bandgap_ge1/mp-2716010.cif,ok,
mp-2716024,cif/na_bandgap_ge1/mp-2716024.cif,ok,
mp-2716032,cif/na_bandgap_ge1/mp-2716032.cif,ok,
mp-2716036,cif/na_bandgap_ge1/mp-2716036.cif,ok,
mp-2716043,cif/na_bandgap_ge1/mp-2716043.cif,ok,
mp-2716056,cif/na_bandgap_ge1/mp-2716056.cif,ok,
mp-2716055,cif/na_bandgap_ge1/mp-2716055.cif,ok,
mp-2716075,cif/na_bandgap_ge1/mp-2716075.cif,ok,
mp-2716080,cif/na_bandgap_ge1/mp-2716080.cif,ok,
mp-2716082,cif/na_bandgap_ge1/mp-2716082.cif,ok,
mp-2716100,cif/na_bandgap_ge1/mp-2716100.cif,ok,
mp-2716110,cif/na_bandgap_ge1/mp-2716110.cif,ok,
mp-774938,cif/na_bandgap_ge1/mp-774938.cif,ok,
mp-776669,cif/na_bandgap_ge1/mp-776669.cif,ok,
mp-777414,cif/na_bandgap_ge1/mp-777414.cif,ok,
mp-777584,cif/na_bandgap_ge1/mp-777584.cif,ok,
mp-1020724,cif/na_bandgap_ge1/mp-1020724.cif,ok,
mp-1173791,cif/na_bandgap_ge1/mp-1173791.cif,ok,
mp-1173826,cif/na_bandgap_ge1/mp-1173826.cif,ok,
mp-1173841,cif/na_bandgap_ge1/mp-1173841.cif,ok,
mp-1173844,cif/na_bandgap_ge1/mp-1173844.cif,ok,
mp-1196696,cif/na_bandgap_ge1/mp-1196696.cif,ok,
mp-1205264,cif/na_bandgap_ge1/mp-1205264.cif,ok,
mp-1220949,cif/na_bandgap_ge1/mp-1220949.cif,ok,
mp-1221035,cif/na_bandgap_ge1/mp-1221035.cif,ok,
mp-1221052,cif/na_bandgap_ge1/mp-1221052.cif,ok,
mp-1223470,cif/na_bandgap_ge1/mp-1223470.cif,ok,
mp-1223519,cif/na_bandgap_ge1/mp-1223519.cif,ok,
mp-1224548,cif/na_bandgap_ge1/mp-1224548.cif,ok,
mp-1245360,cif/na_bandgap_ge1/mp-1245360.cif,ok,
mp-6702,cif/na_bandgap_ge1/mp-6702.cif,ok,
mp-18917,cif/na_bandgap_ge1/mp-18917.cif,ok,
mp-28856,cif/na_bandgap_ge1/mp-28856.cif,ok,
mp-33872,cif/na_bandgap_ge1/mp-33872.cif,ok,
mp-532715,cif/na_bandgap_ge1/mp-532715.cif,ok,
mp-541689,cif/na_bandgap_ge1/mp-541689.cif,ok,
mp-554294,cif/na_bandgap_ge1/mp-554294.cif,ok,
mp-556168,cif/na_bandgap_ge1/mp-556168.cif,ok,
mp-559103,cif/na_bandgap_ge1/mp-559103.cif,ok,
mp-581085,cif/na_bandgap_ge1/mp-581085.cif,ok,
mp-676975,cif/na_bandgap_ge1/mp-676975.cif,ok,
mp-677042,cif/na_bandgap_ge1/mp-677042.cif,ok,
mp-686311,cif/na_bandgap_ge1/mp-686311.cif,ok,
mp-686729,cif/na_bandgap_ge1/mp-686729.cif,ok,
mp-690987,cif/na_bandgap_ge1/mp-690987.cif,ok,
mp-695154,cif/na_bandgap_ge1/mp-695154.cif,ok,
mp-695426,cif/na_bandgap_ge1/mp-695426.cif,ok,
mp-695601,cif/na_bandgap_ge1/mp-695601.cif,ok,
mp-707443,cif/na_bandgap_ge1/mp-707443.cif,ok,
mp-720079,cif/na_bandgap_ge1/mp-720079.cif,ok,
mp-734112,cif/na_bandgap_ge1/mp-734112.cif,ok,
mp-760311,cif/na_bandgap_ge1/mp-760311.cif,ok,
mp-763805,cif/na_bandgap_ge1/mp-763805.cif,ok,
mp-2230177,cif/na_bandgap_ge1/mp-2230177.cif,ok,
mp-2230276,cif/na_bandgap_ge1/mp-2230276.cif,ok,
mp-2230394,cif/na_bandgap_ge1/mp-2230394.cif,ok,
mp-2230529,cif/na_bandgap_ge1/mp-2230529.cif,ok,
mp-2230685,cif/na_bandgap_ge1/mp-2230685.cif,ok,
mp-2230778,cif/na_bandgap_ge1/mp-2230778.cif,ok,
mp-2231061,cif/na_bandgap_ge1/mp-2231061.cif,ok,
mp-2231219,cif/na_bandgap_ge1/mp-2231219.cif,ok,
mp-2231472,cif/na_bandgap_ge1/mp-2231472.cif,ok,
mp-2231632,cif/na_bandgap_ge1/mp-2231632.cif,ok,
mp-2231589,cif/na_bandgap_ge1/mp-2231589.cif,ok,
mp-2231876,cif/na_bandgap_ge1/mp-2231876.cif,ok,
mp-2231815,cif/na_bandgap_ge1/mp-2231815.cif,ok,
mp-2231861,cif/na_bandgap_ge1/mp-2231861.cif,ok,
mp-2714921,cif/na_bandgap_ge1/mp-2714921.cif,ok,
mp-2714936,cif/na_bandgap_ge1/mp-2714936.cif,ok,
mp-2714944,cif/na_bandgap_ge1/mp-2714944.cif,ok,
mp-2714951,cif/na_bandgap_ge1/mp-2714951.cif,ok,
mp-2714952,cif/na_bandgap_ge1/mp-2714952.cif,ok,
mp-2714948,cif/na_bandgap_ge1/mp-2714948.cif,ok,
mp-2714955,cif/na_bandgap_ge1/mp-2714955.cif,ok,
mp-2714953,cif/na_bandgap_ge1/mp-2714953.cif,ok,
mp-2714959,cif/na_bandgap_ge1/mp-2714959.cif,ok,
mp-2714983,cif/na_bandgap_ge1/mp-2714983.cif,ok,
mp-2714985,cif/na_bandgap_ge1/mp-2714985.cif,ok,
mp-2715007,cif/na_bandgap_ge1/mp-2715007.cif,ok,
mp-2715016,cif/na_bandgap_ge1/mp-2715016.cif,ok,
mp-2715015,cif/na_bandgap_ge1/mp-2715015.cif,ok,
mp-2715027,cif/na_bandgap_ge1/mp-2715027.cif,ok,
mp-2715033,cif/na_bandgap_ge1/mp-2715033.cif,ok,
mp-2715038,cif/na_bandgap_ge1/mp-2715038.cif,ok,
mp-2715035,cif/na_bandgap_ge1/mp-2715035.cif,ok,
mp-2715043,cif/na_bandgap_ge1/mp-2715043.cif,ok,
mp-2715046,cif/na_bandgap_ge1/mp-2715046.cif,ok,
mp-2715050,cif/na_bandgap_ge1/mp-2715050.cif,ok,
mp-2715058,cif/na_bandgap_ge1/mp-2715058.cif,ok,
mp-2715061,cif/na_bandgap_ge1/mp-2715061.cif,ok,
mp-2715063,cif/na_bandgap_ge1/mp-2715063.cif,ok,
mp-2715088,cif/na_bandgap_ge1/mp-2715088.cif,ok,
mp-2715092,cif/na_bandgap_ge1/mp-2715092.cif,ok,
mp-2715095,cif/na_bandgap_ge1/mp-2715095.cif,ok,
mp-2715101,cif/na_bandgap_ge1/mp-2715101.cif,ok,
mp-2715104,cif/na_bandgap_ge1/mp-2715104.cif,ok,
mp-2715109,cif/na_bandgap_ge1/mp-2715109.cif,ok,
mp-2715135,cif/na_bandgap_ge1/mp-2715135.cif,ok,
mp-2715132,cif/na_bandgap_ge1/mp-2715132.cif,ok,
mp-2715144,cif/na_bandgap_ge1/mp-2715144.cif,ok,
mp-2715157,cif/na_bandgap_ge1/mp-2715157.cif,ok,
mp-2715151,cif/na_bandgap_ge1/mp-2715151.cif,ok,
mp-2715163,cif/na_bandgap_ge1/mp-2715163.cif,ok,
mp-2715168,cif/na_bandgap_ge1/mp-2715168.cif,ok,
mp-2715186,cif/na_bandgap_ge1/mp-2715186.cif,ok,
mp-2715185,cif/na_bandgap_ge1/mp-2715185.cif,ok,
mp-2715192,cif/na_bandgap_ge1/mp-2715192.cif,ok,
mp-2715201,cif/na_bandgap_ge1/mp-2715201.cif,ok,
mp-2715200,cif/na_bandgap_ge1/mp-2715200.cif,ok,
mp-2715207,cif/na_bandgap_ge1/mp-2715207.cif,ok,
mp-2715209,cif/na_bandgap_ge1/mp-2715209.cif,ok,
mp-2715210,cif/na_bandgap_ge1/mp-2715210.cif,ok,
mp-2715211,cif/na_bandgap_ge1/mp-2715211.cif,ok,
mp-2715216,cif/na_bandgap_ge1/mp-2715216.cif,ok,
mp-2715531,cif/na_bandgap_ge1/mp-2715531.cif,ok,
mp-2715529,cif/na_bandgap_ge1/mp-2715529.cif,ok,
mp-2715534,cif/na_bandgap_ge1/mp-2715534.cif,ok,
mp-2715549,cif/na_bandgap_ge1/mp-2715549.cif,ok,
mp-2715550,cif/na_bandgap_ge1/mp-2715550.cif,ok,
mp-2715561,cif/na_bandgap_ge1/mp-2715561.cif,ok,
mp-2715572,cif/na_bandgap_ge1/mp-2715572.cif,ok,
mp-2715567,cif/na_bandgap_ge1/mp-2715567.cif,ok,
mp-2715573,cif/na_bandgap_ge1/mp-2715573.cif,ok,
mp-2715578,cif/na_bandgap_ge1/mp-2715578.cif,ok,
mp-2715581,cif/na_bandgap_ge1/mp-2715581.cif,ok,
mp-2715596,cif/na_bandgap_ge1/mp-2715596.cif,ok,
mp-2715601,cif/na_bandgap_ge1/mp-2715601.cif,ok,
mp-2715611,cif/na_bandgap_ge1/mp-2715611.cif,ok,
mp-2715620,cif/na_bandgap_ge1/mp-2715620.cif,ok,
mp-2715618,cif/na_bandgap_ge1/mp-2715618.cif,ok,
mp-2715619,cif/na_bandgap_ge1/mp-2715619.cif,ok,
mp-2715623,cif/na_bandgap_ge1/mp-2715623.cif,ok,
mp-2715634,cif/na_bandgap_ge1/mp-2715634.cif,ok,
mp-2715639,cif/na_bandgap_ge1/mp-2715639.cif,ok,
mp-2715633,cif/na_bandgap_ge1/mp-2715633.cif,ok,
mp-2715637,cif/na_bandgap_ge1/mp-2715637.cif,ok,
mp-2715648,cif/na_bandgap_ge1/mp-2715648.cif,ok,
mp-2715652,cif/na_bandgap_ge1/mp-2715652.cif,ok,
mp-2715651,cif/na_bandgap_ge1/mp-2715651.cif,ok,
mp-2715654,cif/na_bandgap_ge1/mp-2715654.cif,ok,
mp-2715656,cif/na_bandgap_ge1/mp-2715656.cif,ok,
mp-2715665,cif/na_bandgap_ge1/mp-2715665.cif,ok,
mp-2715663,cif/na_bandgap_ge1/mp-2715663.cif,ok,
mp-2715678,cif/na_bandgap_ge1/mp-2715678.cif,ok,
mp-2715680,cif/na_bandgap_ge1/mp-2715680.cif,ok,
mp-2715685,cif/na_bandgap_ge1/mp-2715685.cif,ok,
mp-2715676,cif/na_bandgap_ge1/mp-2715676.cif,ok,
mp-2715689,cif/na_bandgap_ge1/mp-2715689.cif,ok,
mp-2715700,cif/na_bandgap_ge1/mp-2715700.cif,ok,
mp-2715699,cif/na_bandgap_ge1/mp-2715699.cif,ok,
mp-2715713,cif/na_bandgap_ge1/mp-2715713.cif,ok,
mp-2715716,cif/na_bandgap_ge1/mp-2715716.cif,ok,
mp-2715719,cif/na_bandgap_ge1/mp-2715719.cif,ok,
mp-2715726,cif/na_bandgap_ge1/mp-2715726.cif,ok,
mp-2715718,cif/na_bandgap_ge1/mp-2715718.cif,ok,
mp-2715730,cif/na_bandgap_ge1/mp-2715730.cif,ok,
mp-2715742,cif/na_bandgap_ge1/mp-2715742.cif,ok,
mp-2715745,cif/na_bandgap_ge1/mp-2715745.cif,ok,
mp-2715752,cif/na_bandgap_ge1/mp-2715752.cif,ok,
mp-2715753,cif/na_bandgap_ge1/mp-2715753.cif,ok,
mp-2715758,cif/na_bandgap_ge1/mp-2715758.cif,ok,
mp-2715760,cif/na_bandgap_ge1/mp-2715760.cif,ok,
mp-2715771,cif/na_bandgap_ge1/mp-2715771.cif,ok,
mp-2715774,cif/na_bandgap_ge1/mp-2715774.cif,ok,
mp-2715779,cif/na_bandgap_ge1/mp-2715779.cif,ok,
mp-2715800,cif/na_bandgap_ge1/mp-2715800.cif,ok,
mp-2715803,cif/na_bandgap_ge1/mp-2715803.cif,ok,
mp-2716135,cif/na_bandgap_ge1/mp-2716135.cif,ok,
mp-2716134,cif/na_bandgap_ge1/mp-2716134.cif,ok,
mp-2716143,cif/na_bandgap_ge1/mp-2716143.cif,ok,
mp-2716148,cif/na_bandgap_ge1/mp-2716148.cif,ok,
mp-2716147,cif/na_bandgap_ge1/mp-2716147.cif,ok,
mp-2716156,cif/na_bandgap_ge1/mp-2716156.cif,ok,
mp-2716155,cif/na_bandgap_ge1/mp-2716155.cif,ok,
mp-2716163,cif/na_bandgap_ge1/mp-2716163.cif,ok,
mp-2716161,cif/na_bandgap_ge1/mp-2716161.cif,ok,
mp-2716166,cif/na_bandgap_ge1/mp-2716166.cif,ok,
mp-2716172,cif/na_bandgap_ge1/mp-2716172.cif,ok,
mp-2716177,cif/na_bandgap_ge1/mp-2716177.cif,ok,
mp-2716171,cif/na_bandgap_ge1/mp-2716171.cif,ok,
mp-2716167,cif/na_bandgap_ge1/mp-2716167.cif,ok,
mp-2716169,cif/na_bandgap_ge1/mp-2716169.cif,ok,
mp-2716176,cif/na_bandgap_ge1/mp-2716176.cif,ok,
mp-2716178,cif/na_bandgap_ge1/mp-2716178.cif,ok,
mp-2716191,cif/na_bandgap_ge1/mp-2716191.cif,ok,
mp-2716197,cif/na_bandgap_ge1/mp-2716197.cif,ok,
mp-2716195,cif/na_bandgap_ge1/mp-2716195.cif,ok,
mp-2716213,cif/na_bandgap_ge1/mp-2716213.cif,ok,
mp-2716225,cif/na_bandgap_ge1/mp-2716225.cif,ok,
mp-2716226,cif/na_bandgap_ge1/mp-2716226.cif,ok,
mp-2716244,cif/na_bandgap_ge1/mp-2716244.cif,ok,
mp-2716237,cif/na_bandgap_ge1/mp-2716237.cif,ok,
mp-2716241,cif/na_bandgap_ge1/mp-2716241.cif,ok,
mp-2716243,cif/na_bandgap_ge1/mp-2716243.cif,ok,
mp-2716247,cif/na_bandgap_ge1/mp-2716247.cif,ok,
mp-2716246,cif/na_bandgap_ge1/mp-2716246.cif,ok,
mp-2716252,cif/na_bandgap_ge1/mp-2716252.cif,ok,
mp-2716255,cif/na_bandgap_ge1/mp-2716255.cif,ok,
mp-2716256,cif/na_bandgap_ge1/mp-2716256.cif,ok,
mp-2716264,cif/na_bandgap_ge1/mp-2716264.cif,ok,
mp-2716273,cif/na_bandgap_ge1/mp-2716273.cif,ok,
mp-2716272,cif/na_bandgap_ge1/mp-2716272.cif,ok,
mp-2902906,cif/na_bandgap_ge1/mp-2902906.cif,ok,
mp-778231,cif/na_bandgap_ge1/mp-778231.cif,ok,
mp-780360,cif/na_bandgap_ge1/mp-780360.cif,ok,
mp-850280,cif/na_bandgap_ge1/mp-850280.cif,ok,
mp-997599,cif/na_bandgap_ge1/mp-997599.cif,ok,
mp-1173749,cif/na_bandgap_ge1/mp-1173749.cif,ok,
mp-1180115,cif/na_bandgap_ge1/mp-1180115.cif,ok,
mp-1181575,cif/na_bandgap_ge1/mp-1181575.cif,ok,
mp-1204006,cif/na_bandgap_ge1/mp-1204006.cif,ok,
mp-1212664,cif/na_bandgap_ge1/mp-1212664.cif,ok,
mp-1220843,cif/na_bandgap_ge1/mp-1220843.cif,ok,
mp-1220856,cif/na_bandgap_ge1/mp-1220856.cif,ok,
mp-1220864,cif/na_bandgap_ge1/mp-1220864.cif,ok,
mp-1220956,cif/na_bandgap_ge1/mp-1220956.cif,ok,
mp-1221041,cif/na_bandgap_ge1/mp-1221041.cif,ok,
mp-1221107,cif/na_bandgap_ge1/mp-1221107.cif,ok,
mp-1221150,cif/na_bandgap_ge1/mp-1221150.cif,ok,
mp-1228549,cif/na_bandgap_ge1/mp-1228549.cif,ok,
mp-9071,cif/na_bandgap_ge1/mp-9071.cif,ok,
mp-27557,cif/na_bandgap_ge1/mp-27557.cif,ok,
mp-27618,cif/na_bandgap_ge1/mp-27618.cif,ok,
mp-28017,cif/na_bandgap_ge1/mp-28017.cif,ok,
mp-29176,cif/na_bandgap_ge1/mp-29176.cif,ok,
mp-39823,cif/na_bandgap_ge1/mp-39823.cif,ok,
mp-40201,cif/na_bandgap_ge1/mp-40201.cif,ok,
mp-41734,cif/na_bandgap_ge1/mp-41734.cif,ok,
mp-42583,cif/na_bandgap_ge1/mp-42583.cif,ok,
mp-43188,cif/na_bandgap_ge1/mp-43188.cif,ok,
mp-554071,cif/na_bandgap_ge1/mp-554071.cif,ok,
mp-558067,cif/na_bandgap_ge1/mp-558067.cif,ok,
mp-560597,cif/na_bandgap_ge1/mp-560597.cif,ok,
mp-677572,cif/na_bandgap_ge1/mp-677572.cif,ok,
mp-684833,cif/na_bandgap_ge1/mp-684833.cif,ok,
mp-761219,cif/na_bandgap_ge1/mp-761219.cif,ok,
mp-761931,cif/na_bandgap_ge1/mp-761931.cif,ok,
mp-764647,cif/na_bandgap_ge1/mp-764647.cif,ok,
mp-2712551,cif/na_bandgap_ge1/mp-2712551.cif,ok,
mp-2712561,cif/na_bandgap_ge1/mp-2712561.cif,ok,
mp-2712581,cif/na_bandgap_ge1/mp-2712581.cif,ok,
mp-2712587,cif/na_bandgap_ge1/mp-2712587.cif,ok,
mp-2712600,cif/na_bandgap_ge1/mp-2712600.cif,ok,
mp-2712679,cif/na_bandgap_ge1/mp-2712679.cif,ok,
mp-2712686,cif/na_bandgap_ge1/mp-2712686.cif,ok,
mp-2712694,cif/na_bandgap_ge1/mp-2712694.cif,ok,
mp-2712736,cif/na_bandgap_ge1/mp-2712736.cif,ok,
mp-2712750,cif/na_bandgap_ge1/mp-2712750.cif,ok,
mp-2712771,cif/na_bandgap_ge1/mp-2712771.cif,ok,
mp-2712768,cif/na_bandgap_ge1/mp-2712768.cif,ok,
mp-2712788,cif/na_bandgap_ge1/mp-2712788.cif,ok,
mp-2712799,cif/na_bandgap_ge1/mp-2712799.cif,ok,
mp-2712823,cif/na_bandgap_ge1/mp-2712823.cif,ok,
mp-2712887,cif/na_bandgap_ge1/mp-2712887.cif,ok,
mp-2712885,cif/na_bandgap_ge1/mp-2712885.cif,ok,
mp-2712917,cif/na_bandgap_ge1/mp-2712917.cif,ok,
mp-2712993,cif/na_bandgap_ge1/mp-2712993.cif,ok,
mp-2712991,cif/na_bandgap_ge1/mp-2712991.cif,ok,
mp-2713033,cif/na_bandgap_ge1/mp-2713033.cif,ok,
mp-2713075,cif/na_bandgap_ge1/mp-2713075.cif,ok,
mp-2713072,cif/na_bandgap_ge1/mp-2713072.cif,ok,
mp-2713101,cif/na_bandgap_ge1/mp-2713101.cif,ok,
mp-2713109,cif/na_bandgap_ge1/mp-2713109.cif,ok,
mp-2713110,cif/na_bandgap_ge1/mp-2713110.cif,ok,
mp-2713225,cif/na_bandgap_ge1/mp-2713225.cif,ok,
mp-2713229,cif/na_bandgap_ge1/mp-2713229.cif,ok,
mp-2713237,cif/na_bandgap_ge1/mp-2713237.cif,ok,
mp-2713268,cif/na_bandgap_ge1/mp-2713268.cif,ok,
mp-2713282,cif/na_bandgap_ge1/mp-2713282.cif,ok,
mp-2713303,cif/na_bandgap_ge1/mp-2713303.cif,ok,
mp-2713311,cif/na_bandgap_ge1/mp-2713311.cif,ok,
mp-2713540,cif/na_bandgap_ge1/mp-2713540.cif,ok,
mp-2713607,cif/na_bandgap_ge1/mp-2713607.cif,ok,
mp-2713609,cif/na_bandgap_ge1/mp-2713609.cif,ok,
mp-2713648,cif/na_bandgap_ge1/mp-2713648.cif,ok,
mp-2713718,cif/na_bandgap_ge1/mp-2713718.cif,ok,
mp-2713745,cif/na_bandgap_ge1/mp-2713745.cif,ok,
mp-2713795,cif/na_bandgap_ge1/mp-2713795.cif,ok,
mp-2713890,cif/na_bandgap_ge1/mp-2713890.cif,ok,
mp-2713892,cif/na_bandgap_ge1/mp-2713892.cif,ok,
mp-2713977,cif/na_bandgap_ge1/mp-2713977.cif,ok,
mp-2713993,cif/na_bandgap_ge1/mp-2713993.cif,ok,
mp-2714647,cif/na_bandgap_ge1/mp-2714647.cif,ok,
mp-2714657,cif/na_bandgap_ge1/mp-2714657.cif,ok,
mp-2714671,cif/na_bandgap_ge1/mp-2714671.cif,ok,
mp-2714705,cif/na_bandgap_ge1/mp-2714705.cif,ok,
mp-2714714,cif/na_bandgap_ge1/mp-2714714.cif,ok,
mp-2714738,cif/na_bandgap_ge1/mp-2714738.cif,ok,
mp-2714768,cif/na_bandgap_ge1/mp-2714768.cif,ok,
mp-2714812,cif/na_bandgap_ge1/mp-2714812.cif,ok,
mp-2714911,cif/na_bandgap_ge1/mp-2714911.cif,ok,
mp-2714973,cif/na_bandgap_ge1/mp-2714973.cif,ok,
mp-2715105,cif/na_bandgap_ge1/mp-2715105.cif,ok,
mp-2715148,cif/na_bandgap_ge1/mp-2715148.cif,ok,
mp-2715156,cif/na_bandgap_ge1/mp-2715156.cif,ok,
mp-2715202,cif/na_bandgap_ge1/mp-2715202.cif,ok,
mp-2715247,cif/na_bandgap_ge1/mp-2715247.cif,ok,
mp-2715266,cif/na_bandgap_ge1/mp-2715266.cif,ok,
mp-2715265,cif/na_bandgap_ge1/mp-2715265.cif,ok,
mp-2715274,cif/na_bandgap_ge1/mp-2715274.cif,ok,
mp-2715273,cif/na_bandgap_ge1/mp-2715273.cif,ok,
mp-2715290,cif/na_bandgap_ge1/mp-2715290.cif,ok,
mp-2715301,cif/na_bandgap_ge1/mp-2715301.cif,ok,
mp-2715315,cif/na_bandgap_ge1/mp-2715315.cif,ok,
mp-2715313,cif/na_bandgap_ge1/mp-2715313.cif,ok,
mp-2715336,cif/na_bandgap_ge1/mp-2715336.cif,ok,
mp-2715338,cif/na_bandgap_ge1/mp-2715338.cif,ok,
mp-2715343,cif/na_bandgap_ge1/mp-2715343.cif,ok,
mp-2715356,cif/na_bandgap_ge1/mp-2715356.cif,ok,
mp-2715360,cif/na_bandgap_ge1/mp-2715360.cif,ok,
mp-2715368,cif/na_bandgap_ge1/mp-2715368.cif,ok,
mp-2715365,cif/na_bandgap_ge1/mp-2715365.cif,ok,
mp-2715373,cif/na_bandgap_ge1/mp-2715373.cif,ok,
mp-2715372,cif/na_bandgap_ge1/mp-2715372.cif,ok,
mp-2715382,cif/na_bandgap_ge1/mp-2715382.cif,ok,
mp-2715390,cif/na_bandgap_ge1/mp-2715390.cif,ok,
mp-2715391,cif/na_bandgap_ge1/mp-2715391.cif,ok,
mp-2715393,cif/na_bandgap_ge1/mp-2715393.cif,ok,
mp-2715456,cif/na_bandgap_ge1/mp-2715456.cif,ok,
mp-2715460,cif/na_bandgap_ge1/mp-2715460.cif,ok,
mp-2715473,cif/na_bandgap_ge1/mp-2715473.cif,ok,
mp-2715480,cif/na_bandgap_ge1/mp-2715480.cif,ok,
mp-2715488,cif/na_bandgap_ge1/mp-2715488.cif,ok,
mp-2715507,cif/na_bandgap_ge1/mp-2715507.cif,ok,
mp-2716415,cif/na_bandgap_ge1/mp-2716415.cif,ok,
mp-2716465,cif/na_bandgap_ge1/mp-2716465.cif,ok,
mp-2716506,cif/na_bandgap_ge1/mp-2716506.cif,ok,
mp-774815,cif/na_bandgap_ge1/mp-774815.cif,ok,
mp-775304,cif/na_bandgap_ge1/mp-775304.cif,ok,
mp-863376,cif/na_bandgap_ge1/mp-863376.cif,ok,
mp-1173784,cif/na_bandgap_ge1/mp-1173784.cif,ok,
mp-1173859,cif/na_bandgap_ge1/mp-1173859.cif,ok,
mp-1196505,cif/na_bandgap_ge1/mp-1196505.cif,ok,
mp-1199516,cif/na_bandgap_ge1/mp-1199516.cif,ok,
mp-1199831,cif/na_bandgap_ge1/mp-1199831.cif,ok,
mp-1201917,cif/na_bandgap_ge1/mp-1201917.cif,ok,
mp-1220844,cif/na_bandgap_ge1/mp-1220844.cif,ok,
mp-1220845,cif/na_bandgap_ge1/mp-1220845.cif,ok,
mp-1224320,cif/na_bandgap_ge1/mp-1224320.cif,ok,
mp-16398,cif/na_bandgap_ge1/mp-16398.cif,ok,
mp-510308,cif/na_bandgap_ge1/mp-510308.cif,ok,
mp-553903,cif/na_bandgap_ge1/mp-553903.cif,ok,
mp-559150,cif/na_bandgap_ge1/mp-559150.cif,ok,
mp-693144,cif/na_bandgap_ge1/mp-693144.cif,ok,
mp-694961,cif/na_bandgap_ge1/mp-694961.cif,ok,
mp-695213,cif/na_bandgap_ge1/mp-695213.cif,ok,
mp-720248,cif/na_bandgap_ge1/mp-720248.cif,ok,
mp-720460,cif/na_bandgap_ge1/mp-720460.cif,ok,
mp-720989,cif/na_bandgap_ge1/mp-720989.cif,ok,
mp-761065,cif/na_bandgap_ge1/mp-761065.cif,ok,
mp-3347182,cif/na_bandgap_ge1/mp-3347182.cif,ok,
mp-2713141,cif/na_bandgap_ge1/mp-2713141.cif,ok,
mp-2713149,cif/na_bandgap_ge1/mp-2713149.cif,ok,
mp-2713153,cif/na_bandgap_ge1/mp-2713153.cif,ok,
mp-2713148,cif/na_bandgap_ge1/mp-2713148.cif,ok,
mp-2713172,cif/na_bandgap_ge1/mp-2713172.cif,ok,
mp-2713180,cif/na_bandgap_ge1/mp-2713180.cif,ok,
mp-2713178,cif/na_bandgap_ge1/mp-2713178.cif,ok,
mp-2713199,cif/na_bandgap_ge1/mp-2713199.cif,ok,
mp-2713206,cif/na_bandgap_ge1/mp-2713206.cif,ok,
mp-2713209,cif/na_bandgap_ge1/mp-2713209.cif,ok,
mp-2713246,cif/na_bandgap_ge1/mp-2713246.cif,ok,
mp-2713287,cif/na_bandgap_ge1/mp-2713287.cif,ok,
mp-2713319,cif/na_bandgap_ge1/mp-2713319.cif,ok,
mp-2713335,cif/na_bandgap_ge1/mp-2713335.cif,ok,
mp-2713337,cif/na_bandgap_ge1/mp-2713337.cif,ok,
mp-2713345,cif/na_bandgap_ge1/mp-2713345.cif,ok,
mp-2713363,cif/na_bandgap_ge1/mp-2713363.cif,ok,
mp-2713359,cif/na_bandgap_ge1/mp-2713359.cif,ok,
mp-2713375,cif/na_bandgap_ge1/mp-2713375.cif,ok,
mp-2713378,cif/na_bandgap_ge1/mp-2713378.cif,ok,
mp-2713384,cif/na_bandgap_ge1/mp-2713384.cif,ok,
mp-2713405,cif/na_bandgap_ge1/mp-2713405.cif,ok,
mp-2713414,cif/na_bandgap_ge1/mp-2713414.cif,ok,
mp-2713419,cif/na_bandgap_ge1/mp-2713419.cif,ok,
mp-2713421,cif/na_bandgap_ge1/mp-2713421.cif,ok,
mp-2713429,cif/na_bandgap_ge1/mp-2713429.cif,ok,
mp-2713445,cif/na_bandgap_ge1/mp-2713445.cif,ok,
mp-2713440,cif/na_bandgap_ge1/mp-2713440.cif,ok,
mp-2713455,cif/na_bandgap_ge1/mp-2713455.cif,ok,
mp-2713458,cif/na_bandgap_ge1/mp-2713458.cif,ok,
mp-2713472,cif/na_bandgap_ge1/mp-2713472.cif,ok,
mp-2713486,cif/na_bandgap_ge1/mp-2713486.cif,ok,
mp-2713478,cif/na_bandgap_ge1/mp-2713478.cif,ok,
mp-2713490,cif/na_bandgap_ge1/mp-2713490.cif,ok,
mp-2713494,cif/na_bandgap_ge1/mp-2713494.cif,ok,
mp-2713500,cif/na_bandgap_ge1/mp-2713500.cif,ok,
mp-2713508,cif/na_bandgap_ge1/mp-2713508.cif,ok,
mp-2713509,cif/na_bandgap_ge1/mp-2713509.cif,ok,
mp-2713510,cif/na_bandgap_ge1/mp-2713510.cif,ok,
mp-2713514,cif/na_bandgap_ge1/mp-2713514.cif,ok,
mp-2713521,cif/na_bandgap_ge1/mp-2713521.cif,ok,
mp-2713528,cif/na_bandgap_ge1/mp-2713528.cif,ok,
mp-2713533,cif/na_bandgap_ge1/mp-2713533.cif,ok,
mp-2713568,cif/na_bandgap_ge1/mp-2713568.cif,ok,
mp-2713600,cif/na_bandgap_ge1/mp-2713600.cif,ok,
mp-2713613,cif/na_bandgap_ge1/mp-2713613.cif,ok,
mp-2714028,cif/na_bandgap_ge1/mp-2714028.cif,ok,
mp-2714032,cif/na_bandgap_ge1/mp-2714032.cif,ok,
mp-2714061,cif/na_bandgap_ge1/mp-2714061.cif,ok,
mp-2714065,cif/na_bandgap_ge1/mp-2714065.cif,ok,
mp-2714078,cif/na_bandgap_ge1/mp-2714078.cif,ok,
mp-2714084,cif/na_bandgap_ge1/mp-2714084.cif,ok,
mp-2714100,cif/na_bandgap_ge1/mp-2714100.cif,ok,
mp-2714105,cif/na_bandgap_ge1/mp-2714105.cif,ok,
mp-2714103,cif/na_bandgap_ge1/mp-2714103.cif,ok,
mp-2714110,cif/na_bandgap_ge1/mp-2714110.cif,ok,
mp-2714125,cif/na_bandgap_ge1/mp-2714125.cif,ok,
mp-2714128,cif/na_bandgap_ge1/mp-2714128.cif,ok,
mp-2714127,cif/na_bandgap_ge1/mp-2714127.cif,ok,
mp-2714129,cif/na_bandgap_ge1/mp-2714129.cif,ok,
mp-2714131,cif/na_bandgap_ge1/mp-2714131.cif,ok,
mp-2714137,cif/na_bandgap_ge1/mp-2714137.cif,ok,
mp-2714141,cif/na_bandgap_ge1/mp-2714141.cif,ok,
mp-2714150,cif/na_bandgap_ge1/mp-2714150.cif,ok,
mp-2714160,cif/na_bandgap_ge1/mp-2714160.cif,ok,
mp-2714168,cif/na_bandgap_ge1/mp-2714168.cif,ok,
mp-2714169,cif/na_bandgap_ge1/mp-2714169.cif,ok,
mp-2714167,cif/na_bandgap_ge1/mp-2714167.cif,ok,
mp-2714174,cif/na_bandgap_ge1/mp-2714174.cif,ok,
mp-2714183,cif/na_bandgap_ge1/mp-2714183.cif,ok,
mp-2714211,cif/na_bandgap_ge1/mp-2714211.cif,ok,
mp-2714213,cif/na_bandgap_ge1/mp-2714213.cif,ok,
mp-2714214,cif/na_bandgap_ge1/mp-2714214.cif,ok,
mp-2714221,cif/na_bandgap_ge1/mp-2714221.cif,ok,
mp-2714232,cif/na_bandgap_ge1/mp-2714232.cif,ok,
mp-2714235,cif/na_bandgap_ge1/mp-2714235.cif,ok,
mp-2714288,cif/na_bandgap_ge1/mp-2714288.cif,ok,
mp-2714313,cif/na_bandgap_ge1/mp-2714313.cif,ok,
mp-2714319,cif/na_bandgap_ge1/mp-2714319.cif,ok,
mp-2714664,cif/na_bandgap_ge1/mp-2714664.cif,ok,
mp-2714667,cif/na_bandgap_ge1/mp-2714667.cif,ok,
mp-2714676,cif/na_bandgap_ge1/mp-2714676.cif,ok,
mp-2714680,cif/na_bandgap_ge1/mp-2714680.cif,ok,
mp-2714685,cif/na_bandgap_ge1/mp-2714685.cif,ok,
mp-2714693,cif/na_bandgap_ge1/mp-2714693.cif,ok,
mp-2714708,cif/na_bandgap_ge1/mp-2714708.cif,ok,
mp-2714726,cif/na_bandgap_ge1/mp-2714726.cif,ok,
mp-2714760,cif/na_bandgap_ge1/mp-2714760.cif,ok,
mp-2714780,cif/na_bandgap_ge1/mp-2714780.cif,ok,
mp-2714784,cif/na_bandgap_ge1/mp-2714784.cif,ok,
mp-2714804,cif/na_bandgap_ge1/mp-2714804.cif,ok,
mp-2714808,cif/na_bandgap_ge1/mp-2714808.cif,ok,
mp-2714817,cif/na_bandgap_ge1/mp-2714817.cif,ok,
mp-2714821,cif/na_bandgap_ge1/mp-2714821.cif,ok,
mp-2714824,cif/na_bandgap_ge1/mp-2714824.cif,ok,
mp-2714832,cif/na_bandgap_ge1/mp-2714832.cif,ok,
mp-2714835,cif/na_bandgap_ge1/mp-2714835.cif,ok,
mp-2714861,cif/na_bandgap_ge1/mp-2714861.cif,ok,
mp-2714866,cif/na_bandgap_ge1/mp-2714866.cif,ok,
mp-2714880,cif/na_bandgap_ge1/mp-2714880.cif,ok,
mp-2714881,cif/na_bandgap_ge1/mp-2714881.cif,ok,
mp-2714883,cif/na_bandgap_ge1/mp-2714883.cif,ok,
mp-2714884,cif/na_bandgap_ge1/mp-2714884.cif,ok,
mp-2714896,cif/na_bandgap_ge1/mp-2714896.cif,ok,
mp-2714903,cif/na_bandgap_ge1/mp-2714903.cif,ok,
mp-2714901,cif/na_bandgap_ge1/mp-2714901.cif,ok,
mp-2714914,cif/na_bandgap_ge1/mp-2714914.cif,ok,
mp-2714924,cif/na_bandgap_ge1/mp-2714924.cif,ok,
mp-2714930,cif/na_bandgap_ge1/mp-2714930.cif,ok,
mp-2714947,cif/na_bandgap_ge1/mp-2714947.cif,ok,
mp-2714964,cif/na_bandgap_ge1/mp-2714964.cif,ok,
mp-2714991,cif/na_bandgap_ge1/mp-2714991.cif,ok,
mp-2714993,cif/na_bandgap_ge1/mp-2714993.cif,ok,
mp-2714997,cif/na_bandgap_ge1/mp-2714997.cif,ok,
mp-2715000,cif/na_bandgap_ge1/mp-2715000.cif,ok,
mp-2715003,cif/na_bandgap_ge1/mp-2715003.cif,ok,
mp-2715011,cif/na_bandgap_ge1/mp-2715011.cif,ok,
mp-2715024,cif/na_bandgap_ge1/mp-2715024.cif,ok,
mp-2715034,cif/na_bandgap_ge1/mp-2715034.cif,ok,
mp-2715045,cif/na_bandgap_ge1/mp-2715045.cif,ok,
mp-2715049,cif/na_bandgap_ge1/mp-2715049.cif,ok,
mp-2715069,cif/na_bandgap_ge1/mp-2715069.cif,ok,
mp-2715068,cif/na_bandgap_ge1/mp-2715068.cif,ok,
mp-2715075,cif/na_bandgap_ge1/mp-2715075.cif,ok,
mp-2715076,cif/na_bandgap_ge1/mp-2715076.cif,ok,
mp-2715085,cif/na_bandgap_ge1/mp-2715085.cif,ok,
mp-2715096,cif/na_bandgap_ge1/mp-2715096.cif,ok,
mp-2715110,cif/na_bandgap_ge1/mp-2715110.cif,ok,
mp-2715116,cif/na_bandgap_ge1/mp-2715116.cif,ok,
mp-2715129,cif/na_bandgap_ge1/mp-2715129.cif,ok,
mp-2715150,cif/na_bandgap_ge1/mp-2715150.cif,ok,
mp-2715152,cif/na_bandgap_ge1/mp-2715152.cif,ok,
mp-2715165,cif/na_bandgap_ge1/mp-2715165.cif,ok,
mp-2715167,cif/na_bandgap_ge1/mp-2715167.cif,ok,
mp-2715184,cif/na_bandgap_ge1/mp-2715184.cif,ok,
mp-2715196,cif/na_bandgap_ge1/mp-2715196.cif,ok,
mp-2715204,cif/na_bandgap_ge1/mp-2715204.cif,ok,
mp-2715206,cif/na_bandgap_ge1/mp-2715206.cif,ok,
mp-2715822,cif/na_bandgap_ge1/mp-2715822.cif,ok,
mp-2715826,cif/na_bandgap_ge1/mp-2715826.cif,ok,
mp-2715831,cif/na_bandgap_ge1/mp-2715831.cif,ok,
mp-2715832,cif/na_bandgap_ge1/mp-2715832.cif,ok,
mp-2715837,cif/na_bandgap_ge1/mp-2715837.cif,ok,
mp-2715836,cif/na_bandgap_ge1/mp-2715836.cif,ok,
mp-2715847,cif/na_bandgap_ge1/mp-2715847.cif,ok,
mp-2715846,cif/na_bandgap_ge1/mp-2715846.cif,ok,
mp-2715855,cif/na_bandgap_ge1/mp-2715855.cif,ok,
mp-2715865,cif/na_bandgap_ge1/mp-2715865.cif,ok,
mp-2715874,cif/na_bandgap_ge1/mp-2715874.cif,ok,
mp-2715879,cif/na_bandgap_ge1/mp-2715879.cif,ok,
mp-2715875,cif/na_bandgap_ge1/mp-2715875.cif,ok,
mp-2715882,cif/na_bandgap_ge1/mp-2715882.cif,ok,
mp-2715888,cif/na_bandgap_ge1/mp-2715888.cif,ok,
mp-2715884,cif/na_bandgap_ge1/mp-2715884.cif,ok,
mp-2715895,cif/na_bandgap_ge1/mp-2715895.cif,ok,
mp-2715899,cif/na_bandgap_ge1/mp-2715899.cif,ok,
mp-2715912,cif/na_bandgap_ge1/mp-2715912.cif,ok,
mp-2715919,cif/na_bandgap_ge1/mp-2715919.cif,ok,
mp-2715927,cif/na_bandgap_ge1/mp-2715927.cif,ok,
mp-2715922,cif/na_bandgap_ge1/mp-2715922.cif,ok,
mp-2715930,cif/na_bandgap_ge1/mp-2715930.cif,ok,
mp-2715933,cif/na_bandgap_ge1/mp-2715933.cif,ok,
mp-2715928,cif/na_bandgap_ge1/mp-2715928.cif,ok,
mp-2715938,cif/na_bandgap_ge1/mp-2715938.cif,ok,
mp-2715947,cif/na_bandgap_ge1/mp-2715947.cif,ok,
mp-2715945,cif/na_bandgap_ge1/mp-2715945.cif,ok,
mp-2715961,cif/na_bandgap_ge1/mp-2715961.cif,ok,
mp-2715957,cif/na_bandgap_ge1/mp-2715957.cif,ok,
mp-2715966,cif/na_bandgap_ge1/mp-2715966.cif,ok,
mp-2715965,cif/na_bandgap_ge1/mp-2715965.cif,ok,
mp-2715968,cif/na_bandgap_ge1/mp-2715968.cif,ok,
mp-2715970,cif/na_bandgap_ge1/mp-2715970.cif,ok,
mp-2715973,cif/na_bandgap_ge1/mp-2715973.cif,ok,
mp-2715988,cif/na_bandgap_ge1/mp-2715988.cif,ok,
mp-2716002,cif/na_bandgap_ge1/mp-2716002.cif,ok,
mp-2716014,cif/na_bandgap_ge1/mp-2716014.cif,ok,
mp-2716022,cif/na_bandgap_ge1/mp-2716022.cif,ok,
mp-2716017,cif/na_bandgap_ge1/mp-2716017.cif,ok,
mp-2716019,cif/na_bandgap_ge1/mp-2716019.cif,ok,
mp-2716023,cif/na_bandgap_ge1/mp-2716023.cif,ok,
mp-2716029,cif/na_bandgap_ge1/mp-2716029.cif,ok,
mp-2716025,cif/na_bandgap_ge1/mp-2716025.cif,ok,
mp-2716039,cif/na_bandgap_ge1/mp-2716039.cif,ok,
mp-2716052,cif/na_bandgap_ge1/mp-2716052.cif,ok,
mp-2716065,cif/na_bandgap_ge1/mp-2716065.cif,ok,
mp-2716090,cif/na_bandgap_ge1/mp-2716090.cif,ok,
mp-2716087,cif/na_bandgap_ge1/mp-2716087.cif,ok,
mp-2716097,cif/na_bandgap_ge1/mp-2716097.cif,ok,
mp-2716099,cif/na_bandgap_ge1/mp-2716099.cif,ok,
mp-2716104,cif/na_bandgap_ge1/mp-2716104.cif,ok,
mp-2716102,cif/na_bandgap_ge1/mp-2716102.cif,ok,
mp-2716112,cif/na_bandgap_ge1/mp-2716112.cif,ok,
mp-2716109,cif/na_bandgap_ge1/mp-2716109.cif,ok,
mp-2716279,cif/na_bandgap_ge1/mp-2716279.cif,ok,
mp-2716290,cif/na_bandgap_ge1/mp-2716290.cif,ok,
mp-2716299,cif/na_bandgap_ge1/mp-2716299.cif,ok,
mp-2716293,cif/na_bandgap_ge1/mp-2716293.cif,ok,
mp-2716306,cif/na_bandgap_ge1/mp-2716306.cif,ok,
mp-2716313,cif/na_bandgap_ge1/mp-2716313.cif,ok,
mp-2716318,cif/na_bandgap_ge1/mp-2716318.cif,ok,
mp-2716340,cif/na_bandgap_ge1/mp-2716340.cif,ok,
mp-2716341,cif/na_bandgap_ge1/mp-2716341.cif,ok,
mp-2716336,cif/na_bandgap_ge1/mp-2716336.cif,ok,
mp-2716343,cif/na_bandgap_ge1/mp-2716343.cif,ok,
mp-2716356,cif/na_bandgap_ge1/mp-2716356.cif,ok,
mp-2716362,cif/na_bandgap_ge1/mp-2716362.cif,ok,
mp-2716367,cif/na_bandgap_ge1/mp-2716367.cif,ok,
mp-2716382,cif/na_bandgap_ge1/mp-2716382.cif,ok,
mp-2716383,cif/na_bandgap_ge1/mp-2716383.cif,ok,
mp-2716391,cif/na_bandgap_ge1/mp-2716391.cif,ok,
mp-2716400,cif/na_bandgap_ge1/mp-2716400.cif,ok,
mp-2716405,cif/na_bandgap_ge1/mp-2716405.cif,ok,
mp-2716406,cif/na_bandgap_ge1/mp-2716406.cif,ok,
mp-2716411,cif/na_bandgap_ge1/mp-2716411.cif,ok,
mp-2716419,cif/na_bandgap_ge1/mp-2716419.cif,ok,
mp-2716434,cif/na_bandgap_ge1/mp-2716434.cif,ok,
mp-2716450,cif/na_bandgap_ge1/mp-2716450.cif,ok,
mp-2716460,cif/na_bandgap_ge1/mp-2716460.cif,ok,
mp-2716470,cif/na_bandgap_ge1/mp-2716470.cif,ok,
mp-2716473,cif/na_bandgap_ge1/mp-2716473.cif,ok,
mp-2716479,cif/na_bandgap_ge1/mp-2716479.cif,ok,
mp-2716477,cif/na_bandgap_ge1/mp-2716477.cif,ok,
mp-2716490,cif/na_bandgap_ge1/mp-2716490.cif,ok,
mp-2716493,cif/na_bandgap_ge1/mp-2716493.cif,ok,
mp-2716492,cif/na_bandgap_ge1/mp-2716492.cif,ok,
mp-2716504,cif/na_bandgap_ge1/mp-2716504.cif,ok,
mp-2716499,cif/na_bandgap_ge1/mp-2716499.cif,ok,
mp-2716512,cif/na_bandgap_ge1/mp-2716512.cif,ok,
mp-2716515,cif/na_bandgap_ge1/mp-2716515.cif,ok,
mp-2716528,cif/na_bandgap_ge1/mp-2716528.cif,ok,
mp-2716523,cif/na_bandgap_ge1/mp-2716523.cif,ok,
mp-2716531,cif/na_bandgap_ge1/mp-2716531.cif,ok,
mp-2716540,cif/na_bandgap_ge1/mp-2716540.cif,ok,
mp-2716553,cif/na_bandgap_ge1/mp-2716553.cif,ok,
mp-2716575,cif/na_bandgap_ge1/mp-2716575.cif,ok,
mp-1221784,cif/na_bandgap_ge1/mp-1221784.cif,ok,
mp-36165,cif/na_bandgap_ge1/mp-36165.cif,ok,
mp-555606,cif/na_bandgap_ge1/mp-555606.cif,ok,
mp-559577,cif/na_bandgap_ge1/mp-559577.cif,ok,
mp-562435,cif/na_bandgap_ge1/mp-562435.cif,ok,
mp-677336,cif/na_bandgap_ge1/mp-677336.cif,ok,
mp-686588,cif/na_bandgap_ge1/mp-686588.cif,ok,
mp-720670,cif/na_bandgap_ge1/mp-720670.cif,ok,
mp-1196557,cif/na_bandgap_ge1/mp-1196557.cif,ok,
mp-1221508,cif/na_bandgap_ge1/mp-1221508.cif,ok,
mp-1222188,cif/na_bandgap_ge1/mp-1222188.cif,ok,
mp-1266342,cif/na_bandgap_ge1/mp-1266342.cif,ok,
mp-569098,cif/na_bandgap_ge1/mp-569098.cif,ok,
mp-677528,cif/na_bandgap_ge1/mp-677528.cif,ok,
mp-686371,cif/na_bandgap_ge1/mp-686371.cif,ok,
mp-2713123,cif/na_bandgap_ge1/mp-2713123.cif,ok,
mp-2713349,cif/na_bandgap_ge1/mp-2713349.cif,ok,
mp-2713355,cif/na_bandgap_ge1/mp-2713355.cif,ok,
mp-2713377,cif/na_bandgap_ge1/mp-2713377.cif,ok,
mp-2713396,cif/na_bandgap_ge1/mp-2713396.cif,ok,
mp-2713517,cif/na_bandgap_ge1/mp-2713517.cif,ok,
mp-2714341,cif/na_bandgap_ge1/mp-2714341.cif,ok,
mp-2714363,cif/na_bandgap_ge1/mp-2714363.cif,ok,
mp-2714365,cif/na_bandgap_ge1/mp-2714365.cif,ok,
mp-2714441,cif/na_bandgap_ge1/mp-2714441.cif,ok,
mp-2714447,cif/na_bandgap_ge1/mp-2714447.cif,ok,
mp-2714480,cif/na_bandgap_ge1/mp-2714480.cif,ok,
mp-2714490,cif/na_bandgap_ge1/mp-2714490.cif,ok,
mp-2714532,cif/na_bandgap_ge1/mp-2714532.cif,ok,
mp-2714553,cif/na_bandgap_ge1/mp-2714553.cif,ok,
mp-2714542,cif/na_bandgap_ge1/mp-2714542.cif,ok,
mp-2714588,cif/na_bandgap_ge1/mp-2714588.cif,ok,
mp-2714611,cif/na_bandgap_ge1/mp-2714611.cif,ok,
mp-2714943,cif/na_bandgap_ge1/mp-2714943.cif,ok,
mp-2714966,cif/na_bandgap_ge1/mp-2714966.cif,ok,
mp-2714965,cif/na_bandgap_ge1/mp-2714965.cif,ok,
mp-2714999,cif/na_bandgap_ge1/mp-2714999.cif,ok,
mp-2715009,cif/na_bandgap_ge1/mp-2715009.cif,ok,
mp-2715041,cif/na_bandgap_ge1/mp-2715041.cif,ok,
mp-2715054,cif/na_bandgap_ge1/mp-2715054.cif,ok,
mp-2715062,cif/na_bandgap_ge1/mp-2715062.cif,ok,
mp-2715094,cif/na_bandgap_ge1/mp-2715094.cif,ok,
mp-2715102,cif/na_bandgap_ge1/mp-2715102.cif,ok,
mp-2715174,cif/na_bandgap_ge1/mp-2715174.cif,ok,
mp-2715219,cif/na_bandgap_ge1/mp-2715219.cif,ok,
mp-2716369,cif/na_bandgap_ge1/mp-2716369.cif,ok,
mp-2716399,cif/na_bandgap_ge1/mp-2716399.cif,ok,
mp-2716414,cif/na_bandgap_ge1/mp-2716414.cif,ok,
mp-2716498,cif/na_bandgap_ge1/mp-2716498.cif,ok,
mp-2716505,cif/na_bandgap_ge1/mp-2716505.cif,ok,
mp-2716563,cif/na_bandgap_ge1/mp-2716563.cif,ok,
mp-1173868,cif/na_bandgap_ge1/mp-1173868.cif,ok,
mp-1180710,cif/na_bandgap_ge1/mp-1180710.cif,ok,
mp-1199501,cif/na_bandgap_ge1/mp-1199501.cif,ok,
mp-1221962,cif/na_bandgap_ge1/mp-1221962.cif,ok,
mp-1225321,cif/na_bandgap_ge1/mp-1225321.cif,ok,
mp-640740,cif/na_bandgap_ge1/mp-640740.cif,ok,
mp-657344,cif/na_bandgap_ge1/mp-657344.cif,ok,
mp-532575,cif/na_bandgap_ge1/mp-532575.cif,ok,
mp-693393,cif/na_bandgap_ge1/mp-693393.cif,ok,
mp-695390,cif/na_bandgap_ge1/mp-695390.cif,ok,
mp-695427,cif/na_bandgap_ge1/mp-695427.cif,ok,
mp-695559,cif/na_bandgap_ge1/mp-695559.cif,ok,
mp-695515,cif/na_bandgap_ge1/mp-695515.cif,ok,
mp-720360,cif/na_bandgap_ge1/mp-720360.cif,ok,
mp-721012,cif/na_bandgap_ge1/mp-721012.cif,ok,
mp-2712822,cif/na_bandgap_ge1/mp-2712822.cif,ok,
mp-2712833,cif/na_bandgap_ge1/mp-2712833.cif,ok,
mp-2712837,cif/na_bandgap_ge1/mp-2712837.cif,ok,
mp-2712861,cif/na_bandgap_ge1/mp-2712861.cif,ok,
mp-2712898,cif/na_bandgap_ge1/mp-2712898.cif,ok,
mp-2712974,cif/na_bandgap_ge1/mp-2712974.cif,ok,
mp-2712988,cif/na_bandgap_ge1/mp-2712988.cif,ok,
mp-2712987,cif/na_bandgap_ge1/mp-2712987.cif,ok,
mp-2713027,cif/na_bandgap_ge1/mp-2713027.cif,ok,
mp-2713040,cif/na_bandgap_ge1/mp-2713040.cif,ok,
mp-2713055,cif/na_bandgap_ge1/mp-2713055.cif,ok,
mp-2713056,cif/na_bandgap_ge1/mp-2713056.cif,ok,
mp-2713066,cif/na_bandgap_ge1/mp-2713066.cif,ok,
mp-2713071,cif/na_bandgap_ge1/mp-2713071.cif,ok,
mp-2713086,cif/na_bandgap_ge1/mp-2713086.cif,ok,
mp-2714041,cif/na_bandgap_ge1/mp-2714041.cif,ok,
mp-2714058,cif/na_bandgap_ge1/mp-2714058.cif,ok,
mp-2714051,cif/na_bandgap_ge1/mp-2714051.cif,ok,
mp-2714068,cif/na_bandgap_ge1/mp-2714068.cif,ok,
mp-2714071,cif/na_bandgap_ge1/mp-2714071.cif,ok,
mp-2714079,cif/na_bandgap_ge1/mp-2714079.cif,ok,
mp-2714093,cif/na_bandgap_ge1/mp-2714093.cif,ok,
mp-2714111,cif/na_bandgap_ge1/mp-2714111.cif,ok,
mp-2714108,cif/na_bandgap_ge1/mp-2714108.cif,ok,
mp-2714119,cif/na_bandgap_ge1/mp-2714119.cif,ok,
mp-2714130,cif/na_bandgap_ge1/mp-2714130.cif,ok,
mp-2714146,cif/na_bandgap_ge1/mp-2714146.cif,ok,
mp-2714154,cif/na_bandgap_ge1/mp-2714154.cif,ok,
mp-2714156,cif/na_bandgap_ge1/mp-2714156.cif,ok,
mp-2714157,cif/na_bandgap_ge1/mp-2714157.cif,ok,
mp-2714159,cif/na_bandgap_ge1/mp-2714159.cif,ok,
mp-2714158,cif/na_bandgap_ge1/mp-2714158.cif,ok,
mp-2714178,cif/na_bandgap_ge1/mp-2714178.cif,ok,
mp-2714180,cif/na_bandgap_ge1/mp-2714180.cif,ok,
mp-2714194,cif/na_bandgap_ge1/mp-2714194.cif,ok,
mp-2714196,cif/na_bandgap_ge1/mp-2714196.cif,ok,
mp-2714192,cif/na_bandgap_ge1/mp-2714192.cif,ok,
mp-2714198,cif/na_bandgap_ge1/mp-2714198.cif,ok,
mp-2714242,cif/na_bandgap_ge1/mp-2714242.cif,ok,
mp-2714254,cif/na_bandgap_ge1/mp-2714254.cif,ok,
mp-2714267,cif/na_bandgap_ge1/mp-2714267.cif,ok,
mp-2714270,cif/na_bandgap_ge1/mp-2714270.cif,ok,
mp-2714298,cif/na_bandgap_ge1/mp-2714298.cif,ok,
mp-2714304,cif/na_bandgap_ge1/mp-2714304.cif,ok,
mp-2714317,cif/na_bandgap_ge1/mp-2714317.cif,ok,
mp-2714326,cif/na_bandgap_ge1/mp-2714326.cif,ok,
mp-2714342,cif/na_bandgap_ge1/mp-2714342.cif,ok,
mp-2714338,cif/na_bandgap_ge1/mp-2714338.cif,ok,
mp-2714336,cif/na_bandgap_ge1/mp-2714336.cif,ok,
mp-2714337,cif/na_bandgap_ge1/mp-2714337.cif,ok,
mp-2714364,cif/na_bandgap_ge1/mp-2714364.cif,ok,
mp-2714378,cif/na_bandgap_ge1/mp-2714378.cif,ok,
mp-2714388,cif/na_bandgap_ge1/mp-2714388.cif,ok,
mp-2714386,cif/na_bandgap_ge1/mp-2714386.cif,ok,
mp-2714411,cif/na_bandgap_ge1/mp-2714411.cif,ok,
mp-2714405,cif/na_bandgap_ge1/mp-2714405.cif,ok,
mp-2714418,cif/na_bandgap_ge1/mp-2714418.cif,ok,
mp-2714428,cif/na_bandgap_ge1/mp-2714428.cif,ok,
mp-2714431,cif/na_bandgap_ge1/mp-2714431.cif,ok,
mp-2714440,cif/na_bandgap_ge1/mp-2714440.cif,ok,
mp-2714446,cif/na_bandgap_ge1/mp-2714446.cif,ok,
mp-2714456,cif/na_bandgap_ge1/mp-2714456.cif,ok,
mp-2714448,cif/na_bandgap_ge1/mp-2714448.cif,ok,
mp-2714481,cif/na_bandgap_ge1/mp-2714481.cif,ok,
mp-2714501,cif/na_bandgap_ge1/mp-2714501.cif,ok,
mp-2714496,cif/na_bandgap_ge1/mp-2714496.cif,ok,
mp-2714502,cif/na_bandgap_ge1/mp-2714502.cif,ok,
mp-2714523,cif/na_bandgap_ge1/mp-2714523.cif,ok,
mp-2714526,cif/na_bandgap_ge1/mp-2714526.cif,ok,
mp-2714559,cif/na_bandgap_ge1/mp-2714559.cif,ok,
mp-2714555,cif/na_bandgap_ge1/mp-2714555.cif,ok,
mp-2714554,cif/na_bandgap_ge1/mp-2714554.cif,ok,
mp-2714563,cif/na_bandgap_ge1/mp-2714563.cif,ok,
mp-2714572,cif/na_bandgap_ge1/mp-2714572.cif,ok,
mp-2714578,cif/na_bandgap_ge1/mp-2714578.cif,ok,
mp-2714589,cif/na_bandgap_ge1/mp-2714589.cif,ok,
mp-2714593,cif/na_bandgap_ge1/mp-2714593.cif,ok,
mp-2714598,cif/na_bandgap_ge1/mp-2714598.cif,ok,
mp-2714621,cif/na_bandgap_ge1/mp-2714621.cif,ok,
mp-2714631,cif/na_bandgap_ge1/mp-2714631.cif,ok,
mp-2714635,cif/na_bandgap_ge1/mp-2714635.cif,ok,
mp-2714646,cif/na_bandgap_ge1/mp-2714646.cif,ok,
mp-2714654,cif/na_bandgap_ge1/mp-2714654.cif,ok,
mp-2714653,cif/na_bandgap_ge1/mp-2714653.cif,ok,
mp-2714659,cif/na_bandgap_ge1/mp-2714659.cif,ok,
mp-2714674,cif/na_bandgap_ge1/mp-2714674.cif,ok,
mp-2714677,cif/na_bandgap_ge1/mp-2714677.cif,ok,
mp-2714690,cif/na_bandgap_ge1/mp-2714690.cif,ok,
mp-2714713,cif/na_bandgap_ge1/mp-2714713.cif,ok,
mp-2714717,cif/na_bandgap_ge1/mp-2714717.cif,ok,
mp-2714734,cif/na_bandgap_ge1/mp-2714734.cif,ok,
mp-2714742,cif/na_bandgap_ge1/mp-2714742.cif,ok,
mp-2714739,cif/na_bandgap_ge1/mp-2714739.cif,ok,
mp-2714750,cif/na_bandgap_ge1/mp-2714750.cif,ok,
mp-2714764,cif/na_bandgap_ge1/mp-2714764.cif,ok,
mp-2714761,cif/na_bandgap_ge1/mp-2714761.cif,ok,
mp-2714772,cif/na_bandgap_ge1/mp-2714772.cif,ok,
mp-2714769,cif/na_bandgap_ge1/mp-2714769.cif,ok,
mp-2714773,cif/na_bandgap_ge1/mp-2714773.cif,ok,
mp-2714786,cif/na_bandgap_ge1/mp-2714786.cif,ok,
